person_name,birth_year,death_year,gender
A.C. Wharton,1944,,M
A.L. Kennedy,1965,,M
Aaron Brookner,1981,,M
Aaron Miller,,,M
Aaron Moser,,,M
Abbes Zahmani,1961,,M
Abdel Aziz El Mountassir,1958,,M
Abdel Hafed Benotman,1960,2015,M
Abdelkrim Bahloul,1950,,M
Abdellatif Kechiche,1960,,M
Abdel Raouf Dafri,1964,,M
Abderrazek Jazi,,,M
Abdulah Sidran,1944,2024,M
Abedi Pelé,1964,,M
Abel Ferrara,1951,,M
Abel Folk,1959,,M
Abel Jafri,1965,,M
Abiodun Oyewole,1948,,M
Abisag Tüllmann,1935,1996,F
Abraham Ascher,1928,,M
Abraham Cohen,1976,,M
Abraham Segal,1937,,M
Achero Mañas,1966,,M
Achille Brugnini,1940,,M
Achille Sidoti,,,M
Achill Moser,1954,,M
Achim Hübner,1929,2014,M
Adalberto Maria Merli,1938,,M
Ada Loueilh,,,F
Ádám Breier,,,M
Ádám Császi,1978,,M
Adam Deacon,1983,,M
Adam Gunn,1966,,M
Adam Low,,,M
Ádám Nádasdy,1947,,M
Adam Oldroyd,,,M
Adam Park,,,M
Adam Parr,1965,,M
Adam Puslojić,1943,,M
Ádám Rajhona,1943,2016,M
Adam Smith,,,M
Ádám Tősér,1980,,M
Ada Solomon,1968,,F
Adele Corradi,1924,2024,F
Adelfa Calvo,1962,,F
Adeline Picault,1982,,F
Adél Kováts,1962,,F
Adil Azzab,1985,,M
Adina Cristescu,1967,2023,F
Adina Pintilie,1980,,F
Adina Popescu,1978,,F
Adnane Tragha,1975,,M
Adolfo Arrieta,1942,,M
Adolfo Assor,1945,,M
Adolfo Dufour,,,M
Adolfo Margiotta,1957,,M
Adolpha van Meerhaeghe,1948,,F
Adria Garcia,1978,,M
Adriana Altaras,1960,,F
Adriana Asti,1931,,F
Adriana Băilescu,1971,,F
Adriana Hölszky,1953,,F
Adriana Ozores,1959,,F
Adriana Trandafir,1956,,F
Adrian Belew,1949,,M
Adrian Ciobanu,1961,,M
Adrian Dunbar,1958,,M
Adrian Edmondson,1957,,M
Adrian Enache,1966,,M
Adrian Frieling,1961,,M
Adrian Goiginger,1991,,M
Adrian Hood,1968,,M
Adrian Lester,1968,,M
Adrian McLoughlin,1947,,M
Adrian Munteanu,1948,,M
Adrian Noble,1950,,M
Adriano Aprà,1940,2024,M
Adriano Chiaramida,1941,,M
Adriano Cutraro,1978,,M
Adriano Giraldi,1958,,M
Adriano Morelli,1985,,M
Adriano Pappalardo,1945,,M
Adriano Sforzi,1976,,M
Adriano Valerio,1977,,M
Adrian Păduraru,1960,,M
Adrian Popovici,1958,,M
Adrian Porumboiu,1950,,M
Adrian Rawlins,1958,,M
Adrian Schiller,1964,2024,M
Adrian Shergold,1948,,M
Adrian Sherwood,1958,,M
Adrián Silvestre,1981,,M
Adrian Sitaru,1971,,M
Adrian Titieni,1963,,M
Adrien Juncker,1988,,M
Adrienne Barbeau,1945,,F
Adrien Piquet-Gauthier,1984,,M
Adrien Soland,,,M
Aelrun Goette,1966,,M
Affif Ben Badra,1960,,M
Agathe Taffertshofer,1946,,
Ági Margitai,1937,2014,F
Ági Szirtes,1955,,F
Ági Voith,1944,,F
Ágnes Bánfalvy,1954,,F
Agnès Fouilleux,1952,,F
Agnès Godard,1951,,F
Agnes Hardorp,1959,,F
Agnès Jaoui,1964,,F
Ágnes Keleti,1921,,F
Ágnes Lőrincz,1960,,F
Ágnes Losonczi,1928,2024,F
Ágnes Máhr,1952,,F
Agnès Soral,1960,,F
Ágnes Sós,1966,,F
Agnès Troublé,1941,,F
Agnès Varda,1928,2019,F
Ágota Varga,1954,,F
Agustín Almodóvar,1955,,M
Agustín Díaz Yanes,1950,,M
Agustí Vila,1961,,M
Agustí Villaronga,1953,2023,M
Ahmed Benaïssa,1944,2022,M
Ahmed Hafiene,1966,,M
Ahmed Hamidi,,,M
Ahuva Sommerfeld,1937,2019,F
Aida Bukvić,1976,,F
Aileen Henry,,,F
Aiman Abdallah,1965,,M
Áine Uí Cheallaigh,1959,,F
Ainhoa Arteta,1964,,F
Ainhoa Rodríguez,1982,,F
Aislinn Clarke,,,F
Aïssa Maïga,1975,,F
Aitana Sánchez-Gijón,1968,,F
Aitor Arregi,1977,,M
Aitor López de Aberásturi,,,M
Aitor Merino,1972,,M
Aitzpea Goenaga,1959,,F
Ai Weiwei,1957,,M
Ajmer Singh,1948,,M
Ajoy Bose,1952,,M
Aki Kaurismäki,1957,,M
Akiko Hitomi,1955,,F
Akilas Karazisis,1957,,M
Akissi Delta,1960,,F
Akiz,,,M
Ákos Badits,1988,,M
Ákos Barnóczky,1968,,M
Ákos Birkás,1941,2018,M
Ákos Horváth,1968,,M
Ákos Kőszegi,1960,,M
Aladár Horváth,1964,,M
Aladin Reibel,1960,,M
Alain Attal,1959,,M
Alain Baraton,1957,,M
Alain Beigel,1964,,M
Alain Cavalier,1931,,M
Alain Chabat,1958,,M
Alain Chamfort,1949,,M
Alain Choquart,1960,,M
Alain Choquet,1945,,M
Alain Corneau,1943,2010,M
Alain Delon,1935,2024,M
Alain Desjacques,1956,2020,M
Alain Dion,1957,,M
Alain Dorval,1946,2024,M
Alain Doutey,1944,,M
Alain Ducasse,1956,,M
Alain Fleischer,1944,,M
Alain Françon,1945,,M
Alain Fromager,1960,,M
Alain Gagnol,1967,,M
Alain Gautré,1951,2017,M
Alain Gresh,1948,,M
Alain Gsponer,1976,,M
Alain Guillon,,,M
Alain Guiraudie,1964,,M
Alain Kruger,1958,,M
Alain Lenglet,1954,,M
Alain Libolt,1943,,M
Alain Parroni,1992,,M
Alain Raoust,1966,,M
Alain Resnais,1922,2014,M
Alain Rimoux,1940,,M
Alain Touraine,1925,2023,M
Alain Ughetto,1950,,M
Alain Weill,1961,,M
Alan Bean,1932,2018,M
Alan Bennett,1934,,M
Alan Corno,1968,,M
Alan Cumming,1965,,M
Alan David,1947,,M
Alan De Luca,1955,,M
Alan Ford,1938,,M
Alan Hansen,1955,,M
Alan Hinkes,1954,,M
Alan Katić,1970,,M
Alan Moore,1953,,M
Alan Rickman,1946,,M
Alan Rothwell,1937,,M
Alan Simon,1964,,M
Alan Smithee,,,
Alan Sorrenti,1950,,M
Alan Stanford,1949,,M
Alan Williams,1954,,M
Alasdair Gray,1934,2019,M
Alaska,1963,,F
Alassane Diago,1985,,M
Alastair Fothergill,1960,,M
Alauda Ruiz de Azúa,1978,,F
Alba Cros,1991,,F
Alba González de Molina,1989,,F
Alban Teurlai,1977,,M
Alba Sotorra,1980,,F
Alber Ponte,1962,,M
Albert Albacete,,,M
Albert Brooks,1947,,M
Albert Ceray,1945,,M
Albert Delpy,1940,,M
Albert Dray,1946,,M
Albert Dupontel,1964,,M
Alberte Mera,1987,,M
Albert Jacquard,1925,2013,M
Albert Jeunehomme,1959,,M
Albert Kitzl,1943,,M
Albert Meslay,1956,,M
Alberto Bellocchio,1936,,M
Alberto Burgio,1955,,M
Alberto Casiraghy,1952,,M
Alberto Caviglia,1984,,M
Alberto Cracco,1952,,M
Alberto De Michele,1980,,M
Alberto de Toro,,,M
Alberto Di Stasio,1950,,M
Alberto Fasulo,1976,,M
Alberto Ferrari,1965,,M
Alberto Gadea,1933,,M
Alberto García-Alix,1956,,M
Alberto Gelpi,1978,,M
Alberto Gimignani,1961,,M
Alberto González,1954,,M
Alberto Manrique,1926,2018,M
Alberto Marini,1972,,M
Alberto Rizzi,1982,,M
Alberto Rodríguez,1971,,M
Alberto Rondalli,1959,,M
Alberto Santana,,,M
Alberto Sciamma,,,M
Alberto Sforzi,1942,,M
Alberto Vázquez,1980,,M
Albert Pintó,1985,,M
Albert Serra,1975,,M
Albert von Schirnding,1935,,M
Albrecht Schneider,,,M
Aldo Baglio,1958,,M
Aldo De Martino,1947,,M
Aldo Ivančić,1959,,M
Aldo Maccione,1935,,M
Aldo Naouri,1937,,M
Alec Baldwin,1958,,M
Alec Gillis,1959,,M
Alec Mansion,1958,,M
Alecs Năstoiu,1982,,M
Aleem Khan,1985,,M
Alejandra Flechner,1961,,F
Alejandro Amenábar,1972,,M
Alejandro Awada,1961,,M
Alejandro Cortés Calahorra,,,M
Alejandro Goic,1957,,M
Alejandro González Salgado,1982,,M
Alejandro Ibáñez,,,
Alejandro Jodorowsky,1929,,M
Alejandro Marín,1993,,M
Alejandro Palomino,1964,,M
Alejandro Sabella,1954,2020,M
Alejandro Suárez Lozano,1980,,M
Alejo Levis,,,M
Alejo Stivel,1959,,M
Aleksandar Cvjetković,1958,,M
Aleksandar Seksan,1968,,M
Aleksei Guskov,1958,,M
Aleksey Gorbunov,1961,,M
Aleksey Kravchenko,1969,,M
Aleksey Shedko,1962,,M
Alenka Cilenšek,1947,,F
Alen Liverić,1967,,M
Alen Pavšar,1987,,M
Alen Šalinović,1968,,M
Alessandra Bianchi,1964,2023,F
Alessandra Costanzo,1959,,F
Alessandra Faiella,1962,,F
Alessandra Panaro,1930,2019,F
Alessandro Abba Legnazzi,1980,,M
Alessandro Aronadio,1975,,M
Alessandro Bardani,1983,,M
Alessandro Bencivenga,,,M
Alessandro Benvenuti,1950,,M
Alessandro Bressanello,1948,,M
Alessandro Campagna,1963,,M
Alessandro Capitani,1980,,M
Alessandro Capone,1955,,M
Alessandro Colizzi,1962,,M
Alessandro Comodin,1982,,M
Alessandro D'Alatri,1955,,M
Alessandro di Giuseppe,1977,,M
Alessandro Di Robilant,1953,,M
Alessandro G.A. D'Alessandro,1980,,M
Alessandro Garilli,1985,,M
Alessandro Gassmann,1965,,M
Alessandro Gazale,1961,,M
Alessandro Genovesi,1973,,M
Alessandro Haber,1947,,M
Alessandro Ingrà,1974,,M
Alessandro Lunardelli,?,,M
Alessandro Marzullo,1989,,M
Alessandro Negrini,,,M
Alessandro Paci,1964,,M
Alessandro Piva,1966,,M
Alessandro Pondi,1972,,M
Alessandro Rak,1977,,M
Alessandro Roja,1978,,M
Alessandro Rossellini,1963,,M
Alessandro Rossetto,1963,,M
Alessandro Siani,1975,,M
Alessandro Tamburini,1954,,M
Alessandro Valenti,1973,,M
Alessandro Valori,1965,2018,M
Alessia Scarso,1979,,F
Alessio Boni,1966,,M
Alessio Bozzer,1975,,M
Alessio Cremonini,1973,,M
Alessio De Leonardis,1982,,M
Alessio Di Cosimo,1985,,M
Alessio Lauria,1980,,M
Alessio Maria Federici,1976,,M
Alessio Rigo de Righi,1986,,M
Aleš Strajnar,1947,,M
Alexa Karolinski,1984,,F
Alexander Abaturov,1984,,M
Alexander Bălănescu,1954,,M
Alexander Berner,1966,,M
Alexander Dannenberg,1967,,M
Alexander E. Fennon,1961,,M
Alexander Gauland,1941,,M
Alexander Grasseck,,,
Alexander Hauff,1957,,M
Alexander Häusser,1960,,M
Alexander Held,1958,,M
Alexander Kluge,1932,,M
Alexander Liegl,1964,,M
Alexander Lutz,1964,,M
Alexander Mitterer,1968,,M
Alexander Nanau,1979,,M
Alexander Pusch,1955,,M
Alexander Radszun,1952,,M
Alexander Schubert,1970,,M
Alexandra Davidescu,1931,2018,F
Alexandra Leclère,,,F
Alexandra Mercouroff,1968,,F
Alexandra Pianelli,,,F
Alexandra Robert,1976,,F
Alexandra Sell,1968,,F
Alexandra Stewart,1939,,F
Alexandre Arcady,1947,,M
Alexandre Astier,1974,,M
Alexandre Bustillo,1975,,M
Alexandre Castagnetti,1975,,M
Alexandre Charlot,,,M
Alexandre Coffre,1973,,M
Alexandre Debanne,1960,,M
Alexandre de La Patellière,1971,,M
Alexandre Espigares,1977,,M
Alexandre Ferrini,,,M
Alexandre Heboyan,,,M
Alexandre Jollien,1975,,M
Alexandre Poncet,1974,,M
Alexandre Powelz,1970,,M
Alexandre von Sivers,1943,,M
Alexandre Zeff,1980,,M
Alexandrina Halic,1941,,F
Alexandru Badea,,,M
Alexandru Belc,1980,,M
Alexandru Bindea,1957,,M
Alexandru Buzea,1978,,M
Alexandru Dabija,1955,,M
Alexandru Georgescu,1948,,M
Alexandru Lustig,1986,,M
Alexandru Mavrodineanu,1976,,M
Alexandru Mereuță,1927,2020,M
Alexandru Pop,1973,,M
Alexandru Repan,1940,,M
Álex Angulo,1953,2014,M
Alexa Povah,,,F
Alexa Visarion,1947,,M
Alex Brendea,1987,,M
Àlex Casanovas,1964,,M
Alex Coteț,,,M
Álex de la Iglesia,1965,,M
Alex Descas,1958,,M
Alexeï Gouskov,1966,,M
Alex Ferguson,1941,,M
Alex García López,,,M
Alex Helfrecht,1979,,F
Alex Holmes,,,M
Alexia Walther,1974,,F
Alex Infascelli,1967,,M
Alexis Alexiou,1976,,M
Alexis Cahill,1963,,F
Alexis Díaz Pimienta,1966,,M
Alexis Ducord,,,M
Alexis Langlois,,,M
Alexis Michalik,1982,,M
Alexis Morante,1978,,M
Alexis Wajsbrot,,,M
Alex Jennings,1957,,M
Álex López,,,M
Alex Lutz,1978,,M
Alex Norton,1950,,M
Álex Pina,1967,,M
Alex Schaad,1990,,M
Alexs Stadermann,1975,,M
Alex Stepney,1942,,M
Alfeo Carnelutti,1944,,M
Alfonso Agra,1959,,M
Alfonso Albacete,1963,,M
Alfonso Bergamo,1986,,M
Alfonso Cortés-Cavanillas,,,M
Alfonso Delgado,1960,,M
Alfonso Guerra,1940,,M
Alfonso Kint,1976,,M
Alfonso Sánchez,1978,,M
Alfonso Santagata,1947,,M
Alfonso Torregrosa,1959,,M
Alfonso Ungría,1943,,M
Alfonso Zarauza,1973,,M
Alfred George Bailey,,,M
Alfredo Carrasco Alonso,,,M
Alfredo Castro,1955,,M
Alfredo Contreras,,,M
Alfredo Fiorillo,,,M
Alfredo Zamora,1967,,M
Alfred Sauter,1950,,M
Al Ginter,1960,,M
Algis Arlauskas,1957,,M
Al Gore,1948,,M
Ali Abbasi,1981,,M
Ali Bougheraba,1976,,M
Alice Agneskirchner,1966,,F
Alice Botté,1959,,M
Alice Cooper,1948,,M
Alice Diop,1979,,F
Alice Krige,1954,,F
Alice Lowe,1977,,F
Alice Philippon,,,F
Alice Rohrwacher,1981,,F
Alice Troughton,,,F
Alice Waters,1944,,F
Alice Winocour,1976,,F
Alice Zeniter,1986,,F
Alicia Sánchez,1949,,F
Alida Valli,1921,2006,F
Alina Grigore,1984,,F
Alin Boeru,1987,,M
Aline Dalbis,,,F
Aline Geller,1969,,F
Aline Pilato,1956,,F
Alin Panc,1973,,M
Alireza Golafshan,1986,,M
Alireza Khatami,1980,,M
Ali Samadi Ahadi,1972,,M
Alison Bruce,,,M
Alison Dowling,1960,,F
Alison Peebles,1953,,F
Alison Steadman,1946,,F
Alistair Findlay,,,M
Aljoša Vučković,1946,,M
Álkis Panagiotidis,1948,,M
Allan Corduner,1950,,M
Allan Mauduit,1969,,M
Allan Melia,,,M
Alma Prica,1962,,F
Almudena Carracedo,1972,,F
Almudena Grandes,1960,,F
Almut Zilcher,1954,,F
Alonso Posadas,,,M
Alun Armstrong,1946,,M
Alvar Gordejuela,1987,,M
Álvaro Báguena,1961,,M
Álvaro Brechner,1976,,M
Álvaro de Luna,1935,2018,M
Álvaro Díaz Lorenzo,1977,,M
Álvaro Fernández Armero,1969,,M
Álvaro Gago Díaz,1986,,M
Alvaro Gradella,1954,,M
Alvaro Lombard,1960,,M
Álvaro Longoria,1968,,M
Álvaro Peña-Rojas,1943,,M
Álvaro Roig,,,M
Álvaro Uribe,1952,,M
Álvaro Urquijo,1962,,M
Alvaro Vitali,1950,2025,M
Alvia Reale,1960,,F
Amalia Ciolan,1967,,F
Amanda Barrie,1935,,F
Amanda Bearse,1958,,F
Amanda Donohue,1962,,F
Amanda Lear,1939,,F
Amanda Plummer,1957,,F
Amanda Sthers,1978,,F
Amandine Fredon,,,F
Amar Adatia,1986,,M
Ambra Principato,1990,,F
Ambrogio Lo Giudice,1956,,M
Amélie Ravalec,,,F
Amelle Chahbi,1980,,F
Amer Hlehel,1953,,M
Amerigo Fontani,1955,,M
Amidou (Hamidou Benmessaoud),1935,,M
Aminta de Lara,,,F
Amira Ghazalla,1960,,F
Amiran Amiranashvili,1955,,M
Amir Muratović,1966,,M
Aml Ameen,1985,,M
Amma Asante,1969,,F
Amor Hakkar,1958,,M
Amos Gitai,1950,,M
Amparo Badiola,1958,,F
Amparo Climent,,,F
Amparo Fernández,1961,,F
Amparo Moreno,1949,,F
Amparo Muñoz,1954,,F
Amparo Pamplona,1949,,F
Amparo Soler Leal,1933,2013,F
Amparo Valle,1939,2016,F
Amro Hamzawi,1974,,M
Amy Grant,1960,,F
Amy Madigan,1950,,F
Ana Belén,1951,,F
Ana Ciontea,1959,,F
Ana Dumitrescu,1978,,F
Anaëlle Godard,1979,,F
Ana Fernández,1965,,F
Ana Goya,1962,,F
Ana Gracia,1959,,F
Ana Guardione,,,F
Anah Ruddin,,,F
Anaís Berdié,1983,,F
Anais Straumann-Lévy,,,F
Anaïs Volpé,1988,,F
Ana L. Martín,,,F
Ana Labordeta,1965,,F
Ana-Maria Avram,1961,2017,F
Ana Messuti,1946,,F
Ana Murugarren,1965,,F
Ana Obregón,1955,,F
Ana Padrão,1967,,F
Ana Pérez-Lorente,1963,,F
Ana Ramón Rubio,,,F
Ana Schulz,,,F
Anas Khalaf,,,M
Anastasia Hille,1965,,F
Anastasia Mikova,1982,,F
Anatol Regnier,1945,,M
Anatol Schuster,1985,,M
Ana Torrent,1966,,F
Ana Victoria Pérez,,,F
Ana Wagener,1962,,F
Anca Damian,1962,,F
Anca Miruna Lăzărescu,1979,,F
Anca Sigartău,1967,,F
Anda Caropol,1939,2023,F
Ander Iriarte,,,M
Ander Landaburu,1944,2022,M
Anders Morgenthaler,,,
Andi,1962,,M
Andie MacDowell,1958,,F
Andoni Ferreño,1965,,M
Andor Lukáts,1943,2025,M
András Ambrus,1925,,M
András B. Vágvölgyi,1959,,M
András Bálint,1943,,M
András Balogh,1962,,M
András Csapó,1991,,M
András Demeter,1969,,M
András Dési,,,M
András Faragó,1964,,M
András Fésős,1963,,M
András Frigyesi,1952,,M
András Galler,1972,,M
András Hatházi,1967,,M
András Jeles,1945,,M
András Kécza,1965,,M
András Keller,1960,,M
András Kern,1948,,M
András Koltai,1970,,M
András Péterffy,1946,,M
András Salamon,1956,,M
András Schlanger,1961,,M
András Sólyom,1951,,M
András Stark,1948,2017,M
András Stohl,1967,,M
András Surányi,1952,,M
András Szirtes,1951,2023,M
András Vetró,1948,,M
Andrea Adriatico,1966,,M
Andrea Bacci,1972,,M
Andrea Barone,,,F
Andrea Barrionuevo,,,F
Andréa Bescond,1979,,F
Andrea Bettinetti,1962,,M
Andrea Block,,,F
Andrea Bocelli,1958,,M
Andrea Borrelli,?,,M
Andrea Brusa,1984,,M
Andrea Bruschi,1968,,M
Andrea Coombs,,,F
Andrea D'Ambrosio,1975,,M
Andrea De Sica,1981,,M
Andrea Di Stefano,1972,,M
Andrea Drahota,1941,,F
Andrea Dugoni,1958,,M
Andrea Eckert,1958,,F
Andrea Fadenti,1983,,M
Andréa Ferréol,1947,,F
Andrea Gropplero,1963,,M
Andrea Jaurrieta,1986,,F
Andrea Jonasson,1942,,F
Andrea Jublin,1970,,M
Andrea Ladányi,1961,,F
Andrea Luka Zimmerman,1969,,NB
Andrea Magnani,1971,,M
Andrea Marini,1983,,M
Andrea Mazzarella,1986,,M
Andrea Muzzi,1967,,M
Andrea Niada,1988,,M
Andrea Paco Mariani,1983,,M
Andrea Pallaoro,1982,,M
Andrea Pellizzer,1979,,M
Andrea Preti,1988,,M
Andrea Purgatori,1953,2023,M
Andrea Roggon,1981,,F
Andrea Roncato,1947,,M
Andrea Salerno,1965,,M
Andrea Santana,1964,,F
Andreas Arnstedt,1969,,M
Andrea Sawatzki,1963,,F
Andreas Borcherding,1957,,M
Andrea Schramm,1968,,F
Andreas Dresen,1963,,M
Andrea Segre,1976,,M
Andreas Engelmann,1954,,M
Andreas Geiger,1969,,M
Andreas Giebel,1958,,M
Andreas Goldstein,1964,,M
Andreas Gruber,1954,,M
Andreas Heinzel,1958,,M
Andreas Hüneke,1944,2024,M
Andrea Sihler,1957,,F
Andreas Keller,1958,,M
Andreas Kleinert,1962,,M
Andreas Köhler,,,M
Andreas Kunze,1952,2010,M
Andreas Lechner,1959,,M
Andreas Leupold,1959,,M
Andreas Marquardt,1956,,M
Andreas Maus,1964,,M
Andreas Nickl,1967,,M
Andreas Patton,1962,,M
Andreas Pegler,1956,,M
Andrea Spolarics,1964,,F
Andreas Reiner,,,M
Andreas Schmidbauer,1990,,M
Andreas Seifert,1959,,M
Andreas Voigt,1953,,M
Andreas Wellano,1948,,M
Andrea Tagliaferri,1977,,M
Andrea Takáts,1967,,F
Andrea Vialardi,?,,M
Andrea Zalone,1968,,M
Andrea Zogg,1957,,F
André Bonzel,1961,,M
André Chazel,1933,2023,M
André Comte-Sponville,1952,,M
André Dussollier,1946,,M
Andreea Esca,1972,,F
Andrée Damant,1929,2022,F
André Erkau,1968,,M
Andrée Tainsy,1911,2004,F
André Grégorcic,,,M
André Hennicke,1958,,M
Andre Hörmann,1975,,M
Andrei Cohn,1972,,M
Andrei Crețulescu,1974,,M
Andrei Dăscălescu,1984,,M
Andrei Finți,1952,,M
Andrei Gruzsniczki,1962,,M
Andrei Huțuleac,1990,,M
Andrei Konchalovsky,1937,,M
Andrei Păunescu,1969,,M
Andrei Tănase,1982,,M
Andrei Zinca,1955,,M
Andreja Schneider,1964,,F
Andrej Korovljev,1970,,M
Andrej Kosak,1965,,M
Andrej Lupinc,1961,,M
Andrej Nahtigal,1942,2018,M
Andrej Pratnemer,,,M
André Jung,1953,,M
André Marcon,1948,,M
André Oumansky,1933,,M
André Penvern,1947,,M
André Robillard,1931,,M
Andrés 'El Pájaro' Herrera,1963,,M
André Schäfer,1966,,M
Andrés Duque,1972,,M
Andrés Goteira,1983,,M
Andres Heger-Bratterud,1985,,M
André Singer,1945,,M
Andrés Lima,1961,,M
Andrés Pajares,1940,,M
Andrés Santana,1949,,M
Andrés Sanz,1969,,M
André Stolz,1959,,M
Andrés Trapiello,1953,,M
Andres Veiel,1959,,M
Andrés Vicente Gómez,1943,,M
André Szardenings,1989,,M
André Téchiné,1943,,M
Andreu Buenafuente,1965,,M
Andreu Castro,1978,,M
Andrew Becker,,,M
Andrew Bicknell,1957,,M
Andrew Bridgmont,1929,2019,M
Andrew Cryan,,,M
Andrew Dominik,1967,,M
Andrew Dosunmu,,,M
Andrew Gaynord,,,M
Andrew Haigh,1973,,M
Andrew Harrison,1957,,M
André Wilms,1947,2022,M
Andrew Kötting,1959,,M
Andrew Levitas,1977,,M
Andrew Lewis,1959,,M
Andrew Loog Oldman,1944,,M
Andrew Loveday,,,M
Andrew Masset,1949,,M
Andrew Mogel,1974,,M
Andrew Peat,,,M
Andrew Readman,,,M
Andrew Ridgeley,1963,,M
Andrew Sachs,1930,2016,M
Andrew Steggall,,,M
Andrey Paounov,1974,,M
André Øvredal,1973,,M
Andrija Mardešić,1985,,M
Andromeda Godfrey,1968,,F
Andrzej Chyra,1964,,M
Andrzej Seweryn,1946,,M
Andrzej Zulawski,1940,2016,M
Andy Battentier,,,M
Andy De Emmony,1964,,M
Andy de la Tour,1948,,M
Andy Goddard,1968,,M
Andy Goldsworthy,1956,,M
Andy Gray,1955,,M
Andy Hamilton,1954,,M
Andy Luotto,1950,,M
Andy MacKinnon,,,M
Andy McPhee,1952,,M
Andy Powell,1950,,M
Andy Rashleigh,1949,,M
Andy Townsend,1963,,M
Ane Gabarain,1963,,F
Aneil Karia,,,M
Anémone,1950,2019,F
Angela Baraldi,1964,,F
Angela Bassett,1958,,F
Angéla Császár,1946,,F
Angela Curran,1948,,F
Angela Finocchiaro,1955,,F
Angela Ioan,1957,,F
Ángel Alonso,1967,,M
Ángela López Gamonal,,,F
Angela Merkel,1954,,F
Ángela Molina,1955,,F
Angela Pagano,1937,,F
Ângela Rabello,1950,2023,F
Angela Roy,1957,,F
Angela Schanelec,1962,,F
Angela Troina,1944,,F
Angela Winkler,1944,,F
Ángel de la Cruz,1963,,M
Ángel Delgadillo,1928,,M
Ange Leccia,1952,,M
Ángeles González Sinde,1965,,F
Ángeles Huerta,1974,,F
Ángeles Moreno,,,F
Ángeles Reiné,,,F
Ángel Gómez Hernández,1988,,M
Ángel Gutiérrez,1932,2024,M
Ángel Héctor Sánchez,1958,,M
Angélica Aragón,1953,,F
Angelika Bender,1948,,F
Angelika Böttiger,1951,,F
Angelika Mette,1966,,F
Angelika Sedlmeier,1964,,F
Angelika Thomas,1946,,F
Angelika Waller,1944,,F
Angelin Preljocaj,1957,,M
Angélique Ionatos,1954,2021,F
Angélique Kidjo,1960,,F
Angélique Litzenburger,1951,,F
Angelo Antonucci,1970,,M
Angelo Aybar,1947,,M
Angelo Barbagallo,1958,,M
Angelo Bison,1957,,M
Angelo Borer,1957,,M
Angelo Branduardi,1950,,M
Angelo Di Gennaro,,,M
Angelo Longoni,1956,,M
Angelo Lopardo,1929,,M
Angelo Maresca,1963,,M
Angelo Orlando,,,M
Ángel Pardo,1957,,M
Àngels Barceló,1963,,F
Angie Bowie,1949,,F
Angus Barnett,1963,,M
Angus MacInnes,1947,2024,M
Angustias Ruiz Navarro,,,F
Angus Wright,1964,,M
Ania Marson,1949,,F
Aníbal Soto,,,M
Anica Dobra,1963,,F
Aniëlle Webster,1977,,F
Anika Decker,1975,,F
Anika Wangard,1977,,F
Anikó Für,1964,,F
Anissa Bonnefont,1984,,F
Anita Carey,1948,2023,F
Anita Dobson,1949,,F
Anita Heck,,,F
Anita Lasker-Wallfisch,1925,,F
Anita Zagaria,1954,,F
Anja Beatrice Kaul,1965,,F
Anja Kruse,1956,,F
Anja Šovagović-Despot,1963,,F
Anjelica Huston,1951,,F
Anke Domscheit-Berg,1968,,F
Anke Engelke,1965,,F
Anke Sevenich,1959,,F
Ankica Dobrić,1959,,F
Anna Agnelli,,,F
Anna Azcárate,1961,,F
Anna Bardorf,1961,,F
Annabel Leventon,1942,,F
Anna Bofarull,1979,,F
Anna Bonaiuto,1950,,F
Anna Bonasso,1946,,F
Anna Brodskaja-Bomke,1962,,F
Anna Calder-Marshall,1947,,F
Anna Chancellor,1965,,F
Anna Cottis,,,F
Anna De Nitto,1945,2022,F
Anna Di Francisca,1960,,F
Anna Ditges,1978,,F
Anna Fehér,1958,,F
Anna Ferruzzo,1966,,F
Anna Galiena,1954,,F
Anna Gaylor,1932,2021,F
Anna Götz,1963,,F
Anna Györgyi,1967,,F
Anna Hepp,1977,,F
Anna Karina,1940,,F
Anna Kubik,1957,,F
Anna M. Bofarull,1979,,F
Anna Maio,1938,,F
Annamária Albu,1965,,F
Annamária Babják,1956,,F
Annamária Bede-Fazekas,1963,,F
Anna Maria De Luca,1955,,F
Anna Mazzamauro,1938,,F
Anna Migotto,,,F
Anna Mottram,1949,,F
Anna Najder,,,F
Anna Nemes,1989,,F
Anna Ottmann,1954,,F
Anna R. Costa,1965,,F
Anna Ráckevei,1960,,F
Anna Recalde Miranda,,,F
Annarita Zambrano,1972,,F
Anna Roller,1993,,F
Anna Savva,1956,,F
Anna Serner,1964,,F
Anna Sofie Hartmann,1984,,F
Anna Stieblich,1965,,F
Anna Teresa Eugeni,1944,,F
Anna Teresa Rossini,1944,,F
Anna Utrecht,,,F
Anna Werner,1941,,F
Anna Wintour,1949,,F
Ann Carolin Renninger,1979,,F
Ann Dowd,1956,,F
Anne,1928,,F
Anne Alix,1963,,F
Anne Alvaro,1951,,F
Anne Bennent,1963,,F
Anne Benoît,1959,,F
Anne Canovas,1957,,F
Anne Clark,1960,,F
Anne Coesens,1966,,F
Anne Consigny,1963,,F
Anne Depétrini,1960,,F
Anne do Paço,,,F
Anne Dorval,1960,,F
Anne Fontaine,1959,,F
Anne-Gaëlle Daval,1975,,F
Anne Giafferi,,,F
Anne Gruwez,1956,,F
Annekathrin Bürger,1937,,F
Anne-Kathrin Gummich,1964,,F
Annekatrin Hendel,1964,,F
Anne Kessler,1966,,F
Anne Kidd,,,F
Anne-Laure Daffis,,,F
Anne Le Ny,1962,,F
Anne-Lise Koehler,1970,,F
Anne Loiret,1983,,F
Anne Luise Müller,1951,,F
Anne Marev,1932,2019,F
Annemarie Düringer,1925,2014,F
Anne-Marie Philipe,1954,,F
Anne-Marie Ponsot,1945,,F
Anne Nissen,,,F
Anne Novion,1979,,F
Anne Osterloh,1965,,F
Anne Parillaud,1960,,F
Anne Reid,1935,,F
Anne-Sophie Mutter,1963,,F
Anne Trabant-Haarbach,1949,,F
Annette Badland,1950,,F
Annette Bening,1958,,F
Annette Crosbie,1934,,F
Annette Mayer,1962,,F
Annette von Wangenheim,1957,,F
Anne Villacèque,1963,,F
Anne Zohra Berrached,1982,,F
Ann Firbank,1933,,F
Ann Goldstein,1959,,F
Annick Alane,1925,2019,F
Annick Blancheteau,1946,,F
Annie Cordy,1928,2020,F
Annie Ernaux,1940,,F
Annie Girardot,1931,2011,F
Annie Grégorio,1957,,F
Annie Louise Ross,,,F
Annie Mercier,,,F
Annie Noël,1926,2009,F
Annie Sprinkle,1954,,F
Annika Blendl,1981,,F
Annika Pinske,1982,,F
Ann Ladiges,1935,2019,F
Ann Oren,1976,,F
Anno Saul,1963,,M
Ann Overstall Comfort,1939,,F
Ann Queensberry,1928,,F
Anny Duperey,1947,,F
Anouk Aimée,1932,2024,F
Anouk Grinberg,1963,,F
Anselma Dell'Olio,1941,,F
Anselm Grün,1945,,M
Anselm Kiefer,1945,,M
Ansgar Ahlers,1975,,M
Antal Cserna,1963,,M
Antal Leisen,1947,2023,M
Anthony Baxter,1982,,M
Anthony Byrne,1975,,M
Anthony Calf,1959,,M
Anthony Delon,1964,,M
Anthony Fabian,,,M
Anthony Forrest,1951,,M
Anthony Head,1954,,M
Anthony Hickox,1959,2023,M
Anthony Hopkins,1937,,M
Anthony Lawrence,1928,2024,M
Anthony Marciano,1979,,M
Anthony Power,1964,,M
Anthony Roux,1977,,M
Anthony Waller,1959,,M
Anthony Wilcox,1977,,M
Anthony Woodley,,,
Antía Cal Vázquez,,,F
Antje Hubert,1966,,F
Antje Lewald,1960,,F
Antoine Bardou-Jacquet,,,M
Antoine Barraud,1972,,M
Antoine Basler,1966,,M
Antoine Blossier,,,M
Antoine Bourseiller,1930,2013,M
Antoine Chappey,1960,,M
Antoine d'Agata,1961,,M
Antoine de Bary,1990,,M
Antoine de Caunes,1953,,M
Antoine de Maximy,1959,,M
Antoine Duléry,1959,,M
Antoine Page,,,M
Antoine Raimbault,,,M
Antoine Sire,1960,,M
Antoine Tomé,1951,,M
Antoinette Boulat,,,F
Antoinette Moya,1928,2021,F
Anton Claaßen,1946,,M
Anton Corbijn,1955,,M
Antonella Attili,1963,,F
Antonella Cioli,1958,,F
Antonella Fulci,1960,,F
Antonella Lori,?,,F
Antonella Morea,1956,,F
Antonella Ponziani,1964,,F
Antonello Aguzzi,1959,,M
Antonello Belluco,1956,,M
Antonello De Leo,1965,,M
Antonello Faretta,1973,,M
Antonello Fassari,1952,2025,M
Antonello Grimaldi,1955,,M
Antonello Puglisi,1948,,M
Antoneta Alamat Kusijanović,1985,,F
Antón García Abril,1933,2021,M
Antongiulio Panizzi,,,M
Antonia Dell'Atte,1960,,F
Antonia Guzmán,1922,2018,F
Antonia San Juan,1961,,F
Antonia Singla,1948,,F
Antonia Traulsen,,,F
Antonietta de Lillo,1960,,F
Antoni Miralda,1942,,M
Antoni Muntadas,1942,,M
Antonina Obrador,,,F
Antonina Rodrigo,1935,,F
Antonin Baudry,1975,,M
Antonin Fourlon,,,M
Antonin Krizsanics,1973,,M
Antonino Bruschetta,1962,,M
Antonino Iuorio,1963,,M
Antonin Peretjatko,1974,,M
Antonio Abbate,1997,,M
Antonio Adamo,1957,,M
Antonio Álamo,1964,,M
Antonio Albanese,1964,,M
Antonio Alveario,1963,,M
Antonio Arias,1965,,M
Antonio Banderas,1960,,M
Antonio Barbero,1958,,M
Antonio Bido,1949,,M
Antonio Bigini,1980,,M
Antonio Buíl,1964,,M
Antonio Buonomo,1950,,M
Antonio Canales,1961,,M
Antonio Cantafora,1944,2024,M
Antonio Capuano,1940,,M
Antonio Carluccio,1937,2017,M
Antonio Casagrande,1931,2022,M
Antonio Catania,1952,,M
Antonio Chavarrías,1956,,M
Antonio Citterio,1950,,M
António Cordeiro,1959,,M
Antonio Cuadri,1960,,M
Antonio Dechent,1960,,M
"Antonio Durán ""Morris""",1959,,M
Antonio Estrada,1956,,M
Antonio Ferrante,1942,,M
Antonio Fischetti,1060,,M
António Fonseca,1953,,M
Antonio Fraguas 'Forges',1942,2018,M
Antonio García Cabanes,,,M
Antonio Gerardi,1968,,M
Antonio Gonzalo,1951,,M
Antonio Guerriero,1983,,M
Antonio Hens,1969,,M
Antonio Hernández,1953,,M
Antonio Jesús Rojas,,,M
Antonio Lobo,,,M
Antonio López,1936,,M
Antonio Manetti,1970,,M
Antonio Manzini,1964,,M
Antonio Mayans,1939,,M
Antonio Méndez Esparza,1976,,M
Antonio Miguel Carmona,1963,,M
Antonio Morabito,1972,,M
Antonio Muñoz Molina,1956,,M
Antonio Napoli,?,,M
Antonio Negret,1982,,M
Antonio Nuić,1977,,M
Antonio Orlando,1960,,M
Antonio Padovan,1980,,M
Antonio Palacios,,,M
Antonio Pappano,1959,,M
Antonio Pennarella,1960,2018,M
Antonio Petrocelli,1953,,M
Antonio Piazza,1970,,M
Antonio Piovanelli,1940,,M
Antonio Pisu,1984,,M
Antonio Prester,1955,,M
Antonio Resines,1954,,M
Antonio Rezza,1965,,M
Antonio Roma,1932,,M
Antonio Sancassani,1943,2025,M
Antonio Sarrió,1961,,M
Antonio Saura,1960,,M
Antonio Spoletini,1937,,M
Antonio Tallura,1958,,M
Antonio Usbergo aka Younuts,1986,,M
Antonio Valero,1955,,M
Antonio Weinrichter,,,M
Antonio Wu,1950,,M
Antonio Zavatteri,1967,,M
Antoni P. Canet,1953,,M
Antonis Kafetzopoulos,1951,,M
Anton Lesser,1952,,M
Anton Rattinger,1951,,M
Anton Vassil,1966,,M
Anton von Heiseler,1905,,M
Antony Hickling,1975,,M
Antonythasan Jesuthasan,1967,,M
Antoon Krings,1962,,M
Ant Palmer,,,M
Antton Bastero,1958,,M
Antun Vrdoljak,1931,,M
An Vrombaut,,,F
Anxos Fazáns,1992,,F
Anđela Rostuhar,1985,,F
Anđelo Jurkas,1981,,M
April Woodall,1958,,F
Arabella Weir,1957,,F
Arab Nasser,1988,,M
Arantxa Aguirre,1965,,F
Arantxa Echevarría,1968,,F
Arantza Ibarra,1975,,F
Arcadi Oliveres,1945,2021,M
Archie Shepp,1937,,M
Arend Agthe,1949,,M
Ariadna Gil,1969,,F
Ariane Ascaride,1954,,F
Ariane Pirie,1966,,F
Arièle Semenoff,1947,,F
Ariella Reggio,1936,,F
Arielle Dombasle,1953,,F
Ariel Rot,1960,,M
Ariel Wizman,1962,,M
Arie Tcherner,1957,,M
Arijana Čulina,1965,,F
Aristiţa Diamandi,1953,,F
Aritz Moreno,1980,,M
Arlette Thomas,1927,,F
Arman,1928,2005,M
Armand Assante,1949,,M
Armand Éloi,1962,,M
Armand Gatti,1924,2017,M
Armand Kautzky,1964,,M
Armando de Razza,1955,,M
Armando Dotto,1946,,M
Armando Ianucci,1963,,M
Armando Manzanero,1935,2020,M
Armen Godel,1941,,M
Armine Vosganian,,,F
Armin Rohde,1955,,M
Arnaud Bedouët,1958,,M
Arnaud Bouron,1972,,M
Arnaud Desplechin,1960,,M
Arnaud Duléry,1958,2024,M
Arnaud Fournier Montgieux,1982,,M
Arnaud Larrieu,1966,,M
Arnaud Lemort,1969,,M
Arnaud Louvet,1971,,M
Arnaud Montebourg,1962,,M
Arnaud Riou,1963,,M
Arnaud Tabarly,,,M
Arnaud Viard,1965,,M
Arnaud Viviant,1963,,M
Arnau Puig Grau,1926,2020,M
Arndt Ginzel,1972,,M
Arne Birkenstock,1967,,M
Arne Feldhusen,1971,,M
Arne Fuhrmann,1943,,M
Arne Körner,,,M
Arno Flemming,,,M
Arnold de Parscau,1988,,M
Arno Steffen,1953,,M
Arnulf Conradi,1944,,M
Áron Gauder,1973,,M
Aron Lehmann,1981,,M
Áron Mátyássy,1978,,M
Áron Őze,1970,,M
Árpád Bogdán,1976,,M
Árpád Némedi,1969,,M
Árpád Sopsits,1952,2025,M
Arsen Anton Ostojić,1965,,M
Arsène Jiroyan,1962,,M
Arsène Mosca,1967,,M
Arsène Wenger,1949,,M
Arsenny Rapoport,1983,,M
Arsen Oremović,1966,,M
Arsinée Khanjian,1958,,F
Arslan Kodirov,1956,,M
Arthur Albiston,1957,,M
Arthur Benzaquen,1974,,M
Arthur Delaire,1987,,M
Arthur de Pins,1977,,M
Arthur Dreyfus,1986,,M
Arthur H,1966,,M
Arthur Harari,1981,,M
Arthur Holden,1959,,M
Arthur Igual,1950,,M
Arthur Joffé,1953,,M
Artur Albrecht,1903,1952,M
Artúr Kálid,1970,,M
Arturo Andújar,1974,,M
Arturo de Bobadilla,,,
Arturo Dueñas Herrero,1962,,M
Arturo Fernández,1929,2019,M
Arturo Ripstein,1943,,M
Artus Maria Matthiessen,1950,,F
Arved Birnbaum,1962,2021,M
Asad Schwarz,1963,,M
Ascanio Celestini,1972,,M
Ascanio Petrini,1979,,M
Ascensión Orive,,,F
Aseneth Suarez Ruiz,,,F
Asghar Farhadi,1972,,M
Asghar Semsarzade,1940,,M
Ashley Dowds,1966,,M
Ashley Gunstock,1957,,M
Asia Argento,1975,,F
Asia Bugajska,1962,,F
Asia Dér,1985,,F
Asier Altuna,1969,,M
Asif Kapadia,1972,,M
Asim Abbasi,,,M
Asja Jovanović,1956,,F
Aslı Özge,1975,,F
Assumpta Serna,1957,,F
Asteris Kutulas,1960,,M
Astrid Menzel,1905,,F
Astrid Polak,1962,,F
Astrid Rossa,,,F
Asunción Balaguer,1925,2019,F
Ate de Jong,1953,,M
Athina Papadimitriu,1954,,F
Atiq Rahimi,1962,,M
Attila Árpa,1971,,M
Attila Bocsárszky,1965,,M
Attila Egyed,1969,,M
Attila Epres,1963,,M
Attila Gigor,1978,,M
Attila Hartung,1991,,M
Attila Herczeg,,,M
Attila Horváth,1959,,M
Attila Király,1970,,M
Attila Lőte,1934,,M
Attila Magyar,1965,,M
Attila Menszátor-Héresz,1972,,M
Attila Mokos,1964,,M
Attila Szász,1972,,M
Attila Till,1971,,M
Atul Malhotra,,,M
Aude Léa Rapin,1984,,F
Aude Pépin,,,F
Audrey Dana,1977,,F
Audrey Diwan,1980,,F
Audrey Estrougo,1983,,F
Audrey Gordon,,,F
Augusto Fornari,1968,,M
Augusto Zucchi,1946,,M
August Zirner,1956,,M
Auguszta Tóth,1967,,F
Aura Călărașu,1964,,F
Aurel,1980,,M
Aurélia Barbet,1972,,F
Aurélia Georges,1973,,F
Aurelia Lăpuşan,1948,,F
Aurélien Recoing,1958,,M
Aurélien Vernhes-Lermusiaux,1980,,M
Aurélie Saada,1978,,F
Aurelio Grimaldi,1957,,M
Aurelio Toni Agliata,,,M
Aurel Tămaș,1961,,M
Aurică Geneti,1963,,M
Aurora Bautista,1925,2012,F
Aurora Herrero,,,F
Aurora Quattrocchi,1943,,F
Aurore Clément,1945,,F
Autumn de Wilde,1970,,F
Avelina Prat,1972,,F
Avénarius d'Ardronville,,,M
Avijit Dutt,,,M
Avtar Bhogal,1970,,M
Axel Gottschick,1953,,M
Axel Hausch,,,M
Axel Malzacher,1962,,M
Axel Milberg,1956,,M
Axel Pape,1956,,M
Axel Prahl,1960,,M
Axel Ranisch,1983,,M
Axel Salvatori-Sinz,1982,2018,M
Axel Siefer,1951,,M
Axel Wandtke,1959,,M
Axel Werner,1945,,M
Ayat Najafi,1973,,M
Aykut Kayacik,1962,,M
Aylin Tezel,1983,,F
Azedine Ben,1995,,M
Azize Kabouche,1960,,M
Babak Karimi,1960,,M
Babak Payami,1966,,M
Babett Arens,1959,,F
Baha Boukhari,1944,2015,M
Bahri Rahali,,,M
Bakary Sangaré,1960,,M
Balázs Galkó,1949,,M
Balázs Krasznahorkai,1975,,M
Balázs Lengyel,1977,,M
Balázs Lévai,1968,,M
Balázs Lóth,1977,,M
Balázs Mihályfi,1965,,M
Balázs Pálfi,1957,,M
Balázs Simonyi,1980,,M
Balázs Szövényi-Lux,,,M
Bálint Kenyeres,1976,,M
Bálint Nagy,,,M
Bálint Révész,1988,,M
Baltasar Garzón,1955,,M
Bania Medjbar,1962,,F
Baptiste Drapeau,,,M
Barack Obama,1961,,M
Baran bo Odar,1978,,M
Barbara Albert,1970,,F
Barbara Alberti,1943,,F
Barbara Auer,1959,,F
Barbara Bernt,1955,,F
Barbara Boncompagni,1963,,F
Barbara Bouchet,1943,,F
Barbara Brix,1941,,F
Barbara Cerar,1971,,F
Barbara de Koy,1954,,F
Barbara De Rossi,1960,,F
Barbara Focke,1945,,F
Barbara Kronenberg,1980,,F
Barbara Maierhofer,,,F
Barbara Marten,1947,,F
Barbara Melzl,1957,,F
Barbara Nola,1968,,F
Barbara Ott,1983,,F
Barbara Peirson,1957,,F
Barbara Philipp,1965,,F
Bárbara Santos,1963,,F
Barbara Schnitzler,1953,,F
Barbara Schöne,1947,,F
Barbara Scoppa,1957,,F
Barbara Sichtermann,1943,,F
Barbara Sukowa,1950,,F
Barbara Valmorin,1939,2019,F
Barbara Vekarić,1987,,F
Barbara Vidovič,1969,,F
Barbara Wallbraun,1983,,F
Barbara Young,1931,2023,F
Barbara Zemljič,1978,,F
Bärbel Schlömer,,,F
Barbet Schroeder,1941,,M
Barbu Silviu Tripăduș,,,M
Barclay Leib,1958,,M
Barnabás Szabó Sipos,1962,,M
Barnabás Tóth,1977,,M
Barnaby Metschurat,1974,,M
Barnaby Thompson,,,M
Barna Illyés,1964,,M
Barney Broomfield,1981,,M
Barney Clay,1973,,M
Barney Douglas,,,M
Barny Murphy,1954,,M
Barry Adamson,1958,,M
Barry Hearn,1948,,M
Barry Sonnenfeld,1953,,M
Bartabas,1957,,M
Bartek Dziadosz,,,M
Bart Guingona,1963,,M
Bartolomeo Pampaloni,1982,,M
Bartomeu Vilà,,,M
Barış Aladağ,1979,,M
Basile Boli,1967,,M
Basile Carré-Agostini,,,M
Basile Doganis,1980,,M
Bassam Tariq,1986,,M
Bass Dhem,1955,,M
Bastien Milheau,,,M
Bastien Simon,1987,,M
Batiste Combret,,,M
Baya Kasmi,1978,,F
Baz Luhrmann,1962,,M
Bazon Brock,1936,,M
Beáta Ildikó Fülöp,1970,,F
Beate Baumann,1963,,F
Béatrice Agenin,1950,,F
Beatrice Behn,,,F
Béatrice Camurat,1965,,F
Béatrice Costantini,1947,,F
Béatrice Dalle,1964,,F
Beatrice Della Pelle,?,,T
Béatrice de Staël,1958,,F
Béatrice Michel,1959,,F
Béatrice Pollet,1964,,F
Beatrice Richter,1948,,F
Beatrice Schiros,1967,,F
Beatrix Borchard,1950,,F
Beatriz de Moura,1939,,F
Beatriz Sanchís,1976,,F
Bebo Storti,1956,,M
Beda Docampo Feijóo,1948,,M
Bee2,,,M
Beef,,,M
Behrouz Behnejad,,,M
Behzad Dorani,1961,,M
Bela B.,1962,,M
Béla Bagota,1985,,M
Béla Borsi-Kálmán,1948,,M
Béla Ficzere,1972,,M
Béla Gados,1954,,M
Béla Kósa,1956,,M
Béla Paczolay,1961,,M
Béla Spindler,1954,2018,M
Béla Stubnya,1962,,M
Béla Szemán,1963,,M
Béla Szerednyey,1958,,M
Belén Cruz,1963,,F
Belén Funes,1984,,F
Belén Macías,1970,,F
Belén Rueda,1965,,F
Belén Verdugo,1979,,F
Beles Adam,1944,,F
Ben Becker,1964,,M
Ben Blaine,,,M
Bence Gyöngyössy,1963,,M
Bence Miklauzic,1970,,M
Ben Cookson,,,M
Ben Cross,1947,2020,M
Ben Dover,1956,,M
Benedetta Barzini,1943,,F
Benedetta Buccellato,1953,,F
Benedetto Casillo,1950,,M
Benedicta Sánchez,1935,,F
Benedict Campbell,1957,,M
Benedict Freitag,1952,,M
Benedikt Schwarzer,1987,,M
Ben Ferencz,1920,2023,M
Ben Gazzara,1930,2012,M
Bengt Jangfeldt,1948,,M
Ben Hecking,,,M
Ben Hopkins,1969,,M
Beniamino Barrese,1986,,M
Benito Urgu,1939,,M
Benito Zambrano,1965,,M
Ben Jacobson,,,M
Benjamin Cabuk,1961,,M
Benjamin Coriat,1948,,M
Benjamin Diez,1979,,M
Benjamin Euvrard,,,M
Benjamin Field,,,M
Benjamin Guedj,1975,,M
Benjamin Heisenberg,1974,,M
Benjamin Laurent,,,M
Benjamin Lavernhe,1984,,M
Benjamin Lehrer,,,M
Benjamin Luxon,1937,2024,M
Benjamin Martins,1985,,M
Benjamin Massoubre,,,M
Benjamín Prado,1961,,M
Benjamin Quabeck,1976,,M
Benjamin Renner,1983,,M
Benjamin Rocher,1977,,M
Benjamin Sklarz,,,
Benjamin Weill,1974,,M
Benjamin Whitrow,1937,2017,M
Ben Kellett,,,M
Ben Kingsley,1943,,M
Ben Lewin,1946,,M
Ben Miller,1966,,M
Ben Nealon,1966,,M
Bennie Young,1949,,M
Benoît Allemane,1942,,M
Benoît Chieux,,,M
Benoît Cohen,1969,,M
Benoît Delépine,1958,,M
Benoîte Groult,1920,2016,F
Benoît Ferreux,1955,,M
Benoît Forgeard,1973,,M
Benoît Graffin,1966,,M
Benoît Jacquot,1947,,M
Benoît Lange,1965,,M
Benoît Masocco,1979,,M
Benoît Philippon,1976,,M
Benoît Poelvoorde,1964,,M
Benoît Somville,,,M
Benoît Volnais,1980,,M
Ben Palmer,1976,,M
Ben Parker,,,M
Ben Sharrock,,,M
Ben Smith,,,M
Bent Hamer,1956,,F
Ben Timlett,,,M
Ben Wheatley,1972,,M
Beo Raana Zafar,,,F
Beppe Menegatti,1929,2024,M
Beppe Rosso,1953,,M
Bérangère Jean,1964,,F
Berardo Carboni,1975,,M
Berenice Sparano,,,F
Bernabé Rico,1973,,M
Bernadette Knoller,1986,,F
Bernadette Lafont,1938,,F
Bernadette Le Saché,1950,,F
Bernadette Mayer,1945,2022,F
Bernadett Tuza-Ritter,1981,,F
Bernard Alane,1948,,M
Bernard Bédarida,,,M
Bernard Blancan,1958,,M
Bernard Bloch,1949,,M
Bernard Campan,1958,,M
Bernard Chapuis,1945,,M
Bernard Cribbins,1928,2022,M
Bernard Cuffling,1945,,M
Bernard Eisenschitz,1944,,M
Bernard Farcy,1949,,M
Bernard Favre,1945,,M
Bernard Fresson,1931,2002,M
Bernard Friot,1946,,M
Bernard Gabay,1963,,M
Bernard Giraudeau,1947,,M
Bernard Grégorcic,,,M
Bernard Guyonnet,1957,,M
Bernard-Henri Lévy,1948,,M
Bernard Hill,1944,2024,M
Bernard Larmande,1941,,M
Bernard Le Coq,1950,,M
Bernard Mazauric,,,M
Bernard Ménez,1944,,M
Bernard Montiel,1957,,M
Bernard Murat,1941,,M
Bernard Nissille,1960,,M
Bernard Norlain,1939,,M
Bernardo Atxaga,1951,,M
Bernardo Bertolucci,1941,2018,M
Bernardo Hiller,1962,,M
Bernard Peyrol,,,M
Bernard-Pierre Donnadieu,1949,,M
Bernard Pivot,1935,2024,M
Bernard Stora,1942,,M
Bernard Tanguy,1965,,M
Bernard Verley,1939,,M
Bernard Yerlès,1961,,M
Bernd Böhlich,1957,,M
Bernd Capitain,1961,,M
Bernd Michael Lade,1964,,M
Bernd Moss,1965,,M
Bernd Rabehl,1938,,M
Bernd Rademacher,1954,,M
Bernd Schaarmann,1968,2014,M
Bernd Stange,1948,,M
Bernd Stegemann,1949,,M
Bernd Tauber,1950,,M
Bernhard Braunstein,1979,,M
Bernhard Koch,1968,,M
Bernhard Marsch,1962,,M
Bernhard Schütz,1959,,M
Bernhard Völger,1961,,M
Bernice Stegers,1949,,F
Bernie Bonvoisin,1956,,M
Bernie Ecclestone,1930,,M
Berni Goldblat,1970,,M
Bertalan Bagó,1962,,M
Berth Wesselmann,1950,,F
Bertie Ahern,1951,,M
Bertram Verhaag,1944,,M
Bertrand Blier,1939,2025,M
Bertrand Bonello,1968,,M
Bertrand Burgalat,1963,,M
Bertrand Guerry,1973,,M
Bertrand Hagenmüller,1983,,M
Bertrand Mandico,1977,,M
Bertrand Tavernier,1941,2021,M
Bert Stephan,1961,,M
Beth Stevens,1960,,F
Bette Bourne,1939,2024,M
Bettina Blümner,1975,,F
Bettina Böhler,1960,,F
Bettina Devin,1951,,F
Bettina Giovannini,1958,,F
Bettina Kaminski,1966,,F
Bettina Koch,1959,,F
Bettina Krug,1953,,F
Bettina Oberli,1972,,F
Bettina Wegner,1947,,F
Betty Pedrazzi,1955,,F
Bhagwandas Patel,1943,,M
Bhante Nyanabodhi,1955,,M
Bharat Nalluri,1965,,M
Biagio Izzo,1962,,M
Bibbe Hansen,1952,,TF
Bibiana Fernández,1954,,T
Bibiana Zeller,1928,2023,F
Biff Blumfumgagnge,1964,,M
Biggi Fahnenschreiber,1931,,F
Biggi Wanninger,1955,,F
Biljana Lovre,1943,2024,F
Bill Bruford,1949,,M
Bill Clark,1951,2022,M
Bill Clinton,1946,,M
Bill Condon,1955,,M
Bille August,1948,,M
Bill Fellows,1957,,M
Bill Gates,1955,,M
Billie Jean King,1943,,F
Billie Piper,1982,,F
Bill Jones,1976,,M
Bill Mockridge,1947,,M
Bill Moyers,1934,,M
Bill Nighy,1949,,M
Bill Novak,,,M
Bill Paterson,1945,,M
Bill Pullman,1953,,M
Bill Rieflin,1960,2020,M
Bill Scott,,,M
Bill Thomas,1952,,M
Bill Viola,1951,2024,M
Bill Wyman,1936,,M
Billy Connolly,1942,,M
Billy Idol,1955,,M
Billy Murray,1941,,M
Billy Ocean,1950,,M
Bimbam Merstein,1930,,F
Binda Ngazolo,1954,,M
Bine Matoh,1946,,M
Bingen Mendizábal,1962,,M
Bing Yin,1962,,M
Birgit Schulz,,,
Birgit Weiß-Huber,1930,2012,F
Biserka Ipsa,1950,,F
Biyouna,1952,,F
Bjarne Henriksen,1959,,M
Björn Borg,1956,,M
Björn Granath,1946,2017,M
Björn Runge,1961,,M
Bjørn Floberg,1947,,M
Bjørn Melhus,1966,,M
Blacker Dread,1959,,M
Blanca Apilánez,1961,,F
Blanca Portillo,1963,,F
Blanche Ravalec,1954,,F
Blandine Lenoir,1973,,F
Blandine Pélissier,1960,,F
Blaž Završnik,1984,,M
Blixa Bargeld,1959,,M
Blythe Danner,1943,,F
Bob Bowersox,1947,,M
Bobby Gillespie,1962,,M
Bobby Knutt,1945,2017,M
Bob Geldof,1951,,M
Bob Goody,1951,2023,M
Bob Gruen,1945,,M
Bob Messini,1962,,M
Bobo Jelčić,1964,,M
Bob Paine,1933,2016,M
Bob Prowse,1938,,M
Bob Rafelson,1933,2022,M
Bob Schneider,1962,,M
Bodo Ramelow,1956,,M
Bogdan Bradu,1968,,M
Bogdan Diklić,1953,,M
Bogdan Dreyer,1962,,M
Bogdan Dumitrescu,1968,,M
Bogdan George Apetri,1976,,M
Bogdan Iordachioiu,1962,,M
Bogdan Kominowski,1945,,M
Bogdan Mirică,1978,,M
Bogdan Mustață,1990,,M
Bogdan Stanoevici,1958,2021,M
Bo Gritz,1939,,M
Bohdan Beniuk,1957,,M
Bojan Emeršič,1963,,M
Bojan Vister,1962,,M
Bojena Horackova,,,F
Bojina Panayotova,1978,,F
Bommi Baumann,1947,2016,M
Bonifacio Angius,1982,,M
Bonnafet Tarbouriech,1952,,M
Bono,1960,,M
Booder,1978,,M
Bora Dağtekin,1978,,M
Borek Slezácek,1967,,M
Bori Péterfy,1969,,M
Boris Aljinovic,1967,,M
Boris Bakal,1959,,M
Boris Bergman,1944,,M
Boris Bezić,1986,,M
Boris Cavazza,1939,,M
Boris Isaković,1966,,M
Borislav Stjepanović,1946,,M
Boris Lojkine,1969,,M
Boris Masník,1951,,M
Boris Miholjević,1938,,M
Boris Ostan,1960,,M
Boris Petkovič,1971,,M
Boris Pétric,1972,,M
Boris Rajk,,,M
Boris Ruiz,1952,,M
Boris Svrtan,1964,,M
Borja Casani,1952,,M
Borja Cobeaga,1977,,M
Börje Lundberg,1953,,M
Boro Stjepanović,1946,,M
Borut Veselko,1959,,M
Boštjan Slatenšek,1971,,M
Bouchakor Chakor Djaltia,1935,,M
Bouli Lanners,1965,,M
Bouraouïa Marzouk,1949,,F
Božidar Domagoj Burić,1972,,M
Božidar Smiljanić,1936,2018,M
Božo Dragoslavić,,,M
Brad Greenquist,1959,,M
Branka Petrić,1937,,F
Branka Šelić,1965,,F
Branko Ištvančić,1967,,M
Branko Meničanin,1964,,M
Branko Samarovski,1939,,M
Branko Schmidt,1957,,M
Branko Šturbej,1961,,M
Branko Uvodić,1954,,M
Branko Završan,1962,,M
Branko Đurić,1962,,M
Brenda Blethyn,1946,,F
Brenda Chapman,1963,,F
Brendan Gleeson,1955,,M
Brendan Ingle,1940,2018,M
Brendan O'Carroll,1955,,M
Brenda Vaccaro,1939,,F
Brett Hadley,1930,2023,M
Brett Harvey,,,M
Brian Bovell,1954,,M
Brian Cox,1946,,M
Brian Croucher,1942,,M
Brian Downey,1944,,M
Brian Eno,1948,,M
Brian George,1952,,M
Brian Goodman,1963,,M
Brian Helgeland,1961,,M
Brian Hibbard,1946,2012,M
Brian Kidd,1949,,M
Brian May,1947,,M
Brian Muir,1952,,M
Brian Pettifer,1953,,M
Brian Protheroe,1944,,M
Brice Cauvin,1966,,M
Brice Fournier,1966,,M
Brice Gravelle,1987,,M
Brid Brennan,1955,,F
Brigitte Auber,1925,,F
Brigitte Aubry,1964,,F
Brigitte Borchert,1910,2011,F
Brigitte Böttrich,1945,,F
Brigitte Busquet,,,F
Brigitte Catillon,1951,,F
Brigitte Chamarande,1955,2022,F
Brigitte Drodtloff,1959,,F
Brigitte Fontaine,1939,,F
Brigitte Fossey,1946,,F
Brigitte Froment,,,F
Brigitte Janner,1945,,F
Brigitte Kramer,1954,,F
Brigitte Kren,1954,,F
Brigitte Lahaie,1955,,F
Brigitte Lecordier,1956,,F
Brigitte Masure,,,F
Brigitte Messerschmidt,1952,,
Brigitte Roüan,1946,,F
Brigitte Streubel,1950,,F
Brigitte Sy,1956,,F
Brigitte Virtudes,1959,,F
Brillante Mendoza,1960,,M
Britta Wauer,1974,,F
Brontis Jodorowsky,1962,,M
Bruce Byron,1959,,M
Bruce Dern,1936,,M
Bruce Greenwood,1956,,M
Bruce Hall,1953,,M
Bruce LaBruce,1964,,M
Bruce Lipton,1944,,M
Bruce Payne,1958,,M
Bruce Swedien,1934,2020,M
Brümilda van Rensburg,1956,,F
Bruna Bebić-Tudor,1964,,F
Bruno Abraham-Kremer,1958,,M
Bruno Armando,1952,2020,M
Bruno Ballouard,,,M
Bruno Bigoni,1950,,M
Bruno Bilotta,1959,,M
Bruno Bozzetto,1938,,M
Bruno Cariello,1962,,M
Bruno Cathomas,1965,,M
Bruno Chiche,1966,,M
Bruno Colella,1952,,M
Bruno Cremer,1929,2010,M
Bruno Delbonnel,1957,,M
Bruno Di Marcello,1973,,M
Bruno Dumont,1958,,M
Bruno Eyron,1964,,M
Bruno Fontaine,1967,,M
Bruno François-Boucher,1957,,M
Bruno Furini,1940,,M
Bruno Gambarotta,1937,,M
Bruno Ganz,1941,2019,M
Bruno Georis,1963,,M
Bruno Jonas,1952,,M
Bruno Lochet,1959,,M
Bruno López,,,M
Bruno Mercier,1957,,M
Bruno Moynot,1950,,M
Bruno Oliviero,1972,,M
Bruno Pavoncello,1962,,M
Bruno Podalydès,1961,,M
Bruno Raffaelli,1950,,M
Bruno Romy,1958,,M
Bruno Shllaku,1956,,M
Bruno Solo,1964,,M
Bruno Todeschini,1962,,M
Bruno Torrisi,1961,,M
Bruno Vienne,1953,,M
Bruno Watara,1963,,M
Bruno Wolkowitch,1961,,M
Bruto Pomeroy,1958,,M
Bryan Cranston,1956,,M
Bryan Marciano,1979,,M
Bryan Murray,1949,,M
Buda Gulyás,1949,,M
Buddy Giovinazzo,1957,,M
Buddy Guy,1936,,M
Bud Spencer,1929,2016,M
Bujar Alimani,1969,,M
Bulle Ogier,1939,,F
Bunny Wailer,1947,,M
Burghart Klaußner,1949,,M
Burhan Qurbani,1980,,M
Burkhard Niggemeier,,,M
Burt Cort,1948,,M
Butz Ulrich Buse,1963,,M
Børge Brende,1965,,M
C. Martín Ferrera,1974,,M
Caetano Veloso,1942,,M
Caitlin Dulany,1963,,F
Cake-Baly Marcelo,1958,,M
Caleb Deschanel,1944,,M
Cali,1968,,M
Călin Peter Netzer,1975,,M
Callum Keith Rennie,1960,,M
Callum Macrae,,,M
Cal MacAninch,1963,,M
Camelia Maxim,1960,,F
Camelia Popa,1978,,F
Camelia Zorlescu,1938,2022,F
Camille de Casabianca,1960,,F
Camille Japy,1968,,F
Camille Lotteau,,,M
Camille Mauduech,1964,,F
Camille Ponsin,,,F
Campbell Scott,1961,,M
Campino,1962,,M
Candice Patou,1947,,F
Candide Sanchez,1967,,M
Cañita Brava,1956,,M
Can Togay,1955,,M
Cara Chase,,,F
Caradog W. James,1976,,M
Carine May,,,F
Carine Roitfeld,1954,,F
Carine Tardieu,1973,,F
Carinne Coisman,,,F
Carinthia West,1951,,F
Carl-A. Fechner,1953,,M
Carla Becker,1950,,F
Carla Cassola,1947,2022,F
Carla Gravina,1941,,F
Carla Maria Teaha,1985,,F
Carla Signoris,1960,,F
Carla Simón,1986,,F
Carla Sozzani,1947,,F
Carl Carlton,1955,,M
Carles Flavià,1945,2016,M
Carles Francino,1958,,M
Carles Miralles,1951,,M
Carles Rexach,1947,,M
Carles Velat,1946,2016,M
Carl Fischer,1924,2023,M
Carl Hegemann,1949,,M
Carl Heinz Choynski,1936,,M
Carl Hunter,1965,,M
Carlina Torta,1952,,F
Carl Medland,,,M
Carlo Alberto Pinelli,1935,,M
Carlo Benso,1951,,M
Carlo Brandt,1954,,M
Carlo Buccirosso,1954,,M
Carlo Croccolo,1927,2019,M
Carlo Delle Piane,1936,2019,M
Carlo De Marchis,1939,,M
Carlo Giuffrè,1928,2018,M
Carlo Hintermann,1974,,M
Carlo Luglio,1967,,M
Carlo Mazzacurati,1956,2014,M
Carlo Monni,1943,2013,M
Carlos Aguilar,1958,,M
Carlos Alcántara,1964,,M
Carlos Álvarez-Nóvoa,1940,2015,M
Carlos Andrés Morelli,1977,,M
Carlos Antonio Lozada,1961,,M
Carlo Sarti,1962,,M
Carlos Bardem,1963,,M
Carlos Blanco,1959,,M
Carlos Boyero,1953,,M
Carlos Brito,1960,,M
Carlos Bustamante,1941,,M
Carlos Cañeque,1957,,M
Carlos Chahine,1959,,M
Carlos Dorrego,,,M
Carlos Fernández de Vigo,,,M
Carlos Garcia Piedra,1966,,M
Carlos Henrique Raposo,1963,,M
Carlos Hipólito,1956,,M
Carlos Iglesias,1955,,M
Carlo Simoni,1943,,M
Carlos Lasarte,1941,,M
Carlos Manuel Díaz,,,M
Carlos Marques-Marcet,1983,,M
Carlos Martínez López,,,M
Carlos Mora Fuentes,1985,,M
Carlos Navarro,,,
Carlos Olalla,1957,,M
Carlos Portaluppi,1967,,M
Carlos Santana,1947,,M
Carlos Saura,1932,2023,M
Carlos Saura Medrano,1958,,M
Carlos Sedes,1973,,M
Carlos Slepoy,1949,2017,M
Carlos Sobera,1960,,M
Carlos Therón,1978,,M
Carlos Tristancho,1955,,M
Carlos Val,1977,,M
Carlos Vermut,1980,,M
Carlota Nelson,,,F
Carlota Pereda,1975,,F
Carlotta,,,F
Carlotta Berti,,,F
Carlo Valli,1943,,M
Carlo Vanzina,1951,2018,M
Carlo Verdone,1950,,M
Carlo Zoratti,1982,,M
Carl Solomon,1952,,M
Carl Weathers,1948,2024,F
Carl Wharton,,,M
Carme Elías,1951,,F
Carmela García,1964,,F
Carmelo Gómez,1962,,M
Carmelo Zappulla,1955,,M
Carmen Balagué,1952,,F
Carmen Balcells,1930,2015,F
Carmen Carrión,,2021,F
Carmen Castillo,1945,,M
Carmen Elena Belaschk,,,F
Carmen Esteban,,,F
Carmen Garrido,1947,2020,F
Carmen Linares,1951,,F
Carmen Machi,1963,,F
Carmen-Maja Antoni,1945,,F
Carmen Maura,1945,,F
Carmen Posadas,1953,,F
Carmen Rigalt,1949,,F
Carmen Rodríguez,,,F
Carmen Tănase,1961,,F
Carme Ruscalleda,1952,,F
Carme Sansa,1943,,F
Carme Tarte Vilardell,,,F
Carmina Barrios,1953,,F
Carmine Amoroso,1963,,M
Carol Alt,1960,,F
Carola Stagnaro,1956,,F
Carole Bouquet,1957,,F
Carole Franck,1970,,F
Carole Menduni,,,F
Carole Trévoux,1958,,F
Carolina Hellsgård,1977,,F
Carolina Herrera,,,F
Caroline Breton,,,F
Caroline Burns Cooke,1958,,F
Caroline Cellier,1945,,F
Caroline Chaniolleau,1953,2024,F
Caroline Deruas,1978,,F
Caroline Dragacci,,,F
Caroline Fourest,1975,,F
Caroline Glorion,1964,,F
Caroline Link,1964,,F
Caroline Loeb,1955,,F
Caroline Munro,1949,,F
Caroline Proust,1967,,F
Caroline Schreiber,1962,,M
Caroline Silhol,1949,,F
Caroline Tisdall,1945,,F
Caroline Vignal,1970,,F
Carolin Genreith,1984,,F
Carolin Schmitz,1967,,F
Carol Kane,1952,,F
Carol MacReady,1939,,F
Carol Moore,,,F
Carol Morley,1966,,F
Carol Polakoff,,,F
Carol Rodríguez Colás,1982,,F
Carolyn Pickles,1952,,F
Carsten Rau,1967,,M
Cary-Hiroyuki Tagawa,1950,,M
Cary Joji Fukunaga,1977,,M
Caspar Phillipson,1971,,M
Cataldo Migliazzo,1938,2023,M
Catalina Mesa,1978,,F
Catalina Villar,,,F
Cătălin Bugean,1980,,M
Cătălin Cățoiu,1961,,M
Cătălin Mitulescu,1972,,M
Cătălin Saizescu,1976,,M
Cătălin Tolontan,1968,,M
Caterina Bueno,1943,2007,F
Caterina Carone,1982,,F
Caterina Caselli,1946,,F
Catherine Allégret,1946,,F
Catherine Arditi,1946,,F
Catherine Béchard,,,F
Catherine Benguigui,1964,,F
Catherine Breillat,1948,,F
Catherine Carteret,,,F
Catherine Castel,1949,2018,F
Catherine Catela,,,F
Catherine Corsini,1956,,F
Catherine Davenier,1953,,F
Catherine Deneuve,1943,,F
Catherine Disher,1960,,F
Catherine Ferran,1945,,F
Catherine Frot,1956,,F
Catherine Gandois,1953,,F
Catherine Hardwicke,1955,,F
Catherine Hiegel,1946,,F
Catherine Hosmalin,1960,,F
Catherine Jacob,1956,,F
Catherine Lachens,1945,2023,F
Catherine Lafond,1945,,F
Catherine Lurie,,,F
Catherine Mouchet,1959,,F
Catherine Ringer,1957,,F
Catherine Rouvel,1939,,F
Catherine Salviat,1947,,F
Catherine Samie,1933,,F
Catherine Spaak,1945,2022,F
Catherine Tate,1969,,F
Catherine Vidal,1951,,F
Catherine Wilkening,1963,,F
Cathy Breeze,,,F
Cathy Horyn,1956,,F
Catrinel Dănăiață,1983,,F
Catrinel Dumitrescu,1956,,F
Catrin Striebeck,1966,,F
Catriona MacColl,1954,,F
Caye Casas,1976,,M
Cécile Allegra,1976,,F
Cécile Besnault,,,F
Cécile Denjean,,,F
Cécile Ducrocq,1973,,F
Cécile Guilbert,1963,,F
Cécile Telerman,1965,,F
Cecilia Bârbora,1963,,F
Cecilia Bartolomé,1943,,F
Cecília Esztergályos,1943,,F
Cecília Felméri,1978,,F
Cecilia Mangini,1927,2021,F
Cecilia Roth,1956,,F
Cécilia Rouaud,1976,,F
Cédric Anger,1975,,M
Cédric Ido,1980,,M
Cédric Jimenez,1976,,F
Cédric Kahn,1966,,M
Cédric Klapisch,1961,,M
Cédric Laty,,,M
Cédric Le Gallo,,,M
Celia Eseverri,,,F
Celia Imrie,1952,,F
Celia Rico Clavellino,1982,,F
Céline Devaux,1987,,F
Céline Gailleurd,1981,,F
Céline Monsarrat,1954,,F
Celine Pouillon,,,F
Celso Bugallo,1947,,M
Celso Parada,1958,,M
Cerasela Iosifescu,1966,,F
César Cadaval,1964,,M
Cesare Bocci,1957,,M
Cesare Capitani,1965,,M
Cesare Furesi,1956,,M
Cesáreo Estébanez,1941,2018,M
Cesare S. Cremonini,1960,,M
César Gaviria,1947,,M
César Luis Menotti,1938,2024,M
César Martínez Herrada,1964,,M
César Oliva,1945,,M
César Paes,1955,,M
César Sabater,1976,,M
César Sarachu,1958,,M
César Tormo,1968,,M
Cesc Gay,1967,,M
Çetin Ipekkaya,1937,2016,M
Cettina Bonaffini,?,,F
Cezara Dafinescu,1948,,F
Chad Chenouga,1962,,M
Chaim Lubelski,1947,,M
Chano Domínguez,1960,,M
Chantal Banlier,1945,,F
Chantal Garrigues,1944,2018,F
Chantal Ladesou,1948,,F
Chantal Lauby,1948,,F
Chantal Neuwirth,1948,,F
Chantal Ravalec,1945,,F
Chantal Richard,1957,,F
Chanya Button,1986,,F
Charles Aznavour,1924,2018,M
Charles Berling,1958,,M
Charles Brauer,1935,,M
Charles Burnett,1944,,M
Charles Dance,1946,,M
Charles Dubois,,,M
Charles Duke,1935,,M
Charles Garrad,1952,,M
Charles Gérard,1922,2019,M
Charles III,1948,,M
Charles Koppelman,1940,2022,M
Charles Najman,1956,2016,M
Charles Nemes,1951,,M
Charles Schneider,1959,,M
Charles Schumann,1941,,M
Charlie O'Leary,1924,,M
Charlie Paul,1961,,M
Charlie Watts,1941,2021,M
Charline Bourgeois-Tacquet,1986,,F
Charlotte Colbert,1987,,F
Charlotte Dauphin,1987,,F
Charlotte de Turckheim,1955,,F
Charlotte Fantelli,1984,,F
Charlotte Gainsbourg,1971,,F
Charlotte Pouch,1984,,F
Charlotte Rampling,1946,,F
Charlotte Schwab,1952,,F
Charlotte Silvera,1954,,F
Charly Cassan,1942,,M
Charly Hübner,1972,,M
Charly Wai Feldman,,,F
Charo Izquierdo,,,
Charo López,1943,,F
Chato Galante,1948,2020,M
Chazz Palminteri,1952,,M
Checco Zalone,1977,,M
Chelo Vivares,1952,,F
Chema Adeva,1954,,M
Chema de la Peña,1964,,M
Chema del Barco,1964,,M
Chema Rodríguez,1967,,M
Chema Vargas,,,M
Chema Veiga,,,M
Cherie Lunghi,1952,,F
Cherry Jones,1956,,F
Cherry Vanilla,1943,,F
Chete Lera,1949,2022,M
Cheyenne Carron,1976,,F
Chiara Bellosi,1973,,F
Chiara De Marchis,1985,,F
Chiara Malta,1977,,F
Chiara Ronchini,1980,,F
Chiara Sani,1963,,F
Chicho Castillo,1960,2020,M
Chico Bouchikhi,1954,,M
Chico Buarque,1944,,M
Chimo Bayo,1961,,M
Chino Moya,1976,,M
Chiqui Carabante,1967,,M
Chiquito de la Calzada,1932,2017,M
Chloé Mazlo,1983,,F
Chraz,1950,,M
Chris Amoo,1952,,M
Chris Barritt,,,M
Chris Baugh,,,M
Chris Bearne,,,M
Chris Blaine,,,M
Chris Bonington,1934,,M
Chris Crow,1972,,M
Chris Ellis,1956,,M
Chris Foggin,1985,,M
Chris Imberdis,,,M
Chris Kimsey,1951,,M
Chris Langham,1949,,M
Chris Lomme,1938,,F
Chris Miera,1986,,M
Chris Salewicz,,,M
Chrissie Hynde,1951,,F
Christa Krikula,,,F
Christa Ritter,1942,,F
Christa Schreiber,1941,,F
Chris Tates,1962,,M
Christian Abart,1959,,M
Christian Alvart,1974,,M
Christian Ameri,1951,,M
Christian Ammermüller,1968,,M
Christian Bach,1979,,M
Christian Baltauss,1947,,M
Christian Benedetti,1958,,M
Christian Berkel,1957,,M
Christian Bianco,1959,,M
Christian Boltanski,1944,2021,M
Christian Bouillette,1937,,M
Christian Brückner,1943,,M
Christian Bruhn,1958,,M
Christian Bujeau,1944,,M
Christian Buse,1959,,M
Christian Carion,1963,,M
Christian Charmetant,1956,,M
Christian Chauvaud,1945,,M
Christian Clavier,1952,,M
Christian Crahay,1949,,M
Christian De Sica,1951,,M
Christian Desmares,,,M
Christian De Vita,1973,,M
Christian Dieterle,1959,,M
Christian Dingler,1947,,M
Christian Ditter,1977,,M
Christian Duguay,1957,,M
Christian Duurvoort,1963,,M
Christiane Blumhoff,1942,2003,F
Christiane Bopp,1964,,F
Christiane Brassel-Rausch,1958,,F
Christiane Büchner,1965,,F
Christiane Hessel-Chabry,,,F
Christiane Millet,1956,,F
Christiane Ostermayer,1965,,F
Christian Escribà,1962,,M
Christiane Spiero,,,F
Christiane Ziehl,1950,,F
Christian Frosch,1966,,M
Christian Girier,,,M
Christian Gonon,1961,,M
Christian Grashof,1943,,M
Christian Grégorcic,,,M
Christian Haas,,,M
Christian Hecq,1964,,M
Christian Hoening,1947,,M
Christian Hornung,1976,,M
Christian Jeanpierre,1965,,M
Christian Kaiser,1961,,M
Christian Klandt,1978,,M
Christian Koch,1962,,M
Christian Koerner,1966,,M
Christian Kuchenbuch,1964,,M
Christian Lerch,1966,,M
Christian Louboutin,1964,,M
Christian Mazucchini,,,M
Christian Merlhiot,1963,,M
Christian Monnier,1968,,M
Christian Morin,1945,,M
Christian Pasquariello,1971,,M
Christian Pätzold,1944,,M
Christian Pereira,1953,,M
Christian Petzold,1960,,M
Christian Peythieu,1951,,M
Christian Philibert,1965,,M
Christian Prettin,1969,,M
Christian Redl,1948,,M
Christian Rouaud,1948,,M
Christian Schäfer,1990,,M
Christian Schneller,1948,,M
Christian Schwochow,1978,,M
Christian Sinniger,1947,,M
Christian Steyer,1946,,M
Christian Tasche,1957,2013,M
Christian Theede,1972,,M
Christian Tramitz,1955,,M
Christian Vadim,1963,,M
Christian Van Tomme,1956,,M
Christian Vincent,1955,,M
Christian Weisenborn,1947,,M
Christian Werner,,,
Christian Wewerka,1961,,M
Christian Wolff,1938,,M
Christian Zanési,1952,,M
Christian Zübert,1973,,M
Christina Ebelt,1979,,F
Christine Angot,1959,,F
Christine Baranski,1947,,M
Christine Boisson,1956,,F
Christine Carrière,1959,,F
Christine Choueiri,1963,,F
Christine Citti,1962,,F
Christine Dory,1965,,F
Christine Errath,1956,,F
Christine Gagnepain,,,F
Christine Jensen,1960,,F
Christine Kruchen,1954,2020,F
Christine Murillo,1951,,F
Christine Ostermayer,1936,,F
Christine Pignet,1954,,F
Christine Schorn,1944,,F
Christof Michael Wackernagel,1951,,M
Christof Wackernagel,1951,,M
Christof Wahl,2000,,M
Christoph Bantzer,1936,,M
Christoph Blocher,1940,,M
Christophe,1945,2020,M
Christophe Agou,1969,2015,M
Christophe Alévêque,1963,,M
Christophe Ali,,,M
Christophe Barratier,1963,,M
Christophe Blanc,1966,,M
Christophe Bourseiller,1957,,M
Christophe Cognet,1966,,M
Christophe Delvallé,1958,,M
Christoph Eder,1987,,M
Christophe Duthuron,1973,,M
Christophe Gans,1960,,M
Christophe Hamon,1964,,M
Christophe Honoré,1970,,M
Christophe Karabache,1979,,M
Christophe Lambert,1957,,M
Christophe Lemaire,1960,,M
Christophe Le Masne,1958,,M
Christophe Lioud,1964,,M
Christophe Loizillon,1953,,M
Christophe Malavoy,1952,,M
Christophe Maurer,1949,,M
Christophe Miossec,1964,,M
Christophe Odent,1955,,M
Christophe Offenstein,1962,,M
Christopher Adamson,1956,,M
Christopher Browning,1944,,M
Christopher Buchholz,,,M
Christopher Dunne,,,M
Christophe Régin,,,M
Christopher Ellison,1946,,M
Christopher Fairbank,1953,,M
Christopher Frayling,1946,,M
Christopher Fulford,1955,,M
Christopher Godwin,1943,,M
Christopher Hawkins,,,
Christopher Ian Smith,,,M
Christopher Kraft,1924,2019,M
Christopher Krieg,1961,,M
Christopher Landry,1962,,M
Christopher Lee,1922,2015,M
Christopher Lloyd,1938,,M
Christopher McDonald,1955,,M
Christopher Menaul,1944,,M
Christopher N. Rowley,,,M
Christopher Nolan,1970,,M
Christophe Rossignon,1959,,M
Christopher Plummer,1929,2021,M
Christopher Ravenscroft,1946,,M
Christopher Roth,1964,,M
Christopher Ryan,1950,,M
Christopher Smith,,,M
Christopher Thompson,1966,,M
Christopher Tourneur,,,M
Christopher Villiers,1960,,M
Christopher Walken,1943,,M
Christophe Tardy,,,M
Christoph Franz,1960,,M
Christoph Gampl,1969,,M
Christoph Gaugler,1958,,M
Christoph Hein,1944,,M
Christoph Hochhäusler,1972,,M
Christoph Hübner,1948,,M
Christoph Kaiser,1963,,M
Christoph Maria Herbst,1966,,M
Christoph Nix,1954,,M
Christoph Röhl,1967,,M
Christoph Schuch,1965,,M
Christoph Stölzl,1944,,M
Christoph Walder,,,M
Christoph Waltz,1956,,M
Christoph Weinert,,,M
Christoph Zrenner,1960,,M
Chrístos Stérgioglou,1952,,M
Christos Valavanidis,1944,,M
Christo Vladimirov Javacheff,1935,2020,M
Chris Walas,1955,,M
Chrystelle Labaude,1959,,F
Chucho Valdés,1941,,M
Chuck D,1960,,M
Chuck Reid,,,M
Chuma Viscarret,,,M
Chun Mei Tan,1961,,F
Chus Gutiérrez,1962,,F
Chus Lampreave,1930,2016,F
Ciarán Hinds,1953,,M
Ciccio Mira,1944,,M
Çigdem Selisik Onat,1939,,F
Cindy Crawford,1966,,F
Cinzia Bomoll,1979,,F
Ciprian Mega,1985,,M
Ciro Capano,1960,,M
Ciro Ceruti,1971,,M
Ciro D'Emilio,1986,,M
Ciro De Caro,1975,,M
Ciro Formisano,1980,,M
Ciro Guerra,1981,,M
Ciro Scalera,1957,,M
Ciro Villano,1972,,M
Claire Bloom,1931,,F
Claire Burger,1978,,F
Claire Chazal,1956,,F
Claire Denis,1946,,F
Claire Devers,1955,,F
Claire Ferguson,,,F
Claire King,1963,,F
Claire Maurier,1929,,F
Claire McCarthy,,,F
Claire Nadeau,1945,,F
Claire Roggan,1985,,F
Claire Ruppli,,,F
Claire Simon,1955,,F
Claire Skinner,1965,,F
Claire Wauthion,1945,,F
Clara Laperrousaz,1980,,F
Clara Martínez-Lázaro,,,F
Clara Möller,1955,,M
Clara Roquet,1988,,F
Clare Grogan,1962,,F
Clare Higgins,1955,,F
Clare Holman,1964,,F
Clare Lewins,,,F
Clare Perkins,1965,,F
Clarke Peters,1952,,M
Clark Johnson,1954,,M
Claude Aufaure,1942,,M
Claude Brasseur,1936,2020,M
Claude Brosset,1943,,M
Claude Evrard,1933,2020,M
Claude Gensac,1927,2016,F
Claude Hirsch,,,M
Claude Lanzmann,1925,2018,M
Claude Lelouch,1937,,M
Claude Lévèque,,,M
Claude Lorius,1932,2023,M
Claude Mathieu,1952,,F
Claude Miller,1942,,M
Claude Nobs,1936,2013,M
Claude-Oliver Rudolph,1956,,M
Claude Perron,1966,,F
Claude Reichman,1937,,M
Claude Rich,1929,2017,M
Claude Rochet,1949,,M
Claude Sarraute,1927,,F
Claude Saussereau,,,M
Claudette Walker,1940,,F
Claude Zidi Jr.,,,M
Claudia Basrawi,1962,,F
Claudia Brosch,1963,,F
Claudia Cardinale,1938,,F
Claudia Della Seta,1956,,F
Clàudia Font,,,F
Claudia Funk,,,F
Claudia Geisler-Bading,1965,,F
Claudia Gravy,1945,,F
Claudia Karvan,1972,,F
Claudia Lehmann,1975,,F
Claudia Martini,1956,,F
Claudia Müller,1964,,M
Claudia Pinto,1977,,F
Claudia Rieschel,1950,,F
Claudia Robinson,,,F
Claudia Schmid,1956,,F
Claudia von Alemann,1943,,F
Claudine Acs,1935,2023,F
Claudine Baschet,1931,2021,F
Claudine Chatel,1951,,F
Claudine Delvaux,1948,,F
Claudine Vincent,,,F
Claudio Abbiati,1951,,M
Claudio Alfredo Alfonsi,1960,,M
Claudio Amendola,1963,,M
Claudio Barbieri,,,M
Claudio Bigagli,1955,,M
Claudio Bisio,1957,,M
Claudio Bonivento,1950,,M
Claudio Botosso,1958,,M
Claudio Caiolo,1966,,M
Claudio Caligari,1948,2015,M
Claudio Cecchetto,1952,,M
Claudio Cicconetti,1981,,M
Claudio Coccoluto,1961,2021,M
Claudio Collovà,1957,,M
Claudio Cupellini,1973,,M
Claudio De Davide,1942,,M
Claudio Fragasso,1951,,M
Claudio Giovannesi,1978,,M
Claudio Greg Gregori,1963,,M
Claudio Insegno,1965,,M
Claudio Lippi,1945,,M
Claudio Magris,1939,,M
Claudio Noce,1975,,M
Claudio Norza,1957,,M
Claudio Poli,,,M
Claudio Ripalti,1980,,M
Claudio Rossi Massimi,1958,,M
Claudio Santamaria,1974,,M
Claudio Sestieri,1948,,M
Claudio Simonetti,1952,,M
Claudio Uberti,1975,,M
Claudio Utrera,1949,,M
Claudio Zulian,,,M
Claudiu Bleonț,1959,,M
Claudiu Trandafir,1963,,M
Claus Bue,1947,,M
Claus Clausen,,,M
Claus Drexel,1968,,M
Claus Räfle,1962,,M
Claus Wehlisch,1972,,M
Claus Wilcke,1939,,M
Claus Wischmann,1966,,M
Claus Withopf,1972,,M
Clayton Norcross,1954,,M
Clémence Madeleine-Perdrillat,1988,,F
Clémence Massart,1943,,F
Clément Cogitore,1983,,M
Clémentine Célarié,1957,,F
Clément Michel,1974,,M
Clément Vallos,,,M
Clément Weill-Raynal,1959,,M
Cliff Burnet,,,M
Cliff Curtis,1968,,M
Clint Eastwood,1930,,M
Clio Barnard,1965,,F
Clive Francis,1946,,M
Clive Fryde,1931,2016,M
Clive Merrison,1945,,M
Clive Owen,1964,,M
Clive Revill,1930,2025,M
Clive Riche,1958,,M
Clive Russell,1945,,M
Clotilde Courau,1969,,F
Clotilde Mollet,1963,,F
Clovis Cornillac,1968,,M
Coca Bloos,1946,,F
Cochi Ponzoni,1941,,M
Colette Kraffe,1957,,F
Colin Arthur,1943,,M
Colin Baker,1943,,M
Colin Bennett,1944,2024,M
Colin Blyth,,,M
Colin Carnegie,1948,,M
Colin David Reese,1950,,M
Coline Abert,,,F
Coline Assous,1988,,F
Coline Dhaussy,,,F
Coline Serreau,1947,,F
Colin Firth,1960,,M
Colin MacCabe,1949,,M
Colin McFarlane,1961,,M
Colin Stinton,1947,,M
Colita,1940,2023,F
Colm McCarthy,1973,,M
Colm Meaney,1953,,M
Colm Tóibín,1955,,M
Concha Canal,,,F
Concha Galán,1955,,F
Concha Goyanes,1946,2016,F
Concha Hidalgo,1923,2019,F
Concha Velasco,1939,2023,F
Concita De Gregorio,1963,,F
Conleth Hill,1964,,M
Connie Sawyer,1912,2018,F
Connor O'Hara,1993,,M
Conny Glogger,1956,,F
Conrad F. Geier,1958,,M
Conrado San Martín,1921,2019,M
Constance Meyer,,,F
Constantin Codrescu,1931,,M
Constantin Cojocaru,1945,2024,M
Constantin Cotimanis,1955,,M
Constantin Dinulescu,1933,,M
Constantin Drăgănescu,1936,2020,M
Constantinescu Narcis,1993,,M
Constantin Florescu,1962,,M
Constantin Fugasin,1951,,M
Constantin Hatz,1989,,M
Constantin Löhrmann,,,M
Constantin Pappas,1962,,M
Consuelo Solsona,1941,,F
Consuelo Trujillo,1959,,F
Copel Moscu,1953,,M
Coralie Fargeat,1976,,F
Cordula Kablitz-Post,1964,,F
Cordula Stratmann,1963,,F
Corentin Doucet,,,M
Corentin Massiot,,,M
Corey Johnson,1961,,M
Corina Chiriac,1949,,F
Corinna Belz,1955,,F
Corinna Harfouch,1954,,F
Corinna Kirchhoff,1958,,F
Corinna McFarlane,,,F
Corinne Cléry,1950,,F
Corinne Marchand,1931,,F
Corinne Masiero,1964,,F
Corinne Skinner-Carter,1931,,F
Cornel Gheorghiță,1958,,M
Cornelia Froboess,1943,,F
Cornelia Köndgen,1958,,F
Cornelia Lippert,1953,,F
Cornelia Partmann,,,F
Corneliu Porumboiu,1974,,M
Cornell John,1944,,M
Cornel Mihalache,1963,,M
Cornel Răileanu,1955,,M
Corrado Ardone,,,M
Corrado Ceron,1976,,M
Corrado Guzzanti,1965,,M
Corrado Invernizzi,1965,,M
Corrado Nuzzo,1971,,M
Corrado Solari,1948,,M
Cosima Lange,1976,,F
Cosimo Bosco,,,M
Cosimo Cinieri,1938,2019,M
Cosimo Fusco,1962,,M
Cosimo Gomez,1970,,M
Cosimo Messeri,1985,,M
Cosmin Dumitrache,,,M
Cosmin Micutzu Nedelcu,1986,,M
Cosmin P. Zaharia,,,M
Cosmin Șofron,1969,,M
Costa-Gavras,1933,,M
Costanza Quatriglio,1973,,F
Costel Cașcaval,1970,,M
Costin Petrescu,1947,,M
Covadonga Berdiñas,1967,,F
Craig Crosbie,,,M
Craig Fairbrass,1964,,M
Craig Leeson,,,M
Craig Roberts,1991,,M
Crenguţa Hariton,1967,,F
Crispin Letts,,,M
Cristèle Alves Meira,1983,,F
Cristiana Lionello,1961,,F
Cristian Comeagă,1959,,M
Cristian Delcea,,,M
Cristian De Mattheis,1973,,M
Cristian Iacob,1968,,M
Cristian Iezzi,1982,,M
Cristian Ilișuan,,,M
Cristian Mungiu,1968,,M
Cristiano De André,1962,,M
Cristian Pepino,1950,,M
Cristian Pîrvulescu,1965,,M
Cristian Radu Nema,1987,,M
Cristi Iftime,1979,,M
Cristina Comencini,1956,,F
Cristina Deleanu,1940,,F
Cristina Donadio,1960,,F
Cristina Eugenia Segura Molina,,,F
Cristina García Rodero,1949,,F
Cristina Groșan,1987,,F
Cristina Hoyos,1946,,F
Cristina Jacob,1989,,F
Céline Monsarrat,1954,,F
Cristina Ortega Blanco,1985,,F
Cristina Otero Roth,,,F
Cristina Pinto,1970,,F
Cristin König,1965,,F
Cristi Puiu,1967,,M
Cristóbal Fernández,1980,,M
Cristóbal Montoro Romero,1950,,M
Csaba Bereczki,1966,,M
Csaba Bollók,1962,,M
Csaba Czene,1960,2021,M
Csaba Debreczeny,1971,,M
Csaba Fazekas,1973,,M
Csaba Jakab,1953,2024,M
Csaba Káel,1961,,M
Csaba Kőrösi,1959,,M
Csaba M. Kiss,,,M
Csaba Martin,1976,,M
Csaba Szekeres,1968,,M
Csaba Vékes,1983,,M
Cuini Amelio-Ortiz,,,M
Cüneyt Kaya,1980,,M
Çun Lajçi,1946,,M
Curro Albaicín,1948,,M
Curro Sánchez,1983,,M
Curro Velázquez,,,M
Curt Bois,1901,1991,M
Cynthia Hoppenfeld,1937,,F
Cyprien Vial,1979,,M
Cyrielle Clair,1955,,F
Cyril Brody,1972,,M
Cyril Dion,1978,,M
Cyril Gelblat,1977,,M
Cyrille Droux,,,M
Cyril Nri,1961,,M
Cyrus David,1961,,M
Dacia Maraini,1936,,F
Dacian Cioloș,1969,,M
Dácil Manrique de Lara,1976,,F
Dagmar Lassander,1943,,F
Dagmar Manzel,1958,,F
Dagmar Seume,1964,,F
Dagmar von Kurmin,1933,,M
Dagmar Wagner,1960,,F
Daisy Aitkens,1986,,F
Dale Dickey,1961,,F
Dalibor Barić,1974,,M
Dalibor Matanić,1975,,M
Dalila Di Lazzaro,1953,,F
Dama,1954,,M
Damian John Harper,1978,,M
Damian McCann,,,M
Damian Oancea,1945,2020,M
Damiano D'Innocenzo,1988,,M
Damiano Giacomelli,1983,,M
Damiano Michieletto,1975,,M
Damien Boyer,,,M
Damien Carême,1960,,M
Damien Fritsch,1963,,M
Damien Macé,,,M
Damien Manivel,1981,,M
Damien Roz,,,M
Damir Čučić,1972,,M
Damir Lončar,1961,,M
Damir Lukačević,1966,,M
Damir Radić,1966,,M
Damir Šaban,1958,,M
Damir Urban,1968,,M
Damjana Černe,1958,,F
Damjan Kozole,1964,,M
Dana Budisavljević,1975,,F
Dana Bunescu,1969,,F
Dana Cebulla,1949,,F
Dana Dembinski Medeleanu,1960,,F
Dana Dogaru,1953,,F
Dana Gillespie,1949,,F
Dana Ivey,1941,,F
Dan Astileanu,1960,,M
Dana Voicu,1970,,F
Dan Berry,1953,,M
Dan Cadan,1975,,M
Dan Chiorean,1970,,M
Dan Chișu,1955,,M
Dan Clark,1976,,M
Dan Condurache,1952,,M
Dan Dinu,,,M
Dan Farcaș,1940,,M
Dan Gillespie Sells,1978,,M
Dan Gordon,1963,,M
Dan Grigoraş,1969,,M
Dani,1944,2022,F
Danica Maksimović,1953,,F
Dani de la Orden,1989,,M
Dani de la Torre,1975,,M
Daniela Airoldi,1959,,F
Daniel Abma,1978,,M
Daniela Fejerman,1964,,F
Daniela Foà,1947,,F
Daniela Giordano,1947,2022,F
Daniel Aguirre,1973,,M
Daniel Alfredson,1959,,M
Daniela Piperno,1951,,F
Daniela Poggi,1954,,F
Daniel Aráoz,1962,,M
Daniela Santerini,1948,,F
Daniel Auteuil,1950,,M
Daniela Ziegler,1948,,F
Daniel Barenboim,1942,,M
Daniel Benoin,1947,,M
Daniel Bergman,1962,,M
Daniel Berlioux,1950,,M
Daniel Bianco,1958,,M
Daniel Brühl,1978,,M
Daniel Burgui Iguzkiza,1985,,M
Daniel Busuioc,1965,,M
Daniel Calparsoro,1968,,M
Daniel Cebrián,1967,,M
Daniel Ceccaldi,1927,2003,M
Daniel Cling,1963,,M
Daniel Cohen,1964,,M
Daniel Cohn-Bendit,1945,,M
Daniel Defert,1937,2023,M
Daniel Draper,,,M
Daniel Duval,1944,,M
Daniele Chiariello,1971,,M
Daniele Ciprì,1962,,M
Daniele Coluccini,1982,,M
Danièle Denie,1939,,F
Danièle Évenou,1943,,F
Daniele Fileti,1950,,M
Daniele Gaglianone,1966,,M
Daniele Grassetti,1980,,M
Daniele Incalcaterra,1954,,M
Danièle Lebrun,1937,,F
Daniele Lince,1986,,M
Daniele Luchetti,1960,,M
Daniel Emilfork,1924,,M
Daniele Misischia,1985,,M
Daniele Salvo,1970,,M
Danièle Thompson,1942,,F
Daniele Vicari,1967,,M
Daniel Faraldo,1949,,M
Daniel Freire,1961,,M
Daniel Friedrich,1949,,M
Daniel Giménez Cacho,1961,,M
Daniel Goldenberg,1931,,M
Daniel Graham,,,M
Daniel Guichard,1948,,M
Daniel Guzmán,1972,,M
Daniel Hanssens,1963,,M
Daniel Harrich,1983,,M
Dániel Hevér,,,M
Daniel Jerome Gill,,,M
Daniel Kupferstein,,,M
Daniel Kurtzer,1949,,M
Danielle Arbid,1970,,F
Daniel Leconte,1949,,M
Danielle Darrieux,1917,2017,F
Danielle Fichaud,1954,,F
Daniel Leloux,1937,,M
Daniel Lesoeur,1942,,M
Daniel Lommatzsch,1977,,M
Daniel Lovecchio,,,M
Daniel Martin,,,M
Daniel Medrán,1957,,M
Daniel Mehrer,,,M
Daniel Mermet,1942,,M
Daniel Mesguich,1952,,M
Daniel Miller,1951,,M
Daniel Monzón,1968,,M
Daniel Nicolae Djamo,1987,,M
Daniel Olbrychski,1945,,M
Daniel Pennac,1944,,M
Daniel Plier,1968,,M
Daniel Pommereulle,1937,,M
Daniel Prévost,1939,,M
Daniel Richter,1962,,M
Daniel Roby,1970,,M
Daniel Rohr,1962,,M
Daniel Russo,1948,,M
Daniel Sánchez Arévalo,1970,,M
Daniel Sandu,1977,,M
Daniel Selznick,1936,2024,M
Dániel Tiszeker,1985,,M
Daniel Tomescu,1959,,M
Daniel Vannet,1960,2024,M
Daniel Wild,,,M
Daniel Wolfe,,,M
Daniel Zelik Berk,,,M
Dani Kouyaté,1961,,M
Dani Levy,1957,,M
Danilo Šerbedžija,1971,,M
Dani Saracut,,,M
Danis Tanovic,1969,,M
Danko Ljuština,1952,,M
Dan Lett,1959,,M
Dan Nuțu,1944,,M
Danny Boyle,1956,,M
Danny García,,,M
Danny Glover,1946,,M
Danny Hiller,,,M
Danny Huston,1962,,M
Danny Keogh,1948,2019,M
Danny Stack,,,M
Danny Trejo,1944,,M
Danny Vinson,1954,,M
Danny Webb,1958,,M
Dan Perjovschi,1961,,M
Dan Pița,1938,,M
Dan Pringle,,,M
Dante Spinotti,1943,,M
Dan Tudor,1967,,M
Danuta Szaflarska,1915,2017,F
Dan Uzan,1979,,M
Dan Vladimir Bondoc,1934,2016,M
Dany Boon,1966,,M
Dany Brillant,1965,,M
Daouda Coulibaly,,,M
Daphna Rosenthal,1946,,F
Daphne Charizani,1967,,F
Dare Valič,1941,2023,M
Daria Deflorian,1959,,F
Dario Aguirre,1979,,M
Dario Albertini,1974,,M
Dario Argento,1943,,M
Darío Autrán,1987,,M
Dario Cantarelli,1945,,M
Dario D'Ambrosi,1958,,M
Dario Germani,1985,,M
Darío Grandinetti,1959,,M
Dario Lonjak,1987,,M
Dario Marconcini,1936,,M
Dario Pleić,1967,,M
Dario Sansone,1981,,M
Dario Varga,1961,,M
Darius James,1954,,M
Darius Khondji,1955,,M
Darko Janes,1957,,M
Darko Milas,1959,,M
Darko Plovanić,1963,,M
Darko Sinko,1979,,M
Darko Štante,1975,,M
Darko Stazić,1957,,M
Darko Suvak,,,M
Darrell D'Silva,1963,,M
Darry Cowl,1925,,M
Darshan Jariwala,1958,,M
Dave,1944,,M
Dave Bald Eagle,1919,2016,M
Dave Broom,1959,,M
Dave Courtney,1959,2023,M
Dave Davies,1947,,M
Dave Fennoy,1952,,M
Dave Fulton,,,M
Dave Johns,1956,,M
Dave McKean,1963,,M
Dave Mclean,,,M
Dave Mounfield,1960,2020,M
Dave Smith,1952,,M
Dave Spikey,1951,,M
Dave Turner,1964,,M
Dave Watson,,,M
Dave Willetts,1952,,M
David A. Stewart,1952,,M
David Alaux,1972,,M
David Alonso,,,M
David Attenborough,1926,,M
David Austin,,,M
David Baalcke,1966,,M
David Bailey,1938,,M
David Bamber,1954,,M
David Batty,1962,,M
David Bennent,1966,,M
David Bernet,1966,,M
David Blair,,,M
David Bowie,1947,2016,M
David Bradley,1942,,M
David Bradley II,1953,,M
David Brandon,1951,,M
David Butler,1960,2021,M
David Calder,1946,,M
David Cánovas,1971,,M
David Casademunt,1984,,M
David Caviglioli,,,M
David Charhon,1972,,M
David Clatworthy,1960,2020,M
David Cronenberg,1943,,M
David de Keyser,1927,2021,M
David Depesseville,1976,,M
David Diane,1976,,M
David Dietl,1979,,M
David Duchovny,1960,,M
David Dufresne,1968,,M
Davide Bonacina,1985,,M
Davide Dal Fiume,,,M
Davide Del Degan,1970,,M
Davide Ferrario,1956,,M
Davide Grisolia,1993,,M
Davide Limone,1984,,M
David Elmaleh,1940,,M
Davide Marengo,1972,,M
Davide Marotta,1962,,M
Davide Minnella,1982,,M
Davide Pulici,1964,,M
David Ernaux-Briot,,,M
Davide Rossi,,,M
Davide Scovazzo,1980,,M
Davide Simon Mazzoli,1972,,M
David Essex,1947,,M
David Evans,1962,,M
David Fairhead,1962,,M
David Farr,1969,,M
David Field,1961,,M
David Fielder,,,M
David Foenkinos,1974,,M
David Forest,,,M
David Galán Galindo,1981,,M
David Gant,1943,,M
David Gasman,1960,,M
David Gilmour,1946,,M
David Gimbernat,1980,,M
David Graham,1925,2024,M
David Grieco,1951,,M
David Hargreaves,1940,,M
David Hasselhoff,1952,,M
David Hayman,1948,,M
David Hebrero,,,M
David Helfgott,1947,,M
David Hernández,,,M
David Hinds,1956,,M
David Hockney,1937,,M
David Horovitch,1945,,M
David Ilundain,1975,,M
David Jackson,,,M
David Kapac,1986,,M
David Kerr,1967,,M
David L.G. Hughes,,,M
David Leon,1980,,M
David Lynch,1946,,M
David Macián,1980,,M
David Mambouch,,,M
David Marqués,1972,,M
David Martín de los Santos,,,M
David Martínez,,,M
David Martín Porras,,,M
David Menkes,1963,,M
David Merlin-Dufey,1985,,M
David Moreau,1976,,M
David Morris,,,M
David Morrissey,1964,,M
David O'Flynn,,,M
David O'Leary,1958,,M
David Oelhoffen,1968,,M
David Owen,1938,,M
David Pasquesi,1960,,M
David Perea,,,M
David Pérez Sañudo,1987,,M
David Perrault,1976,,M
David Pizarro,,,M
David Prowse,1935,2020,M
David Pujol,,,M
David Quesemand,1971,,M
David Raven,1933,,M
David Rintoul,1948,,M
David Roux,1977,,M
David Ruffy,,,M
David Schaal,1963,,M
David Scheinmann,,,M
David Schofield,1951,,M
David Serrano,1975,,M
David Shaughnessy,1957,,M
David Sibley,1948,,M
David Sieveking,1977,,M
David Stavros Onassis,,,M
David Sterne,1946,,M
David Stoten,,,M
David Strathairn,1949,,M
David Suchet,1946,,M
David Summer,,,M
David Talbot,1951,,M
David Teboul,,,M
David Thewlis,1963,,M
David Thomson,1041,,M
David Toren,1925,2020,M
David Torras,,,M
David Troughton,1950,,M
David Trueba,1969,,M
David Valero,1977,,M
David Victori,1982,,M
David Vital-Durand,,,M
David Warner,1941,2022,M
David Wilkinson,1955,,M
David Wilson,1935,,M
David Wnendt,1977,,M
David Yates,1963,,M
Davie Lerner,1923,,M
Davor Gobac,1964,,M
Davor Janjić,1969,2022,M
Davor Rostuhar,1982,,M
Davor Sučić,1961,,M
Davor Svedružić,1968,,M
Dean Benzin,,,
Dean Craig,1974,,M
Debbie Isitt,1965,,F
Debbie Tarrier,,,F
Debbie Tucker Green,,,F
Deborah Findlay,1947,,F
Deborah Grover,,,F
Deborah Haywood,1970,,F
Declan Lynch,1961,,M
Declan Recks,,,M
Deddie Davies,1938,2016,F
Deepak Anand,,,M
Deepa Mehta,1950,,F
Deepti Naval,1952,,F
De Gaulle Eid,1970,,M
Deirdre Murray,,,F
Dejan Aćimović,1963,,M
Dejan Batoćanin,,,M
Dejan Knez,1961,,M
Delkash,1924,2004,F
Delphine de Vigan,1966,,F
Demeter Bitenc,1922,2018,M
Dena Dietrich,1928,2020,F
Dénes Kemény,1954,,M
Dénes Orosz,1977,,M
Denis Brižić,1961,,M
Denis Delestrac,1968,,M
Denis Dercourt,1964,,M
Denise Black,1958,,F
Denise Chalem,1952,,F
Denise Dal Vera,1962,,F
Denise Dodé,,,F
Denise Welch,1958,,F
Denis Imbert,,,M
Denis Lavant,1961,,M
Denis Lawson,1947,,M
Denis Mpunga,1959,,M
Denis Podalydès,1963,,M
Denis Rabaglia,1966,,M
Denis Rafter,1942,,M
Denis Robert,1958,,M
Denis Rovira van Boekholt,,,M
Denis Vengust,,,M
Deniz Gamze Ergüven,1978,,F
Dennis Bovell,1953,,M
Dennis Cockrum,1956,,M
Dennis Cooper,1953,,M
Dennis Dellai,1961,,M
Dennis Gansel,1973,,M
Dennis Harbour,1961,,M
Dennis Kleimann,,,
Dennis Muren,1946,,M
Dennis Ross,1948,,M
Dennis Skinner,1932,,M
Dennis Stormer,1990,,M
Dennis Todorović,1977,,M
Denys Maury,1989,,M
Denzil Smith,1960,,M
Derek de Lint,1950,,M
Derek Jacobi,1938,,M
Derek Lyons,1958,,M
Dermont Crowley,1947,,M
Dermot Lavery,,,M
Dermot Mulroney,1963,,M
Dermot O'Neill,,,M
Derren Nesbitt,1935,,M
Derval de Faria,1934,,M
Des Casey,,2022,M
Désirée Nick,1956,,F
Désirée Nosbusch,1965,,F
Des McAleer,1952,,M
Despina Pajanou,1958,,F
Detlef Bierstedt,1952,,M
Detlef Bothe,1965,,M
Detlev Buck,1962,,M
Detlev Redinger,1949,2024,M
Dewi Morris,1948,,M
Dexter Fletcher,1966,,M
Deyan Sudjic,1952,,M
Dey Young,1955,,F
Dezső Rancsó,1966,,M
Dezső Ránki,1951,,M
Diana Dumbravă,1966,,F
Diana Gergova,1948,,F
Diana Gheorghian,1960,,F
Diana Hardcastle,1949,,F
Diana Kent,,,F
Diana Payan,1934,,F
Diana Rigg,1938,2020,F
Diane Keaton,1946,,F
Diane Kurys,1948,,F
Diane Stolojan,1957,,M
Diane Tell,1959,,F
Dianna Agron,1986,,F
Diastème,1965,,M
Di Botcher,1959,,F
Dick Carruthers,1966,,M
Dick Clement,1937,,M
Dick Fontaine,1939,2023,M
Dick Gregory,1932,2017,M
Dick Rivers,1945,,M
Dídac Cervera,,,M
Didier Barcelo,,,M
Didier Bénureau,1956,,M
Didier Bezace,1946,,M
Didier Bourdon,1959,,M
Didier Bourguignon,,,M
Didier Brice,1964,,M
Didier D. Daarwin,,,M
Didier Deschamps,1968,,M
Didier Flamand,1947,,M
Didier Gesquière,1961,,M
Didier Kaminka,1943,2024,M
Didier Le Pêcheur,1959,,M
Didier Pourquery,1954,,M
Didier Ruiz,1961,,M
Didier Sandre,1946,,M
Didier Sauvegrain,1950,,M
Didier Van Cauwelaert,1960,,M
Didier Wampas,1962,,M
Diego A. Manrique,1950,,M
Diego Abatantuono,1955,,M
Diego Bianchi,1969,,M
Diego Cañamero Valle,1957,,M
Diego Carli,1961,,M
Diego Galán,1946,2019,M
Diego López,,,M
Diego Martínez,1977,,M
Diego Mas Trelles,,,M
Diego Olivares,1965,,M
Diego Ribon,1960,,M
Diego Schiavo,1976,,M
Diego Uceda,1959,,M
Diego Verdegiglio,1952,,M
Dieter Bachmann,1952,,M
Dieter Dierks,1943,,M
Dieter Hallervorden,1935,,M
Dieter Schaad,1926,2023,M
Dietmar Bär,1961,,M
Dietmar Huhn,1944,,M
Dietmar Irmer,1941,2014,M
Dietmar Mössmer,1955,,M
Dietrich Adam,1953,2020,M
Dietrich Brüggemann,1976,,M
Dietrich Grönemeyer,1952,,M
Dietrich Hollinderbäumer,1942,,M
Dietrich Kuhlbrodt,1932,,M
Dietrich Mattausch,1940,,M
Diet Simon,,,
Dieudo Hamadi,1984,,M
Dilip Varma,1955,,M
Dilly Barlow,,,F
Dilva Ragazzini,1953,,F
Dimitri Andreas,,,M
Dimitrii Bogomaz,1973,,M
Dimitris Tzoumakis,,,M
Dina Doron,1940,,F
Dinara Drukarova,1976,,F
Dino Abbrescia,1966,,M
Dino Krpan,1969,,M
Dino Meneghin,1950,,M
Dinu Tănase,1946,,M
Diogo Dória,1953,,M
Dirk Böhling,1964,,M
Dirk Sager,1940,2014,M
Dirk Szuszies,1956,,M
Dirk Van Vaerenbergh,1954,,M
Dito Tsintsadze,1957,,M
Djamel Bensalah,1976,,M
Djemel Barek,1963,2020,M
Djimon Hounsou,1964,,M
Dmitri Alexandrov,1966,,M
Doc McGhee,1950,,M
Doina Ghiţescu,1959,,F
Dolina MacLennan,1938,,F
Domano,,,F
Domenico Ciolfi,1970,,M
Domenico Croce,1990,,M
Domenico Distilo,1978,,M
Domenico Fortunato,1962,,M
Domenico Manfredi,1976,,M
Dominic Bachy,1963,,M
Dominic Brigstocke,1960,,M
Dominic Dromgoole,1963,,M
Dominic Mafham,1968,,M
Dominic Raacke,1958,,M
Dominic Savage,1962,,M
Dominik Galizia,1988,,M
Dominik Graf,1952,,M
Dominik Mencej,1987,,M
Dominik Moll,1962,,M
Dominik Sedlar,1979,,M
Dominik Wessely,1966,,M
Dominique Abel,1957,,M
Dominique Baumard,,,M
Dominique Besnehard,1954,,M
Dominique Blanc,1956,,F
Dominique Cabrera,1957,,F
Dominique Choisy,1959,,M
Dominique Collignon-Maurin,1959,,M
Dominique Daguier,1953,,M
Dominique Dattola,1960,,M
Dominique Farrugia,1962,,M
Dominique Frot,1957,,F
Dominique Gautier,,,M
Dominique Gonzalez-Foerster,1965,,F
Dominique Hollenstein,1962,,F
Dominique Horwitz,1957,,M
Dominique Labourier,1943,,F
Dominique Lalanne,1943,2022,M
Dominique Lavanant,1944,,F
Dominique Marchais,1972,,M
Dominique Paturel,1931,,M
Dominique Pinon,1955,,M
Dominique Reymond,1957,,F
Dominique Rocher,1983,,M
Dominique Rozan,1929,,M
Dominique Sanda,1951,,F
Dominique Valadié,1952,,F
Dominique Vallée,1959,,F
Dominique Varma,,,F
Dominique Vidal,1950,,M
Dominique Zardi,1930,,M
Dom Lenoir,,,M
Don Airey,1948,,M
Donald Douglas,1933,,M
Donald Sumpter,1943,,M
Donald Sutherland,1935,2024,M
Donald Trump,1946,,M
Donata Wenders,1965,,F
Donato Carrisi,1973,,M
Don Backy,1939,,M
Don Dokken,1953,,M
Don Harvey,1960,,M
Don Letts,1956,,M
Don McCullin,1935,,M
Don McKellar,1963,,F
Donna Personna,1946,,TF
Don Nelson,1940,,M
Doon Mackichan,1962,,F
Dora Doll,1922,,F
Dora Polić,1971,,F
Dora Romano,1955,,F
Dóra Szűcs,,,F
Doreen Mantle,1926,2023,F
Dorel Vișan,1937,,M
Dorian Boguță,1971,,M
Dori Ghezzi,1946,,F
Dorina Lazăr,1940,,F
Dorin Andone,1963,,M
Dorin Ioniță,,,M
Doris Buchrucker,1952,,F
Doris Buttignol,1962,,F
Doris Dörrie,1955,,F
Doris Kresimon,1955,,F
Doris Kunstmann,1944,,F
Doris Šarić-Kukuljica,1960,,M
Doron Paz,1978,,M
Dorothea Hagena,1944,,F
Dorothea Kyrieleis,,,F
Dorothea Neukirchen,1941,,F
Dorothea Walda,1931,2016,F
Dorothée Berryman,1948,,F
Dorothée Blanck,1934,2016,F
Dorothée Sebbagh,1971,,F
Dorothy Ko,1957,,F
Dorottya Udvaros,1954,,F
Doru Ana,1954,2022,M
Doru Ionescu,1965,,M
Doru Nițescu,1978,,M
Douglas Reith,1953,,M
Douglas Wolfsperger,1957,,M
Dov Reiser,1947,,M
Dr. John,1941,2019,M
Dragan Despot,1956,,M
Dragan Mićanović,1970,,M
Dragan Živadinov,1960,,M
Dragoș Buliga,,,M
Dragoș Hanciu,1993,,M
Dragoș Lumpan,,,M
Dragoș Zămosteanu,,,M
Dragutin Varga,,,M
Draško Zidar,1961,,M
Dražen Ilinčić,1962,,M
Dražen Kühn,1965,,M
Dražen Mikulić,1964,,M
Dražen Žarković,1970,,M
Dries Van Noten,1958,,M
Dror Moreh,1961,,M
Dror Zahavi,1959,,M
Drusilla Foer,1967,,F
Duane Hopkins,1973,,M
Dubravka Turić,1973,,F
Duccio Chiarini,1977,,M
Dudley Sutton,1933,2018,M
Dulcie Smart,,,F
Dumitru Prunariu,1952,,M
Duncan Preston,1946,,M
Dunstan Bruce,1960,,M
Durs Grünbein,1962,,M
Dušan Gojić,1953,,M
Dušan Joksimović,1963,,M
Dušan Kojić,1961,,M
Dušan Moravec,1964,,M
Dusán Vitanovics,1964,,M
Duska Visconti,,,F
Dustin Hoffman,1937,,M
Dylan Williams,1992,,M
Eamon Dunphy,1945,,M
Earl Slick,1952,,M
Eben Alexander,1953,,M
Eckhard Preuß,1961,,M
Eddie Amoo,1944,2018,M
Eddie Constantine,1913,1993,M
Eddie Izzard,1962,,
Eddie Osei,1961,,M
Eddy Mitchell,1942,,M
Edesio Alejandro,1958,,M
Edgar Givry,1953,,M
Edgar M. Böhlke,1940,,M
Edgar Morin,1921,,M
Edgar Reitz,1932,,M
Edgar Selge,1948,,M
Edgar Wright,1974,,M
Ed Herzog,1965,,M
Edita Karađole,1936,,F
Edit Farkasinszky,1961,,F
Edith Böttcher,,,F
Edith Clever,1940,,F
Edith Gdanietz-Jacobi,,,F
Edith Patrouilleau,,,F
Édith Scob,1937,2019,F
Ed Lilly,,,M
Edmond Baudoin,1942,,M
Edmund Dehn,1952,,M
Edoardo De Angelis,1978,,M
Edoardo Falcone,1968,,M
Edoardo Leo,1972,,M
Edoardo Maria Falcone,1968,,M
Edoardo Nevola,1948,,M
Edoardo Palma,1985,,M
Edoardo Ponti,1973,,M
Edoardo Winspeare,1965,,M
Édouard Baer,1966,,M
Edouard Bergeon,1982,,M
Édouard Deluc,1970,,M
Edouard Pluvieux,1978,,M
Édouard Salier,1976,,M
Ed Sulzbach,,,M
Eduard Benito,1955,,M
Eduard Cortés,1959,,M
Eduard Fernández,1964,,M
Eduard Fornés,1940,,M
Eduard Galić,1936,,M
Eduardo Blanco,1958,,M
Eduardo Carrasco,1940,,M
Eduardo Casanova,1991,,M
Eduardo Cubillo,,,M
Eduardo Gómez,1951,2019,M
Eduardo Gondell,,,M
Eduardo Recabarren,,,M
Eduardo Rodríguez Rodway,1945,,M
Eduardo San Martín,1947,,M
Eduardo Tartaglia,1965,,M
Eduardo Yáñez,1960,,M
Edward Berger,1970,,M
Edward Fox,1937,,M
Edward Hall,1966,,M
Edward Lovelace,,,M
Edwige Blondiau,,,F
Edwige Fenech,1948,,F
Edwyn Collins,1959,,M
Edwy Plenel,1952,,M
Egbert Soutschek,1963,,M
Egidio Termine,1954,,M
Egmont Fassbinder,1945,,M
Egon Krenz,1937,,M
Egyed Serf,1955,,M
Eibe Maleen Krebs,1982,,F
Eike Besuden,1948,,M
Eileen Atkins,1934,,F
Eileen Davies,1948,,F
Eileen Pollock,1947,2020,F
Eilish O'Carroll,1952,,F
Eiry Thomas,1968,,F
Eisi Gulp,1955,,M
Eivindsen Eiolf,1956,,M
Ekoué Labitey,1975,,M
Ekrem Ergün,1979,,M
Elaine Constantine,1965,,F
Eléa Gobbé-Mévellec,1985,,F
Elena Alvarez Lutz,1964,,M
Elena Beatrice,1987,,F
Elena Callegari,,,F
Elena Cantarone,1958,,F
Elena Cotta,1931,,F
Elena Ferrándiz Sanz,,,
Elena Irureta,1955,,F
Elena Ivanca,1969,,F
Elena Kizilova,,,F
Elena Moldovan,1948,,F
Elena Seijo,1962,,F
Elena Sofia Ricci,1962,,F
Elena Trapé,1976,,F
Elena Uriz,1944,,F
Eleonora Brown,1948,,F
Eleonora Danco,1962,,F
Eleonora Giorgi,1953,2025,F
Eleonora Vallone,1953,,F
Éléonore Hirt,1919,,F
Eleonore Weisgerber,1947,,F
Elfriede Fey,1940,2021,F
Elfriede Irrall,1938,2018,F
Elfriede Jelinek,1946,,M
El Gran Wyoming,1955,,M
Eliana Bosi,1959,,F
Elias Koteas,1961,,M
Elias Sanbar,1947,,M
Elia Suleiman,1960,,M
Élie Chouraqui,1950,,M
Élie Semoun,1963,,M
Eli Heyman,,,
Eli King,,,M
Elina Löwensohn,1966,,F
Eline Gehring,1984,,F
Elio,1961,,M
Elio De Capitani,1953,,M
Elio Germano,1980,,M
Elio Pandolfi,1926,2021,M
Elio Quiroga,,,M
Elisa Amoruso,1981,,F
Élisabeth Badinter,1944,,F
Elisabeth Bronfen,1958,,F
Élisabeth Commelin,1954,,F
Élisabeth Depardieu,1941,,F
Élisabeth Margoni,1945,,F
Elisabeth Orth,1936,,F
Elisabeth Rath,1948,,F
Élisabeth Tanner,1957,,F
Elisabeth Trissenaar,1944,2024,F
Élisabeth Vitali,,,F
Élisabeth Vogler,,,M
Elisabeth Weber-Belling,1943,,F
Elisabetta De Palo,1951,,F
Elisabetta De Vito,,,F
Elisabetta Pellini,1974,,F
Elisabetta Sgarbi,1959,,F
Elisa Crehuet,,,F
Elisa Mishto,1978,,F
Elisa Polimeni,,,F
Élisa Servier,1955,,F
Elise Caron,1961,,F
Élise Girard,1976,,F
Élise Larnicol,1968,,F
Élise Otzenberger,,,F
Elizabeta Kukić,1959,,F
Élizabeth Bourgine,1957,,F
Elizabeth Counsell,1942,,F
Elizabeth Hanna,1953,,F
Elizabeth Macocco,1955,,F
Élizabeth Martichoux,1961,,F
Elizabeth McGovern,1961,,F
Elizabeth Rider,1958,,F
Eliza Petkova,1983,,F
Eliza Schroeder,,,F
Elkan Spiller,1963,,M
Elke Heidenreich,1943,,F
Elke Twiesselmann,1927,2021,F
Ella Kowalska,,,F
Ellen Barkin,1954,,F
Ellen Burstyn,1932,,F
Ellénore Lœhr,,,F
Ellen-Ray Hennessy,1950,,F
Ellie Haddington,1955,,F
Elli Medeiros,1956,,F
Elliot Goldner,,,M
Elliot Jenicot,1962,,M
Elliott Covrigaru,,,M
Elliott Gould,1938,,M
Elliott Murphy,1949,,M
Ellis Marsalis,1934,2020,M
Elly Senger-Weiss,1974,,F
Elmar Gutmann,1952,,M
Elmar Wepper,1944,2023,M
Elmir Jukić,1971,,M
Élodie Faria,,,F
Élodie Guilbault,,,F
Eloísa Vargas,,,F
Éloïse Lang,1981,,F
Eloy Arenas,1950,,M
Elsa Amiel,1979,,F
Elsa Diringer,1982,,F
Elsa Wolliaston,1945,,F
Elsa Zylberstein,1968,,F
Elsie de Brauw,1960,,F
Elton John,1947,,M
Elvira Deatcu,1972,,F
Elvira Lindo,1962,,F
Elvira Roca Barea,1966,,F
Elvis Bošnjak,1971,,M
Elvyra Žebertavičiūtė,1932,,F
Emad Aleebrahim-Dehkordi,1979,,M
Emanuela Piovano,1959,,F
Emanuela Rossi,1959,,F
Emanuela von Frankenberg,1961,,F
Emanuele Caruso,1985,,M
Emanuele Crialese,1965,,T
Emanuele Gerosa,1975,,M
Emanuele Imbucci,1977,,M
Emanuele Palamara,1986,,M
Emanuele Scaringi,1979,,M
Emanuel Pârvu,1979,,M
Émérance Dubas,,,F
Emerson Fittipaldi,1946,,M
Emese Vasvári,1966,,F
Emidio La Vella,1952,,M
Emil Abossolo-Mbo,1958,,M
Emil Bobanović Čolić,1926,,M
Emil Boc,1966,,M
Emil Cerar,1963,2022,M
Emil Constantinescu,1939,,M
Emil Coșeru,1947,,M
Émile Gaudreault,1964,,M
Émile Wandelmer,1949,,M
Emilia Dobrin,1948,,F
Emilia Mazzacurati,1989,,F
Emilia Popescu,1966,,F
Emília Vásáryová,1942,,F
Émilie Carpentier,,,F
Émilie Cherpitel,1978,,F
Émilie Deleuze,1964,,F
Émilie Frèche,1976,,F
Émilie Grandperret,1976,,F
Émilie Thérond,1970,,F
Emilio Belmonte,,,M
Emilio Briguglio,1972,,M
Emilio Casares Rodicio,1943,,M
Emilio De Marchi,1959,,M
Emilio D’Alessandro,1941,,M
Emilio Echevarría,1944,2025,M
Emilio Gavira,1964,,M
Emilio Gutiérrez Caba,1941,,M
Emilio Linder,1949,,M
Emilio Martínez Lázaro,1945,,M
Emilio Mencheta,1964,,M
Emilio Ruiz Barrachina,1963,,M
Emilio Solfrizzi,1962,,M
Emilio Vedova,1919,2006,M
Emil Keres,1925,2016,M
Emily Atef,1973,,F
Emily Harris,,,F
Emir Hadžihafizbegović,1961,,M
Emir Kusturica,1954,,M
Emma Benestan,1988,,F
Emma Cohen,1946,2016,F
Emma Dante,1967,,F
Emma Elekes,1932,2019,F
Emma Garden,,,F
Emma Luchini,1979,,F
Emma Nemeskéri,,,F
Emmanuel Ball,1947,,M
Emmanuel Bourdieu,1965,,M
Emmanuel Carrère,1957,,M
Emmanuel Courcol,1957,,M
Emmanuèle Bernheim,1955,2017,F
Emmanuel Finkiel,1961,,M
Emmanuel Gillibert,,,M
Emmanuel Gras,1976,,M
Emmanuel Hamon,,,M
Emmanuel Jacomy,1960,,M
Emmanuel Karsen,1963,,M
Emmanuelle Béart,1963,,F
Emmanuelle Bercot,1967,,F
Emmanuel Leconte,1982,,M
Emmanuelle Cuau,1964,,F
Emmanuelle Devos,1964,,F
Emmanuelle Nicot,1985,,F
Emmanuelle Riva,1927,,F
Emmanuelle Seigner,1966,,F
Emmanuel Mouret,1970,,M
Emmanuel Moynot,1960,,M
Emmanuel Naccache,1974,,M
Emmanuel Ostrovski,,,M
Emmanuel Patron,1962,,M
Emmanuel Poulain-Arnaud,,,M
Emmanuel Quatra,1963,,M
Emmanuel Raquin-Lorenzi,1948,,M
Emmanuel Salinger,1964,,M
Emmanuel Vieilly,,,M
Emma Rosa Simon,1977,,F
Emma Suárez,1964,,F
Emma Thompson,1959,,F
Empar Brisa,1952,,F
Engin Bagda,1946,,M
Enikő Börcsök,1968,2021,F
Enikő Eszenyi,1961,,F
Enikő Kovács,1961,,F
Enikő Nagy,1969,,F
Ennio Fantastichini,1955,2018,M
Ennio Morricone,1928,2020,M
Enn Reitel,1950,,M
Enora Boutin,,,F
Enrica Bonaccorti,1949,,F
Enrica Rosso,1960,,F
Enric Benavent,1953,,M
Enrico Audenino,1981,,M
Enrico Beruschi,1941,,M
Enrico Brignano,1966,,M
Enrico Di Giovanni,1941,,M
Enrico Di Troia,1959,,M
Enrico Guarneri,1953,,M
Enrico Iannaccone,1989,,M
Enrico Lando,1966,,M
Enrico Lo Verso,1964,,M
Enrico Macias,1938,,M
Enrico Maria Artale,1984,,M
Enrico Montesano,1945,,M
Enrico Pau,1956,,M
Enrico Vanzina,1949,,M
Enric Ribes,,,M
Enrique Carballido,1961,,M
Enrique Cazorla,,,
Enrique Cerezo,1948,,M
Enrique García,,,M
Enrique Gato,1977,,M
Enrique González Macho,1947,,M
Enrique Irazoqui,1944,2020,M
Enrique Iznaola,,,M
Enrique Molina,1943,2021,M
Enrique San Francisco,1955,2021,M
Enrique Simón,1959,,M
Enriqueta Carballeira,1944,,F
Enriqueta Vila,1935,,F
Enrique Urbizu,1962,,M
"Enrique Villarreal ""El Drogas""",1959,,M
Enrique Villén,1960,,M
Enver Hirsch,1945,,M
Enver Petrovci,1954,,M
Enzi Fuchs,1937,,F
Enzo D'Alò,1953,,M
Enzo Decaro,1958,,M
Enzo G. Castellari,1938,,M
Enzo Garinei,1926,2022,M
Enzo Giraldo,1961,,M
Enzo Russo,1940,,M
Enzo Salomone,1957,,M
Enzo Salvi,1963,,M
Enzo Vetrano,1948,,M
Epigmenio Rodríguez,1953,2023,M
Eraldo Turra,1955,,M
Eran Riklis,1954,,M
Ercan Durmaz,1965,,M
Erda Siebert,1944,,F
Erec Brehmer,1987,,M
Eren Önsöz,1972,,F
Erhard Schelter,1940,,M
Éric Barbier,1960,,M
Éric Berger,1969,,M
Éric Beslay,1968,,M
Éric Besnard,1964,,M
Eric Burdon,1941,,M
Éric Cantona,1966,,M
Éric Caravaca,1966,,M
Éric Carrière,1957,,M
Éric Cazes,1970,,M
Éric Cherrière,1974,,M
Eric Clapton,1945,,M
Éric Collado,1963,,M
Eric D. Weitz,1953,2021,M
Éric Denize,,,M
Éric De Staercke,1962,,M
Éric Dick,,,M
Éric Di Meco,1963,,M
Éric Dupond-Moretti,1960,,M
Éric Elmosnino,1964,,M
Éric Fraticelli,1969,,M
Éric Frey,,,M
Eric Friedler,1971,,M
Éric Godon,1960,,M
Éric Gravel,,,M
Éric Guéret,,,M
Eric Idle,1943,,M
Eric Jiménez,1967,,M
Éric Judor,1968,,M
Erick Manana,1959,,M
Érick Zonca,1956,,M
Eric L. Goode,,,M
Éric Lartigau,1964,,M
Éric Laugérias,1963,,M
Éric Laurent,1947,,M
Éric Lavaine,1962,,M
Éric Métayer,1958,,M
Eric Meyers,1957,,M
Èric Motjer,1988,,M
Éric Naggar,1957,,M
Éric Naulleau,1961,,M
Éric Neuhoff,1956,,M
Eric Roberts,1956,,M
Éric Rochant,1961,,M
Éric Ruf,1969,,M
Éric Savin,1964,,M
Éric Serre,,,M
Eric Styles,1967,,M
Éric Summer,,,M
Éric Théobald,1965,,M
Éric Toledano,1971,,M
Éric Tosti,1972,,M
Éric Toussaint,1954,,M
Éric Viellard,1962,,M
Éric Vincent,1946,,M
Éric Warin,1969,,M
Éric Zanetacci,,,M
Erika Blanc,1942,,F
Erika Bodnár,1948,,F
Erika Deutinger,1952,,F
Erika Elizalde,,,F
Erika Eller,1945,,F
Erika Fischer-Laughlin,1954,,F
Erika Gregor,1934,,F
Erika Józsa,1951,,F
Erika Neuenfeldt,1948,,F
Erika Pápai,1959,,F
Erika Pluhar,1939,,F
Èrika Sánchez,1983,,F
Erika Vanselow,,,F
Erik Haffner,1976,,M
Erik Hansen,1951,,M
Érik Izraelewicz,1954,2012,M
Erik Lemke,1983,,M
Erik Novák,1968,,M
Erik Schmitt,1980,,M
Eriq Ebouaney,1967,,M
Erkan Acar,1978,,M
Ermanno Casari,,,M
Ermanno De Biagi,1953,,M
Ermanno Grassi,?,,M
Ermanno Olmi,1931,2018,M
Ernest Allan Hausmann,1968,,M
Ernest Borgnine,1917,,M
Ernesto Chao,1943,2018,M
Ernesto Mahieux,1946,,M
Ernesto Sevilla,1978,,M
Ernesto Vecchio,1951,2017,M
Ernest Wichner,1952,,M
Ernie Sabella,1949,,M
Erni Mangold,1927,,F
Ernő Fekete,1972,,M
Ernst Peter Fischer,1947,,M
Ernst Stötzner,1952,,M
Ernst Zürcher,1951,,M
Eros Pagni,1939,,M
Eros Puglielli,1973,,M
Erri De Luca,1950,,M
Errikos Litsis,1955,,M
Errol Morris,1948,,M
Errol Trotman Harewood,1955,,M
Ervand Abrahamian,1940,,M
Ervin Dubrović,1957,,M
Erwan Le Duc,1977,,M
Erwin Leder,1951,,M
Erwin van den Eshof,1976,,M
Erzsébet Kútvölgyi,1950,,F
Erzsi Pásztor,1936,,F
Esholm Nelms,,,M
Esmeralda Calabria,1964,,F
Esperanza Elipe,1961,,F
Esperanza Roy,1935,,F
Esteban Crespo,1971,,M
Esteban Roel,1969,,M
Estefanía Cortés,,,F
Ester Amrami,1979,,F
Ester Catalão,,,F
Esteve Soler,1976,,M
Esthela Solano-Suarez,1947,,F
Esther Adler,1924,,F
Esther Álvarez,,,F
Esther Esche,1965,,F
Esther Gitman,,,F
Esther Gorintin,1913,,F
Esther Zimmering,1977,,F
Estibaliz Urresola Solaguren,1984,,F
Eszter Csákányi,1953,,F
Eszter Kiss,1971,,F
Eszter Márton,1969,,F
Eszter Nagy-Kálózy,1966,,F
Eszter Petrovics,1972,,F
Eszter Száraz,,,F
Étienne Chaillou,1980,,M
Étienne Chatiliez,1952,,M
Étienne Chicot,1949,,M
Etienne Comar,1965,,M
Étienne Copel,1935,,M
Étienne Draber,1939,2021,M
Étienne Gary,,,M
Étienne Minoungou,1968,,M
Étienne Roda-Gil,1941,2004,M
Etta Dunn,,,F
Ettore Scola,1931,2016,M
Eugen Cristea,1952,,M
Eugen Drewermann,1940,,M
Eugene Buică,,,M
Eugene Cernan,1934,2017,M
Eugène Chaplin,1953,,M
Eugène Green,1947,,M
Eugene Jarecki,1969,,M
Eugene Lipinski,1956,,M
Eugène Nicole,1942,,M
Eugenia Bosânceanu,1925,2018,F
Eugenia Șerban,1969,,F
Eugénie Dumont,,,F
Eugenio Alabiso,1937,,M
Eugenio Allegri,1956,2022,M
Eugenio Canevari,,,M
Eugenio Cappuccio,1961,,M
Eugenio Martín,1925,2023,M
Eugenio Riccomini,1936,2023,M
Eulàlia Ramon,1959,,F
Euros Lyn,1971,,M
Eusèbe Jaojoby,1955,,M
Eusebio Lázaro,1942,,M
Eusebio Poncela,1945,,M
Éva Bakos,1958,,F
Éva Bandor,1971,,F
Éva Bay,1952,,F
Eva Darlan,1948,,F
Éva Fahidi,1925,2023,F
Éva Füsti Molnár,1953,,F
Éva Gárdos,1950,,F
Eva Grimaldi,1961,,F
Eva Horacek,1961,,F
Eva Husson,1977,,F
Éva Igó,1956,,F
Eva Ingeborg Scholz,1928,2022,F
Eva Ionesco,1965,,F
Éva Kerekes,1966,,F
Eva Lyberten,1958,,F
Éva Magyar,1961,,F
Eva-Maria Hagen,1934,2022,F
Eva-Maria Kurz,1944,2023,F
Evamarie Scheibe,1937,,F
Eva Mattes,1954,,F
Eva Medusa Gühne,1961,,F
Eva Merseguer,,,F
Evandro Fornasier,1962,,M
Eva Probst,1930,2018,F
Éva Rebecca Kovács,1969,,F
Evaristo Páramos,1960,,M
Eva Robins,1958,,T
Eva Trobisch,1983,,F
Éva Vándor,1953,,F
Eva Vila,1975,,F
Eva Vizcarra,,,
Eva Weber,,,F
Eva Weißenborn,1954,,F
Eva Zeidler,1928,2013,F
Evelina Pitti,1949,,F
Eveline Hall,1945,,F
Évelyne Bouix,1953,,F
Evelyne Buyle,1948,,F
Évelyne Didi,1949,,F
Évelyne Istria,1938,,F
Évelyne Leclercq,1951,,F
Evelyn Meyka,1936,2018,F
Evelyn Schels,1955,,F
Eve Pearce,1929,2023,F
Eve Sussman,1961,,F
Eve Wood,,,F
Evgeny Chepurnyak,1959,,M
Evo Morales,1959,,M
Evru,1946,,M
Ewa Krasnodebska,1925,,F
Ewald Flemming,,,M
Ewan Bailey,1966,,M
Ewa Telega,1962,,F
Eyal Halfon,1956,,M
Ezekiel Montes,,,M
Ezio Greggio,1954,,M
Ezzatollah Ramazanifar,1944,,M
F,1956,,M
F.J. Arranz,,,M
F.J. Ossang,1956,,M
F. Javier Gutiérrez,1973,,M
F. Murray Abraham,1939,,M
Fab 5 Freddy,1959,,M
Fabian Möhrke,1980,,M
Fabien Delage,1985,,M
Fabien Gorgeart,1976,,M
Fabien Hagege,1991,,M
Fabien Mazzocco,,,M
Fabien Moine,,,M
Fabienne Babe,1962,,F
Fabienne Berthaud,1966,,F
Fabienne Godet,1964,,F
Fabienne Le Houérou,1959,,F
Fabienne Pascaud,1955,,F
Fabien Onteniente,1958,,M
Fabien Rabin,,,M
Fabio Bonifacci,1962,,M
Fabio D'Innocenzo,1988,,M
Fabio De Luigi,1967,,M
Fabio Fazi,1949,2021,M
Fabio Ferrari,1959,,M
Fabio Ferro,?,,M
Fabio Frizzi,1951,,M
Fabio Fulco,1970,,M
Fabio Grassadonia,1968,,M
Fabio Gravina,1965,,M
Fabio Martina,1973,,M
Fabio Massa,1984,,M
Fabiomassimo Lozzi,1966,,M
Fabio Mollo,1980,,M
Fabio Resinaro,1980,,M
Fabio Sartor,1954,,M
Fabio Segatori,1962,,M
Fabio Testi,1941,,M
Fabio Venditti,1962,,M
Fabrice Begotti,1973,,M
Fabrice Bracq,,,M
Fabrice Du Welz,1972,,M
Fabrice Eberhard,1950,,M
Fabrice Eboué,1977,,M
Fabrice Garçon,,,M
Fabrice Luchini,1951,,M
Fabrice Maruca,,,M
Fabrice Tempo,,,M
Fabrizio Bentivoglio,1957,,M
Fabrizio Cardinali,1953,,M
Fabrizio Cattani,1967,,M
Fabrizio De André,1940,1999,M
Fabrizio Gifuni,1966,,M
Fabrizio Maria Cortese,1970,,M
Faketa Salihbegović Avdagić,1962,,F
Falilou Seck,1966,,M
Falk Rockstroh,1958,,M
Famke Janssen,1964,,F
Fanni Szilágyi,1986,,F
Fanny Ardant,1949,,F
Fanny Cottençon,1957,,F
Fanny Liatard,,,F
Fanny Molins,1988,,F
Fares Helou,1961,,M
Fargass Assandé,1962,,M
Fariborz Kamkari,1971,,M
Farida Khelfa,1960,,F
Farida Ouchani,1967,,F
Farida Rahouadj,1965,,F
Farida Saboundji,1930,2022,F
Farid Bentoumi,1976,,M
Fatih Akin,1973,,M
Fatima Harandi,1951,,F
Fatima Sissani,1970,,F
Fatma Ben Saidane,1949,,F
Fatsah Bouyahmed,1971,,M
Fausta Quattrini,1964,,F
Fausto Brizzi,1968,,M
Fausto Leali,1944,,M
Faye Dunaway,1941,,F
Fedele Papalia,1959,,M
Federica Biondi,,,F
Federica Di Giacomo,1970,,F
Federico Alotto,,,M
Federico Bondi,1975,,M
Federico Ferrone,1981,,M
Federico Greco,1968,,M
Federico Marsicano,1980,,M
Federico Micali,1971,,M
Federico Moccia,1963,,M
Federico Pacifici,1955,,M
Federico Veiroj,1976,,M
Fedra Lorente,1951,,F
Fejria Deliba,,,F
Felice Farina,1954,2023,M
Felicitè Mbezelè,1960,,F
Félicité Wouassi,1961,,F
Felicity Montagu,1960,,F
Felipe Bustos Sierra,,,M
Felipe García Vélez,1957,,M
Felipe González,,,M
Felipe Lipe,,,M
Felix Binder,1977,,M
Félix Cubero,1961,,M
Félix de Azúa,1944,,M
Felix Fuchssteiner,1975,,M
Félix Letot,,,M
Félix Moati,1990,,M
Felix Moeller,1965,,M
Felix Randau,1974,,M
Félix Sabroso,1965,,M
Félix Vazquez,1977,,M
Félix Viscarret,1975,,M
Felix von Boehm,1986,,M
Felix von Manteuffel,1945,,M
Felix Vörtler,1961,,M
Feo Aladag,1972,,F
Féodor Atkine,1948,,M
Ferdinand Dörfler,1969,,M
Ferdinando Bruni,1952,,M
Ferdinando Cito Filomarino,1986,,M
Ferdinando Vicentini Orgnani,1963,,M
Ferenc Borbiczki,1957,,M
Ferenc Dalnoky,,,M
Ferenc Grunwalsky,1943,,M
Ferenc Haber,1944,,M
Ferenc Lengyel,1961,,M
Ferenc Mezei,1951,,M
Ferenc Snétberger,1957,,M
Ferenc Török,1971,,M
Fereshteh Sadre Orafaiy,1962,,F
Ferhat Keskin,1967,,M
Férid Boughedir,1944,,M
Fermí Fernández,1963,,M
Fermín Muguruza,1963,,M
Fermí Reixach,1946,2024,M
Fernandisco,1961,,M
Fernando Albizu,1963,,M
Fernando Álvarez-Uría,1947,,M
Fernando Arribas,1940,2021,M
Fernando Ayllón,,,M
Fernando Cayo,1968,,M
Fernando Colomo,1946,,M
Fernando Conde,1952,,M
Fernando Egozcue,1959,,M
Fernando Esteso,1945,,M
Fernando Franco,1976,,M
Fernando García de Cortázar,1942,2022,M
Fernando González Gómez,1984,,M
Fernando González Molina,1975,,M
Fernando Guillén Cuervo,1963,,M
Fernando León de Aranoa,1968,,M
Fernando Marías,1949,,M
Fernando Marrot,,,M
Fernando Méndez-Leite,1944,,M
Fernando Merinero,1958,,M
Fernando Moraleda,1963,,M
Fernando Morán,1949,,M
Fernando Osuna Mascaró,,,M
Fernando Sánchez Dragó,1936,2023,M
Fernando Savater,1947,,M
Fernando Simarro,,,M
Fernando Tejero,1967,,M
Fernando Trueba,1955,,M
Fernando Ustarroz,1953,,M
Fernando Vera,1975,,M
Feró Nagy,1946,,M
Ferran Adrià,1962,,M
Ferran Lahoz,1957,,M
Ferran Rañé,1950,,M
Ferruccio Soleri,1929,,M
Ferzan Ozpetek,1959,,M
Fettouma Bouamari,1940,,F
Fettouma Ousliha-Bouamari,1940,,F
Filip Heraković,1989,,M
Filip Mojzeš,1989,,M
Filip Peruzović,1986,,M
Filippo Conz,,,M
Filippo Meneghetti,1980,,M
Filippo Vendemmiati,1958,,M
Filip Radoš,1958,,M
Filip Šovagović,1966,,M
Filomena Gigante,1957,,F
Filomena Macro,?,,F
Fina Dómenech,,,F
Finbar Lynch,1959,,M
Finn Christoph Stroeks,1985,,M
Finn Schau,1948,,M
Fiona Gordon,1957,,F
Fiona Mollison,1954,,F
Fiona Shaw,1958,,F
Fiona Stewart,,,F
Fionnula Flanagan,1941,,F
Fiorella Faltoyano,1950,,F
Fiorella Mannoia,1954,,F
Fioretta Mari,1942,,F
Firmine Richard,1947,,F
Firuța Apetrei,1961,,F
Fish,1958,,M
Fiz Marcus,,,F
Flaminia Cinque,1964,,F
Flavia Coste,1973,,F
Flavio Briatore,1950,,M
Flavio Bucci,1947,2020,M
Flood,1960,,M
Flora López,,,F
Flor Baena,,,F
Florence Arrigoni Neri,,,F
Florence Giorgetti,1943,2019,F
Florence Miailhe,1956,,F
Florence Pernel,1962,,F
Florence Quentin,1946,,F
Florence Thomassin,1966,,F
Florence Vignon,,,F
Florencio Domínguez,1956,,M
Florent-Emilio Siri,1965,,M
Florent Gouëlou,,,M
Florent Lacaze,1969,,M
Florent Verdet,1973,,M
Florian Aigner,1978,,M
Florian Cossen,1979,,M
Florian David Fitz,1974,,M
Florian Eichinger,1971,,M
Florian Frerich,,,M
Florian Gaag,1971,,M
Florian Gallenberger,1972,,M
Florian Gottschick,1981,,M
Florian Havemann,1952,,M
Florian Heinzen-Ziob,1984,,M
Florian Henckel von Donnersmarck,1973,,M
Florian Hessique,1987,,M
Florian Hoffmann,1987,,
Florian Martens,1958,,M
Florian Ross,1982,,M
Florian Schnell,1984,,M
Florian Sigl,1988,,M
Florian Westermann,,,M
Florian Zeller,1979,,M
Florin Andreescu,1962,,M
Florin Busuioc,1962,,M
Florin Călinescu,1956,,M
Florin Iepan,1968,,M
Florin Kevorkian,1970,,M
Florin Șerban,1975,,M
Florin Zamfirescu,1949,,M
Forest Baker,1948,,M
Forest Whitaker,1961,,M
Forouzan Jamshidnejad,1967,,F
Forrest Fyre,,,M
Fosco Dubini,1954,,M
Fosforito,1932,,M
Fran Arráez,1970,,M
Franca Deni,1948,,F
Franca Di Ciccio,?,,F
Franca Maresa,1925,2018,F
Frances Barber,1958,,F
Francesca Annis,1945,,F
Francesca Archibugi,1960,,F
Francesca Comencini,1961,,F
Francesc Albiol,1957,,M
Francesca Llopis,1956,,F
Francesca Piñón,1963,,F
Francesca Reggiani,1959,,F
Francesca Vettori,1957,,F
Francesca Zerbetto,1970,,F
Francesc Bellmunt,1947,,M
Francesc Betriu,1940,2020,M
Francesc Martínez-Soria,1934,2023,M
Francesco Acquaroli,1962,,M
Francesco Albanese,1975,,M
Francesco Amato,1978,,M
Francesco Baccini,1960,,M
Francesco Barilli,1943,,M
Francesco Bellomo,1963,,M
Francesco Bruni,1961,,M
Francesco Calabrese,1980,,M
Francesco Calogero,1957,,M
Francesco Carnesecchi,1984,,M
Francesco Carrozzini,1982,,M
Francesco Catarinolo,1980,,M
Francesco Cinquemani,1967,2024,M
Francesco Colangelo,1968,,M
Francesco Conversano,1952,,M
Francesco Corsi,,,M
Francesco Costabile,1980,,M
Francesco Dafano,1980,,M
Francesco De Fraia,1972,,M
Francesco De Gregori,1951,,M
Francesco Fanuele,1988,,M
Francesco Fei,1967,,M
Francesco Gagliardi,1974,,M
Francesco Ghiaccio,1980,,M
Francesco Giuffrè,1972,,M
Francesco Mandelli,1979,,M
Francesco Miccichè,1966,,M
Francesco Munzi,1969,,M
Frances Conroy,1953,,F
Francesco Pannofino,1958,,M
Francesco Paolantoni,1956,,M
Francesco Patierno,1964,,M
Francesco Pavolini,?,,M
Francesco Pividori,1989,,M
Francesco Prisco,1976,,M
Francesco Ranieri Martinotti,1954,,M
Francesc Orella,1957,,M
Francesco Zippel,1979,,M
Francesc Pagès,1960,,M
Frances Cuka,1936,2020,F
Frances de la Tour,1944,,F
Frances Fisher,1952,,F
Frances Le Tissier,,,F
Frances McDormand,1957,,F
Frances O'Connor,1967,,F
Franchesca McGill Perkins,,,F
Franchin Don,,,M
Francine Bergé,1938,,F
Francine Lorin-Bazquez,1961,,F
Francis Bodin,,,M
Francis Buchholz,1954,,M
Francisco Calvo Serraller,1948,2018,M
Francisco Casares,1941,,M
Francisco Domínguez,,,M
Francisco Espada,,,M
Francisco Etxeberría,1957,,M
Francis Coffinet,1956,,M
Francisco Nápoli,,,M
Francisco Vaquero Robustillo,1985,,M
Francisco Vidal,1941,2023,M
Francis Ford Coppola,1939,,M
Francis Fourcou,1955,,M
Francis Gendron,,,M
Francis Ginibre,1959,,M
Francis Hallé,1938,,M
Francis Huster,1947,,M
Francis Lee,1969,,M
Francis Leplay,1967,,M
Francis Meletzky,1973,,F
Francis Perrin,1947,,M
Francis Rangoajane,,,M
Francis Renaud,1967,,M
Franck Adrien,1964,,M
Franck Cabot-David,1953,,M
Franck de Lapersonne,1963,,M
Franck Dubosc,1963,,M
Franck Ekinci,1964,,M
Franck Gastambide,1978,,M
Franck Landron,1957,,M
Franck Llopis,1968,,M
Franck Magnier,1966,,M
Franck Pitiot,1964,,M
Franck Renaud,,,M
Franc Mažič,,,M
Franco Angeli,1949,,M
Franco Barbero,1944,,M
Franco Branciaroli,1947,,M
Franco Castellano,1957,,M
Franco Ferrini,1944,,M
François Armanet,1951,,M
François Arnal,1924,,M
François Berléand,1952,,M
François Busnel,1969,,M
François Caron,1959,,M
François Cavanna,1923,2014,M
François Chattot,1953,,M
François Clavier,1953,,M
François Cluzet,1955,,M
François Cognard,1962,,M
François Corbier,1944,2018,M
François Creton,1964,,M
François Desagnat,1973,,M
Françoise Arnoul,1931,,F
Françoise Bertin,1925,,F
Françoise Cadol,1963,,F
Françoise Davisse,,,F
Françoise Fabian,1933,,F
Françoise Hardy,1944,2024,F
Françoise Lebrun,1944,,F
Françoise Oriane,1940,2021,F
Françoise Pinkwasser,1957,,F
François-Éric Gendron,1954,,M
Françoise Seigner,1928,,F
Françoise Simpère,1951,,F
Françoise Widhoff,1944,,F
François Favrat,,,M
François Fehner,,,M
François Feldman,1958,,M
François Frappier,1953,,M
François-Henri Soulié,1953,,M
François Jérosme,1954,,M
François Lalande,1930,,M
François Le Roux,1955,,M
François Levantal,1960,,M
François Loriquet,1964,,M
François Margolin,1955,,M
François-Marie Banier,1947,,M
François Marthouret,1943,,M
François Morel,1959,,M
François Négret,1966,,M
François Ozon,1967,,M
François Perrot,1924,,M
François Prévôt-Leygonie,1967,,M
François Rebsamen,1951,,M
François-Régis Jeanne,1976,,M
François Ridel,1959,,M
François Rollin,1953,,M
François Rostain,1950,,M
François Ruffin,1975,,M
François Stuck,1960,,M
François Theurier,,,M
François Uzan,,,M
François-Xavier Destors,1986,,M
François Zabaleta,1960,,M
Franco Javarone,1943,,M
Franco Maino,1942,2017,M
Franco Maresco,1958,,M
Franco Mari,1942,,M
Franco Moscon,1950,,M
Franco Nero,1941,,M
Franco Olivero,1943,,M
Franco Oppini,1950,,M
Franco Pinelli,1956,,M
Franco Pistoni,1956,,M
Franco Ravera,1960,,M
Franco Trevisi,1945,,M
Franjo Jurčec,1936,,M
Frank Amann,1961,,M
Franka Potente,1974,,F
Frank Ariza,1981,,M
Frank Arne Olsen,1962,,M
Frank Behnke,1955,,M
Frank Bellocq,1977,,M
Frank Cassenti,1945,2023,M
Frank Cimière,,,M
Frank Clark,1943,,M
Frank Feys,1965,,M
Frank Finlay,1926,,M
Frank Harper,1962,,M
Frank Hildebrandt,1953,,M
Frankie Oatway,1961,,M
Frank Langella,1938,,M
Frank Laufenberg,1945,,M
Frank Lowy,1930,,M
Frank Marten Pfeiffer,1973,,M
Frank McCusker,1967,,M
Frank Muth,1959,,M
Frank O'Sullivan,1954,,M
Franko Korošec,1963,,M
Frank Röth,1959,,M
Frank Thomas,,,M
Frank W. Rima,,,M
Frank W. Ritter,1960,,M
Frank-Walter Steinmeier,1956,,M
Frank Warren,1952,,M
Frank Wierke,1968,,M
Frank Williams,1942,2021,M
Frank Zander,1942,,M
Fran Torres,,,M
Franz Bairlein,1952,,M
Franz Friedrich,1940,2018,M
Franziska Buch,1960,,F
Franziska Meyer Price,1962,,F
Franziska Ponitz,1952,,F
Franziska Ritter,1964,,F
Franziska Schönenberger,1982,,F
Franziska Stünkel,1973,,F
Franziska Traub,1962,,F
Franziska Troegner,1954,,F
Franziska Walser,1952,,F
Franz-Jürgen Zigelski,1941,,M
Franz Müller,1965,,M
Franz von der Grinten,1933,2020,M
Franz Wegner,1940,,M
Franz Westner,1952,,M
Franz Xaver Gernstl,1951,,M
Fraser C. Heston,1955,,M
Frauke Finsterwalder,1975,,F
Frazer Hines,1944,,M
Freda Kelly,1945,,F
Fred Baker,1908,1958,M
Fred Cavayé,1967,,M
Freddie Jones,1927,2019,M
Freddy Mouchard,1970,,M
Frédéric Beigbeder,1965,,M
Frédéric Bouraly,1960,,M
Frédéric Cerdal,1944,,M
Frédéric Farrucci,,,M
Frédéric Fisbach,1966,,M
Frédéric Forestier,1969,,M
Frederick Lau,1989,,M
Frederick Wiseman,1930,,M
Frédéric Lenoir,1962,,M
Frédéric Merlo,1957,,M
Frédéric Mermoud,1969,,M
Frédéric Norbert,1953,,M
Frédéric Pelle,1965,,M
Frédéric Petitjean,1969,,M
Frédéric Pierrot,1960,,M
Frédéric Plénard,,,M
Frédéric Quiring,,,M
Frédéric Saurel,1967,,M
Frédéric Schoendoerffer,1962,,M
Frédéric Sojcher,1967,,M
Frédéric Tellier,,,M
Frédéric Touchard,1961,,M
Frédéric van den Driessche,1956,,M
Frédéric Videau,1964,,M
Frederik Steiner,1975,,M
Frédérique Bedos,1971,,F
Frédérique Tirmont,1950,,F
Fred Goodich,1939,2016,M
Fred Grivois,1975,,M
Fred Maire,1932,2020,M
Fred Pearson,1936,,M
Fred Personne,1932,2014,M
Fred Scott,,,M
Fred Tousch,1967,,M
Fred Ulysse,1934,,M
Fred Williamson,1938,,M
Fridtjof Ryder,,,M
Friedemann Fromm,1963,,M
Friederike Frerichs,1944,,F
Frieder Schlaich,1961,,M
Frieder Venus,1950,,M
Frieder Wittich,1974,,M
Friedrich Liechtenstein,1956,,M
Friedrich Luft,1911,1990,M
Friedrich Schilha,1943,,M
Friedrich von Thun,1942,,M
Frigyes Gödrös,1942,,M
Frigyes Kovács,1955,,M
Fritz Müller-Scherz,1945,2015,M
Fritz Roth,1955,2022,M
Fritz Stern,1926,2016,M
Fulvia Patrizia Oliveri,1963,,F
Fulvio Falzarano,1959,,M
Fulvio Grimaldi,1934,,M
Fulvio Iannucci,,,M
Fulvio Musco,1942,,M
Fulvio Risuleo,1991,,M
Gabe Turner,1980,,M
Gabi Fon,1960,,F
Gábor Benő Baranyi,1987,,M
Gábor Csizmazia,,,M
Gábor Csőre,1971,,M
Gábor Csupó,1952,,M
Gábor Dióssy,1954,,M
Gábor Fabricius,1975,,M
Gábor Ferenczi,1950,,M
Gábor Forgács,1947,2024,M
Gábor Gelencsér,1961,,M
Gábor Giret,1966,,M
Gábor Halmai,1951,,M
Gábor Harsányi,1945,,M
Gábor Herendi,1960,,M
Gábor Hevér,1969,,M
Gábor Hollerung,1954,,M
Gábor Kiss,1940,,M
Gábor Klacsán,1969,,M
Gábor Koncz,1938,,M
Gábor Máté,1955,,M
Gábor Matúz,1963,,M
Gábor Medvigy,1957,2023,M
Gábor Móray,,,M
Gábor Németh,1958,,M
Gábor Péter Vincze,1963,,M
Gábor Reisz,1980,,M
Gábor Reviczky,1949,,M
Gábor Rohonyi,1966,,M
Gábor Rózsa,1994,,M
Gábor Salinger,1953,,M
Gábor Takács Bencze,1943,2024,M
Gábor Zelei,1966,,M
Gábor Zoboki,1963,,M
Gábor Zsigmond Papp,1966,,M
Gabriel Achim,1975,,M
Gabriela Maria Schmeide,1965,,F
Gabriela Popescu,1954,,F
Gabriel Apostol,1964,,M
Gabriel Arcand,1949,,M
Gabriel Byrne,1950,,M
Gabriel Clarke,1963,,M
Gabriele Blum,1962,,F
Gabriele Denecke,1952,,F
Gabriele Domschke,1958,2014,F
Gabriele Guidi,1971,,M
Gabriele Krestan,1953,,F
Gabriele Lavia,1942,,M
Gabriele Mainetti,1976,,M
Gabriele Muccino,1967,,M
Gabriele Pignotta,1977,,M
Gabriele Salvatores,1950,,M
Gabriele Tozzi,1944,2022,M
Gabriele von Arnim,1946,,F
Gabriele Voss,1948,,F
Gabriel Foster Prior,,,M
Gabriel Julien-Laferrière,1962,,M
Gabriella Bartalis,1971,,F
Gabriella Kessler,,,F
Gabriel Latorre,1953,2021,M
Gabriel Le Bomin,1968,,M
Gabriel Lechón,,,M
Gabriel Le Doze,1952,,M
Gabrielle Lazure,1957,,F
Gabrielle Rose,1954,,F
Gabrielle Scharnitzky,1956,,F
Gabriel Radu,1956,,M
Gabriel Range,,,M
Gabriel Spahiu,1968,,M
Gabriel Velázquez,1968,,M
Gaby Dohm,1943,,F
Gaby Fremy,,,F
Gabz Barker,,,F
Gad Elmaleh,1971,,M
Gaël Breton,1977,,M
Gaëlle Falzerana,,,F
Gaëlle Mourre,,,F
Gaël Lépingle,1972,,M
Gaetano Amato,1957,,M
Gaetano Aronica,1963,,M
Gaetano Curreri,1952,,M
Gail Ball,,,F
Gail Marshall,,,F
Gaizka Urresti,1967,,M
Galaad Hemsi,1978,,M
Galder Gaztelu-Urrutia,1974,,M
Gal Soler,1943,,M
Gamal Helal,1954,,M
Gamil Ratib,1926,2018,M
Gamma Bak,1965,,F
Gareth Edwards,1947,,M
Gareth Hale,1953,,M
Gareth Tunley,,,M
Garrick Hagon,1939,,M
Gary Beadle,1965,,M
Gary Kurtz,1940,2018,M
Gary Lewis,1958,,M
Gary Lineker,1960,,M
Gary Oldman,1958,,M
Gary Shail,1959,,M
Gary Whelan,1953,,M
Gary Wilmot,1954,,M
Gaspar Noé,1963,,M
Gastón Duprat,1969,,M
Gavin Elder,,,M
Gavin Hood,1963,,M
Gavin Kitchen,1964,,M
Gavino Ledda,1938,,M
Gea Martire,1957,,F
Ged Marlon,1954,,M
Geezer Butler,1949,,M
Gegia,1959,,F
Géla Babluani,1979,,M
Gelu Colceag,1949,,M
Gelu Nițu,1949,,M
Gemma Cuervo,1934,,F
Gemma Jones,1942,,F
Gemma Nierga,1965,,F
Gene Kilroy,,,M
Gene Simmons,1949,,M
Genesis P-Orridge,1955,2020,M
Geneviève Bujold,1942,,F
Geneviève Casile,1937,,F
Geneviève Mnich,1942,,F
Geneviève Page,1927,,F
Geneviève Plet,,,F
Gennadi Vengerov,1959,2015,M
Gennadiy Fomin,1961,,M
Gennaro Nunziante,1963,,M
Gennaro Scarpato,1994,,M
Geno Diana,,,M
Geno Lechner,1965,,F
Gen Seto,1955,,M
Geo Balint,,,M
Geoff Bell,1963,,M
Geoffrey Cowper,1986,,M
Geoffrey McGivern,1952,,M
Geoffrey Palmer,1927,2020,M
Geoffrey Rush,1951,,M
Geoffroy Thiebaut,1957,,M
Georg Blumreiter,1961,,M
George Aguilar,1952,,M
George Alexandru,1957,2016,M
George Blondă,,2021,M
George Camiller,1942,,M
George Chiper,1979,,M
George Cohen,1939,2022,M
George Fenton,1949,,M
George Foreman,1949,2025,M
George Gallo,1956,,M
George Inci,1965,,M
George Klein,1935,2019,M
George Lois,1931,2022,M
George Lungoci,1969,,M
George M. Church,1954,,M
George M. Koumal,1942,2022,M
George Michael,1963,2016,M
George Mihăiță,1948,,M
George R.R. Martin,1948,,M
George Raveling,1936,,M
Georges Bécot,1947,,M
Georges Bigot,1955,,M
Georges Brouard-Daudignon,,,M
Georges Caudron,1952,2022,M
Georges Corraface,1952,,M
George Scott,1966,,M
Georges Didi-Huberman,1953,,M
Georges Federmann,1955,,M
Georges Neri,1934,,M
Georges Ser,1936,,M
Georges Siatidis,1963,,M
George Taylor,,,M
Georgette Dee,1958,,F
George Voinese,1952,,M
Georg Friedrich Haas,1953,,M
Georg Heinzen,1953,,M
Georgia Parris,,,F
Georgie Glen,1956,,F
Georg Kaser,1953,,M
Georg Kostya,1935,2011,M
Gerald Casale,1948,,M
Gerald Fox,1964,,M
Geraldine Blecker,1945,2021,F
Geraldine Chaplin,1944,,F
Géraldine Danon,1968,,F
Geraldine James,1950,,F
Géraldine Nakache,1980,,F
Gérald Laroche,1964,,M
Gerald Schaale,1955,,M
Gérard Biard,1959,,M
Gérard Bitton,1961,,M
Gérard Boucaron,1945,,M
Gérard Chaillou,1946,,M
Gérard Colé,1941,,M
Gérard Courtois,1949,,M
Gérard Darier,,,M
Gérard Darmon,1948,,M
Gérard Depardieu,1948,,M
Gérard Dessalles,1946,,M
Gérard Garouste,1946,,M
Gérard Giroudon,1949,,M
Gérard Hernandez,1933,,M
Gerard Horan,1962,,M
Gérard Jugnot,1951,,M
Gérard Krawczyk,1953,,M
Gérard Lanvin,1950,,M
Gérard Lartigau,1942,,M
Gérard Lenne,1946,,M
Gérard Loussine,1956,,M
Gérard Meylan,1952,,M
Gérard Miller,1948,,M
Gérard Mordillat,1949,,M
Gerardo Amato,1949,,M
Gerardo Herrero,1953,,M
Gerardo Lamattina,1965,,M
Gerardo Olivares,1964,,M
Gerardo Placido,1949,,M
Gerardo Vera,1947,2020,M
Gérard Pautonnier,,,M
Gérard Pommier,1941,2023,M
Gerard Quinto,,,M
Gérard Rinaldi,1943,,M
Gérard Watkins,1965,,M
Gérard Zingg,1942,2021,M
Gerda Bikales,1931,,F
Gerda Böken,1933,,F
Gerda Freise,1919,2007,F
Gerd Grzesczak,1950,2024,M
Gerd Knebel,1956,,M
Gerd Kroske,1958,,M
Gerd Roscher,1943,,M
Gerd Schneider,1974,,M
Gereon Wetzel,1972,,M
Gergő Kaszás,1965,,M
Gerhard Bös,1955,,M
Gerhard Delling,1959,,M
Gerhard Göbelt,,,M
Gerhard Gundermann,1955,1998,M
Gerhard Hoffmann,1946,,M
Gerhard Mack,1940,2023,M
Gerhard Polt,1942,,M
Gerhard Schick,1970,,M
Gerhard Schöne,1952,,M
Gerhardt Berger,1960,,M
Gerhard Wittmann,1964,,M
Germaine Acogny,1944,,F
Germain Kanda,,,M
Germain Wagner,1956,,M
German Kral,1968,,M
Germano Lanzoni,1966,,M
Germano Maccioni,1978,,M
Germán Roda,1975,,M
Gernot Kunert,1952,,M
Gerolamo Alchieri,1954,,M
Gérome Barry,1984,,M
Gero von Boehm,1954,,M
Gerry Adams,1948,,M
Ger Ryan,1950,,F
Gertie Honeck,1945,,F
Gert Jan Louwe,1956,,M
Gertrud Oppenheimer,1878,1940,F
Gert Voss,1941,2014,M
Gert Weigelt,1943,,M
Gervasio Sánchez,1959,,M
Géza Bereményi,1946,,M
Géza D. Hegedűs,1953,,M
Géza Kaszás,1957,,M
Géza Komoróczy,1937,,M
Géza M. Tóth,1970,,M
Géza Morcsányi,1952,2023,M
Géza Tordy,1938,2024,M
Gheorghe Boanca,1948,,M
Gheorghe Ciobanu,1945,,M
Gheorghe Ifrim,1971,,M
Gheorghe Lazarovici,1941,2025,M
Gheorghe Onișoru,1963,,M
Gheorghe Preda,1960,,M
Gheorghe Visu,1951,,M
Gherardo Colombo,1946,,M
Gheroghe Nutescu,1935,,M
Ghislain de Fonclare,,,M
Ghislaine Girard,,,F
Ghislaine Paul-Cavallier,,,F
Giacinto Scelsi,1905,1988,M
Giacomo Abbruzzese,1983,,M
Giacomo Ciarrapico,1971,,M
Giacomo Durzi,1970,,M
Giacomo Gatti,1971,,M
Giacomo Piperno,1936,,M
Giacomo Poretti,1956,,M
Giacomo Rizzo,1939,,M
Giada Diano,,,F
Giambattista Assanti,1962,2021,M
Giampaolo Fabrizio,1957,,M
Giampaolo Morelli,1974,,M
Giampiero Mughini,1941,,M
Gian Alfonso Pacinotti Gipi,1963,,M
Giancarlo Esposito,1958,,M
Giancarlo Fontana,1981,,M
Giancarlo Giannini,1942,,M
Giancarlo Martini,1963,,M
Giancarlo Ratti,1957,,M
Giancarlo Scarchilli,1951,,M
Giancarlo Soldi,1954,,M
Gianclaudio Cappai,1976,,M
Gianclaudio Lopez,1948,,M
Gianfelice Imparato,1956,,M
Gianfilippo Pedote,1952,,M
Gianfrancesco Lazotti,1957,,M
Gianfranco Cabiddu,1953,,M
Gianfranco D'Angelo,1936,2021,M
Gianfranco De Angelis,1953,,M
Gianfranco Gallo,1961,,M
Gianfranco Pannone,1963,,M
Gianfranco Quero,1948,,M
Giangiacomo de Stefano,1977,,M
Gianluca Ansanelli,1974,,M
Gianluca Arcopinto,1959,,M
Gianluca Cerasola,1975,,M
Gianluca Jodice,1973,,M
Gianluca Leuzzi,1977,,M
Gianluca Mangiasciutti,1977,,M
Gianluca Maria Tavarelli,1964,,M
Gianluca Matarrese,1980,,M
Gianmarco Tognazzi,1967,,M
Gianna Giachetti,1935,,M
Gianna Nannini,1954,,F
Gianna Paola Scaffidi,1954,,F
Gianni Amelio,1945,,M
Gianni Aureli,1981,,M
Gianni Buscarino,,,M
Gianni Canova,1954,,M
Gianni Cavina,1940,2022,M
Gianni Ciardo,1949,,M
Gianni Ciuffini,1954,,M
Gianni Costantino,1971,,M
Gianni Di Gregorio,1949,,M
Gianni Fantoni,1967,,M
Gianni Federico,1963,,M
Gianni Ferrari,,,M
Gianni Ferreri,1960,,M
Gianni Franco,1951,,M
Gianni Macchia,1943,,M
Gianni Morandi,1944,,M
Gianni Parisi,1957,,M
Giannis Tsortekis,1967,,M
Gianni Zanasi,1965,,M
Gică Craioveanu,1968,,M
GiedRé,1985,,F
Gigi Angiulli,?,,M
Gigi De Luca,1943,2024,M
Gigio Alberti,1959,,M
Gigio Morra,1945,2024,M
Gigi Proietti,1940,2020,M
Gigi Roccati,1979,,M
Gigi Savoia,1954,,M
Gigliola Cinquetti,1947,,F
Gilbert Bouchard,1958,,M
Gilbert Lévy,1949,,M
Gilbert Melki,1958,,M
Gilbert Montagné,1951,,M
Gilberto Gil,1942,,M
Gilbert Rödiger,1975,,M
Gilbert von Sohlern,1957,,M
Gilda Love,1921,,TF
Giliano Carli,1957,,M
Gil Kenan,1976,,M
Gilles Arbona,1947,,M
Gilles Balbastre,1958,,M
Gilles Bannier,,,M
Gilles Bouleau,1962,,M
Gilles Bourdos,1963,,M
Gilles Cohen,1963,,M
Gilles David,1956,,M
Gilles de Maistre,1960,,M
Gilles Détroit,1956,,M
Gilles Gaston-Dreyfus,1957,,M
Gilles Jacob,1930,,M
Gilles Janeyrand,1952,,M
Gilles Kneusé,1961,,M
Gilles Legrand,1958,,M
Gilles Lellouche,1972,,M
Gilles Lemaire,,,M
Gilles Marchand,1963,,M
Gilles Murigneux,,,M
Gilles Penso,1967,,M
Gilles Perret,1968,,M
Gilles Privat,1958,,M
Gilles Soeder,,,M
Gilles Treton,1958,,M
Gilles Tschudi,1957,,M
Gillian Hanna,1944,2019,F
Gillian Murray,1931,2022,F
Gillies MacKinnon,1948,,M
Gil Parrondo,1921,2016,M
Gilya Stern,1960,,F
Gina Birch,1955,,F
Gina McKee,1964,,F
Ginés García Millán,1964,,M
Ginette Garcin,1928,,F
Ginevra Elkann,1979,,F
Gino Astorina,,,M
Gino Carista,1948,,M
Gino Castaldo,1950,,M
Gino Cogliandro,1949,2022,M
Gino FRsconi,1953,,M
Gino Nardella,1955,,M
Gino Picciano,,,M
Giobbe Covatta,1956,,M
Gioele Dix,1956,,M
Giorgia Cecere,1961,,F
Giorgia Farina,1985,,F
Giorgio Albertazzi,1923,2016,M
Giorgio Amato,1970,,M
Giorgio Assumma,1934,,M
Giorgio Barchiesi,1954,,M
Giorgio Capitani,1927,2017,M
Giorgio Carminati,1949,,M
Giorgio Colangeli,1949,,M
Giorgio Diritti,1959,,M
Giorgio Ferrero,1980,,M
Giorgio Gobbi,1957,,M
Giorgio Lopez,1947,2021,M
Giorgio Panariello,1960,,M
Giorgio Pasotti,1973,,M
Giorgio Pressburger,1937,2017,M
Giorgio Romano,,,M
Giorgio Testi,1978,,M
Giorgio Tirabassi,1960,,M
Giorgio Treves,1945,,M
Giorgio Verdelli,1956,,M
Giorgos Kotanidis,1945,2020,M
Giovanna Calvenzi,1946,,M
Giovanna Cau,1923,2019,F
Giovanna Daddi,,,F
Giovanna Marini,1937,2024,F
Giovanna Ralli,1935,,F
Giovanna Ribes,1959,,F
Giovanni Aloi,,,M
Giovanni Basso,1984,,M
Giovanni Battista Origo,1983,,M
Giovanni Bedeschi,1961,,M
Giovanni Benincasa,1960,,M
Giovanni Bissaca,1954,,M
Giovanni Bognetti,1980,,M
Giovanni Buttarelli,1957,2019,M
Giovanni Cacioppo,1965,,M
Giovanni Cucciari,?,,M
Giovanni Esposito,1970,,M
Giovanni Guardiano,1963,,M
Giovanni Lindo Ferretti,1953,,M
Giovanni Lombardo Radice,1954,2023,M
Giovanni Mancini,1950,,M
Giovanni Mauriello,1945,,M
Giovanni Mazzitelli,1986,,M
Giovanni Piscaglia,1984,,M
Giovanni Senzani,1942,,M
Giovanni Soldati,1953,,M
Giovanni Storti,1957,,M
Giovanni Veronesi,1962,,M
Giovanni Vettorazzo,1953,,M
Giovanni Virgilio,1983,,M
Giovanni Visentin,1953,,M
Gisa Findorff,,,F
Gisela Müller-Madaus,,,F
Gisela Schneeberger,1948,,F
Gisèle Casadesus,1914,,F
Gisella Burinato,1946,,F
Gisella Sofio,1931,2017,F
Gitta Schweighöfer,1954,,F
Giulia Brazzale,1972,,F
Giulia Giapponesi,1980,,F
Giulia Lazzarini,1934,,F
Giuliana De Sio,1956,,F
Giuliana Gamba,1953,,F
Giuliana Lojodice,1940,,F
Giuliano Di Bernardo,1939,,M
Giuliano Montaldo,1930,2023,M
Giulia Steigerwalt,1982,,F
Giulietta Revel,,,F
Giulio Base,1964,,M
Giulio Brogi,1931,2019,M
Giulio Manfredonia,1967,,M
Giulio Rapetti Mogol,1936,,M
Giulio Ricciarelli,1965,,M
Giulio Scarpati,1956,,M
Giuseppe Alessio Nuzzo,1989,,M
Giuseppe Barile,,,M
Giuseppe Bassi,1919,,M
Giuseppe Battiston,1968,,M
Giuseppe Bonito,1968,,M
Giuseppe Boy,1959,,M
Giuseppe Capotondi,1968,,M
Giuseppe Cederna,1957,,M
Giuseppe Conti,?,,M
Giuseppe Ferlito,1954,,M
Giuseppe Giacobazzi,1963,,M
Giuseppe Gigliorosso,1959,,M
Giuseppe Lo Console,1973,,M
Giuseppe M. Gaudino,1957,,M
Giuseppe Marco Albano,1985,,M
Giuseppe Pambieri,1944,,M
Giuseppe Pedersoli,1961,,M
Giuseppe Piccioni,1953,,M
Giuseppe Stasi,1989,,M
Giuseppe Tornatore,1956,,M
Giuseppe Varlotta,1971,,M
Giusi Merli,1943,,F
Giustina Buonomo,1938,,F
Gladys Cohen,1951,,F
Gledys Ibarra,1960,,F
Glenda Jackson,1936,2023,F
Glen Matlock,1956,,M
Glenn Close,1947,,F
Glenn Leyburn,,,M
Glenn Wrage,1959,,M
Gloria Escomel,1941,,F
Glória Halász,1985,,F
Gloria Muñoz,1948,,F
Gloria Vega,,,F
Glyn Johns,1942,,M
Gode Benedix,1962,,M
Godehard Giese,1972,,M
Godfrey Jackman,1924,2014,M
Goffredo Fofi,1937,,M
Gojko Mitic,1940,,M
Gojmir Lešnjak,1959,,M
Gonzalo Bendala,1978,,M
Gonzalo Crespo Gil,,,M
Gonzalo de Castro,1963,,M
Gonzalo García Pelayo,1947,,M
Gonzalo López,,,M
Gonzalo Recio,1979,,M
Gonzalo Suárez,1934,,M
Gonzalo Tapia,1963,,M
Gonzalo Uriarte,1952,,M
Gonzalo Visedo,,,M
Goran Dukić,,,M
Goran Grgić,1965,,M
Goran Kulenović,1971,,M
Goran Marić,1965,,M
Goran Navojec,1970,,M
Goran Radaković,1964,,M
Goran Radovanovic,1957,,M
Goran Stolevski,1985,,M
Goran Vojnović,1980,,M
Gordana Slivka,1959,,F
Gordian Maugg,1966,,M
Gordon Banks,1937,2019,M
Gordon Kennedy,1958,,M
Gordon Strachan,1957,,M
Gordon Warnecke,1962,,M
Gorjana Janjic,1945,2022,F
Gorka Aguinagalde,1966,,M
Gorka Sesma,,,M
Gottfried Breitfuss,1958,,M
Gottfried Helnwein,1948,,M
Götz Aly,1947,,M
Götz Otto,1967,,M
Götz Schubert,1963,,M
Götz Schulte,1958,,M
Grace de Capitani,1957,,F
Grace Jones,1948,,F
Gracia Olayo,1957,,F
Gracia Querejeta,1962,,F
Graeme Sharp,1960,,M
Grahame Fox,1957,,M
Graham Gouldman,1946,,M
Graham Greene,1952,,M
Graham McTavish,1961,,M
Graham Nash,1942,,M
Grand Corps Malade,1977,,M
Grant Marshall,1959,,M
Granz Henman,2000,,M
Grazia Daddario,1931,,F
Graziano Salvadori,1964,,M
Graziella Marina,1938,,F
Grażyna Szapołowska,1953,,F
Greg Cruttwell,1960,,M
Greg Dyke,1947,,M
Gregg Araki,1959,,M
Greg Germain,1947,,F
Greg Kinnear,1963,,M
Greg LeMond,1961,,M
Grégoire Bonnet,1966,,M
Grégoire Leprince-Ringuet,1987,,M
Grégoire Oestermann,1957,,M
Gregor Baković,1969,,M
Gregor Benko,1944,,M
Gregor Čušin,1970,,M
Gregor Fisher,1953,,M
Gregor Gysi,1948,,M
Gregor Höppner,1959,,M
Gregor Schnitzler,1964,,M
Gregor Tomc,1952,,M
Gregory Itzin,1948,2022,M
Gregory Kershaw,,,M
Gregory Kirchhoff,1992,,M
Gregory Magne,1976,,M
Greg Wise,1966,,M
Greil Marcus,1945,,M
Greta Klingsberg,1929,2022,F
Greta Scacchi,1960,,F
Griffin Dunne,1955,,M
Griff Rhys Jones,1953,,M
Grigori Manukov,1961,,M
Grit Boettcher,1938,,F
Grit Lemke,1965,,F
Groupe Cinéma du Centre Artaud,,,
Gualtiero Marchesi,1930,2017,M
Gudo Hoegel,1948,,M
Gudrun Gruber,1984,,F
Gudrun Gut,1957,,F
Gudrun Landgrebe,1950,,F
Gudrun Ritter,1936,,F
Guendalina Zampagni,1969,,F
Guenter Lewy,1923,,M
Guia Jelo,1952,,F
Guido Calvi,1940,,M
Guido Cerasuolo,1958,,M
Guido Chiesa,1959,,M
Guido De Angelis,1944,,M
Guido Harari,1952,,M
Guido Lombardi,1975,,M
Guilaine Londez,1965,,F
Guilhem Pellegrin,1949,,M
Guillaume Brac,1977,,M
Guillaume Briat,1966,,M
Guillaume Bureau,,,M
Guillaume Canet,1973,,M
Guillaume de Tonquédec,1966,,M
Guillaume Gallienne,1972,,M
Guillaume Gwardeath,,,M
Guillaume Levil,1986,,M
Guillaume Maidatchevsky,,,M
Guillaume Massart,1983,,M
Guillaume Namur,1990,,M
Guillaume Nicloux,1966,,M
"Guillermo ""Willy"" Oddó",1943,1991,M
Guillermo Antón,,,
Guillermo del Toro,1964,,M
Guillermo de Oliveira,1986,,M
Guillermo García López,1985,,M
Guillermo Montesinos,1948,,M
Guillermo Quintero,1980,,M
Güler Yücel,1935,2020,F
Gundars Abolins,1960,,
Gundi Ellert,1951,,F
Gundula von Zitzewitz,,,F
Gunilla Röör,1959,,F
Gunnar James Bond Schäfer,1957,,
Gunnar Möller,1928,2017,M
Gunnel Lindblom,1931,2021,F
Günter Barton,1955,,M
Günter Clemens,1941,2016,M
Gunter Demnig,1947,,M
Günter Rohrbach,1928,,M
Günther Lindner,1948,2021,M
Günther Maria Halmer,1943,,M
Günther Rothlaender,1926,,M
Guo Qiang Xu,?,,M
Gurinder Chadha,1960,,F
Gustave Kervern,1962,,M
Gustave Parking,1955,,M
Gustavo Catalán,1951,,M
Gustavo Hernández,1973,,M
Gustavo Ron,1972,,M
Gustavo Salmerón,1970,,M
Gustavo Sánchez,,,M
Gustav Peter Wöhler,1956,,M
Guy Bedos,1934,2020,M
Guy Chataigné,1934,,M
Guy Davies,1991,,M
Guy Jenkin,1955,,M
Guy Lecluyse,1962,,M
Guy Marchand,1937,,M
Guy Marignane,,,M
Guy Nattiv,1973,,M
Guy Ribes,1948,,M
Guy Roux,1938,,M
Guy Siner,1947,,M
Guy Tréjan,1921,,M
Gwen Ellis,,,F
Gwen Taylor,1939,,F
Gwen Van Dam,1928,2024,M
György Árvai,1959,,M
György Bajomi Nagy,1966,2023,M
György Barkó,1931,2024,M
György Cserhalmi,1948,,M
György Dobray,1942,2024,M
György Gödény,1965,,M
Györgyi Kari,1955,,F
Györgyi Módri,1965,,F
György Kárpáti,1935,2020,M
György Kurtág,1926,,M
György Mór Kárpáti,1984,,M
György Pálfi,1974,,M
György Pálos,1959,,M
György Szakály,1955,,M
György Szatmári,1957,,M
Győző Szabó,1970,,M
Gyula Bodrogi,1934,,M
Gyula Gazdag,1947,,M
Gyula Gulyás,1944,,M
Gyula Kedves,1962,,M
Gyula Kovács,1949,2019,M
Gyula Nemes,1974,,M
H.H. Lim,1954,,M
H.P. Baxxter,1964,,M
H.R.,1956,,M
Habib Boufares,1946,,M
Habib Dembélé,1962,,M
Hadi Hajaig,1969,,M
Hadrian Marcu,1976,,M
Hafida Tahri,,,F
Haidar Qaraeen,,,M
Haifaa Al-Mansour,1974,,F
Hajni Kis,1990,,F
Hakim Boughéraba,1985,,M
Hakim Zouhani,,,M
Halina Dyrschka,1975,,F
Haluk Bilginer,1954,,M
Hal Willner,1956,2020,M
Hal Yamanouchi,1946,,M
Hamadoun Kassogué,1957,,M
Hamé Bourokba,1975,,M
Hamid Fardjad,,,M
Hamish MacInnes,1930,2020,M
Hammou Graïa,1956,,M
Hampana Nagarayya,,,M
Hana Laszlo,1953,,F
Hank Levine,1965,,M
Hanna Henigin,1980,,F
Hanna Ladoul,1990,,F
Hanna Lehmbäcker,,,F
Hanna Rieber,1927,2014,F
Hanna Schygulla,1943,,F
Hannelore Elsner,1942,2019,F
Hannelore Hoger,1939,2024,F
Hannelore Koch,1951,,F
Hannes Hellmann,1954,,M
Hannes Höchsmann,1952,,M
Hannes Jaenicke,1960,,M
Hannes Schönemann,1946,,M
Hannes Stelzer,1924,2017,M
Hanno Olderdissen,1976,,M
Hanns Jörg Krumpholz,1962,,M
Hanns Zischler,1947,,M
Hans Bayer,1952,,M
Hans Brückner,1961,,M
Hans Burmann,1937,,M
Hans-Christian Schmid,1965,,M
Hans-Christian Ströbele,1939,2022,M
Hans-Dieter Delkus,1961,,M
Hans-Dietrich Genscher,1927,2016,M
Hans-Eckardt Wenzel,1955,,M
Hans-Gerd Kilbinger,1942,,M
Hans-Günther Bücking,1951,,M
Hans H. Steinberg,1950,,M
Hans-Heinrich Hardt,1955,,M
Hansi Jochmann,1953,,F
Hansi Schmidt,1942,2023,M
Hans-Joachim Brucherseifer,1995,,M
Hans-Joachim Maak,,,M
Hans-Jochen Röhrig,1943,,M
Hans Jürgen Alf,1959,,M
Hans-Jürgen Buchner,1944,,M
Hans-Jürgen Dittberner,1945,,M
Hans-Jürgen Grapenbrade,,,M
Hans-Jürgen Syberberg,1935,,M
Hans-Jürgen Zimmermann,,,M
Hans Magnusson,1960,,M
Hans-Maria Darnov,1951,,M
Hans-Martin Stier,1950,,M
Hans Meyer,1925,2020,M
Hans-Michael Rehberg,1938,2017,M
Hans-Peter Cloos,1949,,M
Hans Peter Fischer,1951,,M
Hans Peter Hallwachs,1938,,M
Hans Peter Korff,1942,2025,M
Hanspeter Müller-Drossaart,1955,,M
Hans Piesbergen,1961,,M
Hans Stadlbauer,1945,,M
Hans Steinbichler,1966,,M
Hans-Ulrich Laux,1957,,M
Hans Unstern,,,M
Hans-Uwe Bauer,1955,,M
Hans Van Manen,1932,,M
Hans-Werner Möllmann,1960,,M
Hans-Werner Sinn,1948,,M
Hans Zimmer,1957,,M
Hany Tamba,1961,,M
Hape Kerkeling,1964,,M
Harald Bergmann,1963,,M
Harald Horváth,,,M
Harald Martenstein,1953,,M
Harald Schmidt,1957,,M
Harald Siebler,1960,,M
Harald Siepermann,1962,2013,M
Harald Warmbrunn,1933,2020,M
Hardy Krüger,1928,2022,M
Hark Bohm,1939,,M
Harley Russell,1946,,M
Harold Evans,1928,2020,M
Harold Vasselin,,,M
Harriet Sansom Harris,1957,,F
Harriet Thorpe,1957,,F
Harriet Walter,1950,,F
Harri Shanahan,,,F
Harry Alexander,,,M
Harry Baer,1947,,M
Harry Dickman,,2020,M
Harry Enfield,1961,,M
Harry Macqueen,,,M
Harry Wijnvoord,1949,,F
Harry Wootliff,1979,,F
Hartmut Becker,1938,2022,M
Hartmut König,1947,,M
Hartmut Vogtmann,1942,,M
Hartmut Volle,1953,,M
Hartwig Kastendieck,,,M
Harvey Friedman,1959,,M
Harvey Keitel,1939,,M
Hary Prinz,1965,,M
Hasija Boric,1953,,F
Haskell Wexler,1922,2015,M
Hassane Mezine,1972,,M
Hassan Lazouane,1958,,M
Hassan Nazer,,,M
Hatika Karaoui,1957,,F
Hauke Wendler,1967,,M
Hayley Carmichael,,,F
Haymon Maria Buttinger,1953,,M
Heather Mitchell,1958,,F
Héctor Alterio,1929,,M
Héctor Cabello Reyes,1970,,M
Héctor Cantolla,1946,,M
Héctor Carré,1960,,M
Héctor Colomé,1944,2015,M
Héctor Domínguez-Viguera,1984,,M
Héctor Faver,1960,,M
Héctor Manrique,1963,,M
Héctor Noas,1960,,M
Héctor Noguera,1937,,M
Hector Obalk,1960,,M
Hede Beck,1958,,F
Hedi Kriegeskotte,1949,,F
Hedwig Schmutte,,,F
Heide Ackermann,1943,,F
Heidi Specogna,1959,,F
Heike Fink,1968,,F
Heike Hanold-Lynch,1962,,F
Heike Trinker,1961,,F
Heiko Lange,1976,,M
Heiko Lochmann,1999,,M
Heiko Pinkowski,1966,,M
Heiner Hinrichs,1937,2021,M
Heiner Lauterbach,1953,,M
Heino Ferch,1963,,M
Heinrich Giskes,1946,,M
Heinrich Rolfing,1958,,M
Heinrich Schafmeister,1957,,M
Heinz Brinkmann,1948,2019,M
Heinz Emigholz,1948,,M
Heinz Flemming,,,M
Heinz-Günther Hüsch,1929,2023,M
Heinz Hoenig,1951,,M
Heinz Huppertz,1902,1972,M
Heinz-Josef Braun,1957,,M
Heinz Lehmbäcker,1933,,M
Heinz Lieven,1928,2021,M
Heinz Löffelbein,,,M
Heinz Lohmann,1948,,M
Heinz Rotthäuser,,,M
Heinz Rudolf Kunze,1956,,M
Heinz Strunk,1962,,M
Heinz Stücke,1942,,M
Heinz Wanitschek,1962,,M
Heinz Wismann,1935,,M
Hejer Charf,,,F
Helena Bengoetxea,,,F
Helena Bereen,,,F
Helena Bonham Carter,1966,,F
Helena de Llanos,1983,,F
Helena Hufnagel,1985,,F
Héléna Klotz,1979,,M
Helena Taberna,,,F
Helen Britton,1966,,M
Hélène Alexandridis,,,F
Hélène Angel,1967,,F
Helene Beltracchi,1958,,F
Hélène de Saint-Père,1963,2022,F
Hélène Duc,1917,2014,F
Hélène Fillières,1972,,F
Helene Hegemann,1992,,F
Hélène Hily,1937,2006,F
Hélène Médigue,1970,,F
Hélène Monette,1960,2015,F
Hélène Raimbault,1960,,F
Hélène Surgère,1928,,F
Hélène Vincent,1943,,F
Hélène Zimmer,1989,,F
Helen Griffin,1959,2018,F
Helen Mirren,1945,,F
Helen Ryan,1938,,F
Helen Schneider,1952,,F
Helga Boettiger,1938,2022,F
Helga Hadewig,,,F
Helga Krüger,1936,,F
Helga Le Comte,,,F
Helga Mandel,1970,,F
Helga Nowitzki,1940,,F
Helge Schneider,1955,,M
Helier Bissell-Thomas,,,M
Hélier Cisterne,1981,,M
Helke Misselwitz,1947,,M
Helmfried von Lüttichau,1956,,M
Helmke Franzius,,,
Helmut Berger,1944,,M
Helmut Gauß,1944,,M
Helmuth Lohner,1933,2015,M
Helmut Köpping,1967,,M
Helmut Krauss,1941,2019,M
Helmut Mooshammer,1955,,M
Helmut Schmidt,1918,2015,M
Helmut Zerlett,1957,,M
Héloïse Pelloquet,,,F
Hendrik Arnst,1950,2024,M
Hendrik Hölzemann,1976,,M
Hendrik Löbbert,1979,,M
Henk Pretorius,,,M
Henning Beckhoff,1991,,M
Henning Peker,1966,,M
Henning Valin Jakobsen,1965,,M
Henri Attal,1936,,M
Henri Belin,,,M
Henri de Latour,,,M
Henriette Gonnermann,1942,,F
Henri-François Imbert,1967,,M
Henri Garcin,1928,2022,M
Henri Guybet,1936,,M
Henri Joyeux,1945,,M
Henrika Kull,1984,,F
Henrik Peschel,1967,,M
Henrik Rolf Hanstein,1950,,M
Henri Leclerc,1934,2024,M
Henri-Pierre Thouzeau,,,M
Henri Steinmetz,2000,,M
Henry Arnold,1961,,M
Henry Büchmann,1921,2003,M
Henry Goodman,1950,,M
Henry Hübchen,1947,,M
Henryk M. Broder,1946,,M
Henry Singer,1957,,M
Herbert Forthuber,1965,,M
Herbert Knaup,1956,,M
Herbert Leiser,1941,,M
Herbert Léonard,1956,,M
Herbert Schuldt,1941,,M
Herbert Schwarze,1959,,M
Herbie Hancock,1940,,M
Herdolor Lorenz,1953,,M
Herman Gilis,1951,,M
Hermann Beyer,1943,,M
Hermann Bonnín,1935,2020,M
Hermann Pölking,1954,,M
Hermann Vaske,1956,,M
Herman van Ulzen,1948,,M
Hermes Paralluelo,1981,,M
Hermine Huntgeburth,1957,,F
Hermine Karagheuz,1938,2021,F
Hernán Zin,1971,,M
Hervé Blanc,1955,2020,M
Hervé Caradec,1946,,M
Hervé Dubourjal,1957,,M
Hervé Ducroux,1957,,M
Hervé Falloux,1960,,M
Hervé Icovic,1953,,M
Hervé Kempf,1957,,M
Hervé Mimran,1966,,M
Hervé Pauchon,1962,,M
Hervé Payen,,,M
Hervé Pierre,1955,,M
Hervé Pierre-Gustave,1966,,M
Hervé Temime,1957,2023,M
Hervé Vilard,1946,,M
Hettie MacDonald,1962,,F
Hetty Baynes,1956,,F
Hiam Abbass,1960,,F
Hichem Yacoubi,1962,,M
Hilda Abrahamz,1953,,F
Hildegard Faust-Albrecht,,,F
Hildegard Frauenrath,1957,,F
Hildegard Rotthäuser,,,F
Hildegard Schmahl,1940,,F
Hildegard Schroedter,1958,,F
Hilde Van Mieghem,1958,,F
Hilmar Eichhorn,1954,,M
Hilton McRae,1949,,M
Hiltrud Hauschke,1942,,F
Hippolyte Girardot,1955,,M
Hirokazu Koreeda,1962,,M
Hiroyuki Sanada,1960,,M
Hitham Omari,,,M
Holger Czukay,1938,2017,M
Holger Franke,1955,,M
Holger Geschwindner,1945,,M
Holger Haase,1975,,M
Holger Tappe,1969,,M
Holly Beavon,1971,,F
Holt McCallany,1963,,M
Homayoun Ershadi,1947,,M
Hong Khau,1975,,M
Honorine Perino,,,F
Hope Dickson Leach,,,F
Horațiu Mălăele,1952,,M
Horst-Günter Marx,1955,,M
Horst Herrmann,1960,,M
Horst Kotterba,1955,,M
Horst Rehberg,1937,2018,M
Horst Sachtleben,1930,2022,M
Horst Schaschke,1952,,M
Horst Teltschik,1940,,M
Hossein Amini,1966,,M
Howard Crossley,1955,,M
Howard Dell,1962,,M
Howard Zinn,1922,2010,M
Hrvoje Barišić,1971,,M
Hubert Burczek,1955,,M
Hubert Charuel,1985,,M
Hubert Saint-Macary,1949,,M
Hubertus Hartmann,1959,,M
Hubert Védrine,1947,,M
Hubert Viel,1980,,M
Hubert Weiland,1962,,M
Hugh Bonneville,1963,,M
Hugh Fraser,1945,,M
Hugh Gormley,,,M
Hugh Grant,1960,,M
Hugh Jackman,1968,,M
Hugh Laurie,1959,,M
Hugh Quarshie,1954,,M
Hugo Bachelet,1984,,M
Hugo Bardin,1991,,M
Hugo Benamozig,,,M
Hugo de Faucompret,,,M
Hugo Gélin,1980,,M
Hugo P. Thomas,1989,,M
Hugo Parthonnaud,1987,,M
Hugo Ruíz,1972,,M
Hugo Sobelman,,,M
Hugo Stuven,1978,,M
Hugues Aufray,1929,,M
Hugues Poulain,,,M
Huguette Maure,1932,2023,F
Hung Nguyen Tuong,,,M
Hüseyin Tabak,1981,,M
Husky Kihal,1961,,M
Iaia Forte,1962,,F
Iain Glen,1961,,M
Iain Ross-McNamee,,,M
Iain Sinclair,1943,,M
Iancu Dumitrescu,1944,,M
Ian Forsyth,1973,,M
Ian Gelder,1949,2024,M
Ian Gibson,1939,,M
Ian Gillan,1945,,M
Ian Hanmore,1953,,M
Ian Hogg,1937,,M
Ian Holm,1931,,M
Ian Hunter,1939,,M
Ian Lavender,1946,2024,M
Ian McDonald,1946,2022,M
Ian McElhinney,1948,,M
Ian McEwan,1948,,M
Ian McKellen,1939,,M
Ian McNeice,1950,,M
Ian McShane,1942,,M
Ian Nelms,,,M
Ian Ogilvy,1943,,M
Ian Porter,1965,,M
Ian Puleston-Davies,1958,,M
Ian Rankin,1960,,M
Ian Reddington,1958,,M
Ian Richardson,1934,,M
Iban Toledo,,,M
Ibolya Fekete,1951,,F
Ibolya Péva,1941,,F
Ibón Cormenzana,1972,,M
Ibrahim Parlak,1962,,M
Ice-T,1958,,M
Ichgola Androgyn,1960,,M
Icíar Bollaín,1967,,F
Id. Zoltán Telek,1943,2025,M
Ida Di Benedetto,1945,,F
Ida Marinelli,1947,,F
Ida Techer,,,F
Idriss Karimi,1945,,M
ifj. András Petróczy,1995,,M
Igal Naor,1958,,M
Iggy Pop,1947,,M
Ignacio Benedetti,1959,,M
Ignacio Estaregui,1978,,M
Ignacio Latierro,1943,,M
Ignacio López Tarso,1925,2023,M
Ignacio Vilar,1951,,M
Igor Biddau,1978,,M
Igor Buharov,1971,,M
Igor Cobileanski,1974,,M
Igor Denisov,1959,,M
Igor Gotesman,1986,,M
Igor Grdina,1965,,M
Igor Jijkine,1965,,M
Igor Kordej,1957,,M
Igor Legarreta,1973,,M
Igor Maltagliati,1972,,M
Igor Samobor,1957,,M
Igor Sancin,1954,,M
Igor Šeregi,1983,,M
Igor Šmid,1961,,M
Igor Šterk,1968,,M
Igor Tuveri Igort,1958,,M
Igor Vidmar,1950,,M
Igor Zupe,,,M
Igor Žužek,1960,2020,M
Iker Elorrieta,1977,,M
Ilan Klipper,1978,,M
Ildikó Bánsági,1947,,F
Ildikó Enyedi,1955,,F
Ildikó Hámori,1947,,F
Ildikó Hűvösvölgyi,1953,,F
Ildikó Szabó,1951,,F
Ildikó Tóth,1966,,F
Ileana Riganò,1944,2020,F
Ilie Gâlea,1957,,M
Ilinca Calugareanu,1981,,F
Ilir Prapashtica,1960,,M
İlker Çatak,1984,,M
Ilona Christina Schulz,1961,,F
Ilona Kassai,1928,,F
Ilona Schulz,1955,,F
Ilona Staller,1951,,F
Ilse Aigner,1964,,F
Ilse Bendin,1940,,F
Ilse Ledien,1926,,F
Ilse Neubauer,1942,,F
Ilse Strambowski,1931,,F
Ilvea Benatti,1922,2018,F
Imanol Arias,1956,,M
Imanol Rayo,1984,,M
Imanol Uribe,1950,,M
Imanol Zinkunegi,,,M
Ima Ranedo,,,F
Imelda Staunton,1956,,F
Imke Büchel,1961,,F
Imma Piro,1956,,F
Imma Villa,1964,,F
Imogen Kogge,1957,,F
Imre Csók,1968,,M
Imre Csuja,1960,,M
Imre Gelányi,1967,,M
Imre Harmath,1961,,M
Imre Józsa,1954,2016,M
Imre Szélyes,1944,2023,M
Imre Tóth (Bruti),1970,,M
Inaam Wali-Al Battat,1962,,F
Iñake Irastorza,1955,,F
Iñaki Alforja,,,M
Iñaki Arteta,1959,,M
Iñaki Beraetxe,1963,,M
Iñaki Cano,1957,,M
Iñaki Dorronsoro,1969,,M
Iñaki Gabilondo,1942,,M
Iñaki Guevara,1957,,M
Iñaki Miramón,1957,,M
Iñaki Sánchez,1977,,M
Iñaki Viar,,,M
Ina Weisse,1968,,F
Inci Demirbas,,,
Inés Bacán,1952,,F
Inés de León,1984,,F
Inés Paricio,,,F
Inés París,1962,,F
Ines Rastig,1965,2016,F
Inés Toharia Terán,1975,,F
Inga Busch,1968,,F
Inga Dietrich,1969,,F
Inga Landgré,1927,2023,F
Inge Appelt,1943,,F
Ingeborg Lüscher,1936,,F
Ingeborg Neupert,1934,,M
Inge Ladd,,,F
Inge Maux,1944,,F
Ingmar Bergman Jr.,1951,,M
Ingo Haeb,1970,,M
Ingrid Bliem Esposito,1939,,F
Ingrid Burkhard,1931,,F
Ingrid Caven,1938,,F
Ingrid Mülleder,1959,,F
Ingrid Nandzik,1959,,F
Ingvar Sigurdsson,1963,,M
Inka Friedrich,1965,,F
Inma Sancho,1964,,F
Ioana Buică,1935,2015,F
Ioana Crăciunescu,1950,,F
Ioan Andrei Ionescu,1974,,M
Ioana Pârvulescu,1960,,F
Ioan-Aurel Pop,1955,,M
Ioana Uricaru,,,F
Ioan Brancu,1959,,M
Ioan Cărmăzan,1948,,M
Ioan Dan,1922,2003,M
Ioan Hefin,1963,,M
Ioan Măric,1945,,M
Ioan Matei Agapi,1936,2020,M
Ioan Romeo,,,M
Iolanda Amato,?,,F
Iolanda Pascale,1948,,F
Ion Arcudeanu,1938,,M
Ion Barbu,1953,,M
Ion Besoiu,1931,2017,M
Ion Caramitru,1942,2021,M
Ion Dichiseanu,1933,2021,M
Ione Atenea,1985,,F
Ionel Mihăilescu,1959,,M
Ion Haiduc,1947,,M
Ion Iliescu,1930,,M
Ion Ruscuț,1955,2023,M
Ion Sapdaru,1961,,M
Ion Tentiuc,1957,,M
Ionuț Teianu,,,M
Iosif Demian,1941,,M
Ira Sachs,1965,,M
Irena Mihelič,1958,,F
Irén Bordán,1953,,F
Irene Dionisio,1986,,F
Irene Flamann Catalina,,,F
Irene Gutiérrez Torres,,,F
Irène Ismailoff,,,F
Irène Jacob,1966,,F
Irene Kugler,1954,,F
Irene Marot,1951,,F
Irène Papas,1929,,F
Irene Rindje,1956,,F
Irène Théry,1952,,F
Irina Margareta Nistor,1957,,F
Irina Murgeanu Grigore,,,F
Irina Wanka,1961,,F
Iris Apfel,1921,2024,F
Iris Berben,1950,,F
Iris Gordon,,,F
Irish Braschi,1975,,M
Iris Kaltenbäck,1988,,F
Iris Müller-Westermann,1955,,F
Irm Hermann,1942,2020,F
Irmin Schmidt,1937,,M
Irmi Zimmermann,,,F
Irshad Panjatan,1931,,M
Irvine Welsh,1958,,M
Isaac Berrocal,1978,,M
Isaach de Bankolé,1957,,M
Isabel Ampudia,,,F
Isabel Ávila,1963,,F
Isabel Ayúcar,1947,,F
Isabel Bogdan,1968,,F
Isabel Coixet,1960,,F
Isabel Donate,1959,,F
Isabel Friera,1958,2025,F
Isabel Gathof,,,F
Isabella Ferrari,1968,,F
Isabella Rossellini,1952,,F
Isabella Sandri,1957,,F
Isabelle Adjani,1955,,F
Isabelle Broué,1968,,F
Isabelle Candelier,1963,,F
Isabelle Carré,1971,,F
Isabelle de Botton,1952,,F
Isabelle Doval,1962,,F
Isabelle Filliozat,1957,,F
Isabelle Gélinas,1963,,F
Isabelle Huppert,1953,,F
Isabelle Mergault,1958,,F
Isabelle Nanty,1962,,F
Isabelle Prim,1984,,F
Isabelle Renauld,1965,,F
Isabelle Sadoyan,1928,2017,F
Isabelle Stever,1963,,F
Isabelle Weingarten,1950,2020,F
Isabell Gerschke,1979,,F
Isabel Lizarraga,1958,,F
Isabell Suba,1981,,F
Isabel Ordaz,1957,,F
Isabel Prahl,1978,,F
Isabel Prinz,1956,,F
Isabel Requena,1941,,F
Isabel Rocatti,1958,,F
Isabel Russinova,1958,,F
Isa Danieli,1937,,F
Isaki Lacuesta,1975,,M
Isao Sugihara,,,M
Ischac Hiskiya,,,M
Isidoro Fernández,1957,,M
Ismael Kanater,1957,,M
İsmail Şahin,1975,,M
Isolde Barth,1948,,F
Israel Horovitz,1939,2020,M
Issaka Sawadogo,1966,,M
Issei Ogata,1952,,M
Issei Sagawa,1949,2022,M
Isti Madarász,1976,,M
István Borsody,1976,,M
István Fazekas,1955,,M
István Fillár,1965,,M
István Gőz,1949,,M
István Hajdú B.,1969,,M
István Hirtling,1958,,M
István Horthy,1941,,M
István Hunyadkürthy,1946,,M
István Karsai,1953,,M
István Kovács,1944,,M
István Lénárt,1921,2021,M
István Mikó,1950,,M
István Nyíri Kovács,,,M
István Pathó,1935,2024,M
István Poór,1945,,M
István Szabó,1938,,M
István Szepsy,1950,,M
István Szilvási,1972,,M
István Znamenák,1966,,M
Itala Békés,1927,2025,F
Itziar Aizpuru,1939,,F
Itziar Lazkano,1958,,F
Iulian Manuel Ghervas,,,M
Iulia Rugină,1982,,F
Iura Luncașu,1975,,M
Ivana Bakarić,1970,,F
Iván Alarcón,,,
Iván Almár,1932,,M
Ivana Marinić Kragić,1984,,F
Ivana Mladenović,1984,,F
Ivana Monti,1945,,F
Iván Angelus,1953,,M
Ivan Brkić,1960,2015,M
Ivan Buharov,1974,,M
Ivan Calbérac,1970,,M
Ivan Cappiello,1975,,M
Ivan Cotroneo,1968,,M
Iván Dengyel,1944,,M
Iván Fischer,1951,,M
Ivan Franěk,1964,,M
Ivan Gergolet,1977,,M
Ivan-Goran Vitez,1975,,M
Ivan Heidsieck,,,M
Ivan Jani Novak,1958,,M
Ivanka Mezan,1926,,F
Ivan Livaković,1982,,M
Ivan Marchika,,,M
Ivano De Matteo,1966,,M
Ivano Marescotti,1946,2023,M
Ivan Passer,1933,2020,M
Ivan Ramljak,1971,,M
Ivan Ruiz Flores,,,M
Ivan Salaj,1969,,M
Ivet Castelo,1995,,F
Ivo Ban,1949,,M
Ivo Banac,1947,2020,M
Ivo Barišič,1949,,M
Ivo Gregurević,1952,2019,M
Ivona Juka,1975,,F
Iztok Bevk,1973,,M
Iztok Jereb,1947,,M
Izudin Bajrović,1963,,M
J.A. Bayona,1975,,M
J. Dolan Byrnes,,,M
J. Echevarría Torres,,,
J.K. Simmons,1955,,M
J.P. Watts,,,
Jabi Elortegi,,,M
Jack Charlton,1935,,M
Jack Garfein,1930,2019,M
Jackie Berroyer,1946,,M
Jackie Clune,1965,,F
Jackie Raynal,1940,,F
Jackie Stewart,1939,,M
Jacki Weaver,1947,,F
Jack Ralite,1928,2017,M
Jack Shepherd,1940,,M
Jack Spring,1996,,M
Jack Taylor,1936,,M
Jacky Ickx,1945,,M
Jacky Katu,,,M
Jacky Lambert,1954,,M
Jacky Nercessian,1950,,M
Jacobo Martínez,1978,,M
Jacob Witkin,1938,2016,M
Jacotte Brazier,1943,,F
Jaco van Dormael,1957,,M
Jacqueline Bisset,1944,,F
Jacqueline Chan,1939,,F
Jacqueline Danno,1931,2021,F
Jacqueline Jehanneuf,1925,2018,F
Jacqueline Jencquel,1943,2022,F
Jacqueline Noëlle,1926,,F
Jacqueline Schaeffer,,,F
Jacques Allaire,1963,,M
Jacques André,1946,,M
Jacques Audiard,1952,,M
Jacques Bleu,,,M
Jacques Bonnaffé,1958,,M
Jacques Bouanich,1952,,M
Jacques Boudet,1939,2024,M
Jacques Chambon,1962,,M
Jacques Collard,1931,2023,M
Jacques d'Amboise,1934,2021,M
Jacques Dacqmine,1924,,M
Jacques Darras,1939,,M
Jacques Doillon,1944,,M
Jacques Duby,1922,,M
Jacques Dutronc,1943,,M
Jacques Dynam,1923,,M
Jacques Fornier,1926,2020,M
Jacques François,1920,,M
Jacques Frantz,1947,,M
Jacques Gamblin,1957,,M
Jacques Herlin,1927,,M
Jacques-Hervé Fichet,1972,,M
Jacques Higelin,1940,2018,M
Jacques Lassalle,1936,2018,M
Jacques Le Carpentier,1944,,M
Jacques Martial,1955,,M
Jacques Mauclair,1919,,M
Jacques Milazzo,1963,,M
Jacques Nolot,1943,,M
Jacques Perrin,1941,,M
Jacques-Rémy Girerd,1952,,M
Jacques Richard,1954,,M
Jacques Roch,,,M
Jacques Salomé,1935,,M
Jacques Sereys,1928,,M
Jacques Sojcher,1939,,M
Jacques Spiesser,1947,,M
Jacques Weber,1949,,M
Jacques Zabor,1941,,M
Jacqui Bellamy,,,F
Jacqui Morris,,,F
Jadranka Elezović,1948,,F
Jadranka Matković,1951,,F
Jaecki Schwarz,1946,,M
Jahn Otto Johansen,1934,2018,M
Jaime Chávarri,1943,,M
Jaime Falero,1976,,M
Jaime Fuster,1941,2007,M
Jaime Ocaña,,,M
Jaime Pujol,1961,,M
Jaime Rosales,1970,,M
Jaime Urrutia,1958,,M
Jaione Camborda,1983,,F
Jaione Insausti,1965,,F
Jair Bolsonaro,1955,,M
Jake D'Arcy,1945,2015,M
Jake Gavin,,,M
Jake Scott,1965,,M
Jake Weber,1963,,M
Jakko M. Jakszyk,1958,,M
Jakob Lass,1981,,M
Jakob M. Erwa,1981,,M
Jakob Zapf,,,M
Jalal Nuriddin,1944,2018,M
Jalda Rebling,1951,,F
Jalil Hutchins,1964,,M
Jalil Lespert,1976,,M
Jamel Debbouze,1974,,M
James Biberi,1965,,M
James Bort,1982,,M
James Caan,1940,,M
James Carville,1944,,M
James Chressanthis,1953,,M
James Cosmo,1947,,M
James Cromwell,1940,,M
James D'Arcy,1975,,M
James Dearden,1949,,M
James Faulkner,1948,,M
James Fleet,1952,,M
James Fox,1939,,M
James Gardner,,,M
James Goldstein,1940,,M
James Graeme,,,M
James Griffiths,1971,,M
James Hall,,,M
James Healy Jr.,1961,,M
James Hetfield,1963,,M
James Huth,1966,,M
James Kent,1962,,M
James Kibbey,,,M
James Lailey,,,M
James Laurenson,1940,2024,M
James Marquand,1960,,M
James Marsh,1963,,M
James P. Leape,1956,,M
James Pillion,,,M
James Purefoy,1964,,M
James Roundell,1951,,M
James Smillie,1944,,M
James Smith,1948,,M
James Toback,1944,,M
James Wilby,1958,,M
Jamie Adams,1980,,M
Jamie Foreman,1958,,M
Jamie Hooper,,,M
Jamie Newall,,,M
Jamie Patterson,1986,,M
Jamil Hendi,1984,,M
Jana Bittnerova,1963,,F
Jana Käsdorf,,,F
Jana Matthes,1966,,F
Jana Olhová,1959,,F
Jan Bijvoet,1966,,M
Jan Bonny,1979,,M
Jan-Christof Scheibe,1963,,M
Jan Cvitkovič,1966,,M
Jan Decleir,1946,,M
Jane Asher,1946,,F
Jane Badler,1953,,F
Jane Birkin,1946,,F
Jane Brennan,1960,,F
Jane Brown,1925,2014,F
Jane Campion,1954,,F
Jane Carr,1950,,F
Jane Fonda,1937,,F
Jane Goodall,1934,,F
Jane Gull,,,F
Jane Hollington,,,F
Jan Eichberg,1984,,M
Jane Jenkins,1943,,F
Jane Lowe,1943,,F
Jane Pollard,1972,,F
Jane Seymour,1951,,F
Janet De Nardis,1978,,F
Janet-Laine Green,1951,,F
Janet Prince,,,F
Janet Tobias,1958,,F
Jane Wood,1943,,F
Janez Bončina,1947,,M
Janez Burger,1965,,M
Janez Janša,1958,,M
Janez Škof,1960,,M
Janez Starina,1948,,M
Jan Fehse,1968,,M
Janfri Topera,1958,,M
Jan Frycz,1954,,M
Jan Georg Schütte,1962,,M
Jan Gerdes,,,M
Jan Henrik Stahlberg,1970,,M
Jan Hofer,1952,,M
Jani Sever,1963,,M
Janja Majzelj,1972,,F
Jan Konieczny,1956,,M
Jan Kounen,1964,,M
Jan Martin Scharf,1974,,M
Jan Mayzel,1930,2021,M
Jan Mybrand,1959,,M
Janna Ji Wonders,1978,,F
Jann Wenner,1946,,M
Jan-Ole Gerster,1978,,M
János Bán,1955,,M
János Berecz,1930,2022,M
János Csernák,1952,,M
János Derzsi,1954,,M
János Edelényi,1948,,M
János Háda,1964,,M
János Koltai,1935,,M
János Kulka,1958,,M
János Lerner,1952,,M
János Papp,1948,,M
János Szász,1958,,M
János Szikora,1950,,M
János Szirtes,1954,,M
János Tóth,1930,2019,M
János Vető,1953,,M
Jan Schmidt-Garre,1962,,M
Jan Schomburg,1976,,M
Jan Speckenbach,1970,,M
Jan Stoltz,1973,,M
Janusz Cichocki,1955,,M
Jan-Willem van Ewijk,1970,,M
Jarek Raczek,1974,,M
Jarrad Paul,1976,,M
Jarvis Cocker,1963,,M
Jaša Jamnik,1964,,M
Jasmila Žbanić,1974,,F
Jasmina Avramović,1960,,F
Jasmin Dizdar,1961,,M
Jasmine Trinca,1981,,F
Jasna Bilušić,1967,,F
Jasna Nanut,1975,,F
Jasna Žalica,1968,,F
Jasna Đuričić,1966,,F
Jason Connery,1963,,M
Jason Ferguson,,,M
Jason Flemyng,1966,,M
Jason Howden,1979,,M
Jason Isaacs,1963,,M
Jaspal Singh Sidhu,,,M
Jasper Cole,,,M
Jaume Balagueró,1968,,M
Jaume de Sans,1944,,M
Jaume Domènech,,,M
Jaume Ollé,,,M
Jaume Plensa,1955,,M
Jaume Sisa,1948,,M
Javi Camino,1982,,M
Javier Aguirre,1935,2019,M
Javier Ambrossi,1984,,M
Javier Balaguer,1961,,M
Javier Botet,1977,,M
Javier Calvo,1991,,M
Javier Cámara,1967,,M
Javier Corcuera,1967,,M
Javier Elorrieta,1950,,M
Javier Espada,,,M
Javier Esparza,1963,,M
Javier Fesser,1964,,M
Javier García Pelayo,,,M
Javier Gurruchaga,1958,,M
Javier Herrán,,,M
Javier Krahe,1944,2015,M
Javier Labrador Deulofeu,,,M
Javier Lago,,,M
Javier Mariscal,1950,,M
Javier Merino,1967,,M
Javier Morales Pérez,,,M
Javier Muñoz,1967,2021,M
Javier Páez,1955,,
Javier Perdiguero,1967,,M
Javier Portús,1961,,M
Javier Rebollo,1969,,M
Javier Ruiz Caldera,1976,,M
Javier Rupérez,1941,,M
Javier Solana,1942,,M
Javier Uranga,1925,2016,M
Javier Urquijo,1958,,M
Javi Prada,,,M
Javivi,1961,,M
Jawed Sheikh,1954,,M
Jayakrishnan Subramanian,1978,,M
Jay Bedwani,,,M
Jay Benedict,1951,2020,M
Jaymes Butler,1959,,M
Jayne County,1947,,TF
Jayne Houdyshell,1953,,F
Jay Stern,,,M
Jaz Coleman,1960,,M
Jazzie B,1963,,M
JD Alcázar,1979,,M
Jean Abeillé,1938,,M
Jean-Albert Lièvre,1961,,M
Jean-Baptiste Benoit,,,M
Jean-Baptiste de Laubier,1979,,M
Jean-Baptiste Durand,1985,,M
Jean-Baptiste Germain,1976,,M
Jean-Baptiste Malartre,1945,,M
Jean-Baptiste Thoret,1969,,M
Jean Baubérot,1941,,M
Jean Becker,1933,,M
Jean Benguigui,1944,,M
Jean Boiron Lajous,,,M
Jean Breschand,1959,,M
Jean Chatillon,,,M
Jean-Chrétien Sibertin-Blanc,1960,,M
Jean-Christophe Bouvet,1947,,M
Jean-Christophe Brétignière,1957,,M
Jean-Christophe Meurisse,1975,,M
Jean-Christophe Roger,,,M
Jean-Claude Arnaud,1931,,M
Jean-Claude Baudracco,1956,,M
Jean-Claude Bolle-Reddat,1949,,M
Jean-Claude Brialy,1933,,M
Jean-Claude Brisseau,1944,2019,M
Jean-Claude Carrière,1931,2021,M
Jean-Claude Cotillard,1946,,M
Jean-Claude de Goros,1939,,M
Jean-Claude Deret,1921,2016,M
Jean-Claude Donda,1949,,M
Jean-Claude Dreyfus,1946,,M
Jean-Claude Drouot,1938,,M
Jean-Claude Flamand-Barny,1965,,M
Jean-Claude Guillaume,,,M
Jean-Claude Jay,,,M
Jean-Claude Leguay,1955,,M
Jean-Claude Mailly,1953,,M
Jean-Claude Mauvoisin,,,M
Jean-Claude Petit,1943,,M
Jean-Claude Poirson,,,M
Jean-Claude van Damme,1960,,M
Jean d'Ormesson,1925,2017,M
Jean Dell,1961,,M
Jean Denizot,1979,,M
Jean Douchet,1929,2019,M
Jean Eckian,1945,,M
Jeanette,1951,,F
Jeanette Spassova,1962,,F
Jean Fernandez,,,M
Jean-François Balmer,1946,,M
Jean-François Causeret,,,M
Jean-François Davy,1945,,M
Jean-François Dérec,1947,,M
Jean-François Gallotte,1953,,M
Jean-François Garreaud,1946,,M
Jean-François Kopf,1949,,M
Jean-François Laguionie,1939,,M
Jean-François Lepetit,1953,,M
Jean-François Malet,1963,,M
Jean-François Perrone,1967,,M
Jean-François Richet,1966,,M
Jean-François Stévenin,1944,,M
Jean-François Tosti,1972,,M
Jean-Gabriel Nordmann,1947,,M
Jean Girel,1947,,M
Jean Gruault,1924,2015,M
Jean Hammenecker,1968,,M
Jean-Henri Compère,1960,,M
Jean-Henri Meunier,1949,2024,M
Jean-Henri Roger,1949,2012,M
Jean-Hugues Anglade,1955,,M
Jean-Jacques Annaud,1943,,M
Jean-Jacques Bourdin,1949,,M
Jean-Jacques Charbonier,1956,,M
Jean-Jacques Chardeau,1957,,M
Jean-Jacques Denis,1953,,M
Jean-Jacques Vanier,1954,,M
Jean-Jacques Zilbermann,1955,,M
Jean Kergrist,1940,2019,M
Jean Lassalle,1955,,M
Jean Lescot,1938,,M
Jean Libon,1946,,M
Jean-Loïc Portron,,,M
Jean-Louis Coulloc'h,1960,,M
Jean-Louis Gonterre,,,M
Jean-Louis Martinelli,1951,,M
Jean-Louis Richard,1927,,M
Jean-Louis Sbille,1948,,M
Jean-Louis Tribes,1952,,M
Jean-Louis Trintignant,1930,2022,M
Jean-Louis Vuillermoz,,,M
Jean-Loup Felicioli,1960,,M
Jean-Loup Horwitz,1954,,M
Jean-Luc Ayach,,,M
Jean-Luc Bideau,1940,,M
Jean-Luc Chevé,,,M
Jean-Luc Gaget,1958,,M
Jean-Luc Godard,1930,2022,M
Jean-Luc Kayser,1948,,M
Jean-Luc Lahaye,1952,,M
Jean-Luc Leon,1950,,M
Jean-Luc Mélenchon,1951,,M
Jean-Luc Piacentino,1955,,M
Jean-Luc Porraz,1953,,M
Jean-Marc Barr,1960,,M
Jean-Marc Généreux,1962,,M
Jean-Marc Peyrefitte,,,M
Jean-Marc Ravera,,,M
Jean-Marc Roulot,1955,,M
Jean-Marc Stehlé,1941,,M
Jean-Marc Thibault,1923,,M
Jean-Marie Besset,1959,,M
Jean-Marie Bigard,1954,,M
Jean-Marie Choffat,1956,,M
Jean-Marie Frin,1949,,M
Jean-Marie Galey,1947,,M
Jean-Marie Godet,1961,,M
Jean-Marie Gouëlou,,,M
Jean-Marie Larrieu,1965,,M
Jean-Marie Lecoq,1953,,M
Jean-Marie Le Scraigne,1920,2016,M
Jean-Marie Masse,1921,2015,M
Jean-Marie Poiré,1945,,M
Jean-Marie Winling,1947,,M
Jean Marlow,1932,2015,F
Jean-Michel Balthazar,1967,,M
Jean Michel Bamberger,1940,,M
Jean-Michel Ben Soussan,1968,,M
Jean-Michel Bertrand,1959,,M
Jean-Michel Correia,1964,,M
Jean-Michel Dubourg,,,M
Jean-Michel Hirt,,,M
Jean-Michel Lahmi,1959,,M
Jean-Michel Marnet,,,M
Jean-Michel Martial,1952,2019,M
Jean-Michel Molé,,,M
Jean-Michel Ribes,1946,,M
Jean-Michel Vovk,1961,,M
Jeanne Aslan,,,F
Jeanne Balibar,1968,,F
Jeanne Ferron,1952,,M
Jeanne Goupil,1950,,F
Jeanne Herry,1978,,M
Jeanne Hyvrard,1945,2021,F
Jeanne Mas,1958,,F
Jeanne Moreau,1928,,F
Jeannette Lee,,,F
Jean-Noël Brouté,1962,,M
Jean Ortiz,1948,2023,M
Jean Oury,1924,2014,M
Jean-Pascal Zadi,1980,,M
Jean-Patrick Benes,,,M
Jean-Patrick Gaviard,1949,,M
Jean-Paul Bathany,1958,,M
Jean-Paul Belmondo,1933,2021,M
Jean-Paul Bonnaire,1943,,M
Jean-Paul Bordes,1960,,M
Jean-Paul Civeyrac,1964,,M
Jean-Paul Comart,1953,,M
Jean-Paul Dix,,,M
Jean-Paul Gaultier,1952,,M
Jean-Paul Hirsch,,,M
Jean-Paul Julliand,1946,,M
Jean-Paul Mertinez,,,M
Jean-Paul Muel,1944,,M
Jean-Paul Rappeneau,1932,,M
Jean-Paul Rouve,1967,,M
Jean-Paul Salomé,1960,,M
Jean-Paul Solal,,,M
Jean Périssé,1946,,M
Jean-Philippe Bouyxou,1946,,M
Jean-Philippe Écoffey,1959,,M
Jean-Philippe Gaud,,,M
Jean-Philippe Jacquemin,,,M
Jean-Philippe Putaud,,,M
Jean-Philippe Puymartin,1960,,M
Jean Piat,1924,,M
Jean-Pierre Améris,1961,,M
Jean-Pierre Bacri,1951,,M
Jean-Pierre Becker,1958,,M
Jean-Pierre Bernard,1933,,M
Jean-Pierre Bernès,1957,,M
Jean-Pierre Bloc,,,M
Jean-Pierre Cassel,1932,,M
Jean-Pierre Castaldi,1944,,M
Jean-Pierre Clami,1948,,M
Jean-Pierre Cornu,1949,,M
Jean-Pierre Couton,1961,2024,M
Jean-Pierre Darroussin,1953,,M
Jean-Pierre Duret,1953,,M
Jean-Pierre Duval,1963,,M
Jean-Pierre Garnier,1940,,M
Jean-Pierre Igoux,,,M
Jean-Pierre Jorris,1925,,M
Jean-Pierre Kalfon,1938,,M
Jean-Pierre Léaud,1944,,M
Jean-Pierre Léonardini,1940,,M
Jean-Pierre Lorit,1960,,M
Jean-Pierre Mader,1955,,M
Jean-Pierre Malignon,1958,,M
Jean-Pierre Malo,1951,,M
Jean-Pierre Marielle,1932,,M
Jean-Pierre Mocky,1929,2019,M
Jean-Pierre Moulin,1933,,M
Jean-Pierre Papin,1963,,M
Jean-Pierre Pozzi,,,M
Jean-Pierre Savelli,1949,,M
Jean-Pierre Tagliaferri,1948,,M
Jean-Pierre Thorn,1947,,M
Jean-Pierre Valentin,1963,,M
Jean-Pierre Vincent,1942,,M
Jean-Pierre Winter,1951,,M
Jean-Pol Brissart,1950,2024,M
Jean-Pol Dubois,1951,,M
Jean Pommier,1922,2018,M
Jean Portante,1950,,M
Jean Pütz,1936,,M
Jean-Quentin Châtelain,1959,,M
Jean Rance,,,F
Jean-René Lemoine,1959,,M
Jean Reno,1948,,M
Jean Rochefort,1930,2017,M
Jean Rolin,1938,2010,M
Jean Sarrus,1945,,M
Jean Schultheis,1943,,M
Jean Sorel,1934,,M
Jean-Stéphane Bron,1969,,M
Jean-Stéphane Sauvaire,1968,,M
Jean Todt,1946,,M
Jean Trend,1935,,F
Jean Vanier,1928,2019,M
Jean Varela,1966,,M
Jean Yanne,1933,2003,M
Jean-Yves Arrivé,1953,,M
Jean-Yves Berteloot,1957,,M
Jean-Yves Bilien,1958,,M
Jean-Yves Chatelais,1953,,M
Jean-Yves Chilot,1956,,M
Jean-Yves Lafesse,1957,2021,M
Jean Ziegler,1934,,M
Jef Bayonne,1950,,M
Jeff Book,1965,,M
Jeff Bridges,1949,,M
Jeff Danziger,1943,,M
Jeffery Kissoon,1947,,M
Jeff Fahey,1952,,M
Jeff Goldblum,1952,,M
Jeff Koons,1955,,M
Jeff Lieberman,1947,,M
Jeff Mirza,1964,,M
Jeff Rawle,1951,,M
Jeffrey Alan Solomon,,,M
Jeffrey Dean Morgan,1966,,M
Jeffrey Tambor,1944,,M
Jeffrey Wright,1965,,M
Jelena Miholjević,1969,,F
Jennifer Black,,,F
Jennifer Devoldere,1974,,F
Jennifer Saunders,1958,,F
Jenny Agutter,1952,,F
Jenny Arasse,1948,,F
Jenny Bellay,1926,2020,F
Jenny Clève,1930,2023,F
Jenny Funnell,1963,,F
Jenny Löffler,1989,,F
Jenny Seagrove,1957,,F
Jens Albinus,1965,,M
Jens Andresen,1967,,M
Jens Becker,1963,,M
Jens Møller,,,M
Jens-Peter Fiedler,1967,,M
Jens Pfeifer,1976,,M
Jens Schanze,1971,,M
Jens Wark,,,M
Jens Wischnewski,1981,,M
Jérémie Degruson,,,M
Jérémie Elkaïm,1978,,M
Jérémie Périn,1978,,M
Jérémie Renier,1981,,M
Jeremy Banster,1973,,M
Jeremy Bulloch,1945,2020,M
Jérémy Clapin,1974,,M
Jeremy Corbyn,1945,,M
Jeremy Irons,1948,,M
Jeremy J.P. Fekete,1960,,M
Jeremy Jeffs,,,M
Jeremy Rifkin,1945,,M
Jeremy Siepmann,1942,2016,M
Jérémy Trouilh,,,M
Jeremy Wooding,,,M
Jeremy Zag,1985,,M
Jernej Kuntner,1970,,M
Jernej Šugman,1968,2017,M
Jeroen Jaspaert,,,M
Jérôme Anger,1958,,M
Jérôme Bonnell,1977,,M
Jérôme Commandeur,1976,,M
Jérôme Cornuau,1961,,M
Jérôme Deschamps,1947,,M
Jerome Hirthammer,1962,,M
Jérôme Kircher,1964,,M
Jérôme Le Gris,1971,,M
Jérôme Reybaud,1970,,M
Jerome S. Kaufmann,1924,2021,M
Jérôme Salle,1971,,M
Jérôme Soubeyrand,1961,,M
Jerrie Anderson,1961,,M
Jerry Lewis,1926,2017,M
Jerry P. Dyer,1959,,M
Jerry Potenza,1960,,M
Jerry Rothwell,1962,,M
Jerry Schatzberg,1927,,M
Jerry Seinfeld,1954,,M
Jerzy Radziwiłowicz,1950,,M
Jerzy Skolimowski,1938,,M
Jerzy Stuhr,1947,2024,M
Jerzy Walczak,1962,,M
Jesper Christensen,1948,,M
Jessica Harper,1949,,F
Jessica Hecht,1964,,F
Jessica Hynes,1972,,F
Jessica Krummacher,1978,,F
Jessica Palud,1982,,F
Jessica Swale,1982,,F
Jesús Barreda,1963,2023,M
Jesús Bonilla,1955,,M
Jesús Castejón,1956,,M
Jesús del Cerro,1969,,M
Jesús Font,,,M
Jesus Garces Lambert,1974,,M
Jesús García Ciordia,,,M
Jesús García de Dueñas,1939,2020,M
Jesús Guzmán,1926,2023,M
Jesús Iriarte Salinas,,,M
Jesús López Cobos,1940,2018,M
Jesús Munárriz,1940,,M
Jesús Pérez-Bilbao,1933,2017,M
Jesús Pérez Ocaña,1947,,M
Jesús Ponce,1971,,M
Jette Ostan Vejrup,1962,,M
Jevgenij Sitochin,1959,,M
Jézabel Marques,1973,,F
Jill Stanford,,,F
Jim-Adhi Limas,1937,,M
Jim Archer,,,M
Jim Broadbent,1949,,M
Jim Brown,1936,2023,M
Jim Calarco,1946,,M
Jim Carter,1948,,M
Jimena Coronado,1969,,F
Jim Estes,1945,,M
Jim Harrison,1937,2016,M
Jim Hosking,,,M
Jim Jarmusch,1953,,M
Jim Lovell,1928,,M
Jim Main,1959,,M
Jimmy Hibbert,1949,,M
Jimmy Page,1944,,M
Jimmy Yuill,1959,,M
Jim Norton,1938,,M
Jim O'Hanlon,1970,,M
Jim Rosenthal,1947,,M
Jim Sherwood,1942,2011,M
Jim Stark,1964,,F
Jim Sweeney,1956,,M
Joachim Berger,1961,,M
Joachim Bißmeier,1936,,M
Joachim Gauck,1940,,M
Joachim Kappl,1954,,M
Joachim Kerzel,1941,,M
Joachim Król,1957,,M
Joachim Kühn,1944,,M
Joachim Lang,1959,,M
Joachim Masannek,1960,,M
Joachim Nimtz,1957,,M
Joachim Raaf,1960,,M
Joachim Regelien,1941,,M
Joachim Schroeder,1964,,M
Joachim Steinhoefel,1962,,M
Joachim Tennstedt,1950,,M
Joana Biarnés,1935,2018,F
Joan Baez,1941,,F
Joan Botey,,,M
Joan Capdevila,,,M
Joan Chemla,1984,,F
Joan Collins,1933,,F
Joan Crosas,1947,,M
Joan Cusack,1962,,F
Joan Frank Charansonnet,1971,,M
Joan Hodges,,,F
Joan Manuel Gurillo,,,M
Joan Manuel Serrat,1943,,M
Joan Marc Zapata,1989,,M
Joan Margarit,1938,2021,M
Joanna Bacon,,,F
Joanna David,1947,,F
Joanna Hogg,1960,,F
Joanna Lumley,1946,,F
Joanna Monro,1956,,F
Joanna Scanlan,1961,,F
Joanne Bell,,,F
Joanne Howarth,,,F
Joann Sfar,1971,,M
Joan Pera,1948,,M
Joan Plowright,1929,,F
Joan Roca,1964,,M
Joan Tardà,1953,,M
Joan Vall Karsunke,1964,,M
Joan Verdú,,,M
João Cabral,1961,,M
João Donato,1934,2023,M
João Lagarto,1954,,M
Joaquim de Almeida,1957,,M
Joaquín Calderón,,,M
Joaquín Carmona Hidalgo,,,M
Joaquín Climent,1958,,M
Joaquín La Habana,1952,,M
Joaquín Mazón,1976,,M
Joaquín Notario,1959,,M
Joaquín Oristrell,1953,,M
Joaquín Sabina,1949,,M
Jo Béranger,,,M
Jo Brand,1957,,F
Jo Cameron Brown,1947,,F
Jocelyne Béroard,1954,,F
Jochen Alexander Freydank,1967,,M
Jochen Hick,1960,,M
Jochen Nickel,1959,,M
Jockel Tschiersch,1957,,M
Jo Deseure,1948,,F
Jodie Foster,1962,,F
Joe Cornish,1968,,M
Joe Dante,1946,,M
Joe Delia,1948,,M
Joe Elliott,1959,,M
Joe Eszterhas,1944,,M
Joël Clabault,,,M
Joël Dupuch,1955,,M
Joel Hopkins,1970,,M
Joël Jouanneau,1946,,M
Joelle Hélary,1957,,F
Joëlle Sevilla,1953,,F
Joel McKinnon Miller,1960,,M
Joel Olano,1968,,M
Joel Rogosin,1932,2020,M
Joël Seria,1936,,M
Joely Richardson,1965,,F
Joe McNamee,1926,2011,M
Joe Pearlman,,,M
Joe Penna,1987,,M
Joe Sheridan,,,M
Joe Stephenson,,,M
Joe Wright,1972,,M
Joey Arias,1949,,M
Joey Starr,1967,,M
Joey Zimmermann,1961,,M
Johan Cruijff,1947,2016,M
Johan Heldenbergh,1967,,M
Johan Leysen,1950,,M
Johanna Bittenbinder,1957,,F
Johanna Gastdorf,1959,,F
Johanna Pauline Maier,1976,,F
Johanna Schellhagen,,,F
Johanna Sunder-Plassmann,1983,,F
Johanna ter Steege,1961,,F
Johannes Fabrick,1958,,M
Johannes Flemming,,,M
Johannes Herrschmann,1959,,M
Johannes Maria Schmit,1981,,M
Johannes Meier,1984,,M
Johannes Naber,1971,,M
Johannes Nikolussi,1956,,M
Johannes Roberts,1976,,M
Johannes Schmid,1973,,M
Johannes Sievert,1968,,M
Johannes Silberschneider,1958,,M
Johannes Stüttgen,1945,,M
Johannes Suhm,1977,,M
Johann Schuler,1958,,M
Johan Simons,1946,,M
John Adams,,,M
John Arnold,1961,,M
John Berger,1926,2017,M
John Boorman,1933,,M
John C. Reilly,1965,,M
John Cameron Mitchell,1963,,NB
John Carroll Lynch,1963,,M
John Chapman,1955,,M
John Cleese,1939,,M
John Constantin Brâncusi Moore,1934,2016,M
John Corbett,1961,,M
John Crowley,1969,,M
John David Seidler,1977,,M
John Deacon,1951,,M
John Doman,1945,,M
John Edginton,,,M
John Erdman,1948,,M
John Finn,1952,,M
John Fleet,,,M
John Florescu,1954,,M
John Giorno,1936,2019,M
John Glover,1944,,M
John Goldschmidt,1943,,M
John Goodman,1952,,M
John Hannah,1962,,M
John Hardwick,1965,,M
John Hawkes,1959,,M
John Hay,1959,,M
John Henshaw,1951,,M
John Hurt,1940,2017,M
John Jencks,1978,,M
John Kavanagh,1946,,M
John Keogh,1963,,M
John Landis,1950,,M
John le Carré,1931,2020,M
John Lithgow,1945,,M
John Lydon,1956,,M
John Lynch,1961,,M
John Madden,1949,,M
John Maizels,1945,,M
John Malkovich,1953,,M
John McEnroe,1959,,M
John McGovern,1949,,M
John McLaughlin,1942,,M
John McPhail,,,M
John Michael McDonagh,1967,,M
John Miller,,,M
Johnny Depp,1963,,M
Johnny Hallyday,1943,,M
Johnny Kevorkian,1978,2020,M
Johnny Melville,1948,,M
John-Paul Davidson,,,M
John Paval,,,M
John Pilger,1939,2023,M
John R. Leonetti,1956,,M
John Rhys-Davies,1944,,M
John Rowe,1941,,M
John Savage,1949,,M
John Sessions,1953,2020,M
John Shackleton,,,M
John Slattery,1962,,M
John Snellinberg,?,?,?
John Stagliano,1951,,M
John Stahl,1953,2022,M
John Standing,1934,,M
John Taylor,1960,,M
John Terborgh,1936,,M
John Toshack,1949,,M
John Travolta,1954,,M
John Treleaven,1950,,M
John Turturro,1957,,M
John Waters,1946,,M
John Wax,,,M
John Williams,1932,,M
John Woodvine,1929,,M
Jolente De Keersmaeker,1967,,F
Jo Müller,,,M
Jonas Albrecht,1953,,M
Jonas Carpignano,1984,,M
Jonas Gernstl,1984,,M
Jonas Grosch,1981,,M
Jonas Rothlaender,1982,,M
Jonas Žnidaršič,1962,,M
Jonathan Albert Murphy,,,M
Jonathan Barré,1983,,M
Jonathan Brown,1939,2022,M
Jonathan Butterell,,,M
Jonathan Desoindre,,,M
Jonathan English,1969,,M
Jonathan Failla,1961,,M
Jonathan Frenzen,1959,,M
Jonathan Hughes,,,M
Jonathan Hyde,1948,,M
Jonathan Magnanti,,,M
Jonathan Nossiter,1961,,M
Jonathan Pryce,1947,,M
Jonathan Rose,,,M
Jonathan Teplitzky,,,M
Jon Brewer,1950,,M
Jon Cortegoso,1978,,M
Jon Drever,1979,,M
Jon Garaño,1974,,M
Jon Gries,1957,,M
Joniece Jamison,1955,,F
Jonis Bascir,1960,,M
Jon Juaristi,1951,,M
Jon Lee Anderson,1957,,M
Jonnie Malachi,,,M
Jonny Owen,1951,,M
Jono McLeod,,,M
Jon S. Baird,,,M
Jon Sanders,1943,,M
Jöns Jönsson,1981,,M
Jon Spira,1976,,M
Jon Viar,1985,,M
Jon Voight,1938,,M
Jon Wright,1971,,M
Joost Siedhoff,1926,2022,M
Jo Prestia,1960,,M
Jordi Banacolocha,1944,,M
Jordi Figueras,1962,,M
Jordi Frades,1961,,M
Jordi Grau,1930,2018,M
Jordi Llompart,1962,,M
Jordi Llovet,1947,,M
Jordi Marcos,,,M
Jordi Núñez,1991,,M
Jordi Rebellón,1957,2021,M
Jordi Rovira,1970,,M
Jordi Sánchez,1964,,M
Jörg A. Hoppe,1952,,M
Jörg Adae,1943,,M
Jörg Adolph,1967,,M
"Jorge ""Ilegal"" Martínez",1955,,M
Jorge Acebo Canedo,,,M
Jorge Alonso,,,M
Jorge Amat,1949,,M
Jorge Arenillas,1978,,M
Jorge Bosch,1967,,M
Jorge Cadaval,1960,,M
Jorge Coira,1971,,M
Jorge Dorado,1976,,M
Jorge Edwards,1931,2023,M
Jorge Enrique Botero,1956,,M
Jorge Grau,1930,2018,M
Jorge M. Fontana,,,M
Jorge Mario Bergoglio,1936,2025,M
Jorge Pardo,1963,,M
Jorge Peña,1978,,M
Jorge Perugorría,1965,,M
Jorge Rivera,,,M
Jorge Valdano,1955,,M
Jörg Graser,1951,,M
Jörg Haaßengier,1972,,M
Jörg Jannings,1930,2023,M
Jörg Janzer,1939,,M
Jörg Kleinau,1954,,M
Jörg Pose,1959,,M
Jörg Reichlin,1949,,M
Jörg Schüttauf,1961,,M
Jörg Seyer,1964,,M
Jörg Simmat,1959,,M
Jörg Tittel,1978,,M
Jörg-Werner Nowitzki,1943,,M
Jörg Witte,1964,,M
Jörg Zick,1952,,M
Jorma Kaukonen,1940,,M
José Alcala,1958,,M
José Andreu,1973,,M
José Ángel Egido,1951,,M
José Antonio Hergueta,1966,,M
José Antonio Lobato,1956,2020,M
José Antonio López de Espinosa,,,M
José Antonio Quirós,1963,,M
Joseba Ponce,,,M
José Bono,1950,,M
José Camello Manzano,1965,,M
José Carabias,1947,,M
José Carlos Domínguez,1966,,M
José Carlos Plaza,1954,,M
José Carreras,1946,,M
José Chaves,1959,,M
José Corbacho,1965,,M
José Coronado,1957,,M
José Da Silva,1961,,M
José de la Colina,1934,2019,M
José Dumont,1950,,M
Josée Dayan,1943,,F
Josée Drevon,1953,,F
José Eduardo,1945,,M
José F. Ortuño,1977,,M
Josef Bierbichler,1948,,M
Josef Hader,1962,,M
"Josefina Carrera Fernández ""Cuca""",1931,,F
Josefina Molina,1936,,F
Josef Kappl,1950,,M
Josef Lukás,1939,,M
Josef Michael Kreutzer,1952,,M
Josef Nadj,1957,,M
Josef Ostendorf,1956,,M
José Fosty,1919,2015,M
José Frade,1938,,M
Josef Sustar,1935,,M
Josef Weiss,1944,2020,M
José Garcia,1966,,M
José González,,,M
Josele Román,1946,,F
José Lifante,1943,2024,M
José Lopes,1958,2019,M
José Luis Aguirre,,,M
José Luis Cuerda,1947,2020,M
José Luis de Madariaga,1944,,M
José Luis Egea,1940,,M
José Luis Ferris,1960,,M
José Luis Galicia,1930,,M
José Luis Garci,1944,,M
José Luis García Berlanga,1955,,M
José Luis García Cossío,1962,,M
José Luis García Sánchez,1941,,M
José Luis Gil,1957,,M
José Luis Gómez,1940,,M
José Luis Guerín,1960,,M
José Luis López-Linares,1955,,M
José Luis Montesinos,1978,,M
José Luis Pecharromán,1970,,M
José Luis Rebordinos,1961,,M
José Luis Velázquez,,,M
José Manuel Caballero Bonald,1928,2021,M
José Manuel Cervino,1940,,M
José Manuel Fernández-Jardón,,,M
José Manuel García-Margallo,1944,,M
José Manuel Parada,1954,,M
José Manuel Valdés,1963,,M
José María Blanco,1935,,M
José María Galante,1948,2020,M
José María Íñigo,1942,2018,M
José María Peña,1962,,M
José María Setién,1928,2018,M
José María Zavala,1962,,M
José Mari Goenaga,1976,,M
Josema Yuste,1954,,M
José Mercé,1955,,M
José Mota,1965,,M
José Mujica,1935,,M
José Neto,1955,2023,M
Josep Abad,,,M
José Padilha,1967,,M
Joseph Bour,,,M
Joseph Hannesschläger,1962,2020,M
Joséphine de Meaux,1977,,F
Joséphine Derenne,1939,,F
Joséphine Kaboré,1933,,F
Joseph Joffo,1931,2018,M
Joseph Malerba,1962,,M
Joseph Morder,1959,,M
Joseph Mydell,1945,,M
Joseph Nenci,1979,,M
Joseph Rottner,,,M
Joseph Vilsmaier,1939,,M
Josep Maria Alejandre,,,M
Josep Maria Benet i Jornet,1940,2020,M
Josep Maria Domènech,1931,2017,M
Josep Maria Forn,1928,2021,M
Josep Maria Pou,1944,,M
Josep Seguí,,,M
José Ramón Alexanko,1956,,M
José Ramón Argoitia,1934,,M
José Ramón Capdevila,,,M
José Ramón Larraz,1929,2013,M
José Ramón Pardo,1949,,M
José Ramón Soroiz,1951,,M
José Sacristán,1937,,M
José Sáez Conejero,,,M
José Sánchez-Montes,1961,,M
José Sancho,1944,2013,M
José Semprún,,,M
José Skaf,1978,,M
José Torija,,,M
Josh Appignanesi,1975,,M
Josh Sagie,1966,,M
Josiane Balasko,1950,,F
Josiane Lévêque,1943,,F
Josiane Pinson,1957,,M
Josiane Stoléru,1949,,F
Josie Lawrence,1959,,F
Josie Rourke,1976,,F
Josip Žuvan,1987,,M
Josito Porto,1967,,M
Joss Ackland,1928,2023,M
Josué Ramos,,,M
Jos Verbist,1952,,M
Josyane Savigneau,1951,,F
Jota Linares,1982,,M
Joya Thome,1990,,F
Joyce A. Nashawati,,,F
Jožica Avbelj,1951,,F
József Bíró,1960,,M
József Bozai,1947,,M
József Dubecz,1950,,M
József Gyabronka,1953,,M
József Kelemen,1961,,M
József Kerekes,1962,,M
József Kiss,1962,,M
József Kovalik,1970,,M
József Pacskovszky,1961,,M
József Pólik,,,M
József Sipos,1953,,M
József Szarvas,1958,,M
József Tálos,1965,,M
József Tóth,1955,,M
József Varga,1965,,M
JR,1983,,M
Juana Cordero,1962,,F
Juan Alberto López,1962,,M
Juana Macías,1971,,F
Juan Antin,1969,,M
Juan Antonio Porto,1937,2021,M
Juan Bautista López,,,M
Juan Calot,,,M
Juan Carlos Corazza,1959,,M
Juan Carlos Garés,,,M
Juan Carlos Martín,1964,,M
Juan Carlos Medina,1977,,M
Juan Carlos Rubio,1967,,M
Juan Carlos Sánchez,,,M
Juan Carlos Villanueva,1959,,M
Juan Cavestany,1967,,M
Juan Cruz,1966,,M
Juan Diego,1942,2022,M
Juan Diego Botto,1975,,M
Juan Echanove,1961,,M
Juan Estelrich Jr.,1992,,M
Juanfer Andrés,1975,,M
Juan Fernández,1957,,M
Juan Francisco Viruega,1982,,M
Juan Gamero,,,M
Juan Gea,1953,,M
Juan González,1991,,M
Juani Santos Peréz,1949,,T
Juan Jesús García Galocha,1978,,M
Juan Jesús Valverde,1943,,M
Juanjo Artero,1965,,M
Juanjo Cucalón,1962,,M
Juanjo Puigcorbé,1955,,M
Juan José Ponce,,,M
Juan Lombardero,1949,,M
Juan Luis Arsuaga,1954,,M
Juan Luis Cebrián,1944,,M
Juanma Bajo Ulloa,1967,,M
Juanma López Iturriaga,1959,,M
Juan Manuel Chumilla-Carbajosa,1961,,M
Juan Manuel Cotelo,1966,,M
Juan Manuel Lara,1963,,M
Juan Manuel Sánchez Gordillo,1949,,M
Juan Manuel Villar Betancort,,,M
Juanma Pagazaurtundua,,,M
Juan Margallo,1940,,M
Juan Mari Arzak,1942,,M
Juan Mariné,1920,,M
Juanma Suárez,1974,,M
Juan Miguel del Castillo,1975,,M
Juan Motilla,1957,,M
Juan Moya,,,M
Juan Pablo Buscarini,1962,,M
Juan Palacios,1986,,M
Juan Pinzás,1955,,M
Juan Ribó,1952,,M
Juan Rueda,1963,,M
Juan Viadas,1952,,M
Juan Zavala,,,M
Jude Bauman,,,M
Judi Dench,1934,,F
Judit Csoma,1952,,F
Judith Abitbol,1958,,F
Judith Davis,1982,,F
Judit Hernádi,1956,,F
Judith Magre,1926,,F
Judith Roberts,1934,,F
Judit Meszléry,1941,,F
Judit Pogány,1944,,F
Judit Román,1964,,F
Judit Simon,,,F
Judy Davis,1955,,F
Judy Loe,1947,,F
Judy Parfitt,1935,,F
Judy Winter,1944,,F
Jule Böwe,1969,,F
Jule Ronstedt,1971,,F
Jules Williamson,,,F
Julia Baer,1859,1942,F
Julia C. Kaiser,1983,,F
Julia Deakin,1952,,F
Júlia de Paz,1995,,F
Julia Ducournau,1983,,F
Julia Gutiérrez Caba,1934,,F
Julia Horn,1961,,F
Julia Juániz,1956,,F
Julia Kassar,1963,,F
Julia Langhof,1981,,F
Julia McKenzie,1941,,F
Juliane Köhler,1965,,F
Juliane Lorenz,1957,,F
Julian Fellowes,1949,,M
Julian Firth,1960,,M
Julián Génisson,1982,,M
Julian Glover,1935,,M
Julian Grant,1960,,M
Julian Jarrold,1960,,M
Julian Köberer,1985,,M
Julianne Moore,1960,,F
Juliano Ribeiro Salgado,1974,,M
Julian Radlmaier,1984,,M
Julian Richings,1956,,M
Julian Sands,1958,2023,M
Julián Valcárcel,1966,,M
Julian Wadham,1958,,M
Julian Wildgruber,1981,,M
Julian Wittmann,1993,,M
Júlia Nyakó,1963,,F
Julia Ormond,1965,,F
Julia Varela,1942,,F
Julia von Heinz,1976,,F
Julia Ziesche,1985,,F
Juli Básti,1957,,F
Juli Cantó,1958,,M
Julie Arnold,1955,,F
Julie Bertuccelli,1968,,F
Julie Christie,1940,,F
Julie Delpy,1969,,F
Julie Guio,1950,,F
Julie Lopes-Curval,1972,,F
Julie Manoukian,1982,,F
Julien Abraham,1976,,M
Julien Chheng,,,M
Julien Clerc,1947,,M
Julien de Volte,,,M
Julien Dray,1955,,M
Julien Faraut,1978,,M
Julien Fournet,,,M
Julien Guetta,,,M
Julien Hallard,1974,,M
Julien Hervé,1974,,M
Julien Kramer,1962,,M
Julien Landais,1981,,M
Julien Leclercq,1979,,M
Julien Lenoir,,,M
Julien Maury,1978,,M
Julien Milanesi,,,M
Julien Neel,1976,,M
Julien Paolini,1986,,M
Julien Peron,,,M
Julien Rambaldi,1971,,M
Julien Rappeneau,1971,,M
Julien Rigoulot,1971,,M
Julien Samani,1989,,M
Julien Simonet,,,M
Julien Temple,1953,,M
Julien Thèves,,,M
Julien Weill,,,M
Julie Summers,1960,,F
Julie T. Wallace,1961,,F
Julieta Serrano,1933,,F
Julieta Szönyi,1949,,F
Juliet Cadzow,1951,,F
Juliet Stevenson,1956,,F
Juliette Binoche,1964,,F
Juliette Degenne,1960,,F
Juliette Plumecocq-Mech,1968,,F
Julie Walters,1950,,F
Juli Mira,1949,2024,M
Julio Arnau Catalá,,,M
Julio Betancur,1960,,M
Júlio Bressane,1946,,M
Julio César Sánchez,,,M
Julio de la Fuente,1961,,M
Julio Diamante,1930,2020,M
Julio Jung,1942,,M
Julio Lázaro,1957,2017,M
Julio Llamazares,1955,,M
Julio Mazarico,,,M
Julio Medem,1958,,M
Julio Soto Gurpide,,,M
Julio Suárez Maireles,1967,,M
Julita Salmerón,1935,,F
Julius Berg,1977,,M
Julius Stollberg,1941,,M
June Brown,1927,2022,F
June Rodgers,1959,,F
June Watson,1935,,F
June Whitfield,1925,2018,F
Juni Dahr,1953,,F
Jun Kunimura,1955,,M
Juraj Lerotić,1978,,M
Jürgen Blin,1943,2022,M
Jürgen Brügger,1936,,M
Jürgen Grislawski,1955,,M
Jürgen Haug,1948,,M
Jürgen Heinrich,1945,,M
Jürgen Holtz,1932,2020,M
Jürgen Kluckert,1943,2023,M
Jürgen Prochnow,1941,,M
Jürgen Rißmann,1963,,M
Jürgen Roters,1949,,M
Jürgen Schornagel,1939,,M
Jürgen Tarrach,1960,,M
Jürgen Thormann,1928,2024,M
Jürgen Tonkel,1962,,M
Jürgen Vogel,1968,,M
Jürgen Wittenstein,1919,2015,M
Jürgen Zeltinger,1949,,M
Jürg Löw,1946,,M
Jurij Gruden,1975,,M
Jurij Rosstalnyj,1960,,M
Jurij Schrader,1956,,M
Jussi Eerola,1969,,M
Justi Larrinaga,1953,,F
Justin Edgar,1971,,M
Justine Triet,1978,,F
Justin Kurzel,1974,,M
Justin Trefgarne,,,M
Justin Webster,,,M
Justo Molinero,1949,,M
Just Philippot,1982,,M
Justus Carrière,1956,,M
Justus von Dohnányi,1960,,M
Jutta Brings,1966,,F
Jutta Kausch,1952,,F
Jutta Wachowiak,1940,,F
Jutta Winkelmann,1949,2017,F
K. Prada,,,M
Kabir Bedi,1946,,M
Kadir Sözen,1964,,M
Kad Merad,1964,,M
Kai Groenwald,1967,,M
Kai Maria Steinkühler,1967,2021,M
Kai-Uwe Wedel,1961,,M
Kai Wessel,1961,,M
Kai Wiesinger,1966,,M
Kaki Wong,,,F
Kála Czupi,,,F
Kalle Schwensen,1953,,M
Kalli Struck,1946,,M
Kálmán Somody,1943,2015,M
Kamala Nagarayya,,,F
Kamau Kenyatta,1959,,M
Kamel El Basha,1962,,M
Kandido Uranga,1955,,M
Kanji Tsuda,1965,,M
Kao Chenmin,1953,,M
Kaori Momoi,1952,,F
Karel Hutěčka,1927,2020,M
Karen Böhne,1963,,F
Karen di Porto,1978,,F
Karen Gillan,1987,,F
Karen Guthrie,1970,,F
Kariem Saleh,,,M
Karim Achoui,1967,,M
Karim Aïnouz,1966,,M
Karim Belkhadra,1963,,M
Karim Dridi,1961,,M
Karim Moussaoui,1976,,M
Karina,1945,,F
Karin Bertling,1937,,F
Karin Dor,1938,2017,F
Karine Blanc,,,F
Karine Silla,1965,,F
Karin Friedrich,1925,2015,F
Karin Heine,1944,,F
Karin Johnson,1961,,F
Karin Jurschick,1959,,F
Karin Kaper,1959,,F
Karin Mück,,,F
Karin Neuhäuser,1955,,F
Karin Pfammatter,1962,,F
Karin Proia,1974,,F
Karin Steinberger,1967,,F
Karin Ugowski,1943,,F
Karin v. Matzenau,,,F
Karin Viard,1966,,F
Karl Fischer,1956,,M
Karl-Fred Müller,1958,2018,M
Karl Friedrich,1929,2021,M
Karl-Heinz Dellwo,1952,,M
Karl-Heinz Schulze,1937,,M
Karl Johnson,1948,,M
Karl Knaup,1950,,M
Karl Kranzkowski,1953,,M
Karl Lagerfeld,1933,2019,M
Karl Lauterbach,1963,,M
Karl Markovics,1963,,M
Karlos Arguiñano,1948,,M
Karl-Walter Sprungala,1957,2022,M
Karmele Aranburu,1963,,F
Karmele Larrinaga,1964,,F
Karole Rocher,1974,,F
Karoline Herfurth,1984,,F
Károly Eperjes,1954,,M
Károly Gesztesi,1963,2020,M
Károly Nemcsák,1957,,M
Károly Szerencsés,1960,,M
Károly Ujj Mészáros,1968,,M
Károly Váry,1956,,M
Karra Elejalde,1960,,M
Karsten Dahlem,1975,,M
Karsten Krause,1980,,M
Karsten Speck,1960,,M
Karyn von Ostholt-Haas,1938,,F
Kasem Hoxha,1968,,M
Kaspar Eichel,1942,,M
Kata Dobó,1974,,F
Katalin Andai,1948,,F
Katalin Gyöngyössy,1940,,F
Katalin Lőrincz,1957,,F
Katalin Moldovai,1982,,F
Katalin Takács,1951,,F
Katalin Udvarias,1953,,F
Kata Oláh,1966,,F
Katarina Bistrović-Darvaš,1972,,F
Katarina Klaffs,1967,,F
Kate Duchêne,1959,,F
Katell Quillévéré,1980,,F
Kate Trotter,1953,,F
Katharina Blaschke,1956,,F
Katharina Linder,1961,,F
Katharina Marie Schubert,1977,,F
Katharina Matz,1930,2021,F
Katharina Mihm,1983,,F
Katharina Schöde,1974,,F
Katharina Schütz,1956,,F
Katharina Sieverding,1944,,F
Katharina Thalbach,1954,,F
Katharina Wackernagel,1978,,F
Katharina Woll,1984,,F
Katherine Erhardy,1959,,F
Kathleen Renish,1956,,F
Kathleen Turner,1954,,F
Kathryn Hunter,1957,,F
Kathy Bates,1948,,F
Kathy LeMond,1960,,F
Kathy Valentine,1959,,F
Katia Bernardi,1973,,F
Katia Lewkowicz,1973,,F
Kati Andai,1948,,F
Kati Andresz,1955,2023,F
Katia Ricciarelli,1946,,F
Katia Tchenko,1947,,F
Katija Zubčić,1952,,F
Kati Lázár,1948,,F
Katinka Faragó,1936,2024,F
Kati Sólyom,1940,,F
Kati Zsurzs,1955,,F
Katja Benrath,1979,,F
Katja Colja,,,F
Katja Levstik,1944,,F
Katja Riemann,1963,,F
Katja von Garnier,1966,,F
Katrin Schlösser,1965,,F
Katrin Seybold,1943,2012,F
Katy Karrenbauer,1962,,F
Kaushalaya Fernando,?,,F
Kazim Abdullayev,1953,,M
Kazim Demirbas,1962,,M
Keith Allen,1953,,M
Keith Brymer Jones,1965,,M
Keith Carradine,1949,,M
Keith Chanter,,,M
Keith Christiansen,1947,,M
Keith English,1961,,M
Keith Farrell,,,M
Keith Richards,1943,,M
Keith Scholey,1957,,M
Kelly Preston,1962,,F
Kelsey Grammer,1955,,M
Kembra Pfahler,1961,,F
Ken Auletta,1942,,M
Ken Blackburn,1935,,M
Ken Davitian,1953,,M
Ken Drury,1950,,M
Ken Jones,1931,2019,M
Ken Loach,1936,,M
Ken Merrett,,,M
Kenneth Branagh,1960,,M
Kenneth Colley,1937,,M
Kenneth Cranham,1944,,M
Kenneth Hadley,,,M
Kenneth Herdigein,1959,,M
Kenneth Welsh,1942,2022,M
Kenny Baker,1934,2016,M
Kenny Dalglish,1951,,M
Ken Ramsden,1945,,M
Ken Scott,1970,,M
Ken Smith,1947,,M
Ken Stott,1954,,M
Kenton Hall,1976,,M
Ken Wardrop,1973,,M
Kepa Cueto,1959,,M
Kepa Sojo,1968,,M
Keren Ben Rafael,1978,,F
Keri Collins,1978,,F
Kerry Fox,1966,,F
Kerry Shale,1952,,M
Kerry Skinner,,,F
Kerstin Ahlrichs,1966,,F
Kerstin de Ahna,1935,,F
Kerstin Graßmann,1959,,F
Kerstin Polte,1975,,F
Kevin Allen,1959,,M
Kevin Kline,1947,,M
Kevin MacDonald,1967,,M
Kevin McNally,1956,,M
Kévin Ossona,,,M
Kevin Ratcliffe,1960,,M
Kevin Rowland,1953,,M
Kevin Spacey,1959,,M
Kevork Malikyan,1943,,M
Khaled Ghorbal,1950,,M
Khaled Houissa,1953,,M
Khaled Kaissar,1986,,M
Khalifa Natour,1953,,M
Khavn,1973,,M
Kheiron,1982,,M
Kida Khodr Ramadan,1976,,M
Kieran Evans,1969,,M
Kiev Stingl,1943,2024,M
Kike Biguri,1964,,M
Kike Maíllo,1975,,M
Kiko Veneno,1952,,M
Kim Basinger,1953,,F
Kim Burdon,,,M
Kim Cattrall,1956,,F
Kim Chapiron,1980,,M
Kim Gordon,1953,,F
Kim Hopkins,,,F
Kim Leggatt,1967,,F
Kim Rossi Stuart,1969,,M
Kim Seligsohn,1965,,F
Kim Wilde,1960,,F
Kira Perov,,,F
Kirin Kiki,1943,2018,F
Kirsten Block,1960,,F
Kirsty Bell,,,F
Kirsty MacDonald,,,F
Kiti Mánver,1953,,F
Kiyoshi Kurosawa,1955,,M
Kjersti Fjeldstad,1952,,F
Klara Höfels,1949,2022,F
Klaus B. Wolf,1964,,M
Klaus-Dieter Lehmann,1940,,M
Klaus Friedrich,,,M
Klaus Iohannis,1959,,M
Klaus-Jürgen Tillmann,1944,,M
Klaus Kinkel,1936,2019,M
Klaus Maeck,1954,,M
Klaus Manchen,1936,2024,M
Klaus Maria Brandauer,1943,,M
Klaus Martens,1954,,M
Klaus Meine,1948,,M
Klaus Peeck,1947,,M
Klaus-Peter Grap,1958,,M
Klaus Rohrmoser,1953,,M
Klaus Scheidsteger,1954,,M
Klaus Schlesinger,1937,2001,M
Klaus Schumann,1937,,M
Klaus Staeck,1938,,M
Klaus Wyborny,1945,,M
Klaus Zmorek,1957,,M
Kleber Mendonça Filho,1968,,M
Koldo Amandoz,1973,,M
Koldo Serra,1975,,M
Kolya Reichart,1982,,M
Kong Nay,1944,2024,M
Konrád Quintus,1960,,M
Konstantin Wecker,1947,,M
Koraljka Kos,1934,,F
Kordula Hildebrandt,,,F
Kornelia Boje,1942,,F
Kornél Mundruczó,1975,,M
Kornél Pusztaszeri,1960,,M
Kôsei Ono,1939,,M
Kostas Laskos,,2021,M
Kostia Testut,1980,,M
Krischa Weber,1961,,F
Kris Kwiat,1996,,M
Kristian Gianfreda,1976,,M
Kristian Gründling,,,M
Kristijan Milić,1969,,M
Kristina De Coninck,1961,,F
Kristina Schippling,1983,,F
Kristin Hersh,1966,,F
Kristin Scott Thomas,1960,,F
Kristóf Deák,1982,,M
Kristoffer Nyholm,1951,,M
Kristóf Jurik,1990,,M
Kristoph Tassin,,,M
Krisztián Bárány,1984,,M
Krisztina Goda,1970,,F
Krisztina Szalay,1963,,F
Krisztina Tóth,1967,,F
Krisztina Urbanovits,1970,,F
Krunoslav Belko,1971,,M
Krunoslav Heidler,1932,2019,M
Krunoslav Šarić,1944,2023,M
Krystyna Zaorska,1930,,F
Krzysztof Bednarski,1953,,M
Krzysztof Zanussi,1939,,M
Ksenija Marinković,1966,,F
Ksenija Pajić,1961,,F
Kuddel,1964,,M
Kurt Biedenkopf,1930,2021,M
Kurt Heilbronn,1951,,M
Kurt Oesterle,1955,,M
Kwang-rok Oh,1962,,M
Kyōko Koizumi,1966,,F
Kyōzō Nagatsuka,1966,,F
Kyra Steckeweh,1984,,F
L. Scott Caldwell,1950,,F
La Castou,1948,,F
La Chana,1946,,F
Ladislas Chollat,1975,,M
Ladj Ly,1978,,M
Lado Jakša,1959,,M
Laercio de Freitas,1941,,M
Laetitia Carton,1974,,F
Laetitia Colombani,1976,,F
Laetitia Masson,1966,,F
Laila Ripoll,1964,,F
Lajos Butsy,1949,,M
Lajos Kassai,1960,,M
Lajos Koltai,1946,,M
Lajos Kovács,1944,,M
Lajos Ottó Horváth,1963,,M
Lallo Circosta,1968,,M
Lalor Roddy,1954,,M
Lamberto Bava,1944,,M
Lamberto Sanfelice,?,,M
Lambert Wilson,1958,,M
Lamine Diakite,,,M
Lamine N'Diaye,1956,,M
Lana Love,,,F
Lance Henriksen,1940,,M
Landelino Lavilla,1934,2020,M
Lando Buzzanca,1935,2022,M
Lara Hewitt,,,F
Lara Izagirre,1985,,F
Lar Park Lincoln,1961,,F
Larrington Walker,1946,2017,M
Larry Clark,1943,,M
Larry Edelson,1954,2017,M
Larry Lamb,1947,,M
Larry Lloyd,1948,,M
Larry Mullen Jr,1961,,M
Larry Rew,1947,2022,M
Lars Barthel,1953,,M
Lars Brygmann,1957,,M
Lars Büchel,1966,,M
Lars Gmehling,,,M
Lars Henning,1976,,M
Lars Jessen,1969,,M
Lars Kraume,1973,,M
Lars Montag,1971,,M
Lars Oppermann,1973,,M
Lars Rudolph,1966,,M
Lars von Trier,1956,,M
Lásló Szabó,1936,,M
László Baranyi,1927,,M
László Barna,,,M
László Bartók,1955,,M
László Bolyki,1963,,M
László Csuja,1984,,M
László feLugossy,1947,,M
László Földes,1945,,M
László Gálffi,1952,,M
László Görög,1964,,M
László Hadházi,1964,,M
László Horányi,1951,,M
László Illés,1987,,M
László Janik,1965,,M
László Keszég,1970,,M
László Konter,1944,2023,M
László Krasznahorkai,1954,,M
László Kriskó,1965,,M
László Láner,1956,,M
László Lippai,1959,2022,M
László Melis,1953,2018,M
László Miske,1935,,M
László Nemes,1977,,M
László Quitt,1962,2022,M
László Szabó,1936,,M
László Szacsvay,1947,,M
László Szakács,1961,,M
László Tahi Tóth,1944,2018,M
László Ujréti,1942,,M
László Valiszka,1970,,M
Latifa Ibn Ziaten,1960,,F
Laura Álvarez Soler,,,F
Laura Alvea,1976,,F
Laura Balzer,1993,,F
Laura Benson,,,F
Laura Betti,1927,,F
Laura Bispuri,1977,,F
Laura Cepeda,1953,,F
Laura Chiossone,1974,,F
Laura Colombo,1954,,F
Laura del Sol,1961,,F
Laura Dern,1967,,F
Laura Efrikian,1940,,F
Laura Ferrés,1989,,F
Laura García Andreu,,,F
Laura García Lorca,1953,,F
Laura Halilovic,1989,,F
Laura Harwarth,1989,,F
Laura Hojman,1981,,F
Laura Jou,1969,,F
Laura June Hudson,,,F
Laura Lackmann,1979,,F
Laura Laperrousaz,,,F
Laura Lehmus,1972,,F
Laura Luchetti,1969,,F
Laura-Maria Ilie,,,F
Laura Morante,1956,,F
Laura Pons,1945,,F
Laura Soveral,1933,2018,F
Laura Thies,1984,,F
Laure Adler,1950,,F
Laure Bessi,,,F
Laure de Clermont-Tonnerre,1983,,F
Laure Duthilleul,1959,,F
Laurence Burton,1944,,M
Laurence Côte,1966,,F
Laurence Masliah,1958,,F
Laurence Myers,1936,,M
Laurence-Pauline Boileau,,,F
Laurence Roy,1949,,F
Laurent Bateau,1964,,M
Laurent Bouhnik,1961,,M
Laurent Bouneau,1965,,M
Laurent Brard,1971,,M
Laurent Bru,,,M
Laurent Cantet,1961,2024,M
Laurent Cirade,1963,,M
Laurent Claret,1951,,M
Laurent Dassault,1953,,M
Laurent Delahousse,1969,,M
Laurent Firode,1963,,M
Laurent Gamelon,1960,,M
Laurent Gerra,1967,,M
Laurent Grévill,1961,,M
Laurent Heynemann,1948,,M
Laurentine Milebo,1952,2015,F
Laurențiu Damian,1956,,M
Laurențiu Lazăr,1953,,M
Laurent Junca,,,M
Laurent Korcia,1964,,M
Laurent Laffargue,1969,,M
Laurent Lafitte,1973,,M
Laurent Larivière,1972,,M
Laurent Lucas,1965,,M
Laurent Morteau,1965,,M
Laurent Natrella,1964,,M
Laurent Olmedo,1963,,M
Laurent Pasquier,1966,,M
Laurent Petitgirard,1950,,M
Laurent Poitrenaux,1967,,M
Laurent Queralt,,,M
Laurent Romanelli,1946,,M
Laurent Terzieff,1935,2010,M
Laurent Teyssier,,,M
Laurent Tirard,1967,,M
Laurent Tuel,1966,,M
Laurent Van Wetter,1963,,M
Lauriane Escaffre,1978,,F
Laurie Anderson,1947,,F
Laurie Goode,1945,,F
Laurie Lipton,1953,,F
Lavinia Wilson,1980,,F
Lawrence Ferlinghetti,1919,2021,M
Lawrence Richards,1981,,M
Layke Anderson,1983,,M
Lazar Ristovski,1952,,M
Léa Domenach,1983,,F
Léa Fazer,1965,,F
Léa Fehner,1981,,F
Léa Mysius,1989,,F
Leander Haußmann,1959,,M
Leandro Picarelli,,,M
Lea Schmidbauer,1971,,F
Lech Kowalski,1951,,M
"Lee ""Scratch"" Perry",1936,2021,M
Lee Cooper,,,M
Lee Delong,1963,,F
Lee Dixon,1964,,M
Leee Black Childers,1945,2014,M
Lee Haven Jones,1976,,M
Leena Yadav,1971,,F
Lehel Salat,1959,,M
Leïla Férault-Lévy,,,F
Leila Hoffman,1934,,F
Leïla Shahid,1949,,F
Lela Margitić,1941,,F
Leland Orser,1960,,M
Lello Arena,1953,,M
Lemmy,1945,2015,M
Lena Endre,1955,,F
Lena Knauss,1984,,F
Lena Lessing,1960,,F
Lena May Graf,1987,,F
Lena Politeo,1930,2014,F
Lena Stahl,1979,,F
Lena Stolze,1956,,F
Lennart Ruff,1986,,M
Lenny Abrahamson,1966,,M
Leo Antadze,1932,,M
Leo Bassi,1952,,M
Leo Bud Welch,1932,2017,M
Leo Gullotta,1946,,M
Leo Harlem,1965,,M
Leo Hepner,1930,2015,M
Leo Leigh,1981,,M
Léo Marchand,,,M
Leonardo Castellani,1953,,M
Leonardo D'Agostini,1977,,M
Leonardo Di Costanzo,1958,,M
Leonardo Larocca,,,M
Leonardo Pieraccioni,1965,,M
Leonardo Tonitza,,,M
Leone Di Lernia,1938,2017,M
Leone Pompucci,1961,,M
Leon Herbert,1955,,M
Leonie Krippendorff,1985,,F
Leonie Stade,1988,,F
Leon Lučev,1970,,M
León Molina,1959,,M
Léonor Serraille,1986,,F
Léopold Legrand,,,M
Leopoldo Pescatore,?,,M
Leopold von Verschuer,1961,,M
Leo Wolfenstein,,,M
Les Dennis,1954,,M
Lesley-Ann Jones,1956,,F
Lesley Ashton,,,F
Lesley Manville,1956,,F
Lesley Nicol,1953,,F
Leslie Ash,1960,,F
Leslie Franke,,,F
Leslie Kaplan,1943,,F
Leslie Malton,1958,,F
Letizia Bellocchio,,,F
Letizia Lamartire,1987,,F
Levente Harsányi,1970,,M
Levente Király,1937,2024,M
Levente Nagy Borús,,,M
Levente Nemes,1939,,M
Levente Törköly,1965,,M
Levi Roots,1958,,M
Lev L. Spiro,,,M
Levon Minasian,1953,,M
Lew Hohmann,1944,,M
Lewis Eizykman,,,M
Lia Akhedjakova,1938,,F
Lia Koenig,1929,,F
Liam Cunningham,1961,,M
Liam Neeson,1952,,M
Liana Marabini,1957,,F
Liana Mărgineanu,1941,,F
Liane Foly,1962,,F
Lia Pokorny,1971,,F
Liberace,1919,1987,M
Lidewij Edelkoort,1950,,M
Lidia Ascari,1925,2020,F
Lidia Falcón,1935,,F
Lidia Terki,,,F
Ligia Ciornei,,,F
Lilay Huser,1958,,F
Liliana Cavani,1933,,F
Liliana Oricchio Vallasciani,1938,,F
Liliana Pană,1964,,F
Liliane de Kermadec,1928,2020,F
Liliane Kandel,1933,,F
Liliane Montevecchi,1932,2018,F
Liliane Rovère,1933,,F
Lili Fini Zanuck,1954,,F
Lili Horvát,1982,,F
Lili Monori,1945,,F
Lilla Mátis,1948,,F
Lilliana Vitale,?,,F
Lilly Engel,1974,,F
Lily Tirinnanzi,1938,,F
Lina Bernardi,1938,,F
Linal Haft,1945,,M
Lina Sastri,1953,,F
Lina Wendel,1965,,F
Lina Wertmüller,1928,2021,F
Linda Bassett,1950,,F
Linda Gail Lewis,1947,,F
Linda Lavin,1937,2024,F
Lindsay Duncan,1950,,F
Line Renaud,1928,,F
Lino Banfi,1936,,M
Lino Capolicchio,1943,2022,M
Lino Escalera,1975,,M
Linus de Paoli,1982,,M
Linus Roache,1964,,M
Lio,1962,,F
Lionel Abelanski,1964,,M
Lionel Baillemont,1957,,M
Lionel Batiste,1931,2012,M
Lionel Rosso,1967,,M
Lionel Steketee,1964,,M
Lionel Tua,1962,,M
Lionnel Astier,1953,,M
Lior Ashkenazi,1968,,M
Lisa Adler,1962,,F
Lisa Azuelos,1965,,F
Lisa Barros D'Sa,1974,,F
Lisa Bierwirth,1983,,F
Lisa Bosi,,,F
Lisa Bronwyn Moore,1965,,F
Lisa Eichorn,1952,,F
Lisa Heredia,1956,,F
Lisa Kreuzer,1945,,F
Lisa Langseth,1975,,F
Lisa Livane,1945,,F
Lise Akoka,,,F
Lisei Caspers,1983,,F
Lise Lamétrie,1955,,F
Liselotte Dreyfeldt-Hein,1921,,F
Lisette Malidor,1944,,F
Lissy Tempelhof,1929,2017,F
Lita Claver,1945,,F
Liudmyla Smorodina,1957,,F
Lívia Bertha,,,F
Livia Bonifazi,1967,,F
Livia De Paolis,,,F
Lívia Révész,1927,,F
Livio Badurina,1965,,M
Liviu Dragnea,1962,,M
Liviu Rotman,1947,,M
Liviu Sandulescu,1972,,M
Liviu Tofan,1948,,M
Liv Ullmann,1938,,F
Lixin Fan,1977,,M
Liza Ross,1941,,F
Liz Lobato,1967,,F
Lizzie MacKenzie,,,F
Lizzy McInnerny,1960,,F
Ljasuk Dimitry,1978,,M
Ljerka Belak,1948,2021,F
Ljerka Prekratić,1924,2015,F
Ljiljana Bogojević,1962,,F
Ljubomir Kerekeš,1960,,M
Ljubo Zdjelarević,1981,,M
Ljubo Zečević,1958,,M
Ljupcho Todorovski,1956,2021,M
Lloyd Kaufman,1945,,M
Lloyd Stanton,1965,,M
Lluïsa Mallol,1961,,F
Lluís Baulida,,,M
Lluís Danés,1972,,M
Lluís Homar,1957,,M
Lluís Marco,1946,,M
Lluís Miñarro,1949,,M
Lluís Miquel Campos,1944,2023,M
Lluís Pasqual,1951,,M
Lluís Soler,1954,,M
Llum Quiñonero,1954,,F
Loïc Paillard,,,M
Loïc Pichon,1943,,M
Loïk Dury,1962,,M
Lois Patiño,1983,,M
Lokman Slim,1962,2021,M
Lola Casamayor,1958,,F
Lola Cordón,,,F
Lola Herrera,1935,,F
LolaMoltó,,,F
Lola Moltó,,,F
Lola Plass,,,F
Lola Randl,1980,,F
Loles León,1950,,F
Loli Astoreka,1958,,F
Lolita Flores,1958,,F
Lollo Franco,1949,,M
Lone Fleming,1945,,F
Lone Scherfig,1959,,F
Loránd Mertz,1951,,M
Lorcan Cranitch,1959,,M
Loredana Bertè,1950,,F
Lorella Cravotta,1958,,F
Lorenza Garcia,,,F
Lorenza Guerrieri,1944,,F
Lorenza Indovina,1966,,F
Lorenza Machín,1946,,F
Lorenza Mazzetti,1927,2020,F
Lorenzo Acquaviva,1968,,M
Lorenzo Adorisio,1962,,M
Lorenzo Bianchini,1970,,M
Lorenzo Borghini,1988,,M
Lorenzo Cherubini Jovanotti,1966,,M
Lorenzo D'Amelio,,,M
Lorenzo d'Amico de Carvalho,1981,,M
Lorenzo Gioielli,1961,,M
Lorenzo Mattotti,1954,,M
Lorenzo Raponi,1986,,M
Lorenzo Rossi Espagnet,1982,,M
Lorenzo Silva,1966,,M
Lores Espinosa,,,F
Lore Stefanek,1943,,F
Loreta Tovar,1952,,F
Loretta Goggi,1950,,F
Loretta Micheloni,,,F
Lori Butler,,,F
Loris Loddi,1957,,M
Lorna Tucker,1981,,F
Lorraine Ashbourne,1961,,F
Lorraine Hilton,,,F
Lorraine Kelly,1959,,F
Lorraine Levy,1964,,F
Lothaire Bluteau,1957,,M
Lothar Herzog,1977,,M
Lothar König,1954,,M
Lothar Thiel,1953,,M
Lou Castel,1943,,M
Louda Ben Salah,1988,,M
Lou Diamond Phillips,1962,,M
Lou Ferrigno,1951,,M
Louis Cane,1943,2024,M
Louis Clichy,1977,,M
Louis-Do de Lencquesaing,1963,,M
Louise Godbold,,,F
Louis Emerick,1960,,M
Louise Osmond,,,F
Louis Garrel,1983,,M
Louisiana Red,1932,2012,M
Louis-Julien Petit,1983,,M
Louis Leterrier,1973,,M
Louis Myles,,,M
Louis Nero,1976,,M
Louis Sarno,1954,2017,M
Lourdes de Orduña,1953,,F
Lou Reed,1942,2013,M
Lowell Davis,1939,,M
Luan Jaha,1967,,M
Lubna Playoust,1982,,F
Luca Barbareschi,1956,,M
Luca Bercovici,1957,,M
Luca Biglione,,,M
Luca Facchini,1969,,M
Luca Guadagnino,1971,,M
Luca Immesi,1974,,M
Luca Lombardo,1960,,M
Luca Lucini,1967,,M
Luca Magi,1976,,M
Luca Manfredi,1958,,M
Luca Miniero,1967,,M
Luc-Antoine Diquéro,1956,,M
Luca Rea,1971,,M
Luca Sabin,1942,,M
Lucas Belvaux,1961,,M
Lucas Bernard,1979,,M
Luca Scivoletto,1979,,M
Lucas Delangle,1987,,M
Luca Toracca,,,M
Luca Tornatore,,,M
Luca Vecchi,1985,,M
Luca Vendruscolo,1966,,M
Luca Ward,1960,,M
Luca Zingaretti,1961,,M
Luc Besson,1959,,M
Luc Bricault,,,M
Luc Decaster,,,M
Luce Mouchel,1963,,F
Lucero Tena,1938,,F
Luc Feit,1962,,M
Lucia Barahona,,,F
Lucia Batassa,1947,,F
Lucia Bosè,1931,2020,F
Lucia Chiarla,1970,,F
Lucia Guzzardi,1927,,F
Lucian Iancu,1940,2024,M
Lucian Ifrim,1969,,M
Luciano Curreli,1965,,M
Luciano De Crescenzo,1928,2019,M
Luciano Ligabue,1960,,M
Luciano Luminelli,1962,,M
Luciano Manzalini,1952,,M
Luciano Miele,1959,,M
Lucian Pavel,1967,,M
Lucía Puenzo,1976,,F
Lucia Ragni,1951,2016,F
Lucia Sardo,1952,,F
Lucía Tello Díaz,,,F
Lucía Topolansky,1944,,F
Lucia Vasini,1955,,F
Lucia Zanettin,1964,,F
Lucica Ciobanu,1954,,F
Lucie Assemat,,,F
Lucie Borleteau,1980,,F
Lucien Castaing-Taylor,1966,,M
Lucien Jean-Baptiste,1964,,M
Lucienne Hamon,1930,,F
Lucienne Moreau,1933,,F
Lucien Pascal,1906,,M
Lucija Stojevic,,,F
Lucio Ciotola,1957,,M
Lucio Dalla,1943,2012,M
Lucio Gaudino,1953,,M
Luc Jacquet,1967,,M
Luc Long,1953,,M
Luc Merenda,1943,,M
Luc Moulet,1937,,M
Luc Palun,1961,,M
Luc Picard,1961,,M
Lucreția Mandric,1948,,F
Lucy Briers,1967,,F
Lucy Martin,1942,,F
Lucy Salani,1924,2023,T
Ludger Pistor,1959,,M
Ludger Tenryu Tenbreul,1956,,M
Ludmila Mikaël,1947,,F
Ludmila Zeman,1947,,M
Ludovica Modugno,1949,2021,F
Ludovic Bergery,,,M
Ludovic Bernard,1970,,M
Ludovic Boukherma,1992,,M
Ludovic Cantais,1969,,M
Ludovic Colbeau-Justin,1972,,M
Ludvik Bagari,1965,,M
Ludwig Shammasian,,,M
Luigi Angiuli,1939,2017,M
Luigi Attrice,?,,M
Luigi Ciaravola Gigione,1944,,M
Luigi Ciotti,1945,,M
Luigi Cozzi,1947,,M
Luigi D'Alife,1986,,M
Luigi Delladio,?,2020,M
Luigi De Luca,?,,M
Luigi Diberti,1939,,M
Luigi Lo Cascio,1967,,M
Luigi Maria Burruano,1945,2017,M
Luisa Cantero,1924,2022,F
Luisa De Santis,1944,,F
Luisa Gavasa,1951,,F
Luis Alberto García,1961,,M
Luis Alegre,1962,,M
Luisa Merelas,1958,,F
Luisanna Pandolfi,1960,,F
Luis Antonio de Villena,1951,,M
Luisa Porrino,,,F
Luis Arrieta Etxeberría,1983,,M
Luis Bermejo,1969,,M
Luis Centeno,,,M
Luise Brinkmann,1985,,F
Luise Deschauer,1938,2023,F
Luis Eduardo Aute,1943,2020,M
Luise Kinseher,1969,,F
Luis Fernández de Eribe,1949,,M
Luis Fernández-Jardón,,,M
Luis Fernando Alvés,1961,,M
Luis García Montero,1958,,M
Luís Gibert,,,M
Luis Guzmán,1956,,M
Luis Hostalot,1951,,M
Luisi Bodega,1958,,F
Luis Iriondo,1931,2017,M
Luisje Moyano,1978,,M
Luis López Carrasco,1981,,M
Luís Lucas,1952,,M
Luis Mancha,,,M
Luis María Anson,1935,,M
Luis María Ferrández,1977,,M
Luis Marías,1962,,M
Luís Miguel Cintra,1949,,M
Luis Molteni,1950,2024,M
Luis Moreno Ocampo,1952,,M
Luis Mottola,1968,,M
"Luis Paz ""Papillo""",1965,,M
Luis Perezagua,1949,,M
Luis Posada,1963,,M
Luis Rego,1943,,M
Luis Reina,1963,,M
Luis Soravilla,,,M
Luis Tinoco,1978,,M
Luis Trapiello,,,M
Luis Varela,1943,,M
Luis Zahera,1966,,M
Luis Ziembrowski,1962,,M
Lukács Bicskey,1961,2015,M
Luka Marčetić,1985,,M
Luka Rukavina,1981,,M
Lukas Feigelfeld,1986,,M
Lukas Lessing,1959,,M
Lukas Nola,1964,2022,M
Lukas Rinker,1986,,M
Lukasz Lakomy,1981,,M
Luke Dodd,,,M
Luke Hayden,1960,,M
Luke Holland,1948,2020,M
Lulu,1948,,F
Luminița Gheorghiu,1949,2021,F
Luna Gualano,1980,,F
Lunetta Savino,1957,,F
Lurdes Barba,1949,,F
Lutz Blochberger,1959,,M
Lutz Heineking jr.,1975,,M
Lutz Kayser,1939,2017,M
Lutz Pehnert,1961,,M
Lyda Patitucci,1984,,F
Lydia Biondi,1941,2016,F
Lydia Zimmermann,1966,,F
Lyèce Boukhitine,1965,,M
Lyès Salem,1973,,M
Lynda Baron,1939,2022,F
Lynne Ramsay,1969,,F
Lynn Hunter,,,F
Lynn Lowry,1947,,F
M. A. Numminen,1940,,M
M'hamed Benguettaf,1939,,M
Maaike Jansen,1941,2025,F
Maarten van der Duin,1967,,M
Mabel Aschenneller,1951,,M
Mabel Rivera,1952,,F
Macarena Astorga,,,F
Maccio Capatonda,1978,,M
Macha Béranger,1941,,F
Macha Méril,1940,,F
Madeleine Dallmeyer,1980,,F
Madeleine Gagnon,1938,,F
Madeline Smith,1949,,F
Madhav Sharma,1939,,M
Madonna,1958,,F
Mad Professor,1955,,M
Mads Mikkelsen,1965,,M
Mael Le Mée,1977,,M
Magali Noël,1931,,F
Magaly Richard-Serrano,1972,,F
Magda Catone,1958,,F
Magda Oranich,1945,,F
Magda Rezene,1982,,F
Magdi Bódy,1953,,F
Magdolna Menszátor,1951,,F
Maggie Daniels,,,F
Maggie Malooly,1927,2021,F
Maggie O'Neill,1962,,F
Maggie Peren,1974,,F
Maggie Smith,1934,,F
Maggie Steed,1946,,F
Magne Furuholmen,1962,,M
Magne-Håvard Brekke,1962,,M
Magüi Mira,1944,,F
Maguy Marin,1951,,F
Maha Haj,1970,,F
Mahamat-Saleh Haroun,1961,,M
Mahmoud Jafari,1953,,M
Maia Morgenstern,1962,,F
Maider Oleaga,1976,,F
Mai Hua,,,F
Maïk Darah,1954,,F
Maïmouna Doucouré,1985,,F
Maïr Verthuy,1926,,F
Maite Bastos,1954,,F
Maïwenn,1976,,F
Maja Gal Štromar,1969,,F
Maja Sever,1964,,F
Maja Weiss,1965,,F
Majida Ghomari,1959,,F
Majid Bekkas,1957,,M
Makram Khoury,1945,,M
Malachi Smyth,,,M
Malcolm Adams,,,M
Malcolm McDowell,1943,,M
Malcolm Sinclair,1950,,M
Malcolm Storry,1948,,M
Malek Bensmaïl,1966,,M
Malik Chibane,1964,,M
Mallory Grolleau,,,M
Malte Sieveking,1940,,M
Malte Wirtz,1979,,M
Mamadou Touré,,,M
Mamane,1966,,M
Mamen García,1947,,F
Manane Rodríguez,1954,,F
Manca Kosir,1948,2024,F
Mandie Fletcher,1954,,F
Mandy Patinkin,1952,,M
Manel Barceló,1953,,M
Manel Castillejos,,,M
Manel Dueso,1953,,M
Manele Labidi,1982,,F
Manfred Andrae,1936,2020,M
Manfred-Anton Algrang,1965,,M
Manfred Böll,1944,,M
Manfred Möck,1959,,M
Manfred Voltmer,1942,,M
Manfred Weill,1920,2015,M
Manfred Zapatka,1942,,M
Manh Cuong,1960,,M
Mani Neumann,1958,,M
Manoëlle Gaillard,1951,,F
Manolo Blahnik,1942,,M
Manolo Royo,1951,,M
Manolo Sanlúcar,1943,2022,M
Manolo Solo,1964,,M
Manolo Vieira,1949,2023,M
Manon Ott,1982,,F
Manrico Gammarota,1955,2015,M
Mansur Tural,,,M
Manuela Burló Moreno,1978,,F
Manuela Carmena,1944,,F
Manuela Ciucur,1963,,F
Manuela Gourary,1949,,F
Manuela Hărăbor,1968,,F
Manuela Kozany,1960,,F
Manuela Mena,1949,,F
Manuela Pedraza,,,F
Manuela Tempesta,1977,,F
Manuel Bandera,1960,,M
Manuel Cucala,,,M
Manuel de Blas,1941,,M
Manuel Galiana,1941,,M
Manuel Garí,,,M
Manuel Gómez Pereira,1958,,M
Manuel Gutiérrez Aragón,1942,,M
Manuel Hidalgo,1953,,M
Manuel Huerga,1957,,M
Manuel Lourenzo,1943,,M
Manuel Manquiña,1953,,M
Manuel Martín Cuenca,1964,,M
Manuel Martínez Velasco,1976,,M
Manuel Menchón,1977,,M
Manuel Molina,1948,2015,M
Manuel Morón,1956,,M
Manuel Ojeda,1940,2022,M
Manuel Pizarro,1951,,M
Manuel Pradal,1964,2017,M
Manuel Sanchez,1958,,M
Manuel Santiago Maya,1945,2022,M
Manuel Tadros,1956,,M
"Manuel Tajes ""O Rubio de Camelles""",,,M
Manuel Tallafé,1963,,M
Manuel Vicente,1955,,M
Manuel Vilas,1962,,M
Manuel Zarzo,1932,,M
Manu Gómez,1973,,M
Manu Luksch,1970,,F
Manzar Sebhai,1950,,M
Mara Ballestero,1943,,F
Mara Eibl-Eibesfeldt,1980,,F
Maram al-Masri,1962,,F
Marc Andreoni,1961,,M
Marc Barbé,1961,,M
Marc Berman,,,M
Marc Betton,1945,,M
Marc Bielli,,,M
Marc Brummund,1970,,M
Marc Brunet,1952,,M
Marc Carreté,1970,,M
Marc Collin,1968,,M
Marc Crehuet,1978,,M
Marc Danbury,1963,,M
Marc de La Ménardière,,,M
Marc Delouze,1945,,M
Marc di Domenico,1963,,M
Marc Dietschreit,1975,,M
Marc Dubois,,,M
Marc Dugain,1957,,M
Marc Duret,1967,,M
Marcel·lí Antúnez,1959,,M
Marcel Barrena,1981,,M
Marcel Bluwal,1925,,M
Marcel Conche,1922,2022,M
Marcel Costea,,,M
Marcel Horobeț,1944,,M
Marceline Loridan-Ivens,1928,,F
Marcelino Oreja,1935,,M
Marcel Iureș,1951,,M
Marcello Cesena,1956,,M
Marcello Macchia,1978,,M
Marcello Martini,,,M
Marcello Mazzarella,1963,,M
Marcello Perracchio,1938,2017,M
Marcello Prayer,1965,,M
Marcello Romolo,1958,,M
Marcel Mettelsiefen,1978,,M
Marcel Odenbach,1953,,M
Marcel Philippot,1953,2018,M
Marcel Sabourin,1935,,M
Marcel Wehn,1977,,M
Marc Fayet,1961,,M
Marc Fehse,,,M
Marc Fiorini,1941,,M
Marc Fitoussi,1976,,M
Marc Forde,?,,M
Marc Fouchard,,,M
Marc Francis,,,
Marc Hoeferlin,,,M
Marcia Gay Harden,1959,,F
Marcia Warren,1943,,F
Marcin Malaszczak,1985,,M
Marc Lavoine,1962,,M
Marc Munden,,,M
Marc Muñoz,,,M
Marc Nicolas,1957,2016,M
Marco Albrecht,1965,,M
Marco Bellocchio,1939,,M
Marco Bocci,1978,,M
Marco Bonfanti,1980,,M
Marco Capretti,1968,,M
Marco Cassini,1984,,M
Marco D'Amore,1981,,M
Marco Danieli,1976,,M
Marco De Angelis,1980,,M
Marco Demurtas,1973,,M
Marco Filiberti,1970,,M
Marco Gadge,1971,,M
Marco Giallini,1963,,M
Marco Giusti,1953,,M
Marco Jorge Rudolph,1962,,M
Marco Kreuzpaintner,1977,,M
Marco La Via,1990,,M
Marc Olinger,1946,2015,M
Marc-Olivier Louveau,1961,,M
Marco Lledó Escartín,1984,,M
Marco Lorenzini,1950,,M
Marco Manetti,1968,,M
Marco Melluso,,,M
Marco Messeri,1948,,M
Marco Paolini,1956,,M
Marco Petry,1975,,M
Marco Pollini,1973,,M
Marco Pontecorvo,1966,,M
Marco Ponti,1967,,M
Marco Renda,1984,,M
Marco Riccomini,1961,,M
Marco Risi,1951,,M
Marco S. Puccioni,1963,,M
Marco Salom,1968,,M
Marcos Cabotá,1981,,M
Marco Scotuzzi,1983,,M
Marco Segato,1973,,M
Marco Stefanelli,1955,,M
Marco Tullio Giordana,1950,,M
Marco Zangardi,1962,,M
Marco Zarrelli,,,M
Marc Parmentier,1959,,M
Marc Perrone,1951,,M
Marc Pierret,1929,2017,M
Marc Pierschel,1978,,M
Marc Prin,1966,,M
Marc Rapilly,,,M
Marc Recha,1970,,M
Marc Romero,1977,,M
Marc Rothemund,1968,,M
Marc Schlegel,1982,,M
Marc Susini,1957,,M
Marcus Calvin,1965,,M
Marcus H. Rosenmüller,1973,,M
Marcus Hamann,,,M
Marcus Harben,,,M
Marcus Lachmann,1956,,M
Marcus Lenz,1969,,M
Marcus Morlinghaus,1965,,M
Marcus Off,1958,,M
Marcus Richardt,1974,,M
Marcus Vetter,1967,,M
Marc-Uwe Kling,1982,,M
Marc Vigil,1975,,M
Marc Weymuller,1965,,M
Mareike Wegener,,,F
Mareille Klein,1979,,F
Marek Vašut,1960,,M
Maren Ade,1976,,F
Maren Kroymann,1949,,F
Maresa Hörbiger,1945,,F
Marescotti Ruspoli,1978,,M
Marga Arnau,,,F
Marga Castells,,,F
Margarete Kreuzer,1964,,F
Margarete Tiesel,1959,,F
Margarethe von Trotta,1942,,F
Margaret Jackman,1937,,F
Margarita Broich,1960,,F
Margarita Cadenas,,,F
Margarita Rosa de Francisco,1965,,F
Margarita Xhepa,1932,,F
Margherita Buy,1962,,F
Margherita Delbono,?,,F
Margherita Fumero,1947,,F
Margit Bendokat,1943,,F
Margit Carstensen,1940,2023,F
Margit Földessy,1946,,F
Margit Hertelendy,1925,2021,F
Margot Flügel-Anhalt,1953,,F
Margot Gödrös,1939,,F
Margy Kinmonth,1953,,F
María Alfonsa Rosso,,,F
María Altea Moya,1942,,F
Maria Amelia Monti,1961,,F
María Antonia Pérez,,,F
Maria Bachmann,1964,,F
María Barranco,1961,,F
María Bayo,1961,,F
Maria Bill,1948,,F
Maria Binder,,,F
Mária Bókay,1939,,F
María Cabrera,1954,,F
María Cristina Lozada,1942,,F
Maria del Carmen,1948,,F
Maria Del Monte,1945,2022,F
Maria de Medeiros,1965,,F
Maria Di Biase,1971,,F
María Elorza,1988,,F
Mária Erdélyi,1943,,F
María Eugenia Barrenechea,1943,,F
Maria Eugenia D'Aquino,1959,,F
Maria Furtwängler,1966,,F
María Fux,1922,2023,F
María Garralón,1953,,F
Maria Gradi,?,,F
Maria Grazia Bon,1943,2020,F
Maria Grazia Cucinotta,1968,,F
Maria Grazia Sughi,1941,,F
María Guardia Gómez,1943,,F
Maria Happel,1962,,F
Mária Harangi,1975,,F
Maria Hartmann,1958,,F
Maria Hofstätter,1964,,F
María Isabel Díaz Lago,1964,,F
María Jesús Hoyos,1946,,F
María Jesús Sirvent,,,F
María Jesús Varona,1958,,F
María José Alfonso,1940,,F
María José Goyanes,1948,,F
Maria Junghiețu,1956,,F
María Kosty,1951,,F
Maria Laborit,1939,,F
Maria Luisa Bellocchio,,,F
María Luisa Lara,1944,,F
María Luisa Merlo,1941,,F
María Luisa Pujol,,,F
Maria Luisa Santella,1945,,F
María Luisa Solá,1939,,F
María Martín,1931,2014,F
Maria Mauti,1982,,F
Mariana Carballal,1962,,F
Mariana Cordero,1949,,F
Marian Crișan,1976,,M
Mariangela Barbanente,1968,,F
Marianne Basler,1964,,F
Marianne Denicourt,1966,,F
Marianne Faithfull,1946,,F
Marianne Garcia,1955,2022,F
Marian Negrescu,1958,,M
Marianne Jean-Baptiste,1967,,F
Marianne Nahon,1938,,F
Marianne Roussy,1972,,F
Marianne Sägebrecht,1945,,F
Marianne Tardieu,1976,,F
Mariann Kocsis,1965,,F
Mariano Barroso,1959,,M
Mariano Cohn,1975,,M
Mariano Llorente,1965,,M
Mariano Ozores,1926,,M
Mariano Peña,1960,,M
Mariano Rajoy,1955,,M
Mariano Rigillo,1939,,M
Mariano Venancio,1947,,M
Marian Râlea,1957,,M
Maria Pacôme,1923,,F
Maria Paiato,1961,,F
Maria Pampana,1922,,F
Maria Peschek,1953,2023,F
Maria Pia Di Meo,1939,,F
Maria Ploae,1951,,F
Maria Ribot,1962,,F
María Ripoll,1964,,F
Maria Rosaria Alati,,,F
Maria Rosaria Omaggio,1954,2024,F
Maria Schneider,1952,2011,F
Maria Schrader,1965,,F
Maria Seleş,1945,,F
Maria Servini,1936,,F
Maria Sole Tognazzi,1971,,F
Maria Speth,1967,,F
Mariasun Pagoaga,1950,,F
Mária Takács,1973,,F
María Teresa Fernández de la Vega Sanz,1949,,F
Maria Teslaru,1955,2019,F
Mária Varga,1963,,F
María Victoria Paniagua,,,
María Villar,,,F
Maribel Martín,1954,,F
Maribel Salas,1965,,F
Marica Globočnik,1918,2016,F
Mari Carmen Valiente,,,F
Marica Vidušić,1957,,F
Mari Csomós,1943,2023,F
Marie Amachoukeli,1979,,F
Marie-Ange Gorbanevsky,,,F
Marie-Ange Poyet,1954,,F
Marie-Anne Chazel,1951,,F
Marie Anne Fliegel,1940,,F
Marie Belhomme,1978,,F
Marie-Bénédicte Roy,1958,,F
Marie Berto,1960,,F
Marie Bunel,1961,,F
Marie-Castille Mention-Schaar,1963,,F
Marie-Christine Adam,1950,,F
Marie-Christine Barrault,1944,,F
Marie-Christine Darah,1954,,F
Marie-Christine Laznik,1947,,F
Marie-Christine Orry,1959,,F
Marie-Claude Treilhou,1948,,F
Marie Clémence Andriamonta-Paes,1959,,F
Marie-France,1946,,F
Marie-France Mignal,1940,,F
Marie-France Pisier,1944,,F
Marie-France Santon,1942,,F
Marie-Francine Le Jalu,,,F
Marie Frapin,,,F
Marie Garel-Weiss,,,F
Marie Goyette,1959,,F
Marie Gruber,1955,2018,F
Marie-Hélène Lentini,1961,,F
Marie-Hélène Rebois,,,F
Marie-Jo Khojandi,,,F
Marie-José Tubiana,1930,,F
Marieke Schroeder,1970,,F
Marie Laforêt,1939,,F
Mariella Valentini,1959,,F
Marielle Gautier,1987,,F
Mariel Soria,1946,,F
Marie-Luise Marjan,1940,,F
Marie-Luise Schulze-Jahn,1918,2010,F
Marie Madinier,,,F
Marie Mannschatz,1950,,F
Marie Matheron,1959,,F
Marie Monge,1987,,F
Marie-Monique Robin,1960,,F
Marie Montvuagnard,,,F
Marie Noëlle,1979,,F
Marie-Philomène Nga,1953,,F
Marie-Pierre Casey,1937,,F
Marie Pillet,1941,,F
Marie Reich,1979,,F
Marie Rivière,1956,,F
Marie-Sophie Chambon,,,F
Marie-Thérèse Fortin,1959,,F
Marietta Solty,1942,,F
Marie Vincent,1955,,F
Marie Wilke,1974,,F
Marija Krpan,1954,,F
Marijana Brecelj,1946,,F
Marijke Pinoy,1958,,F
Marika Vibik,1965,,F
Mariko Minoguchi,1988,,F
Marília Gabriela,1948,,F
Marilou Berry,1983,,F
Marilú Marini,1945,,F
Marilyne Canto,1961,,F
Marilyn Edmond,,,F
Marilyn Jess,1959,,F
Marina Abramović,1946,,F
Marina Andree Škop,1973,,F
Marina Cicogna,1934,2023,F
Marina Confalone,1951,,F
Marina Foïs,1970,,F
Mari Nagy,1961,,F
Marina Kem,1975,,F
Marina Seresesky,1969,,F
Marina Sirtis,1955,,F
Marina Suma,1959,,M
Marina Tomé,1959,,F
Marine Allard,,,F
Marine Francen,,,F
Marine Place,1972,,F
Marinka Stern,1947,,F
Marino Guarnieri,1974,,M
Mario Adorf,1930,,M
Mario Alarcón,1945,,M
Mario-Alberto Sautré,,,M
Mărioara Sterian,1953,,F
Mario Balsamo,1959,,M
Mario Bucci,?,,M
Mario Camus,1935,2021,M
Mario Casas,1986,,M
Mario Chiavalin,1963,,M
Mario De Candia,1955,,M
Mario Donatone,1933,2020,M
Mario Draghi,1947,,M
Mario Fanfani,,,M
Mario Faticoni,1937,,M
Mario Gas,1947,,M
Mario Martone,1959,,M
Mario Mentrup,1965,,M
Marion Alessandra Becker,1963,,F
Mariona Perrier,,,F
Marion Bailey,1951,,F
Marion Brasch,1961,,F
Marion Breckwoldt,1957,,F
Marion Erdmann,,,F
Marion Kracht,1962,,F
Marion Laine,,,F
Marion Lippmann,,,F
Marion Mitterhammer,1965,,F
Marion Vernoux,1966,,F
Mario Olivieri,1946,,M
Mario Pardo,1944,,M
Mario Parruccini,1974,,M
Mario Petreković,1972,,M
Mario Piredda,1980,,M
Mario Porfito,1956,,M
Mario Pupella,1945,2023,M
Mario Ramsamy,1956,,M
Mario Santos,,,M
Mario Schneider,1970,,M
Mario Sesti,1958,,M
Mario Tronco,1962,,M
Mario Vargas Llosa,1936,,M
Mario Viana,1957,,M
Mario Zucca,1955,,M
Marisa Berenson,1947,,F
Marisa Borini,1930,,F
Marisa Laurito,1951,,F
Marisa Paredes,1946,,F
Marisa Tomei,1964,,F
Marisa Vallejo,,,F
Marisa Vallone,1984,,F
Marisol Ayuso,1943,,F
Marisol Carnicero,1950,,F
Marita Breuer,1953,,F
Marita Neher,,,F
Marita Stocker,,,
Marit Nissen,1966,,F
Mari Törőcsik,1935,2021,F
Marius Bodochi,1959,,M
Marius Müller-Westernhagen,1948,,M
Marius Olteanu,1979,,M
Marius Oprea,1964,,M
Marius Rogojinschi,1960,,M
Marius Th. Barna,1960,,M
Mariví Bilbao,1930,2013,F
Mariya Kochur,1942,,F
Marjane Satrapi,1969,,F
Marjory Dejardin,,,F
Mark Abraham,,,M
Márk Bodzsár,1983,,M
Mark Cousins,1965,,M
Mark Craig,,,M
Mark Cuban,1958,,M
Mark Ellen,1953,,M
Mark Forstater,1943,,M
Mark Gatiss,1966,,M
Mark Gillis,,,M
Mark Hadfield,1959,,M
Mark Hamill,1951,,M
Mark Hughes,1963,,M
Mark J.T. Griffin,,,M
Mark Jenkin,1976,,M
Mark Knopfler,1949,,
Mark Kostabi,1960,,M
Márk Kostyál,1976,,M
Mark Lewis Jones,1964,,M
Mark Monheim,1977,,M
Marko Brecelj,1951,,M
Marko Miladinović,1970,,M
Marko Okorn,1951,,M
Marko Šantić,1983,,M
Mark Osborne,1970,,M
Marko Sosič,1958,,M
Mark Penfold,,,M
Mark Ravenhill,1966,,M
Mark Rydell,1929,,M
Mark Rylance,1960,,M
Mark Schlichter,1962,,M
Mark Spiegler,1958,,M
Mark Strong,1963,,M
Mark Tandy,1957,,M
Markus Dietrich,1979,,M
Markus Fennert,1962,,M
Markus Goller,1969,,M
Markus Hering,1960,,M
Markus John,1962,,M
Markus Mischkowski,1966,,M
Markus Schmidt,1967,,M
Markus Sehr,1977,,M
Markus Tiarks,,,M
Mark Williams,1959,,M
Mark Wingett,1961,,M
Mark Zak,1959,,M
Marlen Diekhoff,1938,,F
Marlene Bajali,1946,,F
Marlène Jobert,1940,,F
Marlene Sidaway,1937,,F
Maroussia Dubreuil,1982,,F
Marta Angelat,1953,,F
Márta Anna Kempf,,,F
Marta Cabrera,1984,,F
Marta Díaz de Lope Díaz,1988,,F
Márta Egri,1950,,F
Marta García Ribot,,,F
Marta Hermida,,,F
Marta Herrero Cagigal,,,F
Marta Jaenes,1983,,F
Márta Kurtág,1927,2019,F
Marta Lallana,1994,,F
Márta Martin,1947,,F
Márta Mészáros,1931,,F
Marta Puig,1943,,F
Mar Targarona,1953,,F
Marta Romero Coll,,,F
Marta Savina,1989,,F
Marta Sentís,1949,,M
Márta Szabó,1970,,F
Marta Tatjer,1943,2019,F
Marten Persiel,1974,,M
Martha Pinson,,,F
Marthe Cohn,1920,,F
Marthe Keller,1945,,F
Marthe Villalonga,1932,,F
Martial Le Minoux,1962,,M
Martin A. Armstrong,1949,,M
Martin Adams,1956,,M
Martina Eitner-Acheampong,1960,,F
Martina Gedeck,1961,,F
Martina Krauel,1954,,F
Martina McClements,,,F
Martin Armknecht,1962,,M
Martina Sakova,1976,,F
Martina Spitzer,1962,,F
Martin Bentz,1961,,M
Martin Bourboulon,1979,,M
Martin Brambach,1967,,M
Martin Busker,1980,,M
Martín Caparrós,1957,,M
Martín Cuervo,1987,,M
Martine Amisse,1952,,F
Martine Bouquin,,,F
Martine Chevallier,1949,,F
Martine Deyres,1942,,F
Martin Edwards,1945,,M
Martine Erhel,,,F
Martine Irzenski,1961,,F
Martine Sarcey,1928,,F
Martine Schambacher,,,F
Martin Esposito,1977,,M
Martine Vandevile,1955,,F
Martin Farkas,1964,,M
Martín Garrido Ramis,1952,,M
Martin Gore,1961,,M
Martin Gressmann,1953,,M
Martin Herdman,1956,,M
Martin Indyk,1951,,M
Martin Keown,1966,,M
Martin Lamotte,1947,,M
Martin Margiela,1957,,M
Martin McDonagh,1970,,M
Martin McDougall,1964,,M
Martin Muncaster,1934,2024,M
Martino Duane,1962,,M
Martin Owen,,,M
Martin Provost,1957,,M
Martin Radich,,,M
Martin Reinhart,1967,,M
Martin Reinke,1956,,M
Martín Rosete,1980,,M
Martin Schläpfer,1959,,M
Martin Schreier,1980,,M
Martin Seifert,1951,,M
Martin Semmelrogge,1955,,M
Martin Shaw,1945,,M
Martin Sheen,1940,,M
Martin Turk,1978,,M
Martin Umbach,1956,,M
Martin Weinek,1964,,M
Martin Wuttke,1962,,M
Martirio,1954,,F
Márton Szipál,1924,2016,M
Martxelo Rubio,1966,,M
Maruja Torres,1943,,F
Marvin Litwak,1986,,M
Maryam Boobani,1953,,F
Mary Bauermeister,1934,2023,F
Mary Beard,1955,,F
Mary Carmen,1943,2023,F
Mary Cipolla,,,F
Mary E. Power,1949,,F
Maryline Even,1954,,F
Mary-Louise Parker,1964,,F
Mary McCusker,,,F
Mary Nanou,,,F
Mary-Noël Niba,,,F
Mary Pat Gleason,1950,2020,F
Mary Paz Pondal,1942,,F
Mary Steenburgen,1953,,F
Mary Twala,1939,2020,F
Maryvonne Schiltz,1944,,F
Mary Wilson,1944,2021,F
Mary Woodvine,1967,,F
Marzia Ubaldi,1938,2023,F
Marzieh Alivirdi,1960,,F
Marzio Honorato,1948,,M
Masa Sawada,1957,,M
Massiel,1947,,F
Massimiliano Bruno,1970,,M
Massimiliano Buzzanca,1963,,M
Massimiliano Medda,1964,,M
Massimiliano Padovan Di Benedetto,1962,,M
Massimiliano Pazzaglia,1962,,M
Massimo Boldi,1945,,M
Massimo Bonetti,1951,,M
Massimo Cappelli,1966,,M
Massimo Ceccherini,1965,,M
Massimo Ciavarro,1957,,M
Massimo Dapporto,1945,,M
Massimo De Francovich,1936,,M
Massimo De Lorenzo,1968,,M
Massimo De Rossi,1956,,M
Massimo Donati,,,M
Massimo Ferrero,1951,,M
Massimo Foschi,1938,,M
Massimo Gaudioso,1958,,M
Massimo Ghini,1954,,M
Massimo Lopez,1952,,M
Massimo Olcese,1957,,M
Massimo Paolucci,1959,,M
Massimo Popolizio,1961,,M
Massimo Ranieri,1951,,M
Massimo Sacilotto,,,M
Massimo Savić,1962,2022,M
Massimo Scaglione,1961,,M
Massimo Spano,1955,,M
Massimo Venier,1967,,M
Massimo Wertmüller,1956,,M
Massud Rahnama,1953,,M
Mata Amritanandamayi,1953,,F
Matanat Atakishiyeva,1962,,M
Máté Fazekas,,,M
Mate Gulin,1942,,M
Matei Dima,1987,,M
Matej Nahtigal,1987,,M
Matej Recer,1966,,M
Mateo Gil,1972,,M
Máté Vargha,,,M
Matevž Lenarčič,1959,,M
Matevž Luzar,,,M
Mat Fraser,1962,,M
Mathias Gokalp,1973,,M
Mathias Herrmann,1962,,M
Mathias Malzieu,1974,,M
Mathias Max Herrmann,1966,,M
Mathias Mlekuz,1966,,M
Mathias Pardo,1987,,M
Mathias Renou,,,M
Mathias Théry,1980,,M
Mathias Waske,1944,2017,M
Mathieu Amalric,1965,,M
Mathieu Carrière,1950,,M
Mathieu Coffin,,,M
Mathieu Gérault,,,M
Mathieu Kassovitz,1967,,M
Mathieu Sapin,1974,,M
Mathieu Seiler,1974,,M
Mathieu Turi,1987,,M
Mathieu Vadepied,1963,,M
Mathilda May,1965,,F
Mathilde Monnier,1959,,F
Mathilde Seigner,1968,,F
Mat Hodgson,,,M
Matías Díaz Padrón,1935,2022,M
Matilda Ziegler,1964,,F
Matilde Coral,1935,,F
Matilde Fluixá,,,F
Matilde Muñiz,,,F
Matjaž Ivanišin,1981,,M
Matjaž Javšnik,1969,,M
Matjaž Pikalo,1963,,M
Matjaž Tribušon,1962,,M
Mats Grorud,1976,,M
Matt Dillon,1964,,M
Matteo Bini,1983,,M
Matteo Botrugno,1981,,M
Matteo Gagliardi,1983,,M
Matteo Garrone,1968,,M
Matteo Giancaspro,1989,,M
Matteo Martinez,,,M
Matteo Pianezzi,1987,,M
Matteo Rovere,1982,,M
Matteo Scifoni,1982,,M
Matteo Vicino,1972,,M
Matteo Zoppis,1986,,M
Matt Gambell,1993,,M
Matthew Bauer,,,M
Matthew Burton,1949,,M
Matthew Dyas,,,M
Matthew Hammett Knott,,,M
Matthew Holness,1975,,M
Matthew Kelly,1950,,M
Matthew Marsh,1954,,M
Matthew Modine,1959,,M
Matthew Vaughn,1971,,M
Matthew Warchus,1966,,M
Matthew Wolfe,,,M
Matthias Brandt,1961,,M
Matthias Breitenbach,1963,,M
Matthias Brenner,1957,,M
Matthias Bundschuh,1966,,M
Matthias Dittmer,1954,,M
Matthias Freihof,1961,,M
Matthias Habich,1940,,M
Matthias Harder,1965,,M
Matthias Heeder,1951,,M
Matthias Hues,1959,,M
Matthias Hummitzsch,1949,,M
Matthias Jabs,1955,,M
Matthias Koßmehl,1987,,M
Matthias Kostya,1964,,M
Matthias Kubusch,,,M
Matthias Kupfer,1963,,M
Matthias Kutschmann,1970,,M
Matthias Lang,1986,,M
Matthias Neukirch,1963,,M
Matthias Scheuring,1957,2020,M
Matthias Schullan,1965,,M
Matthias Schweighöfer,1981,,M
Matthias Seifert,,,M
Matthias Starte,1984,,M
Matthias Winde,1952,,M
Matthias X. Oberg,1969,,M
Matthieu Chatellier,1971,,M
Matthieu Delaporte,1971,,M
Matthieu Ricard,1946,,M
Matthieu Yakovleff,,,M
Mattia Colombo,1982,,M
Mattia Sbragia,1952,,M
Mattia Torre,1972,2019,M
Matti Bauer,1955,,M
Matti Geschonneck,1952,,M
Matti Klemm,1975,,M
Matt Salinger,1960,,M
Mátyás Dráfi,1942,,M
Mátyás Szabó,,,M
Maud Baignères,,,F
Maurane,1960,2018,F
Maureen Lipman,1946,,F
Maurice Aufair,1932,,M
Maurice Barthélémy,1969,,M
Maurice Bénichou,1943,,M
Maurice Byrne,,,M
Maurice Chevit,1923,,M
Maurice Garrel,1923,,M
Maurice MacGowan,,,M
Maurice Poli,1933,2020,M
Maurice Risch,1943,,M
Maurice Roëves,1937,2020,M
Maurizio Amati,1944,,M
Maurizio Battista,1957,,M
Maurizio Casagrande,1961,,M
Maurizio De Angelis,1947,,M
Maurizio De Giovanni,1958,,M
Maurizio Di Carmine,1955,,M
Maurizio Donadoni,1958,,M
Maurizio Fanin,1961,,M
Maurizio Gigola,,,M
Maurizio Marchetti,1953,,M
Maurizio Mattioli,1950,,M
Maurizio Micheli,1947,,M
Maurizio Nichetti,1948,,M
Maurizio Soldà,1951,,M
Maurizio Turone,1948,,M
Maurizio Valente,?,,M
Maurizio Zaccaro,1952,,M
Maurizio Zacchigna,1958,,M
Mauro Bonanni,?,,M
Mauro Caputo,1974,,M
Mauro Forghieri,1935,2022,M
Mauro John Capece,1979,,M
Mauro Mancini,1978,,M
Mauro Marino,1958,,M
Mauro Negri,1964,,M
Mauro Ruvolo,1965,,M
Maverick Quek,1963,,M
Max Alexander,1953,2016,M
Max Berliner,1919,2019,M
Max Cavallari,1963,,M
Max Croci,1968,2018,M
Maxence Tual,,,M
Max Fey,1979,,M
Max Gazzè,1967,,M
Max Giusti,1968,,M
Max Gleschinski,1993,,M
Max Herbrechter,1958,,M
Maxie Peters,,,M
Maxime Govare,1980,,M
Maxime Matray,1973,,M
Maxime Motte,1973,,M
Maxime Roy,,,M
Maximilian Buck,1984,,M
Maximilian Erlenwein,1975,,M
Maximiliano Hernando Bruno,1977,,M
Maximiliano Márquez,1935,,M
Máximo Pradera,1958,,M
Máximo Valverde,1944,,M
Maxi Rodríguez,1965,,M
Max Lemcke,1966,,M
Max Linz,1984,,M
Max Moor,1958,,M
Max Morel,1947,,M
Max Mosley,1940,2021,M
Max Nardari,1976,,M
Max Pugh,1977,,M
Max Rosenberg,,,
Max Rüdlinger,1949,,M
Max Schmidt,1968,,M
Max Taubert,1989,,M
Max Tidof,1960,,M
Max Tortora,1963,,M
Max von Sydow,1929,2020,M
Max Zahle,1977,,M
May Heatherly,1942,2015,F
Mayka Braña,1968,,F
Mbissine Thérèse Diop,1949,,F
Mechthild Großmann,1948,,F
Med Hondo,1936,,M
Meera Syal,1961,,F
Meg Leonard,,,F
Mehdi Ben Attia,1968,,M
Mehdi Charef,1952,,M
Mehdi Fikri,,,M
Mehdi Idir,1979,,M
Mehdi Senoussi,1984,,M
Meike Hoffmann,1962,,F
Mela Casal,1948,,F
Mélanie Auffret,,,F
Melanie Kilburn,1956,,F
Mélanie Laurent,1983,,F
Melanie Liebheit,1973,,F
Melanie Lischker,1983,,F
Melanie Walters,1962,,F
Mel Gibson,1956,,M
Méliane Marcaggi,1978,,F
Mélissa Drigeard,,,F
Melvyn Bragg,1939,,M
Memo Remigi,1938,,M
Menna Trussler,1937,,F
Merab Ninidze,1965,,M
Meral Perin,1965,,F
Mercè Comes,,,F
Mercedes Gaspar,1964,,F
Mercedes Hoyos,1964,,F
Mercedes López de Luzuriaga,1927,2023,F
Mercedes Morán,1955,,F
Mercedes Sampietro,1947,,F
Meritxell Colell,1983,,F
Meryem Benm'Barek-Aloïsi,1984,,F
Meryl Griffiths,,,F
Meryl Streep,1949,,F
Mesud Dedović,1949,,M
Meteora Fontana,1958,,F
Metod Pevec,1958,,M
Meto Jovanovski,1946,2023,M
Mette Rank-Tange,,,F
Mia Hansen-Løve,1981,,F
Mia Maariel Meyer,1981,,F
Mia Meyer,1981,,F
Micaela Ramazzotti,1979,,F
"Michael ""Bully"" Herbig",1968,,M
Michael Abendroth,1948,,M
Michaela Caspar,1960,,F
Michael Alpert,1954,,M
Michaela May,1952,,F
Michael Ammann,1967,,M
Michaela Rosen,1956,,F
Michael Baran,1963,,M
Michael Benthin,1958,,M
Michael Bott,1954,,M
Michael Brandner,1951,,M
Michael Brandon,1945,,M
Michael Breitkopf,1964,,M
Michael Busse,1956,,M
Michael Byrne,1943,,M
Michael Caine,1933,,M
Michael Campbell,,,M
Michael Carter,1947,,M
Michael Cimino,1939,2016,M
Michael Cochrane,1947,,M
Michaël Cohen,1970,,M
Michael Culkin,1954,,M
Michael D. Higgins,1941,,M
Michaël Dacheux,1978,,M
Michael Damian,1962,,M
Michael David Pate,1980,,M
Michael Degen,1932,2022,M
Michael Douglas,1944,,M
Michael Dweck,1957,,M
Michael Edelson,1944,,M
Michael Ekbladh,,,M
Michael Elwyn,1942,,M
Michael Engler,,,M
Michael Fitz,1958,,M
Michael Forbes,,,M
Michael G. Wilson,1942,,M
Michael Gaedt,1957,,M
Michael Gambon,1940,2023,M
Michael Gempart,1934,2023,M
Michael Gerber,1943,,M
Michael Giles,1942,,M
Michael Glawogger,1959,2014,M
Michael Goldberg,1959,,M
Michael Gorevoï,1959,,M
Michael Gould,1961,,M
Michael Graeter,1941,,M
Michael Grandage,1962,,M
Michael Greiling,1950,,M
Michael Gwisdek,1942,2020,M
Michael Haneke,1942,,M
Michael Hanemann,1945,,M
Michael Harney,1958,,M
Michael Hehl,,,
Michael Herbig,1968,,M
Michael Hewitt,,,M
Michael Higgs,1962,,M
Michael Ironside,1950,,M
Michael J. Jackson,1948,,M
Michael Keller,1964,,M
Michael Kleiber,1960,,M
Michael Koch,1982,,M
Michael Krüger,1943,,M
Michael Krummenacher,1985,,M
Michael Loeken,1954,,M
Michael Lonsdale,1931,,M
Michael Lott,1964,,M
Michael Madsen,1957,,M
Michael Madsen II,1971,,M
Michael Maertens,1963,,M
Michael Maloney,1957,,M
Michael Mann,1943,,M
Michael McElhatton,1963,,M
Michael McKell,1959,,M
Michael Mendl,1944,,M
Michael Murphy,1938,,M
Michael Nowka,1952,,M
Michael Nyqvist,1960,2017,M
Michael Obert,1966,,M
Michael Ophelders,1958,,M
Michael P. Aust,1965,,M
Michael Palin,1943,,M
Michael Paré,1958,,M
Michael Parks,1940,2017,M
Michael Pearce,1981,,M
Michael Popescu,,,M
Michael Potts,1962,,M
Michael Prelle,1951,,M
Michael Pundt,1961,,M
Michael Radford,1946,,M
Michael Redwood,,,M
Michael Roberts,,,M
Michael Rösel,1971,,M
Michael Sarne,1940,,M
Michael Schenk,1965,,M
Michael Shevloff,,,M
Michael Sideris,1964,,M
Michael Smiley,1963,,M
Michael St. Michaels,1944,,M
Michael Sturminger,1963,,M
Michael Thomas,1962,,M
Michael Tregor,1950,,M
Michael Trischan,1961,,M
Michael von Rospatt,1935,2020,M
Michael Webb,1937,,M
Michael Whyte,,,M
Michael Winterbottom,1961,,M
Michael Witte,1957,,M
Michael Wittenborn,1953,,M
Michael Wright,,,M
Michaël Youn,1973,,M
Michale Boganim,1977,,F
Michalis Ainatzoglou,,,M
Michal Pospísil,1955,,M
Michela Andreozzi,1967,,F
Michela Cescon,1971,,F
Michelangelo Frammartino,1968,,M
Michel Aumont,1936,,M
Michel Bellier,1958,,M
Michel Bertay,1931,2021,M
Michel Blanc,1952,2024,M
Michel Bompoil,1959,,M
Michel Boujenah,1952,,M
Michel Bouquet,1925,,M
Michel Camilo,1954,,M
Michel Caputo,1947,,M
Michel Charrel,1936,,M
Michel Ciment,1938,2023,M
Michel Coste,,,M
Michel Crémadès,1955,,M
Michel Cymes,1957,,M
Michel Denisot,1945,,M
Michel Drenthe,1962,,M
Michel Drucker,1942,,M
Michel Duchaussoy,1938,,M
Michele Alhaique,1979,,M
Michèle Bernier,1956,,F
Michele De Marchi,?,2024,M
Michele Di Mauro,1960,,M
Michele Dotrice,1948,,F
Michele Foresta,1961,,M
Michele Gammino,1941,,M
Michèle Garcia,1957,,F
Michèle Gleizer,1941,2017,F
Michèle Laroque,1960,,F
Michel Elias,1948,,M
Michele Mally,,,M
Michele Manzolini,1980,,M
Michele Mirabella,1943,,M
Michèle Moretti,1940,,F
Michele Placido,1946,,M
Michele Rho,1976,,M
Michele Riondino,1979,,M
Michele Rovini,1966,,M
Michèle Simonnet,,,F
Michele Soavi,1957,,M
Michèle Teysseyre,1949,,F
Michel Etiévent,1947,2021,M
Michele Vannucci,1987,,M
Michel Fau,1964,,M
Michel Favory,1940,,M
Michel Forget,1942,,M
Michel Forst,1950,,M
Michel Fuzellier,1944,,M
Michel Galabru,1922,,M
Michel Gohou,1963,,M
Michel Gondry,1963,,M
Michel Haas,1934,2019,M
Michel Hazanavicius,1967,,M
Michel Houellebecq,1956,,M
Micheline Presle,1922,2024,F
Michel Jacucha,1958,,M
Michel Jonasz,1947,,M
Michel Keller,1950,,M
Michel Kichka,1954,,M
Michel Lagueyrie,1949,,M
Michel Leclerc,1965,,M
Michelle Collins,1962,,F
Michel Leeb,1947,,M
Michelle Fairley,1963,,F
Michelle Margetts,1964,,F
Michelle Marquais,1926,,F
Michelle Pfeiffer,1958,,F
Michel Lerousseau,1949,,M
Michelle Yeoh,1962,,F
Michel Masiero,,,M
Michel Meignant,1936,,M
Michel Melki,1952,,M
Michel Mella,1950,,M
Michel Mihami,,,M
Michel Munz,1961,,M
Michel Ocelot,1943,,M
Michel Onfray,1959,,M
Michel Piccoli,1925,2020,M
Michel Pinçon-Charlot,1942,2022,M
Michel Robin,1930,2020,M
Michel Serrault,1928,2007,M
Michel Serres,1930,2019,M
Michel Setboun,1952,,M
Michel Subor,1935,,M
Michel Tavares,,,M
Michel Toesca,1960,,M
Michel Troisgros,1958,,M
Michel Tureau,1938,,M
Michel Vuillermoz,1962,,M
Michel Warschawski,1949,,M
Michel Winogradoff,1955,,M
Mickaël Damperon,,,M
Mickey Rourke,1952,,M
Mick Harvey,1958,,M
Mick Jagger,1943,,M
Mick Jones,1955,,M
Mick Rock,1948,2021,M
Micky Molina,1963,,M
Micky Sébastien,1958,,M
Midge Ure,1953,,M
Miglen Mirtchev,1953,,M
Mignon Remé,1966,,F
Miguel Alexandre,1968,,M
Miguel Ángel Calvo Buttini,,,M
Miguel Ángel Furones,1948,2021,M
Miguel Ángel Jenner,1952,,M
Miguel Ángel Jiménez,1979,,M
Miguel Angel Maciel,,,M
Miguel Ángel Muñoz,1983,,M
Miguel Ángel Solá,1950,,M
Miguel Ángel Tirado,1949,,M
Miguel Ángel Tobías,1968,,M
Miguel Ángel Vivas,1974,,M
Miguel-Ange Sarmiento,,,M
Miguel Berzal de Miguel,,,M
Miguel Borines,1959,,M
Miguel Cárdenas,,,M
Miguel del Arco,1965,,M
Miguel Ferrari,1963,,M
Miguel Guardiola,1958,,M
Miguel Marías,1947,,M
Miguel Martí,1971,,M
Miguelo García,,,M
Miguel Picazo,1927,2016,M
Miguel Piñeiro,,,M
Miguel Rellán,1943,,M
Miguel Riaño Roa,1989,,M
Miguel Ríos,1944,,M
Miguel Rodríguez Arias,1945,,M
Miguel Sandoval,1951,,M
Miguel Soto,,,M
Miha Celar,1970,,M
Mihaela Mihai,,,F
Mihaela Miroiu,1955,,F
Mihaela Popescu,,,F
Miha Hočevar,1963,,M
Mihai Bisericeanu,1962,,M
Mihai Călin,1968,,M
Mihai Coadă,1952,,M
Mihai Constantin,1964,,M
Mihai Constantinescu,,,M
Mihai Dinvale,1950,,M
Mihai Gruia Sandu,1956,,M
Mihai Mălaimare,1950,,M
Mihai Mincan,1980,,M
Mihai Niculescu,1945,,M
Mihai Sofronea,,,M
Mihai Stepan-Cazazian,1957,,M
Mihai Voinea,,,M
Miha Knific,1976,,M
Mihály Schwechtje,1978,,M
Mihály Sipos,1958,,M
Mihály Víg,1957,,M
Miha Mazzini,1961,,M
Mikael Buch,1983,,M
Mika Gianotti,,,F
Mika Taanila,1965,,M
Mike Campbell,1950,,M
Mike Christie,,,M
Mike Davies,1960,,M
Mike Disa,1965,,M
Mike Doxford,,,M
Mike Edmonds,1944,,M
Mike Figgis,1948,,M
Mike Fraser,,,M
Mike Leigh,1943,,M
Mikel Laskurain,1965,,M
Mikel Rueda,1980,,M
Mike Marzuk,1969,,M
Mike Möller,1962,,M
Mike Newell,1942,,M
Mike Phelan,1962,,M
Mike Pickering,1958,,M
Mike Rutherford,1950,,M
Mike Schaerer,1975,,M
Mike Slee,1959,,M
Mike Todd,,,M
Mikey Murray,,,M
Mikhaël Hers,1975,,M
Mikhail Gorbachev,1931,2022,M
Mikhail Voloshin,1953,2020,M
Mikhaïl Zlatkovsky,1944,,M
Miki Manojlović,1950,,M
Mikis Theodorakis,1925,2021,M
Mikkey Dee,1963,,M
Miklós Bács,1964,,M
Miklós Benedek,1946,2024,M
Miklós Galla,1959,,M
Miklós Hajdu,1942,,M
Miklós Paizs,1966,,M
Miklós Százados,,,M
Miklós Székely B.,1948,,M
Milan Pavlović,1970,,M
Milan Pleština,1961,,M
Milan Štrljić,1952,,M
Milan Trenc,1962,,M
Mila Turajlić,1979,,F
Milena Vukotic,1935,,F
Milena Zupančič,1946,,F
Milivoj Beader,1964,,M
Milivoj Roš,1959,,M
Miljenka Androić,1954,,F
Miljenko Brlečić,1950,,M
Millán Salcedo,1954,,M
Milorad Kristić,1952,,M
Milouda Chaqiq,1950,,F
Milvia Marigliano,1956,,F
Mimi Denissi,1953,,F
Mimi Hillairet,,,F
Mimi Maynard,1949,,F
Mimis Ravanis,,,M
Mimma Lovoi,1963,,F
Mimmo Calopresti,1955,,M
Mimmo Mancini,1960,,M
Mimmo Mignemi,1956,,M
Mimmo Paladino,1948,,M
Mimmo Verdesca,1979,,M
Minnie Marx,1948,,F
Mino Caprio,1955,,M
Mioara Ifrim,1960,,F
Miodrag Krivokapic,1949,,M
Miodrag Mladenović,,,M
Miou-Miou,1950,,F
Mipo Oh,1977,,F
Miquel Barceló,1957,,M
Miquel Gelabert,1954,,M
Miquel Insua,1961,,M
Mira Banjac,1929,,F
Mira Bosanac,1953,,F
Mira Furlan,1955,2021,F
Miralem Zupčević,1949,,M
Miranda Bell,,,F
Miranda Richardson,1958,,F
Miran Hladnik,1954,,M
Miran Zupanič,1961,,M
Mira Thiel,1979,,F
Mircea Albulescu,1934,2016,M
Mircea Andreescu,1939,,M
Mircea Baniciu,1949,,M
Mircea Bibac,1949,,M
Mircea Cărtărescu,1956,,M
Mircea Diaconu,1949,2024,M
Mircea Florian,1949,,M
Mircea Geoană,1958,,M
Mircea Rusu,1956,,M
Mireia Ros,1956,,F
Mireia Sentís,1947,,F
Mireille Fargier Caruso,1946,,F
Mireille Perrier,1959,,F
Mirela Brekalo,1956,,F
Mirela Gorea,1953,,F
Mirela Nicolau,1957,,F
Mirela Oprișor,1973,,F
Mirel Knez,1972,,F
Miriam Bliese,1978,,F
Miriam Díaz-Aroca,1962,,M
Miriam Jakobs,1972,,F
Miriam Margolyes,1941,,F
Mirjam Korbar,1964,,F
Mirjana Karanović,1957,,F
Mirko Artuso,1966,,M
Mirko Ilić,1956,,M
Mirko Locatelli,1974,2025,M
Mirko Melchiorre,1979,,M
Mirko Pincelli,1975,,M
Mirko Setaro,1952,,M
Mirko Sotgiu,1977,,M
Miro Magariños,1957,,M
Miron Zownir,1953,,M
Miroslav Mandić,1955,,M
Miroslav Nemec,1954,,M
Mirsad Tuka,1965,2023,M
Mirta Ibarra,1946,,F
Misha Kreuz,,,
Mitchell Crawford,,,
Mitchell Mullen,1956,,M
Mitra Tabrizian,,,F
Mitu Misra,1960,,
Mladen Andrejević,1955,,M
Mladen Dolar,1951,,M
Mladen Vasary,1954,2022,M
Modi Barry,,,M
Mo Fini,,,M
Mo Gaffney,1958,,F
Mohamad Malas,1945,,M
Mohamed Djouhri,1950,2020,M
Mohamed Fellag,1950,,M
Mohamed Hamidi,1972,,M
Mohamed Majd,1940,2013,M
Mohammad Ahmad,1957,,M
Mohammad-Ali Behboudi,1956,,M
Mohammed Lakhdar-Hamina,1934,,M
Moin Hussain,1992,,M
Moira Brooker,1957,,F
Moisés Salama,1953,,M
Mojca Partljič,1964,,M
Molly Dineen,1959,,F
Molly Forbes,1924,2021,F
Mona Achache,1981,,F
Mona Mur,1960,,F
Mona Nicoară,,,F
Moni Bordeianu,1948,2024,M
Monica Assante,,,F
Monica Bellucci,1964,,F
Monica Contini,1959,,F
Monica Dugo,1969,,F
Monica Ghiuță,1940,2019,F
Monica Gubser,1931,2019,F
Monica Guerritore,1958,,F
Mónica Randall,1942,,F
Monica Scattini,1956,2015,F
Monica Solem,,,F
Monica Stan,1992,,F
Monica von Rosen Nestler,1943,,F
Monika Agler,1973,,F
Monika Barth,1945,,F
Monika Baumgartner,1951,,F
Monika Borgmann,1963,,F
Monika Döring,1937,2024,F
Monika Gutte,,,F
Monika Hansen,1943,,F
Monika Hetterle,1940,,F
Monika Hielscher,1952,,F
Monika Lennartz,1938,,F
Monika Manz,1947,,F
Monika Steinmetz,1960,,F
Monika Treut,1954,,F
Moni Moshonov,1951,,M
Moni Ovadia,1946,,M
Monique Chaumette,1927,,F
Monique Chemillier-Gendreau,1935,,F
Monique Mauclair,,,F
Monique Pinçon-Charlot,1946,,F
Monique Reuter,1957,,F
Monique Schneider,1936,,M
Montse Bodas,,,F
Montse Ribadellas,,,F
Montserrat Carulla,1930,2020,F
Montxo Armendáriz,1949,,M
Monty Arnold,1967,,M
Mordechai Rotenberg,1932,,M
More Raca,1991,,F
Morgan Bertacca,1970,,M
Morgan Freeman,1937,,M
Morgan Matthews,,,M
Morgan Spillemaecker,1976,,M
Moritz Bleibtreu,1971,,M
Moritz Laube,1979,,M
Morten Harket,1959,,M
Moshe Ivgy,1953,,M
Mostéfa Djadjam,1952,,M
Mouloud Achour,1980,,M
Moussa Maaskri,1962,,M
Mugdim Avdagić,1954,,M
Mugur Mihăescu,1967,,M
Murali Vidhyadharan,,,M
Müret Isitmez,1979,,F
Muriel Combeau,1966,,F
Muriel Gray,1958,,F
Murielle Magellan,1967,,F
Muriel Montossey,1955,,F
Muriel Robin,1955,,F
Murray Head,1946,,M
Murray McArthur,1966,,M
Murray Melvin,1932,2023,M
Musaab Mustafa,,,M
Mustafa Nadarević,1943,2020,M
Mylène Demongeot,1935,,F
Mylène Farmer,1961,,F
Myra McFayden,,,F
Myriam Boyer,1948,,F
Nabil Ayouch,1969,,M
Nabil Massad,1949,2022,M
Nacho Álvarez,1986,,M
Nacho Cano,1963,,M
Nacho G. Velilla,1967,,M
Nacho Marraco,,,M
Nacho Ruipérez,1983,,M
Nacho Serapio,1977,,M
Nada Sweeney,,,F
Nadav Lapid,1975,,M
Nadège Loiseau,1977,,F
Nadège Trebal,1976,,F
Nadežda Perišić-Radović,1967,,F
Nadia Baldi,1967,,F
Nadia Barentin,1936,,F
Nadia Kozlowski Bourgade,,,F
Nadine Alari,1927,2016,F
Nadine Heinze,1980,,F
Nadir Moknèche,1965,,M
Nae Alexandru,1971,,M
Nae Caranfil,1960,,M
Naël Marandin,1980,,M
Nafsika Guerry-Karamaounas,,,F
Nahuel Lopez,1978,,M
Nana Mouskouri,1934,,F
Nana Neul,1974,,F
Nana Rebhan,,,F
Nancho Novo,1958,,M
Nancy Allen,1950,,F
Nancy Brilli,1964,,F
Nancy Camaldo,1992,,F
Nancy Ozelli,,,F
Nancy Schimmel,1935,,F
Nando Martínez,1991,,M
Nando Paone,1956,,M
Nándor Holl,1963,,M
Nándor Lőrincz,1986,,M
Nannette Klatt,,,F
Nanni Moretti,1953,,M
Nanou Garcia,1958,,F
Nans Thomassey,1986,,M
Nap Toader,1969,,M
Narimane Mari,1969,,F
Naruna Kaplan de Macedo,,,F
Nasser Memarzia,1952,,M
Nassima Guessoum,,,F
Nassima Hablal,1928,2013,F
Nassim Amaouche,1977,,M
Nastassja Kinski,1961,,F
Natalia Aspesi,1929,,F
Natalia Bobyleva,1951,,F
Natalia Casali,,,F
Natalia Figueroa,1939,,F
Natalia Sinelnikova,1989,,F
Natalie Choquette,1959,,F
Natalie Saracco,,,F
Natalino Balasso,1960,,M
Nataša Barbara Gračner,1969,,F
Nataša Burger,1968,,F
Nataša Dorčić,1968,,F
Nataša Matjašec Rošker,1967,,F
Natașa Raab,1953,2023,F
Natasha Parry,1930,,F
Nathalie Baye,1948,,F
Nathalie Besançon,1965,,F
Nathalie Boutefeu,1968,,F
Nathalie Cerda,1963,,F
Nathalie Delon,1941,,F
Nathalie Marchak,1979,,F
Nathalie Nattier,1924,,F
Nathalie Richard,1963,,F
Nathalie Roussel,1956,,F
Nathanaël Coste,,,M
Nathan Ambrosioni,1999,,M
Nathan Cogan,1914,,M
Nathaniel Hlimi,,,M
Nathaniel Parker,1962,,M
Nathan Silver,,,M
Natja Brunckhorst,1966,,F
Natxo Leuza,,,M
Navot Papushado,,,M
Nawell Madani,1979,,F
Nayef Rashed,1949,,M
Ndeye Khady Sy,,,F
Nebojsa Glogovac,1969,2018,M
Nebojša Pop Tasić,1962,,M
Neda Arnerić,1953,2020,F
Neda Bric,1967,,F
Ned Dennehy,1965,,M
Neele Leana Vollmar,1978,,F
Neelesha Barthel,1977,,F
Neele Vollmar,1978,,F
Neil Jones,1980,,M
Neil Jordan,1950,,M
Neil Marshall,1970,,M
Neil McCaul,1947,,M
Neil Morrissey,1962,,M
Neithardt Riedel,1952,,M
Nejc Gazvoda,1985,,F
Nela Bartsch,1959,,F
Nela Kocsis,1970,,F
Nelė Savičenko,1957,,F
Nella Pozzerle,?,,F
Nelli Szűcs,1972,,F
Nello Correale,1955,,M
Nello Mascia,1946,,M
Nelly Borgeaud,1931,,F
Nelson George,1957,,M
Nelson Mandela,1918,2013,M
Nelu Tîrnovan,,,M
Nely Reguera,1978,,F
Nenad Cvetko,1969,2023,M
Nenad Srdelić,1961,,M
Nenad Vukelić,,,M
Nene Grignaffini,1955,,F
Neri Marcorè,1966,,M
Neri Parenti,1950,,M
Nermin Omić,1965,,M
Nesrin Samdereli,1979,,F
Nessim Chikhaoui,,,M
Nete Mann,1968,,F
Neus Agulló,1944,,F
Neus Ballús,1980,,F
Neven Denis,,,M
Neville Southall,1958,,M
Nevio Marasović,1983,,M
Niall Cusack,,,M
Niall Johnson,1964,,M
Niamh Cusack,1959,,F
Niccolò Castelli,1982,,M
Niccolò Celaia aka Younuts,1986,,M
Niccolò Falsetti,1987,,M
Nicholas Day,1947,,M
Nicholas Farrell,1955,,M
Nicholas Hytner,1956,,M
Nicholas Jones,1946,,M
Nicholas Le Prevost,1947,,M
Nicholas Lumley,,,M
Nicholas Rowe,1966,,M
Nicholas Vince,1958,,M
Nicholas Woodeson,1949,,M
Nick Baker-Monteys,1964,,M
Nick Broomfield,1948,,M
Nick Cave,1957,,M
Nick Cohen,1973,,M
Nick Dunning,1959,,M
Nick Hamm,1957,,M
Nick Harvey,1961,,M
Nick Manasseh,1953,,M
Nick Mason,1944,,M
Nick Moorcroft,1978,,M
Nick Moore,,,M
Nick Moran,1969,,M
Nick Nevern,1980,,M
Nick Nolte,1941,,M
Nick Park,1958,,M
Nick Rhodes,1962,,M
Nick Rowland,,,M
Nick Wilder,1952,,M
Nick Wilton,1957,,M
Nick Winston,,,M
Nicky Henson,1945,2019,M
Nicky Marbot,1965,,F
Nico Cirasola,1951,2023,M
Nicodim Ungureanu,1960,,M
Nicola Abbatangelo,1987,,M
Nicola Barnaba,1975,,M
Nicola Campiotti,1982,,M
Nicola Di Pinto,1947,,M
Nicolae Constantin Tănase,1985,,M
Nicolae Cristache,1959,,M
Nicolae Mărgineanu,1938,,M
Nicolae Radu,,,M
Nicolae Urs,1950,,M
Nicola Graef,1970,,F
Nicola Hens,1978,,F
Nicolai Niemann,,,M
Nicolai Tegeler,1978,,M
Nicola Lanza,,,M
Nicola Mucci,1956,,M
Nicola Pignataro,1943,,M
Nicola Pistoia,1954,,M
Nicola Prosatore,1978,,M
Nicola Rignanese,1965,,M
Nicolas Baby,,,M
Nicolas Bary,1980,,M
Nicolas Bazz,,,M
Nicolas Bedos,1979,,M
Nicolas Benamou,,,M
Nicolas Birkenstock,1977,,M
Nicolas Bonilauri,1971,,M
Nicolas Boukhrief,1963,,M
Nicolas Briançon,1962,,M
Nicolas Brown,,,M
Nicolas Castro,1973,,M
Nicolás Combarro,1979,,M
Nicolas Contant,,,M
Nicolas Cuche,1962,,M
Nicolas Drolc,1987,,M
Nicolas Ferran,,,M
Nicolás Gauthier,,,M
Nicolas Gayraud,1976,,M
Nicolas Giraud,1978,,M
Nicolas Hulot,1955,,M
Nicolas Klotz,1954,,M
Nicola Sloane,,,F
Nicolas Marié,1954,,M
Nicolas Maury,1980,,M
Nicolás Muñoz Avia,1962,,M
Nicolás Pacheco,,,M
Nicolas Pariser,1974,,M
Nicolas Philibert,1951,,M
Nicolas Pleskof,,,M
Nicolas Réglat,,,M
Nicolas Silberg,1944,,M
Nicolas Silhol,1977,,M
Nicolas Ubelmann,,,M
Nicolas Vanier,1962,,M
Nicolas Vaude,1962,,M
Nicolas Wackerbarth,1973,,M
Nicolas Wadimoff,1964,,M
Nicola Torello,1924,2019,M
Nicole Calfan,1947,,F
Nicole Croisille,1936,,F
Nicole Daume,,,F
Nicole De Leo,1958,,T
Nicole Garcia,1946,,F
Nicole Gueden,1935,,F
Nicole Heesters,1937,,F
Nicole Kidman,1967,,F
Nicole Shirer,1942,,F
Nicoletta Braschi,1960,,F
Nicoletta Maragno,1964,,F
Nicolette Krebitz,1972,,F
Nico Malaspina,1970,,M
Nicu Covaci,1947,2024,M
Nicu Mihoc,1965,,M
Nida Manzoor,,,F
Nidia Telles,1939,,F
Niels Arestrup,1949,2024,M
Niels Bolbrinker,1951,,M
Niels Laupert,1975,,M
Niels Marquardt,1969,,M
Nigel Barber,1955,,M
Nigel Cross,1942,,M
Nigel Goldsack,1957,2019,M
Nigel Hastings,1963,,M
Nigel Planer,1953,,M
Nihal Koldaş,1956,,F
Nikias Chryssos,1978,,M
Nikita Petrov,1957,,M
Niko Goršič,1943,,M
Nikolai Leonov,1928,2022,M
Nikolai Müllerschön,1958,,M
Nikolai Vialkowitsch,1963,,M
Nikola Kojo,1967,,M
Nikolaus Paryla,1939,,M
Niko Pavlović,1949,,M
Niky Lauda,1949,2019,M
Nile Rodgers,1952,,M
Nilo Sciarrone,1975,,M
Nils Ole Oftebro,1944,,M
Nils Tavernier,1965,,M
Nimród Antal,1973,,M
Nina Antonova,1935,,F
Nina Cassian,1924,2014,F
Nina Erak,1956,,F
Nina Garcia,1965,,F
Nina Hagen,1955,,F
Nina Irina Roerig,,,F
Nina Kastrof,1956,,F
Nina Lagergren,1921,2019,F
Nina Naboka,1957,,F
Nina Petri,1963,,F
Nina Robert,1988,,F
Nina Skrbinšek,1948,,F
Nina Stratford,,,F
Nina Valič,1973,,F
Nina Violić,1972,,F
Nina Wels,,,F
Nine Antico,1981,,F
Ninetto Davoli,1948,,M
Nini Salerno,1948,,M
Ninni Bruschetta,1962,,M
Nino D'Angelo,1957,,M
Nino Frassica,1950,,M
Nino Scardina,1936,,M
Nirit Sommerfeld,1961,,F
Nirmal Rishi,1943,,F
Niseema Theillaud,1952,,F
Nives Ivanković,1967,,F
Noam Chomsky,1928,,M
Nobuhiro Suwa,1960,,M
Nobuyoshi Araki,1940,,M
Noel Clarke,1975,,M
Noel Cleary,,,M
Noël Godin,1979,,M
Noelia Noto,,,F
Noëlle Perna,1954,,F
Noëlle Renaude,1949,,F
Noël Simsolo,1944,,M
Noémie Lefort,,,F
Noémie Lvovsky,1964,,F
Noémie Saglio,1982,,F
Noémi Veronika Szakonyi,,,F
Nohely Arteaga,1963,,F
Noko,1962,,M
Nora Agapi,1974,,F
Nora Fingscheidt,1983,,F
Nóra Görbe,1956,,F
Nora Guthrie,1950,,F
Nora Haddad,1991,,F
Nora Iuga,1931,,F
Nóra Lakos,1977,,F
Nora Martirosyan,1973,,F
Norbert Dickel,1961,,M
Norbert Haberlick,1958,,M
Norbert Hähnel,1951,,M
Norbert Heitker,1971,,M
Norbert Lechner,1961,,M
Norbert Növényi,1957,,M
Norberto López Amado,1965,,M
Norberto Ramos del Val,1970,,M
Norbert Porkoláb,,,M
Norma Marcos,,,F
Norman Giller,1940,,M
Norman Hacker,1962,,M
Norman Jay,1958,,M
Norman MacArthur,,,M
Nouari Nezzar,1956,,M
Nouza Skalli,1950,,F
Nuami Dinescu,1962,,F
Nuccio Siano,1961,,M
Nunzia De Stefano,,,F
Nunzia Esposito,?,,F
Nunzia Schiano,1959,,F
Nunzio Rotondo,1965,,M
Núria Espert,1935,,F
Núria Feliu,1941,2022,F
Nuria González,1962,,F
Nuria Vargas Rivas,,,F
Nurith Aviv,1945,,F
Oana Pellea,1962,,F
Oana Ștefănescu,1960,2021,F
Océan,1977,,T
Octav Chelaru,1991,,M
Octavian Strunilă,1981,,M
Octavian Ursulescu,1947,,M
Octavio Guerra,1976,,M
Octavio Lasheras,,,M
Oda Thormeyer,1964,,M
Odette Laure,1917,,F
Odile Mallet,1930,,F
Ödön Rubold,1954,,M
Odon Vallet,1947,,M
Ognjen Sviličić,1971,,M
Olaf Burmeister,1960,,M
Olaf Krätke,1959,,M
Olaf Müller,1944,,M
Olaf Neumann,1938,2017,M
Olaf Scholz,1958,,M
Olaf Schubert,1967,,M
Olatz Beobide,1964,,F
Olatz Ganboa,1958,,F
Olegar Fedoro,1958,,M
Oleg Karavaichuk,1927,2016,M
Oleg Stefan,1959,,M
Oleg Tkachyov,1966,,M
Oleg Zhukov,1937,2024,M
Olek Krupa,1947,,M
Olga Delia Mateescu,1949,,F
Olga Mansilla,1958,,F
Olga Murray,1925,2024,F
Olga-Nantia Valavani,1954,,F
Olga Osorio,,,F
Olimpia Carlisi,1946,,F
Oliver Breite,1963,,M
Oliver Cotton,1944,,M
Oliver Dickinson,1980,,M
Oliver Doran,1963,,M
Oliver Haffner,1974,,M
Oliver Hermanus,1983,,M
Oliver Hirschbiegel,1957,,M
Oliver Kalkofe,1965,,M
Oliver Korittke,1968,,M
Oliver Kracht,1981,,M
Óliver Laxe,1982,,M
Oliver Marlo,1956,,M
Oliver Masucci,1968,,M
Oliver Murray,,,M
Oliver Nägele,1957,,M
Oliver Parker,1960,,M
Oliver Reaza,,,M
Oliver Rihs,1971,,M
Oliver Sauer,1960,,M
Oliver Schwabe,1966,,M
Oliver Schwehm,1975,,M
Oliver Sechting,1975,,M
Oliver Stone,1946,,M
Oliver Törner,1956,,M
Olivia Carruthers,1954,,F
Olivia Silhavy,1957,,F
Olivier Afonso,1975,,M
Olivier Assayas,1955,,M
Olivier Ayache-Vidal,1965,,M
Olivier Azam,1971,,M
Olivier Babinet,1971,,M
Olivier Baroux,1964,,M
Olivier Bohler,1972,,M
Olivier Breitman,1965,,M
Olivier Broche,1963,,M
Olivier Cadiot,1956,,M
Olivier Casas,1976,,M
Olivier Claverie,1959,,M
Olivier Cruveiller,1959,,M
Olivier Dahan,1967,,M
Olivier de Funès,1949,,M
Olivier Delahaye,1955,,M
Olivier Ducray,,,M
Olivier Faup,,,M
Olivier Goujon,1978,,M
Olivier Gourmet,1963,,M
Olivier Guerpillon,1969,,M
Olivier Hémon,1950,2022,M
Olivier Jahan,,,M
Olivier Le Cour-Grandmaison,1960,,M
Olivier Lejeune,1951,,M
Olivier Loustau,1975,,M
Olivier Marchal,1958,,M
Olivier Megaton,1965,,M
Olivier Nakache,1973,,M
Olivier Pagès,1957,,M
Olivier Pajot,1956,,M
Olivier Panchot,,,M
Olivier Perrier,1940,,M
Olivier Peyon,1969,,M
Olivier Py,1965,,M
Olivier Rabourdin,1959,,M
Olivier Saladin,1952,,M
Olivier Treiner,,,M
Olivier van der Zee,1969,,M
Olivier Van Hoofstadt,1968,,M
Olivier Vidal,1978,,M
Olli Dittrich,1956,,M
Olwen Fouéré,1954,,F
Omar A. Razzak,1982,,M
Omara Portuondo,1930,,F
Omar Marwan,,,M
Ombretta Ciccarelli,?,,F
Ombretta Colli,1943,,F
Omer Fast,1972,,M
Omero Antonutti,1935,2019,M
Om Puri,1950,2017,M
Onno Grohmann,,,M
Onuț Danciu,1952,2016,M
Oona-Devi Liebich,1984,,F
Orazio Stracuzzi,1947,,M
Orelsan,1982,,M
Orest Syrvatka,?,,M
Orfeo Orlando,1958,,M
Orhan Pamuk,1952,,M
Orianna Girotto,1973,,F
Oriol Grau,1963,,M
Oriol Paulo,1975,,M
Orlando Angius,?,,M
Ornella Muti,1955,,F
Ornella Vanoni,1934,,F
Orsetta De Rossi,1963,,F
Orsi Nagypál,1978,,F
Orsolya Báthory,1969,,F
Orso Maria Guerrini,1943,,M
Orto Ignatiussen,1959,2019,M
Óscar Aibar,1967,,M
Óscar Barberán,1967,,M
Óscar Bernàcer,,,M
Oscar Di Maio,1959,,M
Óscar Ladoire,1954,,M
Oscar Martínez,1949,,M
Óscar Montón,,,M
Òscar Moreno,,,M
Oscar Ortega Sánchez,1962,,M
Óscar Parra de Carrizosa,1974,,M
Óscar Pérez,,,M
Óscar Peyrou,,,M
Oskar Lafontaine,1962,,M
Oskar Roehler,1959,,M
Oskar Santos,1972,,M
Oskar Tejedor,1968,,M
Osvaldo Ruggieri,1928,2020,M
Oswald Aulestia,1976,,M
Oswald Fuchs,1933,2015,M
Oszkár Gáti,1949,,M
Otar Iosseliani,1934,2023,M
Otello Cenci,,,M
Oti Rodríguez Marchante,1958,,M
Ottaviano Dell'Acqua,1955,,M
Ottavia Piccolo,1949,,F
Ottfried Fischer,1953,,M
Ottó Ifj. Elek,1954,,M
Otto Waalkes,1948,,M
Ouk-sook Hur,,,M
Ounie Lecomte,1966,,F
Oury Milshtein,1957,,M
Ovidiu Crișan,1970,,M
Ovidiu Cuncea,1967,,M
Ovidiu Georgescu,1968,,M
Ovidiu Ghiniță,1952,,M
Ovidiu Ioanițoaia,1945,,M
Ovidiu Lipan,1953,,M
Ovidiu Schumacher,1942,,M
Owen Gower,,,M
Owen Lewis,,,M
Owen Teale,1961,,M
Oxana Moravec,1967,,F
Ozana Oancea,1968,,F
Oz Arshad,,,M
Özay Fecht,1953,,F
Özgür Yildirim,1979,,M
Ozzie Yue,1947,,M
Ozzy Osbourne,1948,,M
P. H. Moriarty,1939,,M
Pablo Agüero,1977,,M
Pablo Aragüés,1982,,M
Pablo Berger,1963,,M
Pablo Brichta,1949,2016,M
Pablo Carbonell,1962,,M
Pablo Girault,,,M
Pablo Larraín,1976,,M
Pablo Malo,1965,,M
Pablo Maqueda,1985,,M
Pablo Moreno,1983,,M
Pablo Romero-Fresco,,,M
Pablo Solarz,1969,,M
Paca Gabaldón,1949,,F
Paco Arango,1966,,M
Paco Caballero,,,M
Paco Cabezas,1976,,M
Paco Casaus,,,M
Paco Catalá,1945,2020,M
Paco Clavel,1949,,M
Paco Coll,,,M
Paco de Lucía,1947,2014,M
Paco León,1974,,M
Paco Limón,,,M
Paco Lobatón,1951,,M
Paco Ortiz,1978,,M
Paco Plaza,1973,,M
Paco R. Baños,1971,,M
Paco Revilla,,,M
Paco Sagarzazu,1940,,M
Paco Tous,1964,,M
Paddy Considine,1973,,M
Paddy Glynn,1939,,F
Pakiza Baig,1940,,F
Pál Frenák,1957,,M
Pál Kanda,1964,,M
Pallaruelo Gilles,1963,,M
Pál Lovas,1952,,M
Pál Mácsai,1961,,M
Palmolive,1954,,F
Pál Oberfrank,1964,,M
Paloma Albaladejo,,,F
Paloma Zapata,1979,,F
Pál Sándor,1939,,M
Pål Waaktaar,1961,,M
Pamela Blair,1949,2023,F
Pamela Field,,,F
Pamela Villoresi,1957,,F
Pameli Benham,,,F
Pam Ferris,1948,,F
Pancho García Matienzo,,,M
Pancho Varona,1967,,M
Paola Calvo,1981,,F
Paola Cortellesi,1973,,F
Paola Dionisotti,1946,,F
Paola Giannetti,1957,,F
Paola Mazzetti,1927,2022,F
Paola Pitagora,1941,,F
Paola Quattrini,1944,,F
Paola Randi,1970,,F
Paola Riolo,,,F
Paola Sambo,1962,,F
Paola Scola,1961,,F
Paola Settimini,,,F
Paola Sotgiu,1948,,F
Paola Tiziana Cruciani,1958,,F
Paolo Angelini,1966,,M
Paolo Balboni,1948,,M
Paolo Bonacelli,1937,,M
Paolo Calabresi,1964,,M
Paolo Cevoli,1958,,M
Paolo Conte,1937,,M
Paolo Costella,1964,,M
Paolo De Vita,1957,,M
Paolo Franchi,1969,,M
Paolo Genovese,1966,,M
Paolo Geremei,1975,,M
Paolo Giovannucci,1965,,M
Paolo Graziosi,1940,2022,M
Paolo Hendel,1952,,M
Paolo Licata,1982,,M
Paolo Lorimer,1958,,M
Paolo Malco,1947,,M
Paolo Mitton,1974,,M
Paolo Pierobon,1967,,M
Paolo Pisanu,,,M
Paolo Poli,1929,2016,M
Paolo Rossi,1953,,M
Paolo Ruffini,1978,,M
Paolo Sassanelli,1958,,M
Paolo Sorrentino,1970,,M
Paolo Strippoli,1993,,M
Paolo Taviani,1931,,M
Paolo Triestino,1959,,M
Paolo Virzì,1964,,M
Paolo Vita,1967,,M
Paolo Zucca,1972,,M
Pape Pérez,1953,,M
Papil Panduru,1934,2021,M
Pappi Corsicato,1960,,M
Páraic Breathnach,1956,,M
Paride Benassai,1956,,M
Paris Zarcilla,1986,,M
Parvin Namazi,1955,,M
Parviz Sayyad,1939,,M
Pascal Bernier,1960,,M
Pascal Bonitzer,1946,,M
Pascal Bonnelle,,,M
Pascal Bourdiaux,,,M
Pascal Casanova,1957,,M
Pascal Chaumeil,1961,2015,M
Pascal Demolon,1964,,M
Pascale Arbillot,1970,,F
Pascale Bodet,1971,,F
Pascale Breton,1960,,F
Pascale Ferran,1960,,F
Pascal Elbé,1967,,M
Pascal Elso,1955,,M
Pascale Pouzadoux,1970,,F
Pascale Roberts,1930,,F
Pascale Schiller,1968,,F
Pascale Vignal,,,F
Pascal Gaigne,1958,,M
Pascal Greggory,1954,,M
Pascal Humbert,,,M
Pascal Légitimus,1959,,M
Pascal Morelli,1961,,M
Pascal Nzonzi,1951,,M
Pascal Obadia,,,M
Pascal Obispo,1965,,M
Pascal Olmeta,1961,,M
Pascal-Pierre Garbarini,1963,,M
Pascal Plisson,1959,,M
Pascal Praud,1964,,M
Pascal Rabaté,1961,,M
Pascal Tagnati,,,M
Pascal Tessaud,1974,,M
Pascal Thomas,1945,,M
Pascal Zullino,1963,,M
Pasquale d'Inca,1963,,M
Pasquale De Michele,,,M
Pasquale Donatone,,,M
Pasquale Falcone,1956,,M
Pasquale Lillo Petrolo,1962,,M
Pasquale Marrazzo,1961,,M
Pasquale Plastino,1959,,M
Pasquale Squitieri,1938,2017,M
Pastora Vega,1960,,F
Patakfalvi Ferenc,1929,,M
Pat Bonner,1960,,M
Patch Adams,1945,,M
Pat Patterson,,,F
Patric Chiha,1975,,M
Patrice Carmouze,1951,,M
Patrice Coquereau,1961,,M
Patrice Dozier,1949,,M
Patrice Gautier,,,M
Patrice Laffont,1939,2024,M
Patrice Leconte,1947,,M
Patrice-Luc Doumeyrou,1955,,M
Patrice Melennec,1942,,M
Patricia Barzyk,1963,,F
Patricia Clarkson,1959,,F
Patricia Ferreira,1958,,F
Patricia Font,1978,,F
Patricia Franklin,1942,,F
Patricia French,,,F
Patricia Hodge,1946,,F
Patricia Malvoisin,1960,,F
Patricia Mazuy,1960,,F
Patricia Ortega,1977,,F
Patricia Reyes Spíndola,1953,,F
Patricia Viel,,,F
Patricio Guzmán,1941,,M
Patrick Alexander,,,M
Patrick Avrane,,,M
Patrick Bauchau,1938,,M
Patrick Bergin,1951,,M
Patrick Bonnel,1953,,M
Patrick Bossard,1971,,M
Patrick Bosso,1962,,M
Patrick Bouchitey,1946,,M
Patrick Braoudé,1954,,M
Patrick Bruel,1959,,M
Patrick Cassir,,,M
Patrick Catalifo,1957,,M
Patrick Chesnais,1947,,M
Patrick d'Assumçao,1959,,M
Patrick Desbois,1955,,M
Patrick Descamps,1956,,M
Patrick Doyle,1953,,M
Patrick Dross,,,M
Patrick Drury,1945,,M
Patrick Frey,1949,,M
Patrick Godeau,1953,,M
Patrick Godfrey,1933,,M
Patrick Grandperret,1946,2019,M
Patrick Hastert,1959,,M
Patrick Hernandez,1949,,M
Patrick Hongniat,,,M
Patrick Imbert,1977,,M
Patrick Jarreau,1951,,M
Patrick Juvet,1950,2021,M
Patrick Ligardes,1962,,M
Patrick Lindner,1960,,M
Patrick-Mario Bernard,1961,,M
Patrick McEnroe,1966,,M
Patrick Messe,1945,,M
Patrick Mille,1970,,M
Patrick Moore,1947,,M
Patrick Paroux,1952,,M
Patrick Pelloux,1963,,M
Patrick Pineau,1961,,M
Patrick Poivey,1948,2020,M
Patrick Poivre d'Arvor,1947,,M
Patrick Préjean,1944,,M
Patrick Puzenat,,,M
Patrick Raynal,1951,,M
Patrick Ridremont,1967,,M
Patrick Rocca,1947,,M
Patrick Romer,,,M
Patrick Sébastien,1953,,M
Patrick Séraudie,1960,,M
Patrick Siegfried Zimmer,1977,,M
Patrick Sobelman,1956,,M
Patrick Stewart,1940,,M
Patrick Timsit,1959,,M
Patrick Viret,1953,,M
Patrik Cottet-Moine,1964,,M
Patrizia Gattaceca,1957,,F
Patrizia La Fonte,1956,,F
Patrizia Loreti,1954,,F
Patrizia Pellegrino,1961,,F
Patrizio Gioffredi,1979,,M
Patrizio Rispo,1956,,M
Pat Starr,,,F
Patti Smith,1946,,F
Patty Smyth,1957,,F
Patxi Bisquert,1952,,M
Patxi Santamaría,1959,,M
Patxi Uriz,1964,,M
Patxo Tellería,1960,,M
Pau Durà,1972,,M
Pau Faus,1974,,M
Paula Cons,1976,,F
Paula Knüpling,1995,,F
Paul Andrew Williams,1973,,M
Paul Antony-Barber,1953,,M
Paula Ortiz,1976,,F
Paul Bandey,1956,,M
Paul Barber,1951,,M
Paul Barge,1941,,M
Paul Bauwens-Adenauer,1953,,M
Paul Blain,1960,,M
Paul Blake,1949,,M
Paul Borne,1959,,M
Paul Butterworth,,,M
Paul Calori,1978,,M
Paul Cassel,1967,,M
Paul Chiribuță,1949,,M
Paul de Brancion,1951,,M
Paul De Grauwe,1946,,M
Paul Duddridge,1966,,M
Paul Dugdale,1980,,M
Paulette Frantz,1929,2022,F
Paulette Victor Lifton,1958,,F
Paul Faßnacht,1949,,M
Paul Fegan,,,M
Paul Freeman,1943,,M
Paul Gambaccini,1949,,M
Paul Gibson,1948,1975,M
Paul Gross,1959,,M
Paul Grote,1946,,M
Paul Guilfoyle,1949,,M
Paul Hartmann,,,M
Paul Hipp,1963,,M
Paul Hyett,,,M
Pauline Black,1953,,F
Pauline Collins,1940,,F
Paul Jesson,1946,,M
Paul Kaye,1965,,M
Paul Kelly,1962,,M
Paul King,1978,,M
Paul Kunigis,1953,,M
Paul Lapidus,,,M
Paul Lavers,1950,,M
Paul Laverty,1957,,M
Paul Lefèvre,1943,,M
Paul Leonard,,,M
Paul Le Person,1931,,M
Paul Manate,,,M
Paul McCartney,1942,,M
Paul McGann,1959,,M
Paul McGrath,1959,,M
Paul McGuigan,1963,,M
Paul Middleton,,,M
Paul Mignot,1980,,M
Paul Morrison,1944,,M
Paul Negoescu,1984,,M
Paul Otchakovsky-Laurens,1944,2018,M
Paul Quilès,1942,2021,M
Paul Reiser,1956,,M
Paul Ridley,?,,M
Paul Robinson,,,M
Paul Rumsey,1956,,M
Paul Saintillan,1971,,M
Paul Schrader,1946,,M
Paul Shammasian,,,M
Paul Simonon,1955,,M
Paul Toogood,,,M
Paul Urkijo Alijo,1984,,M
Paulus Manker,1958,,M
Paul Vecchiali,1930,2023,M
Paul Verhoeven,1938,,M
Paul Watson,1950,,M
Paul Whitehouse,1958,,M
Paul Wolff-Plottegg,1950,,M
Pavel Giroud,1973,,M
Pavel Nový,1948,,M
Pavle Ravnohrib,1956,,M
Pavo Marinković,1967,,M
Pawel Siczek,,,M
Paz Jiménez,1977,,F
Peace Osigbe,,,M
Peadar Cox,,,M
Pedro Almodóvar,1949,,M
Pedro Álvarez-Ossorio,1945,,M
Pedro B. Abreu,1983,,M
Pedro Ballesteros,,,M
Pedro C. Alonso,,,M
Pedro Casablanc,1963,,M
Pedro Civera,1941,,M
Pedro Collantes,1980,,M
Pedro Estepa Menéndez,1985,,M
Pedro G. Romero,1964,,M
Pedro González Bermúdez,1975,,M
Pedro Hietanen,1949,2023,M
Pedro L. Barbero,,,M
Pedro Mari Sánchez,1954,,M
Pedro Miguel Martínez,1949,,M
Pedro Olea,1938,,M
Pedro Pérez Rosado,1953,,M
Pedro Ruiz,1947,,M
Pedro Subijana,1948,,M
Peer Jäger,1943,,M
Peer Martiny,1958,,M
Peio Arnáez,1959,,M
Pei-Pei Cheng,1946,2024,F
Pelé,1940,2022,M
Penelope Wilton,1943,,F
Penny Arcade,1950,,F
Penny Ryder,,,F
Penny Slinger,1947,,F
Pepa López,1953,,F
Pep Anton Gómez,1966,,M
Pep Cortés,1945,2019,M
Pep Cruz,1948,,M
Pepe Dámaso,1933,,M
Pepe Danquart,1955,,M
Pepe de Lucía,1945,,M
Pepe Mujica,1935,,M
Pepe Quero,1960,,M
Pepe Salas,1937,2020,M
Pepe Viyuela,1963,,M
Pep Garrido,1979,,M
Pep Jové,1955,,M
Pep Munné,1953,,M
Pepón Montero,,,M
Pepón Nieto,1967,,M
Pepo Oliva,,,M
Peppe Barra,1944,,M
Peppeddu Cuccu,1958,,M
Peppe Lanzetta,1956,,M
Peppe Servillo,1960,,M
Peppino Di Capri,1939,,M
Pep Ricart,1961,,M
Pep Sais,1951,,M
Pep Sarrà,,,M
Pepsy Romanoff,1972,,M
Pep Tosar,1961,,M
Pere Gratacós,1958,,M
Pere Marzo,,,M
Pere Ponce,1964,,M
Pere Puigbert,1983,,M
Pere Solés,1967,,M
Peret,1935,2014,M
Perette Souplex,1930,2024,F
Pere Vilà i Barceló,1975,,M
Pernilla August,1958,,F
Pero Juričić,1945,,M
Pero Kvesić,1950,2023,M
Perrine Michel,1977,,F
Perry Benson,1961,,M
Perry Friedman,1968,2024,M
Per Tofte,1935,,M
Petar Janjatović,1956,,M
Petar Mirčevski,1956,,M
Petar Orešković,1980,,M
Pete Jones,,,M
Peter Aaby,1944,,M
Péter Albert,1967,,M
Peter Althof,1955,,M
Peter Altmann,1973,,M
Péter Andorai,1948,2020,M
Péter Aradi-Beöthy,,,M
Peter Badstübner,1959,,M
Péter Barbinek,1949,,M
Péter Bartók,1924,2020,M
Peter Benedict,1963,,M
Péter Bergendy,1964,,M
Peter Berthold,1939,,M
Peter Bogdanovitch,1939,2022,M
Peter Bowles,1936,2022,M
Péter Bozsó,1973,,M
Peter Brachschoss,1957,,M
Peter Bratuša,1962,,M
Péter Bregyán,1954,,M
Peter Brombacher,1961,,M
Peter Capaldi,1958,,M
Peter Carroll,1943,,M
Peter Cattaneo,1964,,M
Peter Charlton,1938,,M
Peter Chelsom,1956,,M
Peter Cieslinski,1953,,M
Peter Claridge,1952,,M
Peter Clös,1956,,M
Peter Compton,,,M
Peter Coyote,1941,,M
Peter Davison,1951,,M
Peter Del Monte,1943,2021,M
Péter Dóczy,1957,,M
Peter Dourountzis,,,M
Péter Eötvös,1944,2024,M
Péter Erdei,,,M
Peter Evers,,,M
Péter Fazakas,1967,,M
Peter Firth,1953,,M
Peter Fleming,1955,,M
Peter Fonda,1940,2019,M
Peter Forbes,1960,,M
Péter Forgács,1950,,M
Peter Frampton,1950,,M
Peter Franke,1941,,M
Peter Gabriel,1950,,M
Péter Galambos,1971,,M
Peter Genkel,,,M
Péter Gothár,1947,,M
Peter Guinness,1950,,M
Peter Guralnick,1943,,M
Péter Haás Vander,1963,2015,M
Peter Handke,1942,,M
Péter Haumann,1941,2022,M
Peter Hedenström,1948,,M
Peter Hottinger,1969,,M
Peter Howson,1958,,M
Peter Hyams,1943,,M
Peter Jecklin,1955,,M
Peter Johan Hustinx,1945,,M
Peter Jordan,1967,,M
Peter Kaempfe,1955,,M
Peter Kaghanovitch,1953,,M
Peter Kahane,1949,,M
Péter Kálloy Molnár,1970,,M
Peter Kassovitz,1938,,M
Peter Keller,,,
Peter Kelly,1941,2024,M
Péter Kertész,1943,,M
Péter Korbuly,1946,,M
Peter Kremer,1958,,M
Peter Kurth,1957,,M
Péter Lecső,1969,,M
Péter Linka,1962,,M
Peter Lohmeyer,1962,,M
Peter Lovšin,1955,,M
Peter Mackie Burns,1967,,M
Peter MacNeill,1952,,M
Peter Macqueen,,,M
Peter Maertens,1931,2020,M
Peter Maffay,1949,,M
Peter Marcias,1977,,M
Peter Marinker,1941,,M
Peter McAllum,1946,,M
Peter Meister,1987,,M
Peter Mitterrutzner,1942,,M
Peter Mlakar,1951,,M
Peter Mullan,1959,,M
Peter Musevski,1965,2020,M
Péter Nádas,1942,,M
Peter Nemela,1939,,M
Peter Nicholson,,,M
Peter Noel,,,M
Peter Nottmeier,1958,,M
Peter O'Toole,1932,2013,M
Péter Ogi,1955,2019,M
Peter Ott,1966,,M
Peter Peralta,,,M
Peter Pfister,,,M
Peter Pogany-Wnendt,1954,,M
Péter Politzer,1974,,M
Peter Polycarpou,1957,,M
Peter Popp,1965,,M
Peter Prager,1952,,M
Peter Rappenglück,1962,,M
Peter Rauch,1947,,M
Peter Reid,1956,,M
Peter-René Lüdicke,1957,,M
Péter Rudolf,1959,,M
Peter Rumpel,1944,,M
Péter Scherer,1961,,M
Peter Schneider,1940,,M
Peter Shilton,1949,,M
Peter Simonischek,1946,2023,M
Peter Sodann,1936,2024,M
Peter Stormare,1953,,M
Peter Strickland,1973,,M
Peter Striebeck,1938,,M
Péter Szajki,1980,,M
Péter Szolnoki,1970,,M
Péter Takátsy,1969,,M
Péter Tarján,1957,,M
Peter Thoms,1940,,M
Peter Thorwarth,1971,,M
Péter Trokán,1946,,M
Péter Varsics,1985,,M
Péter Végh,1960,,M
Peter Webber,1968,,M
Peter Weck,1930,,M
Peter Whitehead,1937,2019,M
Peter Wight,1950,,M
Peter Wolf,1965,,M
Pete Thomas,,,M
Pete Travis,,,M
Petra Berndt,1965,,F
Petra Kalkutschke,1961,,F
Petra Kleinert,1967,,F
Petra Landers,1962,,F
Petra Lüschow,,,F
Petra Marie Cammin,1958,,F
Petra Markham,1947,,F
Petra Martínez,1944,,F
Petra Nadolny,1960,,F
Petra Seeger,1979,,F
Petra Seliškar,1978,,F
Petra Welteroth,1959,,F
Petra Zieser,1957,,F
Petre Arsovski,1945,,M
Petre Buică,1925,2012,M
Petre Ciubotaru,1939,2019,M
Petre Ghimbășan,1970,,M
Petr Herrmann,1938,2018,M
Pétronille Moss,1957,,F
Phelim Kelly,,,M
Phil Barney,1957,,M
Phil Collins,1951,,M
Phil Davis,1953,,M
Phil Grabsky,1964,,M
Phil Hawkins,1984,,M
Philine Peters-Arnolds,1954,,F
Philip Barantini,1980,,M
Philip Groening,1959,,M
Philip Gröning,1959,,M
Philip Jackson,1948,,M
Philippa Lowthorpe,1962,,F
Philippe Barassat,1963,,M
Philippe Beglia,1951,,M
Philippe Borrel,1966,,M
Philippe Brenninkmeyer,1964,,M
Philippe Brigaud,1935,,M
Philippe Caroit,1959,,M
Philippe Catoire,1947,,M
Philippe Caubère,1950,,M
Philippe Chevallier,1956,,M
Philippe Claudel,1962,,M
Philippe Collin,1975,,M
Philippe Corti,1958,,M
Philippe de Chauveron,1965,,M
Philippe Dormoy,1953,,M
Philippe Duclos,1946,,M
Philippe du Janerand,1959,,M
Philippe Duquesne,1965,,M
Philippe Dusseau,,,M
Philippe Faucon,1958,,M
Philippe Fernandez,1958,,M
Philippe Fretun,,,M
Philippe Garrel,1948,,M
Philippe Girard,1958,,M
Philippe Godeau,1961,,M
Philippe Grandrieux,1954,,M
Philippe Guillard,1961,,M
Philippe Guilloux,1960,,M
Philippe Harel,1956,,M
Philipp Eichholtz,1982,,M
Philippe Katerine,1968,,M
Philippe Lacheau,1980,,M
Philippe Lacôte,1969,,M
Philippe Laudenbach,1936,,M
Philippe Lefebvre,1968,,M
Philippe Le Guay,1956,,M
Philippe Lellouche,1966,,M
Philippe Lemaire,1927,,M
Philippe Leroy,1930,2024,M
Philippe Lespinasse,,,M
Philippe Lioret,1955,,M
Philippe Magnan,1948,,M
Philippe Manesse,1949,,M
Philippe Martinez,1961,,M
Philippe Mechelen,,,M
Philippe Meirieu,1949,,M
Philippe Mercier,1956,2011,M
Philippe Minyana,1946,,M
Philippe Morier-Genoud,1944,,M
Philippe Nahon,1938,2020,M
Philippe Noiret,1930,,M
Philippe Petit,1949,,M
Philippe Peythieu,1950,,M
Philippe Pollet-Villard,1960,,M
Philippe Ramos,1966,,M
Philippe Rebbot,1964,,M
Philippe Résimont,1962,,M
Philippe Rigot,,,M
Philippe Rougé-Thomas,1961,,M
Philippe Rouyer,1964,,M
Philippe Sisbane,1964,,M
Philippe Torreton,1965,,M
Philippe Uchan,1962,,M
Philippe Vieux,1966,,M
Philippe Worms,1958,,M
Philipp Fleischmann,1985,,M
Philipp Hartmann,1972,,M
Philippine Leroy-Beaulieu,1963,,F
Philipp Jedicke,1977,,M
Philipp Kadelbach,1974,,M
Philipp Leinemann,1979,,M
Philipp Moog,1961,,M
Philipp Stölzl,1967,,M
Philip Scheffner,1966,,M
Philip Widmann,1980,,M
Phil Knight,1938,,M
Phillip Gill,,,M
Phil Marboeuf,,,M
Phil Tippett,1951,,M
Phoebe Nicholls,1957,,F
Phyllis Logan,1956,,F
Phyllis Somerville,1943,2020,F
Pia Engleberth,1949,,F
Pia Lenz,1986,,F
Pia Marie Mann,?,,F
Pia Velsi,1924,,F
Piera Degli Esposti,1938,2021,F
Pieraldo Ferrante,1938,,M
Pierce Brosnan,1956,,M
Pierfrancesco Campanella,1960,,M
Pierfrancesco Favino,1969,,M
Pier Giorgio Bellocchio,1931,2022,M
Piergiorgio Piccoli,1960,,M
Piergiuseppe Giuffrida,,,M
Piergiuseppe Zaia,,,M
Pierluigi Cuomo,1959,,M
Pierluigi Di Lallo,,,M
Pierluigi Ferrandini,1974,,M
Pier Luigi Mecchia,1965,,M
Pier Maria Cecchini,1957,,M
Piero Maggiò,1964,,M
Piero Marcialis,1948,,M
Piero Messina,1981,,M
Piero Pelù,1962,,M
Pierpaolo De Sanctis,1979,,M
Pierre Abramovici,1955,,M
Pierre-Alain de Garrigues,1959,,M
Pierre-Ange Le Pogam,1954,,M
Pierre-Antoine Hiroz,1961,,M
Pierre Arditi,1944,,M
Pierre Aucaigne,1960,,M
Pierre Aussedat,1957,,M
Pierre Banderet,1954,,M
Pierre Barnérias,1965,,M
Pierre Barray,,,M
Pierre Berriau,1961,,M
Pierre Bosset,,,M
Pierre Bouysset,,,M
Pierre Cardin,1922,2020,M
Pierre Carles,1962,,M
Pierre Cassignard,1965,2021,M
Pierre Coré,1969,,M
Pierre Courrège,1959,,M
Pierre Creton,1966,,M
Pierre Curzi,1946,,M
Pierre Daix,1922,2014,M
Pierre Deny,1956,,M
Pierre Douglas,1941,,M
Pierre Dudan,,,M
Pierre Étaix,1928,2016,M
Pierre Filmon,1970,,M
Pierre Földes,1960,,M
Pierre Forest,,,M
Pierre-François Martin-Laval,1968,,M
Pierre Gagnaire,1950,,M
Pierre Glénat,1954,,M
Pierre Godeau,1986,,M
Pierre-Henry Salfati,1953,,M
Pierre Jolivet,1952,,M
Pierre Laur,1960,,M
Pierre Lavenu,,,M
Pierre Lemaitre,1951,,M
Pierre Léon,1959,,M
Pierre Londiche,1932,2022,M
Pierre-Loup Rajot,1958,,M
Pierre Meunier,1957,,M
Pierre Michon,1945,,M
Pierre Mondy,1925,,M
Pierre Morel,1964,,M
Pierre Nahon,1935,2020,M
Pierre-Olivier Scotto,1954,,M
Pierre Peters-Arnolds,1957,,M
Pierre Pézerat,1955,,M
Pierre Pinaud,1969,,M
Pierre Pirol,,,M
Pierre Pradinas,1955,,M
Pierre Rabhi,1938,2021,M
Pierre Rambaldi,1963,,M
Pierre Richard,1934,,M
Pierre Salvadori,1964,,M
Pierre Sanoussi-Bliss,1962,,M
Pierre Santini,1938,,M
Pierre Schoeller,1961,,M
Pierre Sénélas,,,M
Pierre Shrady,1958,,M
Pierre Stambul,1950,,M
Pierre Tchernia,1928,,M
Pierre Trividic,1957,,M
Pierrette Litras,,,F
Pierre Vaneck,1931,,M
Pierre Vernier,1931,,M
Pierre Vial,1928,,M
Pierre Westelynck,,,M
Pierre-William Glenn,1943,2024,M
Pierre Zellner,1985,,M
Piet De Rycker,1957,,M
Piet Fuchs,1964,,M
Pietra Montercorvino,1962,,F
Pietro Belfiore,1986,,M
Pietro Bontempo,1963,,M
Pietro Castellitto,1991,,M
Pietro De Silva,1954,,M
Pietro Ditano,,,M
Pietro Laino,1981,,M
Pietro Loprieno,?,,M
Pietro Marcello,1976,,M
Pietro Parolin,1977,,M
Pietro Ragusa,1965,,M
Pietro Sarubbi,1961,,M
Pietro Tamaro,1983,,M
Pif,1972,,M
Pilar Aguilar,1946,,F
Pilar Aymerich,1943,,F
Pilar Bardem,1939,2021,F
Pilar Miguélez,,,F
Pilar Ordóñez,1963,,F
Pilar Palomero,1980,,F
Pilar Pellicer,1933,2020,F
Pilar Pereira,1937,2020,F
Pilar Pérez Solano,1967,,F
Pim van Lommel,1943,,M
Pinchas Rosenberg,,,
Pini Mittelman,,,M
Pino Ammendola,1951,,M
Pino Calabrese,1955,,M
Pino Caruso,1934,2019,M
Pino Colizzi,1937,,M
Pino Laface,?,,M
Pino Maniaci,1953,,M
Pino Mauro,1938,,M
Pino Quartullo,1957,,M
Pino Tordiglione,1965,2017,M
Pinuccio Sinisi,1951,,M
Piotr J. Lewandowski,1975,,M
Piotr Szkopiak,1966,,M
Pippa Haywood,1961,,F
Pippo Delbono,1959,,M
Pippo Franco,1940,,M
Pippo Mezzapesa,1980,,M
Piro Milkani,1939,,M
Piroska Molnár,1945,,F
Piter Moreira,,,M
Plácido Domingo,1941,,M
Plantu,1951,,M
Pola Beck,1982,,F
Polly Hemingway,1946,,F
Polly Steele,1966,,F
Polo Menárguez,,,M
Pol Rodríguez,1977,,M
Pompeyo Audivert,1959,,M
Pope Benedict XVI,1927,2022,M
Popeck,1936,,M
Porpora Marcasciano,1957,,T
Portia Simpson Miller,1945,,F
Prano Bailey-Bond,1982,,F
Pravesh Kumar,,,M
Predrag Bjelac,1962,,M
Predrag Ličina,1972,,M
Prem Chopra,1935,,M
Primož Petkovšek,1963,,M
Priscilla Wittman,1957,,F
Proschat Madani,1967,,M
Puk Grasten,1986,,F
Pupi Avati,1938,,M
Pushan Kripalani,,,M
Put Puttipong Nakthong,,,
Qadji Ismayilov,1953,,M
Qi Zhang,,,
Quarxx,,,M
Quentin Delcourt,1991,,M
Quentin Dupieux,1974,,M
Quentin Reynaud,1982,,M
Quentin Tarantino,1963,,M
Quim Casas,1959,,M
Quimet Pla,1950,,M
R. D. Reid,1944,2017,M
R. Niels Marquardt,1953,,M
Rabah Ameur-Zaïmeche,1966,,M
Rachel Tunnard,1979,,F
Rachida Brakni,1977,,F
Rachid Bouchareb,1953,,M
Rachid Djaidani,1974,,M
Rachid Hami,1985,,M
Radek Wegrzyn,1977,,M
Rade Šerbedžija,1946,,M
Radislav Jovanov Gonzo,1964,,M
Radko Polič,1942,2022,M
Radoš Bolčina,1964,,M
Radoslava Mrkšić,1951,,F
Radu Amzulescu,1959,,M
Radu Bânzaru,1968,,M
Radu Botar,1963,,M
Radu Dragomir,1967,,M
Radu Fetke,1959,,M
Radu Gabrea,1937,2017,M
Radu Jude,1977,,M
Radu Mihaileanu,1958,,M
Radu Muntean,1971,,M
Radu Potcoavă,1978,,M
Rafael Álvarez 'El Brujo',1950,,M
Rafael Calatayud,1955,,M
Rafael Farina Issas,1990,,M
Rafael Gordon,1946,,M
Rafael Martín,1949,,M
Rafael Molés,1974,,M
Rafael Rojas,1961,,M
Rafael Sánchez Ferlosio,1927,2019,M
Rafa Martínez,1979,,M
Rafa Montesinos,,,M
Rafa Russo,1962,,M
Rafel Ramis,1950,2022,M
Raffaele Ferrante,1974,,M
Raffaele Minichiello,1949,,M
Raffaele Pisu,1925,2019,M
Raffaella Giordano,1961,,F
Raffaella Lebboroni,1961,,F
Raffaella Panichi,1936,,F
Rafi Pitts,1967,,M
Raghunath Manet,1958,,M
Rahela Jagrič Pirc,,,F
Raimundo Amador,1959,,M
Raimundo Heredia Heredia,1939,,M
Raine Allen-Miller,1989,,F
Rainer Bock,1954,,M
Rainer Egger,1960,,M
Rainer Ewerrien,1960,,M
Rainer Gerlach,1949,,M
Rainer Guldener,1956,,M
Rainer Kaufmann,1959,,M
Rainer Langhans,1940,,M
Rainer Laupichler,1957,,M
Rainer Lott,1953,,M
Rainer Philippi,1952,,M
Rainer Reiners,1959,,M
Rainer Sellien,1963,,M
Rainer Steffen,1943,,M
Rainer Winkelvoss,1959,,M
Raini Rodriguez,1993,,F
Raja Amari,1971,,F
Rajit Kapoor,1963,,M
Rajko Bundalo,1949,,M
Rajko Grlić,1947,,M
Rajmund Pánovics,,,M
Ralf Dittrich,1949,,M
Ralf Drexler,1964,,M
Ralf Harster,1942,,M
Ralf Huettner,1954,,M
Ralf Komorr,1962,,M
Ralf Lindermann,1960,,M
Ralf Marschalleck,1953,,M
Ralf Pleger,1967,,M
Ralf Richter,1957,,M
Ralf Rudolf Moeller,1959,,M
Ralf Thomsen,,,M
Ralf Walker,1970,,M
Ralf Westhoff,1969,,M
Ralph Arliss,1947,,M
Ralph Brown,1957,,M
Ralph Fiennes,1962,,M
Ralph Gladitz,,,M
Ralph Herforth,1960,,M
Ralph Nader,1934,,M
Ralph Palka,1963,,M
Ralph Riach,1936,2022,M
Ralph Steadman,1936,,M
Rambo Amadeus,1963,,M
Rami Heuberger,1963,,M
Ramin Yazdani,1952,,M
Ramiro A. Calle,1943,,M
Ramiro Blas,1966,,M
Ramón Agirre,1949,,M
Ramona Kunze-Libnow,1957,,F
Ramón Barea,1949,,M
Ramon Besa,1958,,M
Ramon Clotet Sala,,,M
Ramon Fontserè,1956,,M
Ramón G. del Pomar,1950,,M
Ramón Ibarra,1958,,M
Ramón Julibert,1929,2013,M
Ramon Laguarta,1963,,M
Ramón Langa,1959,,M
Ramón Lluís Bande,1972,,M
Ramón Luque,1968,,M
Ramón Merlo,,,M
Ramón Salazar,1973,,M
Ramon Térmens,1974,,M
Ramon Tikaram,1967,,M
Ramon Zürcher,1991,,M
Ramsay Gilderdale,1962,,M
Ramzi Ben Sliman,1982,,M
Ramzy Bedia,1972,,M
Rana Kazkaz,,,F
Randa Chahoud,1975,,F
Randall Paul,1957,,M
Randall Wright,,,M
Raniero Cantalamessa,1934,,M
Ranulph Fiennes,1944,,M
Raouf Ben Amor,1946,,M
Raoul Peck,1953,,M
Raoul Trujillo,1955,,M
Raphael,1943,,M
Raphaël Almosni,,,M
Raphaël Frydman,1977,,M
Raphaëline Goupilleau,1956,,F
Raphaël Jacoulot,1971,,M
Raphaël Kirgo,,,M
Raphaël Mezrahi,1964,,M
Raphaël Nadjari,1971,,M
Raphaël Neal,1980,,M
Raphaël Thiéry,1962,,M
Raphaël Vital-Durand,,,M
Rappel,1945,,M
Raquel Gómez Troyano,,,F
Rasmane Ouédraogo,1953,,M
Rasmus Gerlach,1963,,M
Ratko Mladic,1942,,M
Raúl Capdevila Murillo,,,M
Raúl Castro,1931,,M
Raúl Cerezo,1976,,M
Raul Cremona,1956,,M
Raúl del Pozo,1936,,M
Raúl Rosillo,,,M
Ravil Isyanov,1962,,M
Ray Burdis,1958,,M
Ray Burnet,,,M
Ray Cooper,1942,,M
Ray Davies,1944,,M
Rayhana Obermeyer,1963,,F
Ray Lovelock,1950,2017,M
Raymond Bouchard,1945,,M
Raymond Cloutier,1944,,M
Raymond Depardon,1942,,M
Raymond Hosni,,,M
Raymond Tarabay,1967,,M
Ray Stubbs,1957,,M
Ray Winstone,1957,,M
Ray Wise,1947,,M
Răzvan Georgescu,1965,2017,M
Răzvan Săvescu,,,M
Răzvan Vasilescu,1954,,M
Rebecca Basso,,,F
Rebecca Zlotowski,1980,,F
Red Ronnie,1951,,M
Red Saunders,1945,,M
Reed Morano,1977,,F
Reem Kherici,1983,,F
Regina Lamm,1952,,F
Reginald Philip,,,M
Regina Schilling,1962,,F
Regina Schulte am Hülse,1949,,F
Regina Welker,1984,,F
Regine Andratschke,1957,,M
Régine Elmaleh,1940,,F
Regine Vergeen,1943,,F
Régine Vial,1958,,F
Régis Gizavo,1959,2017,M
Régis Jauffret,1955,,M
Régis Laspalès,1957,,M
Régis Roinsard,1972,,M
Régis Sauder,1970,,M
Régis Wargnier,1948,,M
Regula Imboden,1966,,F
Reg Wilson,,,M
Rehana Rose,,,M
Reijo Taipale,1940,2019,M
Reimert Ravenholt,,,F
Reiner Heise,1956,,M
Reiner Holzemer,1958,,M
Reiner Kaminski,1958,,M
Reiner Krausz,1962,,M
Reiner Schöne,1942,,M
Reinhard Günzler,1960,,M
Reinhard Kungel,1962,,M
Reinhard Mahlberg,1959,,M
Reinhard Scheunemann,1950,,M
Reinhardt Grossmann,1931,2010,M
Reinhild Dettmer-Finke,1959,,F
Réka Szabó,1969,,F
Remedios Malvárez,,,F
Rémi Bezançon,1971,,M
Rémi Chayé,1968,,M
Rémi Cotta,1966,,M
Rémi Lange,1969,,M
Remo Girone,1948,,M
Remus Mărgineanu,1938,2022,M
Rémusz Szikszai,1969,,M
Rémy Girard,1950,,M
Rémy Leboucq,1959,,M
Rémy Ratynska,,,M
Rémy Roubakha,1958,,M
Renate Cyll,1931,,F
Renate Hong,1937,,F
Renate Krößner,1945,2020,F
Renate Lasker-Harpprecht,1924,2021,F
Renato Carpentieri,1943,,M
Renato Cortesi,1935,,M
Renato De Maria,1958,,M
Renato Jenček,1963,,M
Renato Pagliuso,1956,,M
Renato Pozzetto,1940,,M
Renato Sarti,1952,,M
Renato Scarpa,1939,2021,M
Renaud,1952,,M
Renaud Cohen,1964,,M
Renaud Fely,1968,,M
Renaud Rutten,1963,,M
Renaud Schaack,,,M
René Böll,1948,,M
Renee Edwards,1962,,F
Renée Le Calm,1918,,F
Renée Soutendijk,1957,,F
René Féret,1945,2015,M
René Frölke,1978,,M
René Gebhardt,1981,,M
René Koch,1945,,M
René Letzgus,1946,,M
René Loyon,1948,,M
René Malleville,1947,2021,M
René Mazzarino,1960,,M
René Weller,1953,2023,M
Renzo Arbore,1937,,M
Renzo Carbonera,1980,,M
Renzo Martinelli,1948,,M
Renzo Rossellini,1941,,M
Reto Caduff,1967,,M
Reza Memari,1976,,M
Reza Naji,1942,,M
Rhea Thönges-Stringaris,1934,,F
Rhoda Lewis,1933,,F
Rhys Ifans,1967,,M
Riad Sattouf,1978,,M
Ricardo Cavallo,1954,,M
Ricardo Darín,1957,,M
Ricardo Lacámara,,,M
Riccardo Ferrero,?,,M
Riccardo Garrone,1926,2016,M
Riccardo Magherini,1958,,M
Riccardo Milani,1958,,M
Riccardo Paoletti,?,,M
Riccardo Pizzuti,1934,,M
Riccardo Polizzy Carbonelli,1961,,M
Riccardo Rossi,1962,,M
Riccardo Zinna,1958,2018,M
Ricci Hohlt,1945,,M
Richard Abibon,1950,,M
Richard Addison,,,M
Richard Anconina,1953,,M
Richard Ayoade,1977,,M
Richard Berry,1950,,M
Richard Billingham,1970,,M
Richard Bohringer,1942,,M
Richard Bremmer,1953,,M
Richard Campbell,1962,,M
Richard Cant,1964,,M
Richard Copans,1947,,M
Richard Cordery,1950,,M
Richard Cunningham,1967,,M
Richard Dale,,,M
Richard Darbois,1951,,M
Richard Derrington,1950,,M
Richard Donner,1930,2021,M
Richard Dreyfuss,1947,,M
Richard Durden,1944,,M
Richard E. Grant,1957,,M
Richard Elson,,,M
Richard Eyre,1943,,M
Richard Fréchette,1955,,M
Richard Gere,1949,,M
Richard Gordon,1929,2017,M
Richard Guedj,1950,,M
Richard Heap,,,M
Richard Hope,1953,,M
Richard Huber,1959,,M
Richard Johnson,1927,2015,M
Richard Jutras,1961,,M
Richard Kovitch,,,M
Richard Laxton,1967,,M
Richard Loncraine,1946,,M
Richard McCabe,1960,,M
Richard Minier,1969,,M
Richard O'Brien,1942,,M
Richard Portnow,1947,,M
Richard Raymond,1977,,M
Richard Ray Whitman,1949,,M
Richard Ridings,1958,,M
Richard Roxburgh,1962,,M
Richard Sammel,1960,,M
Richard Syms,1943,,M
Richard Waugh,1961,,M
Richenda Carey,1948,,F
Richy Müller,1955,,M
Rich Zorn,,,M
Rick Baker,1950,,M
Rick Carlisle,1959,,M
Rickey Portera,1954,,M
Rick Minnich,1968,,M
Rick Ostermann,1978,,M
Rick Wakeman,1949,,M
Ricky Gardner,,,M
Ricky Gervais,1961,,M
Ricky Memphis,1968,,M
Ricky Tognazzi,1955,,M
Ricky Tomlinson,1939,,M
Rike Eckermann,1964,,F
Rikki Beadle Blair,1961,,M
Rino Barillari,1945,,M
Rita Feldmeier,1954,,M
Rita Gatti,1951,,F
Rita Russek,1952,,F
Rita Tushingham,1942,,F
Ritesh Batra,1979,,M
Rivka Michaeli,1938,,F
Rob Ashford,1958,,M
Robbie Coltrane,1950,2022,M
Robbie Fraser,1973,,M
Robbie Moffat,1954,,M
Robbie Vondenhoff,,,
Rob Brydon,1965,,M
Rob Curry,,,M
Robert Abirached,1930,2021,M
Roberta Fiorentini,1948,2019,F
Roberta Fossile,,,F
Robert Alan Packard,1954,,M
Roberta Lena,1963,,F
Róbert Alföldi,1967,,M
Roberta Maxwell,1941,,F
Robert Ashby,1940,2019,M
Roberta Taylor,1948,2024,F
Roberta Torre,1962,,F
Robert Atzorn,1945,,M
Roberta Wallach,1955,,M
Robert B. Bruce,,,M
Robert Bahar,1975,,M
Robert Bathurst,1957,,M
Robert Blythe,1947,2018,M
Robert Bohrer,1979,,M
Róbert Bolla,1955,,M
Robert Budreau,1974,,M
Robert Cantarella,1957,,M
Robert Carlyle,1961,,M
Robert Castel,1933,2020,M
Robert Cavanah,1965,,M
Robert Černelč,1970,,M
Robert Chandler,,,M
Robert Charlebois,1944,,M
Robert Coudray,,,M
Robert Davi,1951,,M
Robert Daws,1959,,M
Robert De Niro,1943,,M
Robert Englund,1947,,M
Robert Eugen Popa,,,M
Robert F. Spetzler,1944,,M
Robert Follet,,,M
Robert Fripp,1946,,M
Robert Gallinowski,1969,,M
Robert Giggenbach,1954,,M
Robert Glenister,1960,,M
Robert Goodman,1955,,M
Robert Guédiguian,1953,,M
Róbert Hermann,1963,,M
Robert Higden,1958,,M
Robert Hirsch,1925,2017,M
Robert Hossein,1927,2020,M
Róbert Hrutka,1967,,M
Robert Hunger-Bühler,1953,,M
Robert Jay Lifton,1926,,M
Robert Knight,1945,2017,M
Robert Kramer,1939,,M
Róbert Lakatos,1968,,M
Robert LaSardo,1963,,M
Robert Lindsay,1949,,M
Robert Llimós,1943,,M
Robert Malley,1963,,M
Robert Meyer,1953,,M
Robert Mika,1960,,M
Robert Miller,,,M
Robert Missler,1958,,M
Robert Mullan,,2024,M
Roberto Abbati,1958,,M
Roberto Accornero,1957,,M
Roberto Alagna,1963,,M
Roberto Álvarez,1956,,M
Roberto Andò,1959,,M
Roberto Antonelli,1938,,M
Roberto Benigni,1952,,M
Roberto Blanco,1937,,M
Roberto Bob Messini,1962,,M
Roberto Bocchi,1953,,M
Roberto Bontà Polito,1982,,M
Roberto Bueso,1986,,M
Roberto Cannavò,1990,,M
Roberto Capucci,1975,,M
Roberto Castón,1973,,M
Roberto Citran,1955,,M
Roberto Ciufoli,1960,,M
Roberto Corcione,?,,M
Roberto D'Agostino,1948,,M
Roberto De Feo,1981,,M
Roberto De Francesco,1964,,M
Roberto Del Gaudio,?,,M
Roberto De Paolis,1980,,M
Roberto Draghetti,1960,2020,M
Roberto Encinas,1957,,M
Roberto Enríquez,1968,,M
Roberto Faenza,1943,,M
Roberto Frontali,1958,,M
Roberto Gasparro,1975,,M
Roberto Girault,1976,,M
Roberto Herlitzka,1937,2024,M
Roberto Lázaro,,,M
Roberto Leal,1959,,M
Roberto Magnifico,1965,,M
Roberto Minervini,1970,,M
Roberto Nobile,1947,2022,M
Roberto Peroni,1944,,M
Roberto Pruzzo,1955,,M
Robert Orhel,1975,,M
Roberto Vecchioni,1943,,M
Robert Paturel,1952,,M
Róbert Pejó,1964,,M
Robert Pickavance,,,M
Robert Plant,1948,,M
Robert Porter Templeton,1964,,M
Robert Prebil,1964,,M
Robert Pugh,1948,,M
Robert Redford,1936,,M
Robert Reynolds,,,M
Robert Rollis,1921,,M
Robert Royal,1940,,M
Robert Salis,1954,,M
Robert Schwentke,1968,,M
Robert Stadlober,1982,,M
Robert Thalheim,1974,,M
Róbert V. Bodnár,,,M
Robert von Wroblewsky,1982,,M
Robert Watts,1938,2024,M
Robert Więckiewicz,1967,,M
Robert Willar,1923,,M
Robert Woods,1936,,M
Robi Morder,1954,,M
Robin Campillo,1962,,M
Robin Colvill,1944,,M
Robin Gooch,1961,,M
Robin Herd,1939,2020,M
Robin Renucci,1956,,M
Robin Shaw,,,M
Robin Soans,1947,,M
Robin Sykes,,,M
Robin Williams,1951,2014,M
Rob Paulsen,1956,,M
Rob Sloman,1976,,M
Rocco Barbaro,1955,,M
Rocco Forte,,,M
Rocco Mortelliti,1959,,M
Rocco Papaleo,1958,,M
Rocío Martín,,,F
Rocío Mesa,1983,,F
Rocko Schamoni,1966,,M
Roc Lafortune,1956,,M
Roddy Bogawa,1962,,M
Roddy Doyle,1958,,M
Rodica Mandache,1943,,F
Rodica Negrea,1956,,F
Rodion Ladislau Roșca,1953,2021,M
Rodolfo Bisatti,1960,,M
Rodolfo Laganà,1957,,M
Rodolphe Burger,1957,,M
Rodolphe Lauga,,,M
Rodrig Andrisan,1958,,M
Rodrigo Bazzano,,,M
Rodrigo Cortés,1973,,M
Rodrigo Rivas,1978,,M
Rodrigo Sorogoyen,1981,,M
Rod Stewart,1945,,M
Roger Ahston-Griffiths,1957,,M
Roger Alborough,1953,,M
Roger Allam,1953,,M
Roger Andrew Taylor,1960,,M
Roger Ashton-Griffiths,1957,,M
Roger Carel,1927,2020,M
Roger Cornillac,1939,,M
Roger Daltrey,1944,,M
Roger Dumas,1932,,M
Roger Glover,1945,,M
Roger Goldby,,,
Roger Grosrey,,,M
Roger Gual,1973,,M
Roger Huddle,,,M
Roger Ibáñez,1931,,M
Roger Mainwood,1953,2018,M
Roger Michell,1956,2021,M
Roger Mirmont,1946,,M
Roger Moore,1927,2017,M
Roger Spottiswoode,1945,,M
Roger Taylor,1949,,M
Roger Van Hool,1940,2023,M
Roger Waters,1943,,M
Rok Biček,1985,,M
Roland Baier,1954,,M
Roland Bertin,1930,,M
Roland Blanche,1943,,M
Roland Blum,,,M
Roland Düringers,1963,,F
Roland Florstedt,1953,,M
Roland Geck,,,M
Roland Gelhausen,1959,,M
Roland Giraud,1942,,M
Roland Gori,1943,,M
Roland Hefter,1950,,M
Roland Jahn,1953,,M
Roland Klick,1939,,M
Roland Koch,1959,,M
Roland Marchisio,1960,,M
Roland Nurier,,,M
Rolando Colla,1957,,M
Rolando Ravello,1969,,M
Roland Rába,1974,,M
Roland Rappaport,1933,2017,M
Roland Reber,1954,2022,M
Roland Stone,1965,,M
Roland Timsit,1958,,M
Roland Vranik,1968,,M
Rolf Becker,1935,,M
Rolf Berg,1957,,M
Rolf Eden,1930,2022,M
Rolf Hoppe,1930,2018,M
Rolf Kanies,1957,,M
Rolf Lambert,,,M
Rolf Lassgård,1955,,M
Rolf Peter Kahl,1970,,M
Rolf Scheider,1956,,M
Rolf Schmitt,1942,,M
Rolf Schübel,1942,,M
Rolf Zacher,1941,,M
Romain Basset,,,M
Romain Bouteille,1937,2021,M
Romain Cogitore,1985,,M
Romain Gavras,1981,,M
Romain Goupil,1951,,M
Romain Lévy,,,M
Romain Quirot,1985,,M
Romain Saudubois,,,M
Romane Bohringer,1973,,F
Romane Gueret,,,F
Román Gubern,1934,,M
Roman Kuhn,1957,,M
Roman Lochmann,1999,,M
Romano Talevi,1957,,M
Roman Polanski,1933,,M
Roman Uranjek,1961,2022,M
Romanus Fuhrmann,1963,,M
Roma Tomelty,1945,2020,F
Romina Power,1951,,F
Romola Garai,1982,,F
Romolo Guerrieri,1931,,M
Romuald Andrzej Klos,1956,,M
Romuald Karmakar,1965,,M
Romy Haag,1951,,T
Romy Trajman,,,F
Ronald Brautigam,1954,,M
Ronald Chammah,1951,,M
Ronald Guttman,1952,,M
Ronald Harwood,1934,2020,M
Ronald Nitschke,1950,,M
Ronald Pickup,1940,2021,M
Ronald Steckel,1945,2024,M
Ronan Le Page,1976,,M
Ron Cook,1948,,M
Ron Donachie,1956,,M
Ronee Blakley,1945,,F
Ron Livingstone,1967,,M
Ronnie Thompson,1978,,M
Ronnie Wood,1947,,M
Ronny Trocker,1978,,M
Ron Perlman,1950,,M
Ron Scalpello,,,M
Rony Kramer,1960,,M
Rosa Álvarez,1950,,F
Rosa Enskat,1967,,F
Rosalba Bologna,1957,,F
Rosa León,1951,,F
Rosalía Omil,,,F
Rosalia Porcaro,1966,,F
Rosalina Neri,1932,,F
Rosalind Knight,1933,2020,F
Rosa María Calaf,1945,,F
Rosa Maria Sardà,1941,2020,F
Rosa Márquez,,,F
Rosa Montero,1951,,F
Rosana Pastor,1960,,F
Rosanna Arquette,1959,,F
Rosanna Lowe,,,F
Rosa Novell,1953,2015,F
Rosa Regàs,1933,2024,F
Rosaria D'Urso,1950,,F
Rosaria De Cicco,1958,,F
Rosario Errico,,,M
Rosario Lara,1956,,F
Rosario Ortega,,,F
Rosario Pardo,1959,,F
Rosario Scandura,,,M
Rosa Torres Pardo,1960,,F
Rosa Valiente,,,F
Rosa Villacastín,1947,,F
Rosa von Praunheim,1942,,T
Roschdy Zem,1965,,M
Rose Bosch,1961,,F
Roselyne de Nobili,,,F
Rosemarie Trockel,1952,,F
Rosemary Blakeley,,,F
Rosemary Henderson,1961,,F
Rosenda Monteros,1935,2018,F
Rosendo Mercado,1954,,M
Rose Philippon,1986,,F
Roser Aguilar,1971,,F
Rosette,1959,,F
Roshan Seth,1942,,M
Rosie Flores,1950,,F
Rosita Amores,1938,,F
Rosi Troyano Díaz,,,F
Rossana Mortara,1970,,F
Ross Boyask,,,M
Rossella Canaccini,1953,,F
Rossella De Venuto,?,,F
Rossy de Palma,1964,,F
Roswitha Selle,1962,,F
Rouven Rech,1973,,M
Rowan Atkinson,1955,,M
Rowe David McClelland,,,M
Roy Andersson,1943,,M
Roy F. Baumeister,1953,,M
Roy Hodgson,1947,,M
Roy Hudd,1936,2020,M
Roy Sampson,1944,,M
Rozália Szeleczki,1988,,F
Rozanne Colchester,1922,2016,F
Rubén Abruña,,,M
Ruben Alves,1980,,M
Rubén Blades,1948,,M
Rubika Shah,,,F
Rubin Stein,1982,,M
Rudi Gaul,1982,,M
Rüdiger Evers,1936,2020,M
Rüdiger Götze,1942,2017,M
Rüdiger Lange,1953,,M
Rüdiger Suchsland,1968,,M
Rüdiger Vogler,1942,,M
Rüdiger Wendt,,,
Rudi Olbrich,,,M
Rudi Völler,1960,,M
Rudolf Kowalski,1948,,M
Rudolf Krause,1964,,M
Rudolf Schenker,1948,,M
Rudolf Simek,1954,,M
Rudolf Thome,1939,,M
Rudolf Waldemar Brem,1948,2016,M
Rudolph Ghevondyan,1952,2019,M
Rudy Chernicoff,1945,,M
Rudy Gnutti,1963,,M
Rudy Milstein,1984,,M
Rudy Moca,1948,,M
Ruediger Dahlke,1951,,M
Rufus,1942,,M
Rufus Beck,1957,,M
Rufus Norris,1965,,M
Ruggero Deodato,1939,2022,M
Ruggero Raimondi,1941,,M
Rui Morrison,1948,,M
Rupert Everett,1959,,M
Rupert Goold,1972,,M
Rupert Graves,1963,,M
Rupert J. Seidel,1955,,M
Rupert Jones,,,M
Rupert Vansittart,1958,,M
Rupert Wynne-James,1962,,M
Rusell Biles,,,M
Russell England,,,M
Russell Owen,,,M
Rutanya Alda,1942,,F
Rutger Hauer,1944,2019,M
Ruth Bickelhaupt,1921,2022,F
Ruth Dajč Perl,1926,2023,F
Ruth Diehl,1936,,F
Ruth Elkrief,1960,,F
Ruth McCabe,,,F
Ruth Olshan,1970,,F
Ruth Paxton,,,F
Ruth Posner,1933,,M
Ruth Reinecke,1955,,F
Ruth Rosenfeld,1920,1991,F
Ruth Sheen,1950,,F
Ruxandra Ghițescu,1981,,F
Ruxandra Zenide,1975,,F
Ryan Andrew Hooper,1984,,M
Ryan Hendrick,1984,,M
Ryszard Ronczewski,1930,2020,M
S.A. Halewood,1965,,F
Saadia Bentaïeb,1956,,F
Sabina Ajrula,1946,2021,F
Sabina Fedeli,1956,,F
Sabine Azéma,1949,,F
Sabine Barth,1966,,F
Sabine Hahn,1937,2020,F
Sabine Haudepin,1955,,F
Sabine Herpich,1973,,F
Sabine Krayenbühl,1967,,F
Sabine Kueckelmann,1957,2018,F
Sabine Lamby,1966,,F
Sabine Londault,,,F
Sabine Ludwig,1954,,F
Sabine Michel,1971,,F
Sabine Rossbach,1959,,F
Sabine Rückert,1961,,F
Sabine Vitua,1961,,F
Sabine Wackernagel,1947,,F
Sabine Werner,1960,,F
Sabine Winterfeldt,1966,,F
Sabrina Gunnell,,,F
Sabrina Sarabi,1982,,F
Sabrina Van Tassel,1975,,F
Sacha Bennett,1971,,M
Sacha Bourdo,1962,,M
Sacha Wolff,1981,,M
Sadia Saeed,,,F
Sadie Frost,1965,,F
Sadžida Šetić,1968,,F
Safy Nebbou,1968,,M
Sahajak Boonthanakit,1958,,M
Saïd Amadis,1946,,M
Saïd El Mouden,1962,,M
Salem Brahimi,1972,,M
Salha Nasraoui,1953,,F
Salimata Kamate,1964,,F
Salim Daw,1950,,M
Salim Kechiouche,1979,,M
Salim Shaheen,1957,,M
Sally Harrison,1951,,F
Sally Mortemore,1961,,F
Sally Potter,1949,,F
Salman Rushdie,1947,,
Salomé,1954,,M
Salvador Calvo,1970,,M
Salvatore Borghese,1937,,M
Salvatore Cantalupo,1959,2018,M
Salvatore Chiosi,?,,M
Salvatore Cipri,?,,M
Salvatore Ficarra,1971,,M
Salvatore Gabriele,1951,,M
Salvatore La Mantia,1954,,M
Salvatore Mereu,1965,,M
Salvatore Misticone,1945,,M
Salvatore Piscicelli,1948,,M
Samad Zarmandili,1973,,M
Samantha Bond,1961,,M
Sam Fell,1965,,M
Sam Garbarski,1948,,M
Sam Hobkinson,,,M
Samia Rhaiem,1955,,F
Sami Bouajila,1966,,M
Sami Frey,1937,,M
Samir,1955,,M
Samira Sedira,1964,,F
Samir Bajrić,,,M
Samir Guesmi,1967,,M
Samir Nasr,1968,,M
Sam Karmann,1953,,M
Sam Kelly,1943,2014,M
Sam Louwyck,1966,,M
Sam Mendes,1965,,M
Sammy McIlroy,1954,,M
Sam Neill,1947,,M
Sam Shoubber,1956,,M
Samuel Benchetrit,1973,,M
Samuel Bigiaoui,,,M
Samuel Churin,1965,,M
Samuel Collardey,1975,,M
Samuel Domingo,1974,,M
Samuele Rossi,1984,,M
Samuel Finzi,1966,,M
Samuel Gautier,,,M
Samuel Jouy,1973,,M
Samuel L. Jackson,1948,,M
Samuel Labarthe,1962,,M
Samuel Le Bihan,1965,,M
Samuel Maoz,1962,,M
Samuel Ortí Martí,,,M
Samuel Rondière,1979,,M
Samuel Theis,1978,,M
Samuel Tourneux,,,M
Samuel Willenberg,1923,2016,M
Samu Fuentes,1972,,M
Sam Waterston,1940,,M
Samy Naceri,1961,,M
Samyr Hamoudi,1976,,M
Sanda Toma,1934,2022,F
Sandi Pavlin,1942,,M
Sándor Buglya,1945,,M
Sándor Csoma,1985,,M
Sándor Gáspár,1956,,M
Sandor Jesse,1953,,M
Sándor Kardos,1944,,M
Sándor Köleséri,1972,,M
Sándor Lukács,1947,,M
Sándorné Tar,,,F
Sándor Sőth,1964,,M
Sándor Szűcs,1960,,M
Sándor Terhes,1961,,M
Sándor Téri,1953,,M
Sándor Tóth,1966,,M
Sándor Zsótér,1961,,M
Sandra Alberti,1955,,F
Sandra Bullock,1964,,F
Sandra Ceccarelli,1967,,F
Sandra Collodel,1963,,F
Sandra Dickinson,1948,,F
Sandra Ellis Lafferty,1940,,F
Sandra García,,,
Sandra Kaudelka,,,F
Sandra Milo,1933,2024,F
Sandra Nettelbeck,1966,,F
Sandra Prechtel,1969,,F
Sandrine Bonnaire,1967,,F
Sandrine Dumas,1963,,F
Sandrine Kiberlain,1968,,F
Sandrine Veysset,1967,,F
Sandro Arista,1962,,M
Sandro Dori,1938,,M
Sandro Lombardi,1951,,M
Sandy Martin,1949,,F
Sanja Vejnović,1961,,F
Sanjeev Bhaskar,1963,,M
Santiago Aguilar,1959,,M
Santiago Alvarado,,,M
Santiago Amigorena,1962,,M
Santiago Auserón,1954,,M
Santiago Meléndez,1958,2017,M
Santiago Mitre,1980,,M
Santiago Requejo,,,M
Santiago Segura,1965,,M
Santiago Solera,,,M
Santiago Ziesmer,1953,,M
Santi Amodeo,1969,,M
Santi Prego,1962,,M
Santi Rodríguez,1965,,M
Santi Trullenque,1974,,M
Santi Ugalde,1959,,M
Santo Pennisi,1958,,M
Saphia Azzeddine,1979,,F
Sara Alzetta,1965,,F
Sara Bertelà,1966,,F
Sara Driver,1955,,F
Sara Forestier,1986,,F
Sarah Blaßkiewitz,,,F
Sarah Boberg,1966,,F
Sarah Camp,1946,,F
Sarah Crowden,1955,,F
Sarah Gavron,1970,,F
Sarah Lancashire,1964,,F
Sarah Leonor,1970,,F
Sara Hribar,1986,2025,F
Sarah Suco,1981,,F
Sarah Woodward,1963,,F
Sara Johnsen,1970,,F
Sara Kern,1989,,F
Sara Kestelman,1944,,F
Saralisa Volm,1985,,F
Sara Stewart,1966,,F
Sara Sugarman,1962,,F
Saroj Khan,1948,2020,F
Sarolta Szabó,1975,,F
Sarolta Zalatnay,1947,,F
Šarūnas Bartas,1964,,M
Saša Pavček,1960,,M
Sasha Krane,,,M
Saskia Vester,1959,,F
Saskia Walker,1970,,F
Sašo Đukić,1972,,M
Sasson Gabai,1947,,M
Satish Kumar,1936,,M
Saturnino García,1935,,M
Saul Dibb,1968,,M
Sauro Ravaglia,1935,,M
Savas Ceviz,1965,,M
Saverio Costanzo,1975,,M
Saverio Di Biagio,1970,,M
Scali Delpeyrat,1966,,M
Scott Alexander Young,1965,,M
Scott Bakula,1954,,M
Scott Elliott,,,M
Scott Hahn,1957,,M
Scott Jaeck,1954,,M
Scott Mann,1979,,M
Scott Michell,,,M
Seamus O'Neill,1952,,M
Sean B. Carroll,1960,,M
Sean Bean,1959,,M
Sean Blowers,1961,,M
Sean Buckley,,2020,F
Sean Cronin,1964,,M
Sean Durkin,1981,,M
Sean Evans,,,M
Sean Foley,1964,,M
Sean Gilder,1964,,M
Sean James Sutton,1961,,M
Seán Kelly,1952,,M
Sean McCormack,,,M
Sean McGinley,1956,,M
Sean Penn,1960,,M
Sean Pertwee,1964,,M
Sebastian Dehnhardt,1968,,M
Sebastián Haro,1964,,M
Sebastian Heinzel,1979,,M
Sebastian Hilger,1984,,M
Sebastian Ko,1971,,M
Sebastian Koch,1962,,M
Sebastian Kowski,1959,,M
Sebastian Niemann,1968,,F
Sebastiano d'Ayala Valva,1978,,M
Sebastiano Filocamo,?,,M
Sebastiano Mauri,1972,,M
Sebastiano Riso,1983,,M
Sebastiano Rizzo,1972,,M
Sebastiano Somma,1960,,M
Sebastian Peterson,1967,,M
Sebastian Roché,1964,,M
Sebastian Rudolph,1968,,M
Sebastian Schindler,1996,,M
Sebastian Schipper,1968,,M
Sebastian Stern,1979,,M
Sebastian Voltmer,1981,,M
Sébastien Bailly,1968,,M
Sébastien Betbeder,1975,,M
Sébastien Blemon,,,M
Sébastien Daguerressar,,,M
Sébastien Laudenbach,1973,,M
Sébastien Lifshitz,1968,,M
Sébastien Maggiani,1996,,M
Sébastien Majonchi,,,M
Sébastien Marnier,1977,,M
Sébastien Thiery,1970,,M
Sébastien Tulard,,,M
Sébastien Vanicek,1989,,M
Secun de la Rosa,1969,,M
Seiichiro Mise,1935,,M
Seka Sablić,1942,,F
Sekou A. Neblett,1971,,M
Sekou Traoré,1962,,M
Selica Torcal,1932,,F
Selina Cadell,1953,,F
Selva Alemán,1944,2024,F
Sema Poyraz,1950,,F
Semra Üysallar,1953,,F
Senka Bulić,1964,,F
Senka Kolozova,1947,,F
Senta Berger,1941,,F
Sepideh Farsi,1965,,F
Sepp Herberger,1897,1977,M
Sepp Schauer,1949,,M
Șerban Foarță,1942,,M
Șerban Georgescu,1967,,M
Șerban Georgevici,1967,,M
Șerban Marinescu,1956,,M
Serena Grandi,1958,,F
Serge Avédikian,1955,,M
Serge Biavan,1966,,M
Serge Blazevic,,,M
Serge Bozon,1972,,M
Serge Dorny,1962,,M
Serge Dupire,1958,,M
Serge Faliu,1966,,M
Serge Feuillard,,,M
Serge Frydman,1969,,M
Serge Hazanavicius,1963,,M
Serge Houde,1953,,M
Sergei Loznitsa,1964,,M
Serge Ioan Celebidachi,1968,,M
Serge Kribus,1962,,M
Serge Larivière,1957,2018,M
Serge Latouche,1940,,M
Serge Le Péron,1948,,M
Serge Livrozet,1939,2022,M
Serge Merlin,1932,,M
Serge Moati,1946,,M
Serge Papagalli,1947,,M
Serge Pey,1950,,M
Serge Renko,,,M
Serge Renou,,,M
Serge Riaboukine,1957,,M
Serge Steyer,1961,,M
Sergey Grekov,1958,,M
Sergey Russkin,1955,,M
Serghei Niculescu-Mizil,1954,,M
Sergi López,1965,,M
Sergio Assisi,1972,,M
Sergio Basile,1957,,M
Sergio Bini Bustric,1953,,M
Sergio Castellitto,1953,,M
Sergio Colabona,1964,,M
Sergio Delfino,,,M
Sergio Di Pinto,1955,,M
Sergio Dow,,,M
Sergio Fiorentini,1934,2014,M
Sergio Forconi,1941,,M
Sergio Hernández,1945,,M
Sergio Leone,1963,,M
Sergio Manfio,1952,,M
Sergio Misuraca,1973,,M
Sergio Oksman,1970,,M
Sergio Pablos,1970,,M
Sergio Pierattini,1958,,M
Sergio Romano,1965,,M
Sergio Rubini,1959,,M
Sergio Salvati,1934,,M
Sergio Solli,1944,2023,M
Sergio Stivaletti,1957,,M
Sergio Vastano,1952,,M
Sergio Zecca,1961,,M
Sergiu Finiti,1952,,M
Sergiu Nicolaescu,1930,2013,M
Sergiu Prodan,1963,,M
Şerif Sezer,1946,,F
Serpil Turhan,1979,,F
Serra Yilmaz,1954,,F
Seth Barrish,1959,,M
Severin Winzenburg,1978,,M
Seylan Baxter,1968,,F
Shabana Azmi,1950,,F
Shamim Sarif,1969,,F
Shamsher Singh,,,M
Shane MacGowan,1957,2023,M
Sharon Maguire,1960,,F
Sharon Morgan,1950,,F
Sharon Stone,1958,,F
Sharon von Wietersheim,1959,,F
Shashawnee Hall,1961,2021,M
Shaun Prendergast,1958,,M
Sheila Hancock,1933,,F
Sheila McCarthy,1956,,M
Sheila Reid,1937,,F
Sheila Stewart,1937,2014,F
Shekhar Kapur,1945,,M
Shelagh Gallivan,1954,,F
Shelomo Selinger,1928,,M
Shel Shapiro,1943,,M
Sheridan De Myers,,,
Sherry Hormann,1960,,F
Shigeko Sugihara,,,F
Shirel Amitay,1963,,F
Shirel Peleg,1985,,F
Shirin Neshat,1957,,F
Shirley Collins,1935,,F
Shirley Dixon,1933,,F
Shirley Henderson,1965,,F
Shishir Sharma,1955,,M
Shôjirô Nishimi,1965,,M
Shola Amoo,,,M
Show-Chun Lee,1968,,F
Shozo Awazu,1923,,M
Shu Aiello,,,F
Shulamit Adar,,,F
Siân A. Williams,,,F
Sian Astor-Lewis,,,F
Siân Phillips,1933,,F
Sian Thomas,1953,,F
Sibylle Berg,1962,,F
Sibylle Brunner,1939,,F
Sibylle Canonica,1957,,F
Sibylle Maria Dordel,1948,,F
Sid Ahmed Agoumi,1940,,M
Sidney Kean,1950,,M
Sid Sadowskyj,,,M
Sidse Babett Knudsen,1968,,F
Siegfried Rosenau,1954,2024,M
Siegfried W. Kernen,1940,,M
Sigfrid Monleón,1964,,M
Sigi Zimmerschied,1953,,M
Signe Astrup,1967,,F
Sigourney Weaver,1949,,F
Sigrid Faltin,1956,,F
Sigrid Hoerner,2000,,F
Sigrun Köhler,1967,,F
Siir Eloglu,1965,,F
Silva Čušin,1957,,F
Silvana Bosi,1934,2020,F
Silvana Costa,,,F
Silvana Fallisi,1954,,F
Silvana Stefanini,1931,,F
Silvano Campeggi,1923,2018,M
Silverio Palacios,1967,,M
Silvia Brunelli,1988,,F
Silvia Carobbio,1991,,F
Silvia Casanova,1933,,F
Silvia Cohen,1959,,F
Silvia Monga,1972,,F
Silvia Munt,1957,,F
Silvia Năstase,1943,2023,F
Silvia Pinal,1931,2024,F
Silvia Rey Canudo,,,F
Silvia Scola,1954,,F
Silvia Tortosa,1947,2024,F
Silvie Laguna,1956,,F
Silvio Muccino,1982,,M
Silvio Orlando,1957,,M
Silvio Rodríguez,1946,,M
Silvio Soldini,1958,,M
Silviu Oltean,1972,,M
Silvo Božič,1947,,M
Sim,1926,,M
Simcha Applebaum,1927,,F
Simon Abkarian,1962,,M
Simona Bondoc,1933,,F
Simona Bosco Ruggeri,1987,,F
Simon Aboud,1965,,M
Simona Izzo,1953,,F
Simona Marchini,1941,,F
Simón Andreu,1941,,M
Simon Anthony,,,M
Simona Popescu,1965,,F
Simon Bernstein,,,M
Simon Blake,,,M
Simon Bogojević Narath,1968,,M
Simon Brückner,1978,,M
Simon Callow,1949,,M
Simon Chandler,1953,,M
Simon Cox,,,M
Simon Curtis,1960,,M
Simon Davison,,,M
Simone Aleandri,,,M
Simone Amendola,,,M
Simone Andri,,,M
Simone Cangelosi,1968,,M
Simone Catania,1984,,M
Simone Geißler,,,F
Simone Godano,1977,,M
Simone Isola,1982,,M
Simone Petralia,1988,,M
Simone Scafidi,1978,,M
Simone Schettino,1966,,M
Simone Spada,1973,,M
Simone Tassimot,,,F
Simon Fellows,,,M
Simon Hughes,1951,,M
Simon Hunter,1969,,M
Simon Kunz,1962,,M
Simon Le Bon,1958,,M
Simon McBurney,1957,,M
Simon Napier-Bell,1939,,M
Simon Rieth,1995,,M
Simon Rouby,1980,,M
Simon Rouse,1951,,M
Simon Rumley,1968,,M
Simon Russell Beale,1961,,M
Simon Schama,1945,,M
Simon Shepherd,1956,,M
Simon Sheridan,,,M
Simon Slater,1959,,M
Simon Sprackling,1960,,M
Simon Stone,1984,,M
Simon Verhoeven,1972,,M
Simon West,1961,,M
Sinai Peter,1954,,M
Sinan Akkuş,1971,,M
Siniša Gačić,1980,,M
Siniša Labrović,1965,,M
Siobhan MacGowan,1963,,F
Siobhan Redmond,1959,,F
Sissy Höfferer,1955,,F
Skip Kite,,,M
Sköld Peter Matthis,1937,2021,M
Sky du Mont,1947,,M
Slaven Knezović,1968,,M
Slavica Knežević,1955,,F
Slavko Juraga,1959,,M
Slavoj Žižek,1949,,M
Slawomir Orzechowski,1958,,M
Slim,1945,,M
Slimane Dazi,1960,,M
Slobodan Ćustić,1958,,M
Slobodan Maksimović,1975,,M
Slony Sow,,,M
Smaïn Faïrouze,1958,,M
Snježana Sinovčić-Šiškov,1964,,F
Snježana Tribuson,1957,,F
Sobo Swobodnik,1966,,M
Sofía Quirell,,,F
Solange Tonnini,1987,,F
Soledad Becerril,1944,,F
Soledad Gallego Díaz,1951,,F
Soledad Osorio,,,F
Soleen Yusef,1987,,F
Solenn Jarniou,1957,,F
Soliman Cruz,1963,,M
Sólveig Anspach,1960,2015,F
Sonam Tseten,,,M
Sonia Bergamasco,1966,,F
Sonia Gessner,1938,,F
Sonia Kronlund,1966,,F
Sonia Sebastián,1974,,F
Sonja Heiss,1976,,F
Sonja Tarokić,1988,,F
Sönke Wortmann,1959,,M
Sonny Laguna,1983,,M
Sonsoles Benedicto,1942,,F
Sonya Winterberg,1970,,F
Soogi Kang,1957,,F
Sophia Lamar,1955,,TF
Sophia Loren,1934,,F
Sophie Arlot,,,F
Sophie Audier,,,F
Sophie Barthes,1974,,F
Sophie Boudre,,,F
Sophie Bredier,1970,,F
Sophie Broustal,1967,,F
Sophie Duez,1962,,F
Sophie Fillières,1964,2023,F
Sophie Forte,1964,,F
Sophie Guillemin,1977,,F
Sophie Hyde,1977,,F
Sophie Kluge,1983,,F
Sophie Letourneur,1978,,F
Sophie Linnenbaum,1986,,F
Sophie Marceau,1966,,F
Sophie Metrich,,,F
Sophie Mitrani,,,F
Sophie Mounicot,1960,,F
Sophie Robert,1967,,F
Sophie Robinson,,,F
Sophie Rois,1961,,F
Sophie Semin,1961,,F
Sorcha Cusack,1949,,F
Sören Hüper,1973,,M
Sorin Cociș,1966,,M
Sorin Francu,,,M
Sorin Luca,,,M
Sorin Lupaşcu,1957,,M
Sorin Marin,,,M
Sorin Medeleni,1952,2015,M
Sorin Mihai Vasilescu,1955,,M
Sorin Misirianțu,1969,,M
Sorin Tofan,1969,,M
Sotigui Kouyaté,1936,,M
Sou Abadi,1968,,F
Souad Amidou,1959,,F
Souad Faress,1948,,F
Špela Rozin,1943,,F
Spiro Guberina,1933,2020,M
Sreten Mokrović,1957,,M
Srinath Samarasinghe,1978,,M
Srđan Kovačević,1982,,M
Stanislas Merhar,1971,,M
Stanislav Tomić,1986,,M
Stanislawa Celinska,1947,,F
Stanka Macuh,,,F
Stan Lee,1922,2018,M
Stanley Townsend,1961,,M
Stanley Tucci,1960,,M
Stan Monstrey,1955,,M
Steeve Calvo,,,M
Ștefan Buzea,1975,,M
Stefan Colomb,,,M
Ștefan Constantinescu,1968,,M
Stefan Corinth,,,
Stefan Denolyubov,1968,,M
Stefan Godin,1960,,M
Stefan Hunstein,1957,,M
Stefania Capobianco,1986,,F
Stefania Casini,1948,,F
Stefania Sandrelli,1946,,F
Ștefan Iordănescu,1958,,M
Stefan Kolosko,1968,,M
Stefan König,1955,,M
Stefan Krohmer,1971,,M
Stefan Kurt,1959,,M
Stefan Liberski,1951,,M
Stefan Lochau,1960,,M
Ștefan Mandachi,1986,,M
Stefan Merki,1963,,M
Stefano Abbati,1955,,M
Stefano Altieri,1930,2024,M
Stefano Amatucci,,,M
Stefano Ambrogi,1960,,M
Stefano Anselmi,1974,,M
Stefano Boeri,1956,,M
Stefano Calvagna,1970,,M
Stefano Chiantini,1974,,M
Stefano Cipani,1986,,M
Stefano Collizzolli,1983,,M
Stefano Consiglio,1955,,M
Stefano Di Polito,1975,,M
Stefano Giacomuzzi,2000,,M
Stefano Incerti,1965,,M
Stefano Lodovichi,1983,,M
Stefano Masciarelli,1958,,M
Stefano Mordini,1968,,M
Stefano Pesce,1967,,M
Stefano Santamato,1989,,M
Stefano Santospago,1954,,M
Stefano Sardo,1972,,M
Stefano Sollima,1966,,M
Stefano Tummolini,1969,,M
Stefano Usardi,1977,,M
Stefano Veneruso,1968,,M
Stefano Vito Bicocchi,1957,,M
Ștefan Pătrașcu,,,M
Stefan Preiss,1955,,M
Stefan Ravasz,,,M
Stefan Ruzowitzky,1961,,M
Stefan Schneider,1969,,M
Ștefan Velniciuc,1949,,M
Stefan Walz,1963,,M
Stefan Weinert,1964,,M
Stefan Westerwelle,1980,,M
Steffen König,1961,,M
Steffen Reck,,,
Steffen Scheumann,1961,,M
Steffen Weinert,1975,,M
Stelian Tănase,1952,,M
Stelios Mainas,1957,,M
Stelios Stavridis,1959,,M
Stella Gonet,1960,,F
Stella Maris Santo,,,F
Stella McCusker,1942,,F
Stellan Skarsgård,1951,,M
Stella Tinbergen,1956,,F
Stelu Enache,1967,,M
Štěpán Altrichter,1981,,M
Stepan Nercessian,1953,,M
Stéphan Archinard,1973,,M
Stephan Balay,1972,,M
Stephan Baumecker,1961,,M
Stephan Benson,1964,,M
Stephan Bergmann,1980,,M
Stephan Bissmeier,1956,,M
Stéphan Castang,1973,,M
Stéphane Arnoux,1976,,M
Stéphane Batut,1968,,M
Stéphane Ben Lahcene,1971,,M
Stéphane Berla,1975,,M
Stéphane Bern,1963,,M
Stéphane Boucher,1958,,M
Stéphane Brizé,1966,,M
Stéphane Cazes,1983,,M
Stéphane De Groodt,1966,,M
Stéphane Demoustier,1977,,M
Stéphane Foenkinos,1968,,M
Stéphane Freiss,1960,,M
Stéphane Guenin,1966,,M
Stéphane Guillon,1963,,M
Stéphane Henon,1966,,M
Stéphane Hessel,1917,2013,M
Stéphane Kazandjian,1972,,M
Stéphane Lévy,,,M
Stéphane Manchematin,,,M
Stéphane Mercurio,1963,,F
Stéphane Meunier,,,M
Stéphane Ragot,,,M
Stephane Riethauser,1972,,M
Stéphane Robelin,,,M
Stéphanie Di Giusto,,,F
Stéphanie Gillard,1973,,F
Stéphanie Pillonca,1971,,F
Stéphanie Valloatto,,,F
Stephan Petrowitsch,,,M
Stephan Plank,1974,,M
Stephan Rick,1974,,M
Stephan Schad,1964,,M
Stephan Schwartz,1951,,M
Stéphan Wojtowicz,1963,,M
Stephen Boxer,1950,,M
Stephen Cookson,,,M
Stephen Daldry,960,,M
Stephen Dillane,1957,,M
Stephen Fingleton,1983,,M
Stephen Frears,1941,,M
Stephen Fry,1957,,M
Stephen Goldblatt,1945,,M
Stephen Hawking,1942,2018,M
Stephen Herbert,1952,2023,M
Stephen Kijak,1969,,M
Stephen Kinzer,1951,,M
Stephen McHattie,1947,,M
Stephen Rashbrook,1958,,M
Stephen Rea,1946,,M
Stephen Warbeck,1953,,M
Stere Gulea,1943,,M
Stevan Labudović,1926,2017,M
Steve Achiepo,1981,,M
Steve Bacic,1965,,M
Steve Bannon,1953,,M
Steve Blame,1959,,M
Steve Blum,1960,,M
Steve Bruce,1960,,M
Steve Buscemi,1957,,M
Steve Coogan,1965,,M
Steve della Casa,1953,,M
Steve Faigenbaum,,,M
Steve Garti,,,M
Steve Hackett,1950,,M
Steve Hajdu,1971,,M
Steve Huison,1962,,M
Steve Jones,1955,,M
Steve Kalfa,1955,,M
Steve Karier,1961,,M
Steve Kelly,,,M
Steve McCurry,1950,,M
Steve McLean,,,M
Steve Moreau,1973,,M
Steven Berkoff,1937,,M
Steven Eastwood,,,M
Steven Gomez,,,M
Steven Gunnell,1974,,M
Steven Lewis Simpson,,,M
Steven Nesbit,,,M
Steven Pacey,1957,,M
Steven Quale,1965,,M
Steven Rosenfield,,,M
Steve Oram,1973,,M
Steve Steen,1954,,M
Steve Stevens,1965,,M
Steve Stone,,,M
Stevie Wonder,1950,,M
Stewart Alexander,,,M
Stewart Sparke,,,M
Stewart Sugg,,,M
Stian Andersen,,,M
Stig Björkman,1938,,M
Stig Eldred,1952,,M
Sting,1951,,M
Stojan Matavulj,1961,,M
Storm Thorgerson,1944,2013,M
Struan Rodger,1946,,M
Stuart Brennan,1982,,M
Stuart Evans,,,M
Sude Dönmez,1960,,F
Sudha Bhuchar,1961,,F
Sue Flack,1962,,F
Sue Johnston,1943,,F
Sue Maund,,,F
Sue Roderick,1955,,F
Suggs,1961,,M
Suhaib Gasmelbari,1979,,M
Suly Röthlisberger,1949,,F
Su McLaughlin,,,F
Sunčana Zelenika Konjević,1969,,F
Sung Hyung Cho,1966,,F
Sunita Shirole,1937,2025,F
Sunnyi Melles,1958,,F
Suranga Deshapriya Katugampala,1981,,M
Susana Arbizu,,,F
Susana Lastreto,,,F
Susan Angelini,,,F
Susana Sotelo,,,F
Susan Brickell,,,F
Susan Brown,1946,,F
Susan Ferenz-Schwartz,,,F
Susan Gluth,1968,,F
Susan Gordanshekan,1978,,F
Susan Hampshire,1937,,F
Susan Jameson,1941,,F
Susanna Bugatti,1957,,F
Susanna della Sala,1987,,F
Susanna Nicchiarelli,1975,,F
Susanna White,1960,,F
Susanna Zeltinger-Lehmköster,1958,,F
Susanne Bohlmann,1978,,F
Susanne Bredehöft,1957,,F
Susanne Kröger,,,F
Susanne Petz,,,F
Susanne Sachße,1965,,F
Susanne Schulz,1963,,F
Susan Penhaligon,1949,,F
Susi Sánchez,1955,,F
Susy Laude,1976,,F
Suzana Borges,1956,,F
Suzanna Hamilton,1960,,F
Suzanne Clément,1969,,F
Suzanne Flon,1918,,F
Suzanne Lindon,2000,,F
Suzanne Shepherd,1934,2023,F
Suzanne von Borsody,1957,,F
Suzi Quatro,1950,,F
Suzy Cohen,,,F
Svebor Mihael Jelić,,,M
Sven-Eric Bechtolf,1957,,M
Sven Halfar,1972,,M
Sven Marquardt,1962,,M
Sven O. Hill,1975,,M
Sven Taddicken,1974,,M
Sven Unterwaldt Jr.,1965,,M
Sven Wittek,1972,,M
Svetlana Alpers,1936,,F
Swen de Pauw,1979,,M
Swetlana Schönfeld,1951,,F
Sybille J. Schedwill,1963,,F
Sydne Rome,1951,,F
Sydney Sibilia,1981,,M
Sylke Enders,1965,,F
Sylvain Caruso,1963,,M
Sylvain Desclous,1973,,M
Sylvain Labrosse,,,M
Sylvain Marcel,1964,,M
Sylvain Thirolle,,,M
Sylvester Groth,1958,,M
Sylvester McCoy,1943,,M
Sylvestre Meinzer,,,M
Sylvia Bergé,1962,,F
Sylvia Earle,1935,,F
Sylvia Redlich,,,F
Sylvia Sims,1934,2023,F
Sylvie Audcoeur,,,F
Sylvie Faguer,1950,,F
Sylvie Gautier,1966,,F
Sylvie Genty,1951,2022,F
Sylvie Granotier,1951,,F
Sylvie Gravagna,1964,,F
Sylvie Joly,1934,,F
Sylvie Ohayon,1970,,F
Sylvie Testud,1971,,F
Sylvie Vartan,1944,,F
Szabolcs Bede-Fazekas,1966,,M
Szabolcs Fazakas,,,M
Szabolcs Hajdu,1972,,M
Szabolcs Mosonyi,1970,,M
Szabolcs Pálfi,1974,,M
Szabolcs Thuróczy,1971,,M
Szilárd Bernáth,1986,,M
Szilárd Matusik,1984,,M
Szilvia Dallos,1935,,F
Søren Malling,1964,,M
Tacey Adams,,,F
Tacho González,1961,,M
Tadashi Endo,1947,,M
Taghi Amirani,1960,,M
Takeshi Kitano,1947,,M
Tali Shalom-Ezer,1978,,F
Tamara Arias de Saavedra,1980,,F
Tamara Böhning,,,F
Tamara Šoletić,1965,,F
Tamara Yatsenko,1955,,F
Tamás Almási,1948,,M
Tamás Andor,1937,,M
Tamás Babos,1968,,M
Tamás Buvári,1968,,M
Tamás Csikány,1958,,M
Tamás Dunai,1949,2023,M
Tamás Faragó,1952,,M
Tamás Farkas,1951,,M
Tamás Ferkay,1941,2014,M
Tamás Fodor,1942,,M
Tamás Jakab,1961,,M
Tamás Jordán,1943,,M
Tamás Puskás,1959,,M
Tamás Sághy,1972,,M
Tamás Szalma,1958,,M
Tamás Szirtes,1945,,M
Tamás Varga,1946,,M
Tamás Yvan Topolánszky,1987,,M
Tamás Zákonyi S.,1965,,M
Tama Tobias-Macht,1982,,F
Tamsin Greig,1966,,F
Tania Filip,1959,,F
Tania Sainz Martín,,,
Tanja Schmidbauer,,,M
Tanveer Ghani,1960,,M
Tanya Lopert,1942,,F
Tanya Myers,,,F
Tao Zhang,,,M
Tapa Sudana,1945,,M
Tara Fitzgerald,1967,,F
Taraji P. Henson,1970,,F
Tarek Boudali,1979,,M
Tarek Ehlail,1981,,M
Taru Devani,1951,,F
Tarzan Nasser,1988,,M
Tassadit Mandi,1954,,F
Tatán,1954,,M
Tatawi Ali,?,,M
Tatiana Iekel,1932,2017,F
Tatiana Winteler,1952,,F
Tatjana Clasing,1964,,F
Tatjana Turanskyj,1966,2021,F
Tatja Seibt,1944,,F
Tatti Sanguineti,1946,,M
Tatyana Markhel,1939,,F
Tavi Colen,1967,,M
Tawfik Bahri,1952,2021,M
Tchéky Karyo,1953,,M
Tea Vidović Dalipi,1986,,F
Teco Celio,1952,,M
Tedy Necula,1989,,M
Teja Glazar,1942,,F
Tekla Tordai,1970,2024,F
Telmo Esnal,1966,,M
Teodora Mareș,1962,,F
Teodóra Uhrik,1943,,F
Teodor Corban,1957,2022,M
Teodor Zamfir,,2021,M
Teodosio Barresi,1937,2020,M
Teo Teocoli,1945,,M
Teo Uriarte,1945,,M
Terele Pávez,1939,2017,F
Terence Davies,1945,2023,M
Terence Harvey,1944,2017,M
Terence Hill,1939,,M
Terence Stamp,1938,,M
Teresa Acerbis,1956,,F
Teresa Berganza,1933,2022,F
Teresa Calo,1955,,F
Teresa Cerciello,1943,,F
Teresa del Olmo,,,F
Teresa Gimpera,1936,2024,F
Teresa Harder,1963,,F
Teresa Lozano,1944,,F
Teresa Madruga,1953,,F
Teresa Piergentili,1942,,F
Teresa Rabal,1952,,F
Teresa Ramón,1945,,F
Teresa Sala,1987,,F
Teresa Vallicrosa,,,F
Tere Solà,,,F
Teréz Csombor,1956,2025,F
Teréz Rudolf,1966,,F
Teri Tordai,1941,,F
Terry Abraham,,,M
Terry Deary,1946,,M
Terry George,1952,,M
Terry Gilliam,1940,,M
Terry Ilott,1945,2019,M
Terry Jones,1942,,M
Terry Loane,,,M
Terry O'Neill,1938,2019,M
Tessa Göttlicher,,,F
Tessa Louise-Salomé,,,F
Tessa Peake-Jones,1957,,F
Tessa Pollitt,1959,,F
Tetsuya Chiba,1939,,M
Thaddaeus Ropac,1960,,M
Thaís Garayp,1960,,F
Thanos Anastopoulos,1965,,M
The Dalai Lama,1935,,M
Thelma Barlow,1929,,F
Thémis Pánou,1960,,M
Théo Court,1980,,M
Theodor Denis Dinulescu,1950,2024,M
Théo Hakola,1954,,M
Theo König,1942,2017,M
Théo Légitimus,1929,,M
Théophile Sowié,1960,2021,M
Theresa Strozyk,1979,,F
Theresa von Eltz,1978,,F
Therese Affolter,1951,,F
Therese Dürrenberger,1944,,F
Therese Hämer,1962,,F
Therese Koppe,1985,,F
Thérèse Quentin,1929,2015,F
Thibault de Montalembert,1962,,M
Thibault Segouin,,,M
Thich Nhát Hanh,1926,2022,M
Thierno Souleymane Diallo,1983,,M
Thierry Dechilly,,,M
Thierry Demaizière,1959,,M
Thierry de Peretti,1970,,M
Thierry Desroses,1960,,M
Thierry Frémont,1962,,M
Thierry Gimenez,,,M
Thierry Godard,1967,,M
Thierry Hancisse,1962,,M
Thierry Klifa,1967,,M
Thierry Kruger,1964,,M
Thierry Lhermitte,1952,,M
Thierry Nenez,1956,,M
Thierry Obadia,1971,,M
Thierry Poiraud,1970,,M
Thierry Rousset,1967,,M
Thierry Sebban,1964,,M
Thierry Toscan,1958,,M
Thitia Marquez,1987,,F
Thomas Arslan,1962,,M
Thomas Bading,1959,,M
Thomas Balou Martin,1962,,M
Thomas Bestvater,1958,,M
Thomas Bidegain,1968,,M
Thomas Bodenstein,,,M
Thomas Bornot,1973,,M
Thomas Brasch,1945,2001,M
Thomas Cailley,1980,,M
Thomas Chabrol,1963,,M
Thomas Clay,1979,,M
Thomas Dehler,1961,,M
Thomas Elsaesser,1943,2019,M
Thomas Frickel,1954,,M
Thomas Gilou,1955,,M
Thomas Goritzki,1952,,M
Thomas Hardiman,,,M
Thomas Heinemann,1958,,M
Thomas Heinze,1964,,M
Thomas Heise,1955,2024,M
Thomas Hengelbrock,1958,,M
Thomas Hermanns,1963,,M
Thomas Hoepker,1936,2024,M
Thomas Kautenburger,1961,,M
Thomas Klügel,1959,,M
Thomas Knauf,1951,,M
Thomas Koebner,1941,,M
Thomas Kollhoff,1955,,M
Thomas Kopache,1945,,M
Thomas Kress,1967,,F
Thomas Kretschmann,1962,,M
Thomas Kruithof,1976,,M
Thomas Krutmann,1965,,M
Thomas Kügel,1959,,M
Thomas Lacoste,1972,,M
Thomas Langmann,1971,,M
Thomas Lawinky,1964,,M
Thomas Lilti,1976,,M
Thomas Loibl,1969,,M
Thomas Mauch,1937,,M
Thomas Mill,1957,,M
Thomas Napper,1970,,M
Thomas Ngijol,1978,,M
Thomas Oberlies,1972,,M
Thomas Ostermeier,1968,,M
Thomas P. Stafford,1930,2024,M
Thomas Petruo,1956,,M
Thomas Riedelsheimer,1963,,M
Thomas Rohmer,1955,,M
Thomas Salvador,1973,,M
Thomas Sarbacher,1961,,M
Thomas Sauerteig,1964,,M
Thomas Schendel,1956,,M
Thomas Schuch,1959,,M
Thomas Schühly,1951,,M
Thomas Schütte,1954,,M
Thomas Schwendemann,1977,,M
Thomas Sieben,1976,,M
Thomas Sjoblom,1950,,M
Thomas Sorriaux,,,M
Thomas Stecher,1961,,M
Thomas Stuber,1981,,M
Thomas Thieme,1948,,M
Thomas Tode,1962,,M
Thomas Trabacchi,1965,,M
Thomas Vincent,1964,,M
Thomas Vinterberg,1969,,M
Thomas von Steinaecker,1977,,F
Thomas Wallner,1966,,M
Thorsten Kirchhoff,1960,,M
Thorsten Merten,1963,,M
Tía Juana la del Pipa,1948,,F
Tibor Bánóczki,1977,,M
Tibor Czeily,,,M
Tibor Dusa,1970,,M
Tibor Felszeghy,1962,,M
Tibor Gáspár,1957,,M
Tibor Gazdag,1964,,M
Tibor Kiss,1971,,M
Tibor Mertz,1961,,M
Tibor Pálffy,1967,,M
Tibor Szakács,1966,,M
Tibor Szervét,1958,,M
Tibor Zinner,1948,,M
Ticky Holgado,1944,,M
Tien Shue,1950,,M
Tihomir Stanić,1960,,M
Tijana Zinajić,1973,,F
Tilda Swinton,1960,,F
Till Endemann,1976,,M
Till Harms,1970,,M
Till Huster,1958,,M
Till Kleinert,1980,,M
Till Müller-Edenborn,1965,,M
Till Schauder,1971,,M
Tilly Vosburgh,1960,,F
Tilman König,1979,,F
Tilmann Urbach,1961,,M
Tilo Nest,1960,,M
Tilo Prückner,1940,2020,M
Tilo Schmitz,1959,,M
Til Schweiger,1963,,M
Tim Ahern,1959,,M
Tim Barlow,1936,2023,M
Tim Bentinck,1953,,M
Tim Berrington,,,M
Tim Burton,1958,,M
Tim Cansfield,1951,,M
Tim Clague,1973,,M
Tim Dünschede,1984,,M
Tim Fehlbaum,1982,,M
Tim J. Henley,,,M
Tim Leinhard,1960,,M
Tim McInnerny,1956,,M
Tim McMullan,1963,,M
Timm Kröger,1985,,M
Timo Jacobs,1974,,M
Timon Modersohn,1978,,M
Timothy Kirkhope,1945,,M
Timothy Spall,1957,,M
Tim Pigott-Smith,1946,2017,M
Tim Plester,1970,,M
Tim Rice,1944,,M
Tim Robbins,1958,,M
Tim Roth,1961,,M
Tim Trachte,1976,,M
Tim Trageser,1969,,M
Tim van Beveren,1961,,M
Tim Wilde,1966,,M
Tim Woodward,1953,2023,M
Tina Femiano,1943,,F
Tina Gorenjak,1972,,F
Tina Gray,,,F
Tina Sáinz,1945,,F
Tina Sportolaro,1962,,M
Tina Tempesta,?,,F
Tini Tüllmann,1977,,F
Tinka Kurti,1932,,F
Tinto Brass,1933,,M
Tin Vodopivec,1982,,M
Tito Larriva,1953,,M
Tito Montero,1978,,M
Tito Valverde,1951,,M
Titusz Kovács,1954,,M
Tiziana Foschi,1964,,F
Tiziana Schiavarelli,1960,,F
Tiziano Sclavi,1953,,M
Tobe Hooper,1943,2017,M
Tobias Baumann,1974,,M
Tobias Langhoff,1962,2022,M
Tobias Lelle,1955,,M
Tobias Lenel,1956,,M
Tobias Moretti,1959,,M
Tobias Morgenstern,1960,,M
Tobias Streck,,,M
Tobias Wiemann,1981,,M
Tobie Nathan,1948,,M
Toby Amies,1967,,M
Toby Genkel,1970,,M
Toby Jones,1966,,M
Toby Sedgwick,1958,,M
Toby Tobias,,,M
Togo Igawa,1946,,M
Toma Enache,1970,,M
Tom Alter,1950,2017,M
Tom Arnold,1959,,M
Tomas Arana,1955,,M
Tomás del Estal,1967,,M
Tomas Erhart,1959,,M
Tomáš Hodan,1980,,M
Tomás Ocaña,1984,,M
Tomaso Pessina,1969,,M
Tomatito,1958,,M
Tomaž Gorkič,1974,,M
Tomaž Habe,1947,,M
Tom Barton-Humphreys,,,M
Tom Chadbon,1946,,M
Tom Collins,950,2022,M
Tom Conti,1941,,M
Tom Cotcher,1950,,M
Tom Courtenay,1937,,M
Tom Cullen,1985,,M
Tom DiCillo,1953,,M
Tom Edmunds,,,M
Tom Elliott,,,M
Tomer Eshed,1977,,M
Tom Farrell,1950,,M
Tom Fernández,1971,,M
Tom Fisher,1968,,M
Tom Gerhardt,1957,,M
Tom Hanks,1956,,M
Tom Harper,1980,,M
Tom Hooper,1972,,M
Tomi Cegnar,,,M
Tomi Janežič,1972,,M
Tomislav Žaja,1967,,M
Tom Jennings,1955,,M
Tom Jones,1940,,M
Tom Kingsley,1985,,M
Tom MacRae,1977,,M
Tommaso Bianco,1943,,M
Tommaso Paradiso,1983,,M
Tommaso Ragno,1967,,M
Tommaso Rignanese,1965,,M
Tommy Boulding,,,M
Tommy Docherty,1928,2020,M
Tommy Kenter,1950,,M
Tommy Krappweis,1972,,M
Tommy Weber,1983,,M
Tommy Wiklund,,,M
Tom Novembre,1959,,M
Tom Owen,1949,2022,M
Tom Quaas,1965,,M
Tom Robinson,1950,,M
Tom Schönberg,,,
Tom Sizemore,1961,2023,M
Tom Skerritt,1933,,M
Tom Sommerlatte,1985,,M
Tom Tykwer,1965,,M
Tom Van Landuyt,1967,,M
Tom Vogt,1957,,M
Tom Wilkinson,1948,,M
Tom Wilson,,,M
Tom Woodruff Jr.,1959,,M
Tom Zahner,1956,,M
Tonči Huljić,1961,,M
Toni Albà,1961,,M
Toni Bertorelli,1948,2017,M
Toni Bestard,1973,,M
Toni Cruz,1946,,M
Toni D'Angelo,1979,,M
Tonie Marshall,1951,,F
Toni Fuentes,1955,,M
Toni Garrani,1951,,M
Toni Krahl,1949,,M
Toni Malco,1955,,M
Toni Myers,1943,2019,F
Toni Negri,1933,2023,M
Tonino Taiuti,1950,,M
Tonino Zangardi,1957,2018,M
Toni Schmid,,,M
Toni Servillo,1959,,M
Toni Sevilla,1949,,M
Toni Thorimbert,1957,,M
Tony Antonio,,,M
Tony Banks,1950,,M
Tony Benn,1925,2014,M
Tony Bennett,1926,2023,M
Tony Britten,,,
Tony Buchanan,,,M
Tony Buzan,1942,2019,M
Tony Carr,1950,,M
Tony Chapman,1941,,M
Tony Dallara,1936,,M
Tony Gale,1959,,M
Tony Gatlif,1948,,M
Tony Iommi,1948,,M
Tony Leader,,,M
Tony Levin,1946,,M
Tony Nardi,1958,,M
Tony O'Callaghan,1956,,M
Tony O'Shea,1961,,M
Tony Oppedisano,,,M
Tony Pierce-Roberts,1945,,M
Tony Pitts,1962,,M
Tony Plana,1952,,M
Tony Ramos,1948,,M
Tony Shalhoub,1953,,M
Tony Sinclair,1944,,M
Tony Sperandeo,1953,,M
Tony Tammaro,1961,,M
Tony Todd,1954,,M
Topper Headon,1955,,M
Toquinho,1946,,M
Tor Andreas Fagerland,1949,2017,M
Tora Vasilescu,1951,,F
Torsten Künstler,1969,,M
Torsten Lemke,1960,,M
Tosja Flaker Berce,1987,,M
Toti Mancuso,1953,,M
Totò Onnis,1960,,M
Touria Benzari,,,F
Toyah Willcox,1958,,F
Traian Băsescu,1951,,M
Tran Anh Hung,1962,,M
Traute Hoess,1950,,F
Traute Lafrenz,1919,2023,F
Trevor Cooper,1953,,M
Trevor Fox,,,M
Trevor Francis,1954,2023,M
Trevor Hardy,,,M
Trevor Laird,1957,,M
Trevor Nelson,1964,,M
Trevor Nunn,1940,,M
Trey Gunn,1961,,M
Trinh Xuan Thuan,1948,,M
Trinidad Iglesias,1960,,F
Trini Muñoz,,,F
Trish Osmond,1944,,F
Tristan Aurouet,1973,,M
Tristan Loraine,1962,,M
Tristan Séguéla,1978,,M
Trpimir Jurkić,1963,,M
Tsilla Chelton,1919,,F
Tuccio Musumeci,1934,,M
Tudor Botezatu,1980,,M
Tudor Caranfil,1931,2019,M
Tudorel Filimon,1953,,M
Tudor Giurgiu,1972,,M
Tudor Platon,1991,,M
Tuki Jencquel,1974,,M
Tullio Solenghi,1948,,M
Tünde Bacskó,1973,,F
Tünde Szalontay,1964,,F
Tusse Silberg,1931,,F
Tvrtko Jurić,1972,,M
Txema Blasco,1941,,M
Ubaydah Abu-Usayd,,,M
Uberto Pasolini,1957,,M
Udo Kier,1944,,M
Udo Kroschwald,1955,,M
Udo Samel,1953,,M
Udo Schenk,1953,,M
Udo Wachtveitl,1958,,M
Ueli Jäggi,1954,,M
Ufuk Genc,,,M
Ugo Conti,1955,,M
Ugo Frosi,1969,,M
Ugo Gregoretti,1930,2019,M
Ugo Pagliai,1937,,M
Ugur Yücel,1957,,M
Uisenma Borchu,1984,,F
Ula Stöckl,1938,,F
Ulf Johansson,1948,,M
Uli Bauer,1957,,M
Uli Gaulke,1968,,M
Uli Krohm,1948,,M
Ullabritt Horn,1956,2017,F
Ulla Geiger,1951,2024,F
Ulli Maier,1957,,F
Ulli Smandek,1956,,M
Ulrich Brendel,1965,,M
Ulrich Gantz,,,M
Ulrich Gebauer,1956,,M
Ulrich Gregor,1932,,M
Ulrich Kodjo Wendt,1962,,M
Ulrich Köhler,1969,,M
Ulrich Matthes,1959,,M
Ulrich Noethen,1959,,M
Ulrich Schmissat,1955,,M
Ulrich Seidl,1952,,M
Ulrich Staets,,,M
Ulrich Tomsen,1963,,M
Ulrich Tukur,1957,,M
Ulrich Voß,1938,2024,M
Ulrike Arnold,1950,,F
Ulrike Barthruff,1953,2024,F
Ulrike Bliefert,1951,,F
Ulrike Franke,1970,,F
Ulrike Grote,1963,,F
Ulrike Hanke-Haensch,1938,,F
Ulrike Johannson,1951,,F
Ulrike Kriener,1954,,F
Ulrike Krumbiegel,1961,,F
Ulrike Ottinger,1942,,F
Ulrike Pfeiffer,1951,,F
Ulrike Schaz,1985,,F
Ulrike Willenbacher,1955,,F
Umar Bin Hassan,1948,,M
Umberto Cantoni,1959,,M
Umberto Carteni,1970,,M
Umberto Orsini,1934,,M
Umberto Riccioni Carteni,1970,,M
Umberto Sardella,1956,,M
Umberto Smaila,1950,,M
Umberto Spinazzola,1966,,M
Una Stubbs,1937,2021,F
Urbain Cancelier,1959,,M
Urbano Barberini,1961,,M
Uri Gavriel,1955,,M
Urša Menart,1985,,F
Urša Raukar,1960,,F
Urša Raukar-Gamulin,1960,,F
Ursela Monn,1950,,F
Urška Hlebec,1965,,F
Urs Remond,1964,,M
Ursula Berlinghof,1961,,F
Ursula Karusseit,1939,2019,F
Ursula Macfarlane,,,F
Ursula Michelis,1946,,F
Ursula-Rosamaria Gottert,1954,,F
Ursula Werner,1943,,F
Uschi Glas,1944,,F
Us Conradi,1928,,F
Uta,1951,,F
Uta Rachov,1948,,F
Ute Lubosch,1953,,F
Ute von Münchow-Pohl,1958,,F
Ute Wieland,1957,,F
Uwe Dag Berlin,1958,,M
Uwe Janson,1959,,M
Uwe Kosubek,1962,,F
Uwe Lyko,1954,,M
Uwe Mann,1972,,M
Uwe Ochsenknecht,1956,,M
Uwe Preuss,1961,,M
Uwe Rohde,1958,,M
Uwe Schütte,1967,,F
Uwe Schwarz,1957,,M
Vadim Jean,1963,,M
Valentina Carnelutti,1973,,F
Valentina Gebbia,1958,,F
Valentina Pedicini,1978,2020,F
Valentina Sova,1960,,F
Valentina Thielová,1933,2022,F
Valentina Zanella,1985,,F
Valentín Fernández-Tubau,1958,,M
Valentin Freise,1918,2002,M
Valentin Hotea,1967,,M
Valentin Jeker,1934,,M
Valentino Picone,1971,,M
Valentín Paredes,1955,,M
Valentin Popescu,1955,,M
Valentin Riedl,1977,,M
Valentin Teodosiu,1953,,M
Valentin Uritescu,1941,2022,M
Valentin Urziceanu,1968,,M
Valentin Venczel,1952,,M
Valer Dellakeza,1942,,M
Valeria Bruni Tedeschi,1964,,F
Valeria Cavalli,1959,,F
Valeria Ciangottini,1945,,F
Valeria Fabrizi,1936,,F
Valeria Golino,1966,,F
Valériane de Villeneuve,1959,,F
Valeria Parisi,,,F
Valérie Bochard,,,F
Valérie Bonneton,1970,,F
Valérie Crouzet,1968,,F
Valérie Donzelli,1973,,F
Valérie Dréville,1962,,F
Valérie Guillaudot,,,F
Valérie Kaprinsky,1962,,F
Valérie Karsenti,1968,,F
Valérie Lagrange,1942,,F
Valérie Lemercier,1964,,F
Valérie Mairesse,1954,,F
Valérie Müller,1965,,F
Valérie Stroh,1958,,F
Valérie Vogt,1962,,F
Valerio Attanasio,1978,,M
Valerio Binasco,1964,,M
Valerio Boserman,1971,,M
Valerio Esposito,,,M
Valerio Mastandrea,1972,,M
Valerio Mieli,1978,,M
Valerio Ruiz,1986,,M
Valerio Vestoso,1987,,M
Valeriu Andriuță,1967,,M
Valeriu Bâzu,1956,,M
Valeriu Sepi,1945,,M
Valery Tscheplanowa,1980,,M
Valesca Peters,1982,,F
Valeska Grisebach,1968,,F
Vali Dániel,1943,,F
Vali Dobrogeanu,,,M
Vali Rupiță,1962,,M
Valter Dragan,1965,,M
Vandana Shiva,1952,,F
Vanda Vujanić,1971,,F
Van Epperson,1957,,M
Vanesa Benítez,,,F
Vanessa Filho,1980,,F
Vanessa Jopp,1971,,F
Vanessa Redgrave,1937,,F
Vanessa Van Durme,1948,,F
Vania Leturcq,1983,,F
Vania Vilers,1938,,M
Vanja Bajdarova,1960,,F
Vanja d'Alcantara,1977,,F
Vanja Juranić,1974,,F
Vanna Botta,1922,2021,F
Varante Soudjian,1978,,M
Vardan Petrosyan,1959,,M
Varujan Pambuccian,1959,,M
Varujan Vosganian,1958,,M
Vasco Mirandola,1954,,M
Vasco Rossi,1952,,M
Vasile Boroneanț,1930,2014,M
Vasile Filipescu,1956,,M
Vasile Muraru,1956,,M
Vasile Oltean,1948,,M
Vasile Popa,1947,2021,M
Vasile Ursachi,1934,,M
Vasja Klavora,1936,,M
Vasni Ramos,,,M
Vass Anderson,1933,2015,M
Vassilis Kamitsis,,,M
Vauro Senesi,1955,,M
Vedat Erincin,1957,,M
Vedrana Pribačić,1977,,F
Vedran Mlikota,1969,,M
Veit Helmer,1968,,M
Veit Stübner,1954,,M
Venantino Venantini,1930,2018,M
Venci Kostov,1987,,M
Ventura Pons,1945,2020,M
Véra Belmont,1932,,F
Vera Brückner,1988,,F
Vera Fogwill,1972,,F
Vera Kluth,1925,2017,F
Vérane Frédiani,1974,,F
Vera Pap,1956,2015,F
Vera Pescarolo,1930,2024,F
Vera Valdez,1936,,F
Vera Zima,1953,2020,F
Verena Bosshard,1949,,F
Verena Fels,1980,,F
Verena Paravel,1971,,F
Verena Rendtorff,1964,,F
Vernon Dobtcheff,1934,,M
Verónica Forqué,1955,2022,F
Verónica Mengod,1967,,F
Veronica Pivetti,1965,,F
Veronika Drolc,1963,,F
Veronika Ferres,1965,,F
Veronika Glasunowa,1981,,F
Veronika Nowag-Jones,1946,,F
Veronika Varga,1969,2023,F
Veronika von Quast,1946,,F
Véronique Barrault,1958,2022,F
Véronique Frumy,1960,,F
Véronique Mériadec,1966,,F
Véronique Nordey,1939,,F
Véronique Silver,1931,,F
Veruschka von Lehndorff,1939,,F
Vesa Wallgren,1960,,M
Vesna Jakić-Cestarić,1926,2025,F
Vianney Lebasque,,,M
Vibeke Hastrup,1958,,F
Vicenç Altaió,1954,,M
Vicente del Bosque,1950,,M
Vicente Gil,1953,,M
Vicente Gisbert,1945,2018,M
Vicente Madoz,,,M
Vicente Montoto,1943,,M
Vicente Villanueva,1970,,M
Vicent Tamarit,1953,,M
Vicky Bodega,1958,,F
Vicky Jewson,1985,,F
Vicky Peña,1954,,F
Victor Banerjee,1946,,M
Victor Canache,1986,,M
Victor Cârcu,1947,,M
Victor Choulman,1938,,M
Víctor Conde,1973,,M
Víctor Erice,1940,,M
Víctor García,1974,,M
Víctor García León,1976,,M
Victor Garrivier,1931,,M
Victor Haïm,1935,,M
Victoria Abril,1959,,F
Victoria Baltag,,,F
Victoria Bedos,1984,,F
Victoria Carling,,,F
Victoria Chapman,1959,,F
Victoria Cociaș,1957,,F
Victoria Cociaș-Șerban,1957,,F
Victòria Morell,,,F
Victoria Salvador,,,F
Victoria Trauttmansdorff,1960,,F
Victoria Wicks,1959,,F
Victoria Willing,1959,,F
Victoria Zinny,1943,,F
Víctor Iriarte,1976,,M
Victor Lanoux,1936,,M
Víctor Manuel,1947,,M
Víctor Matellano,1971,,M
Víctor Monigote,1967,,M
Víctor Olid,,,
Victor Purice,1956,,M
Victor Rebengiuc,1933,,M
Victor Saint Macary,1949,,M
Vidas Petkevičius,1949,,M
Vid Balog,1972,,M
Viggo Mortensen,1958,,M
Viktor Giacobbo,1952,,M
Viktor Oszkár Nagy,1980,,M
Viktor Pavel,1965,,M
Viktor Zhusti,1942,,M
Vili Matula,1962,,M
Vilmar Bieri,1953,,M
Vilmos Vajdai,1962,,M
Vilmos Zsigmond,1930,2016,M
Vince Gill,1957,,M
Vincent Adam Paul,1979,,M
Vincent Barré,1948,,M
Vincent Boujon,,,M
Vincent Cassel,1966,,M
Vincent D'Onofrio,1959,,M
Vincent Dieutre,1960,,M
Vincent Dubois,1964,,M
Vincent Ebrahim,1950,,M
Vincent Elbaz,1971,,M
Vincent Franklin,1966,,M
Vincent Garenq,,,M
Vincent Gérard,,,M
Vincent Grass,1949,,M
Vincent Haasser,,,M
Vincent Lapize,,,M
Vincent Le Port,1986,,M
Vincent Lindon,1959,,M
Vincent Lobelle,1972,,M
Vincent Mariette,1980,,M
Vincent Martin,1955,,M
Vincent Moscato,1965,,M
Vincent Mottez,,,M
Vincent Nemeth,1963,,M
Vincent Perez,1964,,M
Vincent Riotta,1959,,M
Vincent Ropion,1962,,M
Vincent Schiavelli,1948,,M
Vincent Schmitt,1961,,M
Vincent Winterhalter,1964,,M
Vincent Woods,,,M
Vincenza Modica,1959,,M
Vincenzo Agostino,1937,2024,M
Vincenzo Alfieri,1986,,M
Vincenzo Bobò Cannavacciuolo,1936,2019,M
Vincenzo Caiazzo,1979,,M
Vincenzo Failla,1958,,M
Vincenzo Galdo,?,,M
Vincenzo Marra,1972,,M
Vincenzo Mollica,1953,,M
Vincenzo Pirrotta,1971,,M
Vincenzo Ricchiuto,,,M
Vincenzo Salemme,1957,,M
Vincenzo Stango,?,,M
Vinko Brešan,1964,,M
Vinko Kraljević,1952,,M
Vinko Möderndorfer,1958,,M
Vinnie Jones,1965,,M
Vintilă Mihăilescu,1951,2020,M
Viola Davis,1965,,F
Violeta Haret-Popa,1966,,F
Violeta Salama,,,F
Viorel Comănici,1941,2020,M
Viorel Simionescu,1937,,M
Viorica Dăncilă,1963,,F
Virág Zomborácz,1985,,F
Virgil Ianțu,1971,,M
Virgil Ogășanu,1940,,M
Virginia Da Brescia,1936,2017,F
Virginia McKenna,1931,,F
Virginia Rogin,1951,,F
Virginie Brac,1955,,F
Virginie Lemoine,1961,,M
Virginie Pradal,1945,,F
Virginie Sauveur,1976,,F
Virginie Schwartz,1979,,F
Virginie Verrier,,,F
Virna Lisi,1936,2014,F
Visar Morina,1979,,M
Višnja Starešina,1960,,F
Vitalba Andrea,1958,,F
Vitaliano Trevisan,1960,2022,M
Vitalie Bichir,1971,,M
Vitaliy Kotovitskiy,1956,,M
Vithaya Pansringarm,1959,,M
Vito Cea,1970,,M
Vito Signorile,1947,,M
Vittorio Cecchi Gori,1942,,M
Vittorio Moroni,1971,,M
Vittorio Sindoni,1939,,M
Vittorio Storaro,1940,,M
Vittorio Taviani,1929,2018,M
Vittorio Viviani,1954,,M
Vitus Zeplichal,1947,,M
Viv Anderson,1956,,M
Viviana Calò,1982,,F
Viviana Tacchella,,,F
Viviane Andereggen,1985,,F
Viviane Blumenschein,1969,,F
Viviane Candas,1954,,F
Viviane Reding,1951,,F
Vivian Naefe,1953,,F
Vivien Goldman,1954,,F
Vivienne Soan,1955,,F
Vivienne Vernes,,,F
Vivienne Westwood,1941,2022,F
Vladimir Andrić,1944,2021,M
Vladimir Cosma,1940,,F
Vladimir Friedman,1959,,M
Vladimir Găitan,1947,2020,M
Vladimir Jurc,1950,,M
Vladimir Léon,1969,,M
Vladimir Tismăneanu,1951,,M
Vlad Ivanov,1969,,M
Vlado Gotvan Repnik,1961,,M
Vlado Jovanovski,1967,,M
Vlado Kreslin,1953,,M
Vlado Novák,1952,,M
Vlad Păunescu,1953,,M
Vlad Rădescu,1952,,M
Vlad Zografi,1960,,M
Vlasta Ramljak,1960,,F
Vlasta Velisavljević,1926,2021,M
Vlatka Vorkapić,1969,,F
Vlatko Dulić,1943,2015,M
Vojin Perić,1959,,M
Vojislav Brajović,1949,,M
Vojko Anzeljc,1970,,M
Volfango De Biasi,1972,,M
Volker Busenbender,,,M
Volker Heymann,1960,,M
Volker Koepp,1944,,M
Volker Ludwig,1937,,M
Volker Marek,1944,,M
Volker Meyer-Dabisch,1962,,M
Volker Niederfahrenhorst,1955,,M
Volker Schaner,1968,,M
Volker Schlöndorff,1939,,M
Volker Spengler,1939,2020,M
Volkmar Kleinert,1938,,M
Vom,1964,,M
Vrezj Hakobyan,,,M
Wael Sghaier,,,M
Waheed Khan,,,M
Wajdi Mouawad,1968,,M
Waldemar Flemming,,,M
Waldemar Hooge,1957,,M
Waldemar Kobus,1966,,M
Walfriede Schmitt,1943,,F
Walid Mattar,1980,,M
Wallace Shawn,1943,,M
Walter Hess,1939,,M
Walter Kreye,1942,,M
Walter Laqueur,1921,2018,M
Walter Leonardi,1967,,M
Walter Murch,1943,,M
Walter Plathe,1950,,M
Walter Schultheiss,1924,,M
Walter Sittler,1952,,M
Walter Spitzer,1927,2021,M
Walter Steffen,1955,,M
Walter Toschi,1953,2020,M
Walter van Dyk,1961,,M
Walter Veltroni,1955,,M
Waltraut Borchmann,1951,,F
Wanda Ventham,1935,,F
Warren Ellis,1965,,M
Warren Mosler,1949,,M
Wash Westmoreland,1966,,M
Wassyla Tamzali,1941,,F
Wendla Nölle,,,F
Wendy Crewson,1956,,F
Wendy Ramos,1966,,F
Wenka von Mikulicz,1965,,M
Werner Baumann,1962,,M
Werner Biermeier,1961,,M
Werner Böhnke,1959,,M
Werner Flemming,,,M
Werner Herzog,1942,,M
Werner Müller,1957,,M
Werner Nekes,1944,2017,M
Werner Wilkening,1948,,M
Westbam,1965,,M
Whit Stillman,1952,,M
Wiebke Reiners,,,F
Wieland Speck,1951,,M
Wieslawa Wesolowska,1953,,F
Wilfried Dziallas,1944,2021,M
Wilfried Hochholdinger,1962,,M
Wilfried Laule,1945,,M
Wilfried Méance,,,M
Wilfried Pucher,1940,,M
Wilko Johnson,1947,2022,M
Willem Dafoe,1955,,M
Willem Zaeyen,1994,,M
William Bourdon,1956,,M
William Christie,1944,,M
William Chubb,1954,,M
William Coryn,1957,,M
William E. Badgley,,,M
William Friedkin,1935,2023,M
William Gay,1941,2012,M
William H. Macy,1950,,M
William Hope,1955,,M
William Hurt,1950,,M
William Laboury,1987,,M
William Leymergie,1947,,M
William Nadylam,1966,,M
William Nicholson,1948,,M
William Nunez,1967,,M
William Oldroyd,1979,,M
William Picard,1960,,M
William Shatner,1931,,M
William Sheller,1946,,M
William Stone,1995,,M
William Suerinck,,,M
William Sweeney,,,M
William Thomas,,,M
William Vanderpuye,1959,,M
William Wolff,1927,2020,M
Willi Garth,1938,,M
Will Jewell,,,M
Will Sharpe,1986,,M
Willy Ketzer,1951,,M
Willy Vijande,,,M
Wilma Labate,1949,,F
Wiltrud Baier,1967,,F
Wim Wenders,1945,,M
Wim Willaert,1967,,M
Winfried Glatzeder,1945,,M
Winfried Küppers,1944,,M
Winfried Oelsner,1972,,M
Winfried Schäfer,1950,,M
Winifred Byanyima,1959,,M
Wladimir Tarasjanz,1948,,M
Wladimir Yordanoff,1954,,M
Wojciech Pszoniak,1942,2020,M
Wolf Bachofner,1961,,M
Wolf-Dietrich Rammler,1952,,M
Wolf-Dietrich Sprenger,1942,,M
Wolf Frass,1948,,M
Wolfgang Andrä,1976,,M
Wolfgang Bahro,1960,,M
Wolfgang Becker,1954,,M
Wolfgang Beltracchi,1951,,M
Wolfgang Beuschel,1954,,M
Wolfgang Böhmer,1959,,M
Wolfgang Czeczor,1956,,M
Wolfgang Dziony,1949,,M
Wolfgang Goymann,1968,,M
Wolfgang Groos,1968,,M
Wolfgang Günnewig,,,
Wolfgang Hosfeld,1947,,M
Wolfgang Huber,1942,,M
Wolfgang Hübsch,1939,,M
Wolfgang Lippert,1952,,M
Wolfgang M. Bauer,1963,,M
Wolfgang Michael,1955,,M
Wolfgang Müller,1957,,M
Wolfgang Niedecken,1951,,M
Wolfgang Nossen,1931,2019,M
Wolfgang Ohlhaver,,,M
Wolfgang Packhäuser,1951,,M
Wolfgang Pissors,1958,,M
Wolfgang Rüter,1950,,M
Wolfgang Schwalm,1954,,M
Wolfgang Seidenberg,1962,,M
Wolfgang Stumph,1946,,M
Wolf Gremm,1942,2015,M
Wolf Kahler,1940,,M
Wolf Lotter,1962,,M
Wolfram Hannemann,,,M
Wolfram Koch,1962,,M
Wolfram Kunkel,1943,,M
Wolf Roth,,,M
Wolf v. Matzenau,,,M
Woody Harrelson,1961,,M
Wotan Wilke Möhring,1967,,M
Wright King,1923,2018,M
Wyndham Evans,1951,,M
Xabier Elorriaga,1944,,M
Xabi Molia,1877,,M
Xacio Baño,1983,,M
Xanaë Bove,1970,,F
Xan Cejudo,1947,2018,M
Xaver Böhm,1985,,M
Xavér Varnus,1964,,M
Xavier Atance,1960,,M
Xavier Beauvois,1967,,M
Xavier Bermúdez,1951,,M
Xavier Boulanger,1962,2020,M
Xavier Capdet,1957,,M
Xavier De Choudens,1973,,M
Xavier de Guillebon,1963,,M
Xavier de Lauzanne,1970,,M
Xavier Deltell,1958,,M
Xavier Durringer,1963,,M
Xavier Estévez,1967,,M
Xavier Folch,1938,2021,M
Xavier Gayan,,,M
Xavier Gens,1975,,M
Xavier Giannoli,1972,,M
Xavier Koller,1944,,M
Xavier Ladjointe,,,M
Xavier Legrand,1979,,M
Xavier Llorens,1958,,M
Xavier Maly,1958,,M
Xavier-Marie Bonnot,1962,,M
Xavier Martínez-Soler,,,M
Xavier Mathieu,1965,,M
Xavier Medina Campeny,1943,,M
Xavier Pàmies,1959,,M
Xavier Picard,1962,,M
Xesc Cabot,,,M
Xicu Cabanyes,1945,,M
Ximo Solano,1967,,M
Xing Xing Cheng,1948,,F
"Xosé Luís Bernal ""Farruco""",1942,,M
Xosé Manuel Olveira 'Pico',1955,2013,M
Xuaco Carballido,,,M
Xu Benguo,,,M
Yael Reuveny,2000,,F
Yamina Benguigui,1955,,F
Yan Birch,1965,,M
Yanina Lisovskaya,1961,,F
Yanis Varoufakis,1961,,M
Yann Arthus-Bertrand,1946,,M
Yann Collette,1956,,M
Yann Gonzalez,1977,,M
Yann Gozlan,1977,,M
Yannick Coutheron,,,M
Yannick Moulin,,,M
Yannick Renier,1975,,M
Yannis Youlountas,1970,,M
Yann Le Quellec,1974,,M
Yann Samuell,1965,,M
Yasar Cetin,1966,,M
Yasemin Samdereli,1973,,F
Yasmin C. Rams,,,F
Yassine Qnia,,,M
Yassmine Othman,1963,,F
Yehuda Almagor,1959,,M
Yehuda Bacon,1929,,M
Yen Le Van,,,M
Yeray López Portillo,,,M
Yevgeni Sitokhin,1959,,M
Ye Ye,,,F
Yiyo Alonso,1959,,M
Yoann Guillouzouic,1974,,M
Yoann Jean-Charles,,,M
Yoav Paz,1976,,M
Yohann Charrin,1974,,M
Yolande Folliot,1952,,F
Yolande Moreau,1953,,F
Yolande Zauberman,1955,,F
Yolin François Gauvin,1957,,M
Yony Leyser,1985,,M
Yorgos Lanthimos,1973,,M
Yorgo Voyagis,1945,,M
Yoshi Oida,1933,,M
Yossi Aviram,1971,,M
You,1964,,F
Youri Tsouilo,1946,,M
Youssef Chebbi,1984,,M
Youssouf Djaoro,1963,,M
Youth,1960,,M
Yu Debin,1964,,M
Yu Fang,1953,,M
Yu Fengyuan,,,F
Yuki Iwamoto,1964,,F
Yussuf Abu-Warda,1953,,M
Yvan Attal,1965,,M
Yvan Garouel,,,M
Yves Afonso,1944,,M
Yves Baudelle,1961,,M
Yves Beneyton,1946,,M
Yves Caumon,1964,,M
Yves Garric,1948,,M
Yves Hinant,1968,,M
Yves Hunstad,1956,,M
Yves Jacques,1956,,M
Yves Jeuland,1968,,M
Yves Lambrecht,1961,,M
Yves Pignot,1946,,M
Yves Rénier,1942,,M
Yves-Robert Viala,,,M
Yves Yan,1965,,M
Yvette Petit,1937,,F
Yvon Back,1961,,M
Yvon Chouinard,1938,,M
Yvon Crenn,1947,,M
Yvon Le Men,1953,,M
Yvonne Kerékgyártó,1989,,F
Yvonnick Muller,,,M
Zabou Breitman,1959,,F
Zachary Adler,,,M
Zahia Rahmani,1962,,F
Zahir Bouzerar,,,M
Žarko Potočnjak,1946,2021,M
Žarko Radić,1950,,M
Žarko Savić,1949,2024,M
Zavvo Nicolosi,1988,,M
Zazie de Paris,1950,,T
Zbigniew Zamachowski,1961,,M
Zdeněk Husták,1940,2015,M
Zdeněk Krupa,1954,,M
Zdenko Jelčić,1946,,M
Zed Nelson,,,M
Željka Preksavec,1960,,M
Željko Duvnjak,1963,,M
Zeljko Ivanek,1957,,M
Željko Konigsknecht,1961,,M
Zema Hamidovic,?,,F
Zeva Oelbaum,1955,,F
Ziad Doueiri,1963,,M
Žiga Saksida,1959,,M
Žiga Virc,1987,,M
Zijad Gračić,1959,,M
Zinaida Dedakin,1960,,F
Zinedine Soualem,1957,,M
Zirek,1957,,M
Ziska Riemann,1973,,F
Zlatan Zuhrić,1962,,M
Zlatko Burić,1953,,M
Zoe Berriatúa,1978,,M
Zoé Chantre,1981,,F
Zoi Rigopoulou,1956,,F
Zolee Ganxsta,1966,,M
Zoltán Barabás Kiss,1970,,M
Zoltán Bezerédi,1955,,M
Zoltán Csankó,1962,,M
Zoltán Fehér,,,M
Zoltán Füle,1974,,M
Zoltán Galambos,1966,,M
Zoltán Jancsó,1957,,M
Zoltán Kamondi,1960,2016,M
Zoltán Kásás,1946,,M
Zoltán Kocsis,1952,2016,M
Zoltan Mayer,,,M
Zoltán Megyeri,1964,,M
Zoltán Miklósy,,,M
Zoltán Mucsi,1957,,M
Zoltán Nagy,1988,,M
Zoltan Paul,1953,2022,M
Zoltán Rajkai,1969,,M
Zoltán Rátóti,1960,,M
Zoltán Roczó-Nagy,1979,,M
Zoltán Schneider,1970,,M
Zoltán Seress,1962,,M
Zoltán Tamási,1961,,M
Zoltán Tölgyesy,1952,,M
Zoltán Török,1972,,M
Zoltán Vámos,1982,,M
Zoran Boukherma,1992,,M
Zoran Kostić,1964,,M
Zoran Predin,1958,,M
Zoran Đorđević,1947,,M
Zora Rux,1988,,F
Zorion Eguileor,1946,,M
Zrinko Ogresta,1958,,M
Zsófia Szilágyi,1978,,F
Zsolt Anger,1969,,M
Zsolt Bogdán,1964,,M
Zsolt Boldogkői,1961,,M
Zsolt Körtvélyessy,1941,,M
Zsolt Kovács,1951,,M
Zsolt László,1965,,M
Zsolt Pálfi,1972,,M
Zsolt Páll,1969,,M
Zsolt Trill,1972,,M
Zsombor Dyga,1975,,M
Zsuzsa Czinkóczi,1967,,F
Zsuzsa Horváth,1948,,M
Zsuzsa Kovács,1945,2020,F
Zsuzsa Málnai,1953,,F
Zsuzsa Száger,1969,,F
Zsuzsa Töreky,1955,,F
Zucchero Sugar Fornaciari,1955,,M
Züli Aladağ,1968,,M
Zvona Vucković,,,F
Zvonimir Jurić,1971,,M
Zvonimir Zoričić,1948,2015,M
Zygmunt Bauman,1925,2017,M
Cătălin Rotaru,,,M
Gabi Virginia Şarga,,,F