person_name,person_nat
A.C. Wharton,US
A.L. Kennedy,GB
Aaron Brookner,US
Aaron Miller,US
Aaron Moser,DE
Abbes Zahmani,DZ
Abdel Aziz El Mountassir,MA
Abdel Hafed Benotman,DZ
Abdel Raouf Dafri,FR
Abdelkrim Bahloul,DZ
Abdellatif Kechiche,FR
Abdellatif Kechiche,TN
Abderrazek Jazi,TN
Abdulah Sidran,BA
Abedi Pelé,GH
Abel Ferrara,US
Abel Folk,ES
Abel Jafri,FR
Abiodun Oyewole,US
Abisag Tüllmann,DE
Abraham Ascher,DE
Abraham Ascher,US
Abraham Cohen,FR
Abraham Segal,FR
Achero Mañas,ES
Achill Moser,DE
Achille Brugnini,IT
Achille Sidoti,IT
Achim Hübner,DE
Ada Loueilh,FR
Ada Solomon,RO
Adalberto Maria Merli,IT
Ádám Breier,HU
Ádám Császi,HU
Adam Deacon,GB
Adam Gunn,US
Adam Low,GB
Ádám Nádasdy,HU
Adam Oldroyd,GB
Adam Park,GB
Adam Parr,GB
Adam Puslojić,RS
Ádám Rajhona,HU
Ádám Rajhona,RO
Adam Smith,GB
Ádám Tősér,HU
Adél Kováts,HU
Adele Corradi,IT
Adelfa Calvo,ES
Adeline Picault,FR
Adil Azzab,MA
Adina Cristescu,RO
Adina Pintilie,RO
Adina Popescu,RO
Adnane Tragha,FR
Adolfo Arrieta,ES
Adolfo Assor,CL
Adolfo Dufour,ES
Adolfo Margiotta,IT
Adolpha van Meerhaeghe,FR
Adria Garcia,ES
Adrian Belew,GB
Adrian Ciobanu,RO
Adrian Dunbar,GB
Adrian Edmondson,UK
Adrian Enache,RO
Adrian Frieling,DE
Adrian Goiginger,AT
Adrian Hood,GB
Adrian Lester,GB
Adrian McLoughlin,GB
Adrian Munteanu,RO
Adrian Noble,GB
Adrian Păduraru,RO
Adrian Popovici,RO
Adrian Porumboiu,RO
Adrian Rawlins,GB
Adrian Schiller,GB
Adrian Shergold,GB
Adrian Sherwood,GB
Adrián Silvestre,ES
Adrian Sitaru,RO
Adrian Titieni,RO
Adriana Altaras,DE
Adriana Altaras,CR
Adriana Asti,IT
Adriana Băilescu,RO
Adriana Hölszky,RO
Adriana Ozores,ES
Adriana Trandafir,RO
Adriano Aprà,IT
Adriano Chiaramida,IT
Adriano Cutraro,IT
Adriano Giraldi,IT
Adriano Morelli,IT
Adriano Pappalardo,IT
Adriano Sforzi,IT
Adriano Valerio,IT
Adrien Juncker,FR
Adrien Piquet-Gauthier,FR
Adrien Soland,FR
Adrienne Barbeau,US
Aelrun Goette,DE
Affif Ben Badra,FR
Agathe Taffertshofer,DE
Ági Margitai,HU
Ági Szirtes,HU
Ági Voith,HU
Ágnes Bánfalvy,HU
Agnès Fouilleux,FR
Agnès Godard,FR
Agnes Hardorp,DE
Agnès Jaoui,FR
Ágnes Keleti,HU
Ágnes Lőrincz,HU
Ágnes Lőrincz,RO
Ágnes Losonczi,HU
Ágnes Máhr,HU
Agnès Soral,FR
Agnès Soral,CH
Ágnes Sós,HU
Agnès Troublé,FR
Agnès Varda,BE
Ágota Varga,HU
Agustí Vila,ES
Agustí Villaronga,ES
Agustín Almodóvar,ES
Agustín Díaz Yanes,ES
Ahmed Benaïssa,FR
Ahmed Benaïssa,DZ
Ahmed Hafiene,TN
Ahmed Hamidi,FR
Ahuva Sommerfeld,IS
Ai Weiwei,CN
Aida Bukvić,HR
Aileen Henry,IE
Aiman Abdallah,DE
Áine Uí Cheallaigh,IE
Ainhoa Arteta,ES
Ainhoa Rodríguez,ES
Aislinn Clarke,IE
Aïssa Maïga,FR
Aitana Sánchez-Gijón,ES
Aitor Arregi,ES
Aitor López de Aberásturi,ES
Aitor Merino,ES
Aitzpea Goenaga,ES
Ajmer Singh,IN
Ajoy Bose,IN
Aki Kaurismäki,FI
Akiko Hitomi,JP
Akilas Karazisis,GR
Akissi Delta,CI
Akiz,DE
Ákos Badits,HU
Ákos Barnóczky,HU
Ákos Birkás,HU
Ákos Horváth,HU
Ákos Kőszegi,HU
Al Ginter,LU
Al Gore,US
Aladár Horváth,HU
Aladin Reibel,FR
Alain Attal,FR
Alain Baraton,FR
Alain Beigel,FR
Alain Cavalier,FR
Alain Chabat,FR
Alain Chamfort,FR
Alain Choquart,FR
Alain Choquet,FR
Alain Corneau,FR
Alain Delon,FR
Alain Desjacques,FR
Alain Dion,FR
Alain Dorval,FR
Alain Doutey,FR
Alain Ducasse,FR
Alain Fleischer,FR
Alain Françon,FR
Alain Fromager,FR
Alain Gagnol,FR
Alain Gautré,FR
Alain Gresh,FR
Alain Gsponer,CH
Alain Gsponer,DE
Alain Guillon,FR
Alain Guiraudie,FR
Alain Kruger,FR
Alain Lenglet,FR
Alain Libolt,FR
Alain Parroni,IT
Alain Raoust,FR
Alain Resnais,FR
Alain Rimoux,FR
Alain Touraine,FR
Alain Ughetto,FR
Alain Weill,FR
Alan Bean,US
Alan Bennett,GB
Alan Corno,FR
Alan Cumming,GB
Alan David,GB
Alan De Luca,IT
Alan Ford,GB
Alan Hansen,GB
Alan Hinkes,GB
Alan Katić,HR
Alan Moore,GB
Alan Rickman,UK
Alan Rothwell,GB
Alan Simon,FR
Alan Smithee,
Alan Sorrenti,IT
Alan Stanford,DE
Alan Williams,GB
Alasdair Gray,GB
Alaska,ES
Alassane Diago,SN
Alauda Ruiz de Azúa,ES
Alba Cros,ES
Alba González de Molina,ES
Alba Sotorra,ES
Alban Teurlai,FR
Alber Ponte,ES
Alber Ponte,GB
Albert Albacete,ES
Albert Brooks,US
Albert Ceray,FR
Albert Ceray,MC
Albert Delpy,FR
Albert Dray,FR
Albert Dupontel,FR
Albert Jacquard,FR
Albert Jeunehomme,FR
Albert Kitzl,DE
Albert Kitzl,RO
Albert Meslay,FR
Albert Pintó,ES
Albert Serra,ES
Albert von Schirnding,DE
Alberte Mera,ES
Alberto Bellocchio,IT
Alberto Burgio,IT
Alberto Casiraghy,IT
Alberto Caviglia,IT
Alberto Cracco,IT
Alberto De Michele,IT
Alberto de Toro,ES
Alberto Di Stasio,IT
Alberto Fasulo,IT
Alberto Ferrari,IT
Alberto Gadea,ES
Alberto García-Alix,ES
Alberto Gelpi,IT
Alberto Gimignani,IT
Alberto González,ES
Alberto Manrique,ES
Alberto Marini,IT
Alberto Rizzi,IT
Alberto Rodríguez,ES
Alberto Rondalli,IT
Alberto Santana,
Alberto Sciamma,ES
Alberto Sforzi,IT
Alberto Vázquez,ES
Albrecht Schneider,DE
Aldo Baglio,IT
Aldo De Martino,IT
Aldo Ivančić,HR
Aldo Maccione,IT
Aldo Naouri,FR
Alec Baldwin,US
Alec Gillis,US
Alec Mansion,BE
Alecs Năstoiu,RO
Aleem Khan,GB
Alejandra Flechner,AR
Alejandro Amenábar,CL
Alejandro Awada,AR
Alejandro Cortés Calahorra,ES
Alejandro Goic,CL
Alejandro González Salgado,ES
Alejandro Ibáñez,
Alejandro Jodorowsky,CL
Alejandro Marín,ES
Alejandro Palomino,CU
Alejandro Sabella,AR
Alejandro Suárez Lozano,ES
Alejo Levis,ES
Alejo Stivel,AR
Aleksandar Cvjetković,HR
Aleksandar Seksan,BA
Aleksei Guskov,RU
Aleksey Gorbunov,UA
Aleksey Kravchenko,RU
Aleksey Shedko,BY
Alen Liverić,HR
Alen Pavšar,SI
Alen Šalinović,HR
Alenka Cilenšek,SI
Aleš Strajnar,SI
Alessandra Bianchi,IT
Alessandra Costanzo,IT
Alessandra Faiella,IT
Alessandra Panaro,IT
Alessandro Abba Legnazzi,IT
Alessandro Aronadio,IT
Alessandro Bardani,IT
Alessandro Bencivenga,IT
Alessandro Benvenuti,IT
Alessandro Bressanello,IT
Alessandro Campagna,IT
Alessandro Capitani,IT
Alessandro Capone,IT
Alessandro Colizzi,IT
Alessandro Comodin,IT
Alessandro D'Alatri,IT
Alessandro di Giuseppe,FR
Alessandro Di Robilant,IT
Alessandro G.A. D'Alessandro,IT
Alessandro Garilli,IT
Alessandro Gassmann,IT
Alessandro Gazale,IT
Alessandro Genovesi,IT
Alessandro Haber,IT
Alessandro Ingrà,IT
Alessandro Lunardelli,IT
Alessandro Marzullo,IT
Alessandro Negrini,IT
Alessandro Paci,IT
Alessandro Piva,IT
Alessandro Pondi,IT
Alessandro Rak,IT
Alessandro Roja,IT
Alessandro Rossellini,IT
Alessandro Rossetto,IT
Alessandro Siani,IT
Alessandro Tamburini,IT
Alessandro Valenti,IT
Alessandro Valori,IT
Alessia Scarso,IT
Alessio Boni,IT
Alessio Bozzer,IT
Alessio Cremonini,IT
Alessio De Leonardis,IT
Alessio Di Cosimo,IT
Alessio Lauria,IT
Alessio Maria Federici,IT
Alessio Rigo de Righi,IT
Alessio Rigo de Righi,US
Álex Angulo,ES
Alex Brendea,RO
Àlex Casanovas,ES
Alex Coteț,RO
Álex de la Iglesia,ES
Alex Descas,FR
Alex Ferguson,GB
Alex García López,AR
Alex Helfrecht,GB
Alex Holmes,GB
Alex Infascelli,IT
Alex Jennings,GB
Álex López,ES
Alex Lutz,FR
Alex Norton,GB
Álex Pina,ES
Alex Schaad,DE
Alex Stepney,GB
Alexa Karolinski,DE
Alexa Povah,GB
Alexa Visarion,RO
Alexander Abaturov,RU
Alexander Bălănescu,RO
Alexander Berner,DE
Alexander Dannenberg,DE
Alexander E. Fennon,AT
Alexander Gauland,DE
Alexander Grasseck,
Alexander Hauff,DE
Alexander Häusser,DE
Alexander Held,DE
Alexander Kluge,DE
Alexander Liegl,DE
Alexander Lutz,AT
Alexander Mitterer,IT
Alexander Nanau,RO
Alexander Nanau,DE
Alexander Pusch,DE
Alexander Radszun,DE
Alexander Schubert,DE
Alexandra Davidescu,RO
Alexandra Leclère,FR
Alexandra Mercouroff,FR
Alexandra Pianelli,FR
Alexandra Robert,FR
Alexandra Sell,DE
Alexandra Stewart,CA
Alexandre Arcady,FR
Alexandre Astier,FR
Alexandre Bustillo,FR
Alexandre Castagnetti,FR
Alexandre Charlot,FR
Alexandre Coffre,FR
Alexandre de La Patellière,FR
Alexandre Debanne,FR
Alexandre Espigares,ES
Alexandre Espigares,LU
Alexandre Ferrini,FR
Alexandre Heboyan,FR
Alexandre Jollien,CH
Alexandre Poncet,FR
Alexandre Powelz,
Alexandre von Sivers,BE
Alexandre Zeff,FR
Alexandrina Halic,RO
Alexandru Badea,RO
Alexandru Belc,RO
Alexandru Bindea,RO
Alexandru Buzea,RO
Alexandru Dabija,RO
Alexandru Georgescu,RO
Alexandru Lustig,RO
Alexandru Mavrodineanu,RO
Alexandru Mereuță,RO
Alexandru Pop,RO
Alexandru Repan,RO
Alexeï Gouskov,RU
Alexia Walther,CH
Alexis Alexiou,GR
Alexis Cahill,IT
Alexis Díaz Pimienta,CU
Alexis Ducord,FR
Alexis Langlois,FR
Alexis Michalik,FR
Alexis Morante,ES
Alexis Wajsbrot,FR
Alexs Stadermann,
Alexs Stadermann,AU
Alfeo Carnelutti,IT
Alfonso Agra,ES
Alfonso Albacete,ES
Alfonso Bergamo,IT
Alfonso Cortés-Cavanillas,ES
Alfonso Delgado,ES
Alfonso Guerra,ES
Alfonso Kint,ES
Alfonso Sánchez,ES
Alfonso Santagata,IT
Alfonso Torregrosa,ES
Alfonso Ungría,ES
Alfonso Zarauza,ES
Alfred George Bailey,GB
Alfred Sauter,DE
Alfredo Carrasco Alonso,ES
Alfredo Castro,CL
Alfredo Contreras,ES
Alfredo Fiorillo,IT
Alfredo Zamora,ES
Algis Arlauskas,ES
Ali Abbasi,IR
Ali Bougheraba,FR
Ali Samadi Ahadi,DE
Ali Samadi Ahadi,IR
Alice Agneskirchner,DE
Alice Botté,FR
Alice Cooper,US
Alice Diop,FR
Alice Krige,ZA
Alice Lowe,GB
Alice Philippon,FR
Alice Rohrwacher,IT
Alice Troughton,GB
Alice Waters,US
Alice Winocour,FR
Alice Zeniter,FR
Alicia Sánchez,ES
Alida Valli,IT
Alin Boeru,RO
Alin Panc,RO
Alina Grigore,RO
Aline Dalbis,FR
Aline Geller,FR
Aline Pilato,IT
Alireza Golafshan,IR
Alireza Khatami,IR
Alireza Khatami,US
Alison Bruce,NZ
Alison Dowling,MA
Alison Peebles,GB
Alison Steadman,GB
Alistair Findlay,GB
Aljoša Vučković,HR
Álkis Panagiotidis,GR
Allan Corduner,GB
Allan Corduner,SE
Allan Corduner,UK
Allan Mauduit,FR
Allan Melia,
Alma Prica,HR
Almudena Carracedo,ES
Almudena Grandes,ES
Almut Zilcher,AT
Alonso Posadas,ES
Alun Armstrong,GB
Alvar Gordejuela,ES
Álvaro Báguena,ES
Álvaro Brechner,UY
Álvaro de Luna,ES
Álvaro Díaz Lorenzo,ES
Álvaro Fernández Armero,ES
Álvaro Gago Díaz,ES
Alvaro Gradella,IT
Alvaro Lombard,FR
Álvaro Longoria,ES
Álvaro Peña-Rojas,CL
Álvaro Roig,ES
Álvaro Uribe,CO
Álvaro Urquijo,ES
Alvaro Vitali,IT
Alvia Reale,IT
Amalia Ciolan,RO
Amanda Barrie,GB
Amanda Bearse,US
Amanda Donohue,GB
Amanda Lear,FR
Amanda Plummer,US
Amanda Sthers,FR
Amandine Fredon,FR
Amandine Fredon,
Amar Adatia,GB
Ambra Principato,IT
Ambrogio Lo Giudice,IT
Amélie Ravalec,FR
Amelle Chahbi,FR
Amer Hlehel,
Amerigo Fontani,IT
Amidou (Hamidou Benmessaoud),FR
Amir Muratović,BA
Amir Muratović,SI
Amira Ghazalla,EG
Amiran Amiranashvili,AM
Aml Ameen,GB
Amma Asante,GB
Amor Hakkar,DZ
Amos Gitai,IL
Amos Gitai,
Amparo Badiola,ES
Amparo Climent,ES
Amparo Fernández,ES
Amparo Moreno,ES
Amparo Muñoz,ES
Amparo Pamplona,ES
Amparo Soler Leal,ES
Amparo Valle,ES
Amro Hamzawi,FR
Amy Grant,US
Amy Madigan,US
An Vrombaut,
Ana Belén,ES
Ana Ciontea,RO
Ana Dumitrescu,FR
Ana Dumitrescu,RO
Ana Fernández,ES
Ana Goya,ES
Ana Gracia,ES
Ana Guardione,ES
Ana L. Martín,ES
Ana Labordeta,ES
Ana Messuti,AR
Ana Murugarren,ES
Ana Obregón,ES
Ana Padrão,PT
Ana Pérez-Lorente,ES
Ana Ramón Rubio,ES
Ana Schulz,ES
Ana Schulz,DE
Ana Torrent,ES
Ana Victoria Pérez,ES
Ana Wagener,ES
Anaëlle Godard,FR
Anah Ruddin,GB
Anaís Berdié,ES
Anais Straumann-Lévy,FR
Anais Straumann-Lévy,
Anaïs Volpé,FR
Anaïs Volpé,
Ana-Maria Avram,RO
Anas Khalaf,SY
Anas Khalaf,
Anastasia Hille,GB
Anastasia Mikova,FR
Anatol Regnier,DE
Anatol Schuster,DE
Anca Damian,RO
Anca Miruna Lăzărescu,RO
Anca Sigartău,RO
Anda Caropol,RO
Anđela Rostuhar,HR
Anđelo Jurkas,HR
Ander Iriarte,ES
Ander Landaburu,ES
Anders Morgenthaler,
Andi,DE
Andie MacDowell,US
Andoni Ferreño,ES
Andor Lukáts,HU
András Ambrus,HU
András Ambrus,RO
András B. Vágvölgyi,HU
András Bálint,HU
András Balogh,HU
András Csapó,HU
András Demeter,RO
András Demeter,HU
András Dési,HU
András Faragó,HU
András Fésős,HU
András Frigyesi,HU
András Galler,HU
András Hatházi,RO
András Hatházi,HU
András Jeles,HU
András Kécza,HU
András Keller,HU
András Kern,HU
András Koltai,HU
András Péterffy,HU
András Salamon,HU
András Schlanger,HU
András Sólyom,HU
András Stark,HU
András Stohl,HU
András Surányi,HU
András Szirtes,HU
András Vetró,HU
András Vetró,RO
André Bonzel,FR
André Bonzel,
André Chazel,FR
André Comte-Sponville,FR
André Dussollier,FR
André Erkau,DE
André Grégorcic,FR
André Hennicke,DE
Andre Hörmann,DE
André Jung,DE
André Jung,LU
André Marcon,FR
André Oumansky,FR
André Øvredal,NO
André Penvern,FR
André Robillard,FR
André Schäfer,DE
André Singer,GB
André Stolz,ZA
André Szardenings,DE
André Téchiné,FR
André Wilms,FR
Andrea Adriatico,IT
Andrea Bacci,FR
Andrea Barone,
Andrea Barrionuevo,ES
Andréa Bescond,FR
Andrea Bettinetti,IT
Andrea Block,FR
Andrea Bocelli,IT
Andrea Borrelli,IT
Andrea Brusa,IT
Andrea Bruschi,IT
Andrea Coombs,GB
Andrea D'Ambrosio,IT
Andrea De Sica,IT
Andrea Di Stefano,IT
Andrea Drahota,HU
Andrea Dugoni,IT
Andrea Eckert,AT
Andrea Fadenti,IT
Andréa Ferréol,FR
Andrea Gropplero,IT
Andrea Jaurrieta,ES
Andrea Jonasson,DE
Andrea Jublin,IT
Andrea Ladányi,HU
Andrea Luka Zimmerman,DE
Andrea Magnani,IT
Andrea Marini,IT
Andrea Mazzarella,IT
Andrea Muzzi,IT
Andrea Niada,IT
Andrea Paco Mariani,IT
Andrea Pallaoro,IT
Andrea Pellizzer,IT
Andrea Preti,IT
Andrea Purgatori,IT
Andrea Roggon,DE
Andrea Roncato,IT
Andrea Salerno,IT
Andrea Santana,BR
Andrea Sawatzki,DE
Andrea Schramm,DE
Andrea Segre,IT
Andrea Sihler,AT
Andrea Spolarics,HU
Andrea Tagliaferri,IT
Andrea Takáts,HU
Andrea Vialardi,IT
Andrea Zalone,IT
Andrea Zogg,CH
Andreas Arnstedt,DE
Andreas Borcherding,DE
Andreas Dresen,DE
Andreas Engelmann,DE
Andreas Geiger,DE
Andreas Giebel,DE
Andreas Goldstein,DE
Andreas Gruber,AT
Andreas Heinzel,DE
Andreas Hüneke,DE
Andreas Keller,DE
Andreas Kleinert,DE
Andreas Köhler,DE
Andreas Kunze,DE
Andreas Lechner,DE
Andreas Leupold,DE
Andreas Marquardt,DE
Andreas Maus,DE
Andreas Nickl,DE
Andreas Patton,DE
Andreas Pegler,
Andreas Pegler,DE
Andreas Reiner,
Andreas Schmidbauer,DE
Andreas Seifert,DE
Andreas Voigt,DE
Andreas Wellano,DE
Andrée Damant,FR
Andrée Tainsy,BE
Andreea Esca,RO
Andrei Cohn,RO
Andrei Crețulescu,RO
Andrei Dăscălescu,RO
Andrei Finți,RO
Andrei Gruzsniczki,RO
Andrei Huțuleac,RO
Andrei Konchalovsky,RU
Andrei Păunescu,RO
Andrei Tănase,RO
Andrei Zinca,RO
Andrej Korovljev,HR
Andrej Kosak,SI
Andrej Lupinc,SI
Andrej Nahtigal,SI
Andrej Pratnemer,SI
Andreja Schneider,CR
Andrés 'El Pájaro' Herrera,ES
Andrés Duque,ES
Andrés Duque,VE
Andrés Goteira,ES
Andres Heger-Bratterud,NO
Andrés Lima,ES
Andrés Pajares,ES
Andrés Santana,ES
Andrés Sanz,ES
Andrés Trapiello,ES
Andres Veiel,DE
Andrés Vicente Gómez,ES
Andreu Buenafuente,ES
Andreu Castro,ES
Andrew Becker,US
Andrew Bicknell,GB
Andrew Bridgmont,GB
Andrew Cryan,GB
Andrew Dominik,AU
Andrew Dosunmu,NG
Andrew Gaynord,GB
Andrew Haigh,GB
Andrew Harrison,GB
Andrew Kötting,GB
Andrew Levitas,US
Andrew Lewis,GB
Andrew Loog Oldman,GB
Andrew Loveday,GB
Andrew Masset,MX
Andrew Mogel,US
Andrew Peat,US
Andrew Readman,GB
Andrew Ridgeley,GB
Andrew Sachs,GB
Andrew Sachs,DE
Andrew Steggall,GB
Andrey Paounov,BG
Andrija Mardešić,HR
Andromeda Godfrey,GB
Andrzej Chyra,PL
Andrzej Seweryn,DE
Andrzej Zulawski,PL
Andy Battentier,FR
Andy De Emmony,GB
Andy de la Tour,GB
Andy Goddard,GB
Andy Goldsworthy,GB
Andy Gray,GB
Andy Hamilton,GB
Andy Luotto,IT
Andy MacKinnon,GB
Andy McPhee,AU
Andy Powell,GB
Andy Rashleigh,GB
Andy Townsend,IE
Ane Gabarain,ES
Aneil Karia,
Anémone,FR
Ange Leccia,FR
Ángel Alonso,ES
Ángel de la Cruz,ES
Ángel Delgadillo,US
Ángel Gómez Hernández,ES
Ángel Gutiérrez,ES
Ángel Héctor Sánchez,ES
Ángel Pardo,ES
Angela Baraldi,IT
Angela Bassett,US
Angéla Császár,HU
Angéla Császár,RO
Angela Curran,GB
Angela Finocchiaro,IT
Angela Ioan,RO
Ángela López Gamonal,ES
Angela Merkel,DE
Ángela Molina,ES
Angela Pagano,IT
Ângela Rabello,BR
Angela Roy,DE
Angela Schanelec,DE
Angela Troina,IT
Angela Winkler,DE
Ángeles González Sinde,ES
Ángeles Huerta,ES
Ángeles Moreno,ES
Ángeles Reiné,ES
Angélica Aragón,MX
Angelika Bender,DE
Angelika Böttiger,DE
Angelika Mette,RU
Angelika Sedlmeier,DE
Angelika Thomas,DE
Angelika Waller,DE
Angelin Preljocaj,FR
Angélique Ionatos,GR
Angélique Ionatos,FR
Angélique Kidjo,BJ
Angélique Litzenburger,FR
Angelo Antonucci,IT
Angelo Aybar,FR
Angelo Barbagallo,IT
Angelo Bison,FR
Angelo Borer,CH
Angelo Borer,DE
Angelo Branduardi,IT
Angelo Di Gennaro,IT
Angelo Longoni,IT
Angelo Lopardo,IT
Angelo Maresca,IT
Angelo Orlando,IT
Àngels Barceló,ES
Angie Bowie,CY
Angus Barnett,GB
Angus MacInnes,CA
Angus Wright,GB
Angustias Ruiz Navarro,ES
Ania Marson,GB
Ania Marson,PL
Aníbal Soto,ES
Anica Dobra,SE
Aniëlle Webster,NL
Anika Decker,DE
Anika Wangard,DE
Anikó Für,HU
Anissa Bonnefont,FR
Anita Carey,GB
Anita Dobson,GB
Anita Heck,
Anita Lasker-Wallfisch,GB
Anita Zagaria,IT
Anja Beatrice Kaul,DE
Anja Kruse,DE
Anja Šovagović-Despot,HR
Anjelica Huston,US
Anke Domscheit-Berg,DE
Anke Engelke,CA
Anke Engelke,DE
Anke Sevenich,DE
Ankica Dobrić,BA
Ann Carolin Renninger,DE
Ann Firbank,IN
Ann Goldstein,US
Ann Ladiges,DE
Ann Oren,DE
Ann Overstall Comfort,GB
Ann Queensberry,GB
Anna Agnelli,IT
Anna Azcárate,SE
Anna Bardorf,DE
Anna Bofarull,ES
Anna Bonaiuto,IT
Anna Bonasso,IT
Anna Brodskaja-Bomke,RU
Anna Calder-Marshall,GB
Anna Chancellor,GB
Anna Cottis,FR
Anna De Nitto,IT
Anna Di Francisca,IT
Anna Ditges,DE
Anna Fehér,HU
Anna Ferruzzo,IT
Anna Galiena,IT
Anna Gaylor,FR
Anna Götz,HU
Anna Györgyi,HU
Anna Hepp,DE
Anna Karina,DK
Anna Kubik,HU
Anna M. Bofarull,ES
Anna Maio,IT
Anna Maria De Luca,IT
Anna Mazzamauro,IT
Anna Migotto,IT
Anna Mottram,GB
Anna Najder,FR
Anna Nemes,HU
Anna Ottmann,DE
Anna R. Costa,ES
Anna Ráckevei,HU
Anna Recalde Miranda,IT
Anna Roller,DE
Anna Savva,GB
Anna Serner,SE
Anna Sofie Hartmann,DM
Anna Stieblich,DE
Anna Teresa Eugeni,IT
Anna Teresa Rossini,IT
Anna Utrecht,
Anna Werner,DE
Anna Wintour,GB
Annabel Leventon,GB
Annamária Albu,RO
Annamária Albu,HU
Annamária Babják,HU
Annamária Bede-Fazekas,HU
Annarita Zambrano,IT
Anne,DE
Anne Alix,FR
Anne Alvaro,FR
Anne Bennent,CH
Anne Benoît,FR
Anne Canovas,FR
Anne Clark,UK
Anne Coesens,BE
Anne Consigny,FR
Anne Depétrini,FR
Anne do Paço,DE
Anne Dorval,CA
Anne Fontaine,FR
Anne Giafferi,FR
Anne Gruwez,BE
Anne Kessler,FR
Anne Kidd,GB
Anne Le Ny,FR
Anne Loiret,FR
Anne Luise Müller,DE
Anne Marev,BE
Anne Nissen,FR
Anne Novion,FR
Anne Novion,SE
Anne Osterloh,DE
Anne Parillaud,FR
Anne Reid,GB
Anne Trabant-Haarbach,DE
Anne Villacèque,FR
Anne Zohra Berrached,DE
Anne-Gaëlle Daval,FR
Annekathrin Bürger,DE
Anne-Kathrin Gummich,DE
Annekatrin Hendel,DE
Anne-Laure Daffis,FR
Anne-Lise Koehler,FR
Annemarie Düringer,CH
Anne-Marie Philipe,FR
Anne-Marie Ponsot,FR
Anne-Sophie Mutter,DE
Annette Badland,GB
Annette Badland,UK
Annette Bening,US
Annette Crosbie,GB
Annette Mayer,DE
Annette von Wangenheim,DE
Annick Alane,FR
Annick Blancheteau,FR
Annie Cordy,BE
Annie Ernaux,FR
Annie Girardot,FR
Annie Grégorio,FR
Annie Louise Ross,GB
Annie Mercier,FR
Annie Noël,FR
Annie Sprinkle,US
Annika Blendl,DE
Annika Pinske,DE
Anno Saul,DE
Anny Duperey,FR
Anouk Aimée,FR
Anouk Grinberg,FR
Anselm Grün,DE
Anselm Kiefer,DE
Anselma Dell'Olio,IT
Anselma Dell'Olio,IT
Ansgar Ahlers,DE
Ant Palmer,GB
Antal Cserna,HU
Antal Leisen,HU
Anthony Baxter,GB
Anthony Byrne,IE
Anthony Calf,UK
Anthony Delon,US
Anthony Fabian,GB
Anthony Forrest,GB
Anthony Head,GB
Anthony Hickox,UK
Anthony Hopkins,GB
Anthony Lawrence,US
Anthony Marciano,FR
Anthony Power,
Anthony Roux,FR
Anthony Waller,GB
Anthony Wilcox,GB
Anthony Woodley,GB
Antía Cal Vázquez,ES
Antje Hubert,DE
Antje Lewald,DE
Antoine Bardou-Jacquet,FR
Antoine Barraud,FR
Antoine Basler,CH
Antoine Blossier,FR
Antoine Bourseiller,FR
Antoine Chappey,FR
Antoine d'Agata,FR
Antoine d'Agata,FR
Antoine de Bary,FR
Antoine de Caunes,FR
Antoine de Maximy,FR
Antoine Duléry,FR
Antoine Page,FR
Antoine Raimbault,FR
Antoine Sire,FR
Antoine Tomé,FR
Antoinette Boulat,FR
Antoinette Moya,FR
Anton Claaßen,
Anton Corbijn,NL
Antón García Abril,ES
Anton Lesser,UK
Anton Rattinger,AT
Anton Vassil,FR
Anton von Heiseler,DE
Antonella Attili,IT
Antonella Cioli,IT
Antonella Fulci,IT
Antonella Lori,IT
Antonella Morea,IT
Antonella Ponziani,IT
Antonello Aguzzi,IT
Antonello Belluco,IT
Antonello De Leo,IT
Antonello Faretta,IT
Antonello Fassari,IT
Antonello Grimaldi,IT
Antonello Puglisi,IT
Antoneta Alamat Kusijanović,HR
Antongiulio Panizzi,IT
Antoni Miralda,ES
Antoni Muntadas,ES
Antoni P. Canet,ES
Antonia Dell'Atte,IT
Antonia Guzmán,ES
Antonia San Juan,ES
Antonia Singla,ES
Antonia Traulsen,DE
Antonietta de Lillo,IT
Antonin Baudry,FR
Antonin Fourlon,FR
Antonin Krizsanics,HU
Antonin Peretjatko,FR
Antonina Obrador,ES
Antonina Rodrigo,ES
Antonino Bruschetta,IT
Antonino Iuorio,IT
Antonio Abbate,IT
Antonio Adamo,IT
Antonio Álamo,ES
Antonio Albanese,IT
Antonio Alveario,IT
Antonio Arias,ES
Antonio Banderas,ES
Antonio Barbero,ES
Antonio Bido,IT
Antonio Bigini,IT
Antonio Buíl,ES
Antonio Buonomo,IT
Antonio Canales,ES
Antonio Cantafora,IT
Antonio Capuano,IT
Antonio Carluccio,IT
Antonio Casagrande,IT
Antonio Catania,IT
Antonio Chavarrías,ES
Antonio Citterio,IT
António Cordeiro,PT
Antonio Cuadri,ES
Antonio Dechent,ES
"Antonio Durán ""Morris""",ES
Antonio Estrada,ES
Antonio Ferrante,IT
Antonio Fischetti,FR
António Fonseca,PT
Antonio Fraguas 'Forges',ES
Antonio Fraguas 'Forges',ES
Antonio García Cabanes,ES
Antonio Gerardi,IT
Antonio Gonzalo,ES
Antonio Guerriero,IT
Antonio Hens,ES
Antonio Hernández,ES
Antonio Jesús Rojas,ES
Antonio Lobo,ES
Antonio López,ES
Antonio Manetti,IT
Antonio Manzini,IT
Antonio Mayans,ES
Antonio Méndez Esparza,ES
Antonio Miguel Carmona,ES
Antonio Morabito,IT
Antonio Muñoz Molina,ES
Antonio Napoli,IT
Antonio Negret,CO
Antonio Nuić,BA
Antonio Nuić,HR
Antonio Orlando,IT
Antonio Padovan,IT
Antonio Palacios,ES
Antonio Pappano,GB
Antonio Pennarella,IT
Antonio Petrocelli,IT
Antonio Piazza,IT
Antonio Piovanelli,IT
Antonio Pisu,IT
Antonio Prester,IT
Antonio Resines,ES
Antonio Rezza,IT
Antonio Roma,IT
Antonio Sancassani,IT
Antonio Sarrió,ES
Antonio Saura,ES
Antonio Spoletini,IT
Antonio Tallura,IT
Antonio Usbergo aka Younuts,IT
Antonio Valero,ES
Antonio Weinrichter,ES
Antonio Wu,CN
Antonio Zavatteri,IT
Antonis Kafetzopoulos,GR
Antony Hickling,FR
Antonythasan Jesuthasan,LK
Antoon Krings,FR
Antton Bastero,ES
Antun Vrdoljak,HR
Anxos Fazáns,ES
April Woodall,US
Arab Nasser,PS
Arabella Weir,GB
Arantxa Aguirre,ES
Arantxa Echevarría,ES
Arantza Ibarra,ES
Arcadi Oliveres,ES
Archie Shepp,US
Arend Agthe,DE
Ariadna Gil,ES
Ariane Ascaride,FR
Ariane Pirie,FR
Arie Tcherner,IL
Ariel Rot,AR
Ariel Wizman,FR
Arièle Semenoff,FR
Ariella Reggio,IT
Arielle Dombasle,FR
Arijana Čulina,HR
Aristiţa Diamandi,RO
Aritz Moreno,ES
Arlette Thomas,FR
Arman,FR
Armand Assante,US
Armand Éloi,BE
Armand Gatti,FR
Armand Kautzky,HU
Armando de Razza,IT
Armando Dotto,CH
Armando Ianucci,GB
Armando Manzanero,MX
Armen Godel,CH
Armin Rohde,DE
Armine Vosganian,RO
Armine Vosganian,AM
Arnau Puig Grau,ES
Arnaud Bedouët,FR
Arnaud Bouron,FR
Arnaud Desplechin,FR
Arnaud Duléry,FR
Arnaud Fournier Montgieux,FR
Arnaud Larrieu,FR
Arnaud Lemort,FR
Arnaud Louvet,FR
Arnaud Montebourg,FR
Arnaud Riou,FR
Arnaud Tabarly,FR
Arnaud Viard,FR
Arnaud Viviant,FR
Arndt Ginzel,DE
Arne Birkenstock,DE
Arne Feldhusen,DE
Arne Fuhrmann,DE
Arne Körner,DE
Arno Flemming,
Arno Steffen,DE
Arnold de Parscau,FR
Arnulf Conradi,DE
Áron Gauder,HU
Aron Lehmann,DE
Aron Lehmann,GR
Áron Mátyássy,HU
Áron Őze,HU
Árpád Bogdán,HU
Árpád Némedi,HU
Árpád Sopsits,HU
Arsen Anton Ostojić,HR
Arsen Oremović,HR
Arsène Jiroyan,FR
Arsène Mosca,FR
Arsène Wenger,FR
Arsenny Rapoport,IL
Arsinée Khanjian,CA
Arsinée Khanjian,LB
Arslan Kodirov,UZ
Arthur Albiston,GB
Arthur Benzaquen,FR
Arthur de Pins,FR
Arthur Delaire,FR
Arthur Dreyfus,FR
Arthur H,FR
Arthur Harari,FR
Arthur Holden,CA
Arthur Igual,FR
Arthur Joffé,FR
Artur Albrecht,DE
Artúr Kálid,HU
Arturo Andújar,ES
Arturo de Bobadilla,ES
Arturo Dueñas Herrero,ES
Arturo Fernández,ES
Arturo Ripstein,MX
Artus Maria Matthiessen,DE
Arved Birnbaum,DE
Asad Schwarz,DE
Ascanio Celestini,IT
Ascanio Petrini,IT
Ascensión Orive,ES
Aseneth Suarez Ruiz,CO
Asghar Farhadi,IR
Asghar Semsarzade,IR
Ashley Dowds,ZA
Ashley Gunstock,GB
Asia Argento,IT
Asia Bugajska,UA
Asia Dér,HU
Asia Dér,SK
Asier Altuna,ES
Asif Kapadia,GB
Asim Abbasi,GB
Asim Abbasi,PK
Asja Jovanović,HR
Aslı Özge,TR
Assumpta Serna,ES
Asteris Kutulas,DE
Asteris Kutulas,GR
Astrid Menzel,DE
Astrid Polak,DE
Astrid Rossa,DE
Asunción Balaguer,ES
Ate de Jong,NL
Athina Papadimitriu,HU
Atiq Rahimi,AF
Attila Árpa,DE
Attila Árpa,HU
Attila Bocsárszky,HU
Attila Bocsárszky,SK
Attila Egyed,HU
Attila Epres,HU
Attila Gigor,HU
Attila Hartung,HU
Attila Herczeg,HU
Attila Horváth,HU
Attila Király,HU
Attila Lőte,HU
Attila Magyar,HU
Attila Menszátor-Héresz,HU
Attila Mokos,SK
Attila Mokos,HU
Attila Szász,HU
Attila Till,HU
Atul Malhotra,
Aude Léa Rapin,FR
Aude Pépin,FR
Audrey Dana,FR
Audrey Diwan,FR
Audrey Estrougo,FR
Audrey Gordon,FR
August Zirner,US
August Zirner,AT
August Zirner,DE
Augusto Fornari,IT
Augusto Zucchi,IT
Auguszta Tóth,HU
Aura Călărașu,RO
Aurel,FR
Aurel Tămaș,RO
Aurélia Barbet,FR
Aurélia Georges,FR
Aurelia Lăpuşan,RO
Aurélie Saada,FR
Aurélien Recoing,FR
Aurélien Vernhes-Lermusiaux,FR
Aurelio Grimaldi,IT
Aurelio Toni Agliata,
Aurelio Toni Agliata,IT
Aurică Geneti,RO
Aurora Bautista,ES
Aurora Herrero,ES
Aurora Quattrocchi,IT
Aurore Clément,FR
Autumn de Wilde,US
Avelina Prat,ES
Avénarius d'Ardronville,FR
Avénarius d'Ardronville,FR
Avijit Dutt,IN
Avtar Bhogal,
Axel Gottschick,DE
Axel Hausch,DE
Axel Malzacher,DE
Axel Milberg,DE
Axel Pape,DE
Axel Prahl,DE
Axel Ranisch,DE
Axel Salvatori-Sinz,FR
Axel Siefer,DE
Axel Wandtke,DE
Axel Werner,DE
Ayat Najafi,IR
Aykut Kayacik,TR
Aylin Tezel,DE
Azedine Ben,FR
Azize Kabouche,FR
Babak Karimi,CZ
Babak Payami,IR
Babett Arens,DE
Baha Boukhari,PS
Bahri Rahali,TN
Bakary Sangaré,FR
Balázs Galkó,HU
Balázs Krasznahorkai,HU
Balázs Lengyel,HU
Balázs Lévai,HU
Balázs Lóth,HU
Balázs Mihályfi,HU
Balázs Pálfi,HU
Balázs Simonyi,HU
Balázs Szövényi-Lux,HU
Bálint Kenyeres,HU
Bálint Nagy,HU
Bálint Révész,HU
Baltasar Garzón,ES
Bania Medjbar,FR
Baptiste Drapeau,FR
Barack Obama,US
Baran bo Odar,DE
Barbara Albert,AT
Barbara Alberti,IT
Barbara Auer,DE
Barbara Bernt,DE
Barbara Boncompagni,IT
Barbara Bouchet,DE
Barbara Bouchet,US
Barbara Brix,DE
Barbara Cerar,SI
Barbara de Koy,US
Barbara De Rossi,IT
Barbara Focke,DE
Barbara Kronenberg,DE
Barbara Maierhofer,
Barbara Marten,GB
Barbara Melzl,CH
Barbara Nola,HR
Barbara Ott,DE
Barbara Peirson,GB
Barbara Philipp,DE
Bárbara Santos,BR
Barbara Schnitzler,DE
Barbara Schöne,DE
Barbara Scoppa,IT
Barbara Sichtermann,DE
Barbara Sukowa,DE
Barbara Valmorin,IT
Barbara Vekarić,HR
Barbara Vidovič,SI
Barbara Wallbraun,DE
Barbara Young,GB
Barbara Zemljič,SI
Bärbel Schlömer,
Barbet Schroeder,FR
Barbet Schroeder,CH
Barbu Silviu Tripăduș,RO
Barclay Leib,US
Barış Aladağ,DE
Barna Illyés,HU
Barna Illyés,RO
Barnabás Szabó Sipos,HU
Barnabás Tóth,HU
Barnabás Tóth,FR
Barnaby Metschurat,DE
Barnaby Thompson,GB
Barney Broomfield,GB
Barney Clay,GB
Barney Douglas,GB
Barny Murphy,DE
Barry Adamson,GB
Barry Hearn,GB
Barry Sonnenfeld,US
Bart Guingona,PH
Bartabas,FR
Bartek Dziadosz,PL
Bartolomeo Pampaloni,IT
Bartomeu Vilà,ES
Basile Boli,FR
Basile Boli,CI
Basile Carré-Agostini,FR
Basile Doganis,FR
Bass Dhem,FR
Bassam Tariq,PK
Bastien Milheau,FR
Bastien Simon,FR
Batiste Combret,FR
Baya Kasmi,FR
Baz Luhrmann,AU
Bazon Brock,DE
Beáta Ildikó Fülöp,HU
Beáta Ildikó Fülöp,RO
Beate Baumann,DE
Béatrice Agenin,FR
Beatrice Behn,DE
Béatrice Camurat,FR
Béatrice Costantini,FR
Béatrice Dalle,FR
Béatrice de Staël,FR
Beatrice Della Pelle,IT
Béatrice Michel,FR
Béatrice Pollet,FR
Beatrice Richter,DE
Beatrice Schiros,IT
Beatrix Borchard,DE
Beatriz de Moura,BR
Beatriz Sanchís,ES
Bebo Storti,IT
Beda Docampo Feijóo,ES
Bee2,GB
Beef,FR
Behrouz Behnejad,IR
Behzad Dorani,IR
Bela B.,DE
Béla Bagota,HU
Béla Borsi-Kálmán,HU
Béla Borsi-Kálmán,RO
Béla Ficzere,HU
Béla Gados,HU
Béla Kósa,HU
Béla Paczolay,HU
Béla Spindler,HU
Béla Stubnya,HU
Béla Szemán,HU
Béla Szerednyey,HU
Belén Cruz,ES
Belén Macías,ES
Belén Rueda,ES
Belén Verdugo,ES
Beles Adam,
Ben Becker,DE
Ben Blaine,GB
Ben Cookson,GB
Ben Cross,UK
Ben Dover,GB
Ben Ferencz,US
Ben Gazzara,US
Ben Hecking,GB
Ben Hopkins,GB
Ben Jacobson,GB
Ben Kellett,
Ben Kingsley,US
Ben Lewin,AU
Ben Lewin,PL
Ben Miller,GB
Ben Nealon,GB
Ben Palmer,GB
Ben Parker,GB
Ben Sharrock,GB
Ben Smith,GB
Ben Timlett,GB
Ben Wheatley,GB
Bence Gyöngyössy,HU
Bence Miklauzic,HU
Benedetta Barzini,IT
Benedetta Buccellato,IT
Benedetto Casillo,IT
Benedict Campbell,CA
Benedict Freitag,CH
Benedicta Sánchez,ES
Benedikt Schwarzer,DE
Bengt Jangfeldt,SE
Beniamino Barrese,IT
Benito Urgu,IT
Benito Zambrano,ES
Benjamin Cabuk,TR
Benjamin Coriat,FR
Benjamin Diez,DE
Benjamin Euvrard,FR
Benjamin Field,GB
Benjamin Guedj,FR
Benjamin Heisenberg,DE
Benjamin Laurent,FR
Benjamin Lavernhe,FR
Benjamin Lehrer,FR
Benjamin Luxon,GB
Benjamin Martins,DE
Benjamin Massoubre,FR
Benjamín Prado,ES
Benjamin Quabeck,DE
Benjamin Renner,FR
Benjamin Rocher,FR
Benjamin Sklarz,
Benjamin Weill,FR
Benjamin Whitrow,GB
Bennie Young,GB
Benoît Allemane,FR
Benoît Chieux,FR
Benoît Cohen,FR
Benoît Delépine,FR
Benoît Ferreux,FR
Benoît Forgeard,FR
Benoît Graffin,FR
Benoît Jacquot,FR
Benoît Lange,CH
Benoît Masocco,FR
Benoît Philippon,FR
Benoît Poelvoorde,BE
Benoît Somville,FR
Benoît Volnais,FR
Benoîte Groult,FR
Bent Hamer,NO
Beo Raana Zafar,PK
Beppe Menegatti,IT
Beppe Rosso,IT
Bérangère Jean,FR
Berardo Carboni,IT
Berenice Sparano,IT
Bernabé Rico,ES
Bernadett Tuza-Ritter,HU
Bernadette Knoller,DE
Bernadette Lafont,FR
Bernadette Le Saché,FR
Bernadette Mayer,US
Bernard Alane,FR
Bernard Bédarida,FR
Bernard Blancan,FR
Bernard Bloch,FR
Bernard Campan,FR
Bernard Chapuis,FR
Bernard Cribbins,GB
Bernard Cuffling,US
Bernard Eisenschitz,FR
Bernard Farcy,FR
Bernard Favre,FR
Bernard Fresson,FR
Bernard Friot,FR
Bernard Gabay,FR
Bernard Giraudeau,FR
Bernard Grégorcic,FR
Bernard Guyonnet,FR
Bernard Hill,GB
Bernard Larmande,FR
Bernard Le Coq,FR
Bernard Mazauric,FR
Bernard Ménez,FR
Bernard Montiel,FR
Bernard Murat,FR
Bernard Nissille,CH
Bernard Norlain,FR
Bernard Peyrol,FR
Bernard Pivot,FR
Bernard Stora,FR
Bernard Tanguy,FR
Bernard Verley,FR
Bernard Yerlès,BE
Bernard-Henri Lévy,FR
Bernardo Atxaga,ES
Bernardo Bertolucci,IT
Bernardo Hiller,AR
Bernard-Pierre Donnadieu,FR
Bernd Böhlich,DE
Bernd Capitain,DE
Bernd Michael Lade,DE
Bernd Moss,DE
Bernd Rabehl,DE
Bernd Rademacher,DE
Bernd Schaarmann,DE
Bernd Stange,DE
Bernd Stegemann,DE
Bernd Tauber,DE
Bernhard Braunstein,AT
Bernhard Koch,DE
Bernhard Marsch,DE
Bernhard Schütz,DE
Bernhard Völger,DE
Berni Goldblat,CH
Bernice Stegers,GB
Bernie Bonvoisin,FR
Bernie Ecclestone,GB
Bert Stephan,DE
Bertalan Bagó,HU
Berth Wesselmann,DE
Bertie Ahern,IE
Bertram Verhaag,PL
Bertram Verhaag,DE
Bertrand Blier,FR
Bertrand Bonello,FR
Bertrand Burgalat,FR
Bertrand Guerry,FR
Bertrand Hagenmüller,FR
Bertrand Mandico,FR
Bertrand Tavernier,FR
Beth Stevens,US
Bette Bourne,GB
Bettina Blümner,DE
Bettina Böhler,DE
Bettina Devin,US
Bettina Giovannini,IT
Bettina Kaminski,AT
Bettina Koch,DE
Bettina Krug,DE
Bettina Oberli,CH
Bettina Wegner,DE
Betty Pedrazzi,IT
Bhagwandas Patel,IN
Bhante Nyanabodhi,DE
Bharat Nalluri,GB
Bharat Nalluri,IN
Biagio Izzo,IT
Bibbe Hansen,US
Bibiana Fernández,ES
Bibiana Zeller,AT
Biff Blumfumgagnge,US
Biggi Fahnenschreiber,DE
Biggi Wanninger,DE
Biljana Lovre,
Bill Bruford,GB
Bill Clark,GB
Bill Clinton,US
Bill Fellows,GB
Bill Gates,US
Bill Jones,GB
Bill Mockridge,CA
Bill Moyers,GB
Bill Nighy,GB
Bill Novak,
Bill Paterson,GB
Bill Pullman,US
Bill Rieflin,US
Bill Scott,GB
Bill Thomas,GB
Bill Viola,US
Bill Wyman,GB
Bille August,DK
Billie Jean King,US
Billie Piper,GB
Billy Connolly,GB
Billy Idol,GB
Billy Murray,GB
Billy Ocean,GB
Bimbam Merstein,FR
Binda Ngazolo,CM
Bine Matoh,SI
Bing Yin,FR
Bingen Mendizábal,ES
Birgit Schulz,DE
Birgit Weiß-Huber,DE
Biserka Ipsa,HR
Biyouna,DZ
Bjarne Henriksen,DK
Björn Borg,SE
Bjørn Floberg,NO
Björn Granath,SE
Bjørn Melhus,DE
Björn Runge,SE
Blacker Dread,GB
Blanca Apilánez,ES
Blanca Portillo,ES
Blanche Ravalec,FR
Blandine Lenoir,FR
Blandine Pélissier,FR
Blaž Završnik,SI
Blixa Bargeld,DE
Blythe Danner,US
Bo Gritz,US
Bob Bowersox,US
Bob Geldof,IE
Bob Goody,GB
Bob Gruen,US
Bob Messini,IT
Bob Paine,US
Bob Prowse,GB
Bob Rafelson,US
Bob Schneider,DE
Bobby Gillespie,GB
Bobby Knutt,GB
Bobo Jelčić,BA
Bodo Ramelow,DE
Bogdan Bradu,RO
Bogdan Diklić,HR
Bogdan Dreyer,RO
Bogdan Dumitrescu,RO
Bogdan George Apetri,RO
Bogdan Iordachioiu,RO
Bogdan Kominowski,DE
Bogdan Mirică,RO
Bogdan Mustață,RO
Bogdan Stanoevici,RO
Bohdan Beniuk,UA
Bojan Emeršič,SI
Bojan Vister,SI
Bojena Horackova,CZ
Bojina Panayotova,FR
Bommi Baumann,DE
Bonifacio Angius,IT
Bonnafet Tarbouriech,FR
Bono,IE
Booder,FR
Booder,MA
Bora Dağtekin,DE
Bora Dağtekin,TR
Borek Slezácek,CZ
Børge Brende,NO
Bori Péterfy,HU
Boris Aljinovic,DE
Boris Bakal,HR
Boris Bergman,GB
Boris Bezić,SI
Boris Cavazza,IT
Boris Cavazza,SI
Boris Isaković,RS
Boris Lojkine,FR
Boris Masník,CZ
Boris Miholjević,HR
Boris Ostan,SI
Boris Petkovič,SI
Boris Pétric,FR
Boris Rajk,SI
Boris Ruiz,ES
Boris Svrtan,HR
Borislav Stjepanović,BA
Borja Casani,ES
Borja Cobeaga,ES
Börje Lundberg,SE
Boro Stjepanović,BA
Borut Veselko,SI
Boštjan Slatenšek,SI
Bouchakor Chakor Djaltia,FR
Bouchakor Chakor Djaltia,DZ
Bouli Lanners,BE
Bouraouïa Marzouk,FR
Božidar Domagoj Burić,HR
Božidar Smiljanić,HR
Božo Dragoslavić,
Brad Greenquist,US
Branka Petrić,HR
Branka Šelić,HR
Branko Đurić,BA
Branko Đurić,SI
Branko Ištvančić,HR
Branko Meničanin,HR
Branko Samarovski,AT
Branko Samarovski,SE
Branko Schmidt,HR
Branko Šturbej,SI
Branko Uvodić,HR
Branko Završan,SI
Brenda Blethyn,UK
Brenda Chapman,US
Brenda Vaccaro,US
Brendan Gleeson,IE
Brendan Ingle,IE
Brendan O'Carroll,IE
Brendan O'Carroll,IE
Brett Hadley,US
Brett Harvey,CA
Brian Bovell,GB
Brian Cox,GB
Brian Croucher,GB
Brian Downey,CA
Brian Eno,GB
Brian George,GB
Brian George,IL
Brian Goodman,US
Brian Helgeland,US
Brian Hibbard,GB
Brian Kidd,GB
Brian May,GB
Brian Muir,GB
Brian Pettifer,ZA
Brian Protheroe,GB
Brice Cauvin,FR
Brice Fournier,FR
Brice Gravelle,FR
Brid Brennan,GB
Brigitte Auber,FR
Brigitte Aubry,FR
Brigitte Borchert,DE
Brigitte Böttrich,DE
Brigitte Busquet,FR
Brigitte Catillon,FR
Brigitte Chamarande,FR
Brigitte Drodtloff,DE
Brigitte Drodtloff,RO
Brigitte Fontaine,FR
Brigitte Fossey,FR
Brigitte Froment,FR
Brigitte Janner,DE
Brigitte Kramer,DE
Brigitte Kren,AT
Brigitte Lahaie,FR
Brigitte Lecordier,FR
Brigitte Masure,FR
Brigitte Messerschmidt,DE
Brigitte Roüan,FR
Brigitte Streubel,DE
Brigitte Sy,FR
Brigitte Virtudes,FR
Brillante Mendoza,PH
Britta Wauer,DE
Brontis Jodorowsky,FR
Brontis Jodorowsky,CL
Bruce Byron,GB
Bruce Dern,US
Bruce Greenwood,US
Bruce Hall,US
Bruce LaBruce,CA
Bruce Lipton,FR
Bruce Payne,GB
Bruce Swedien,US
Brümilda van Rensburg,ZA
Bruna Bebić-Tudor,HR
Bruno Abraham-Kremer,FR
Bruno Armando,IT
Bruno Ballouard,FR
Bruno Bigoni,IT
Bruno Bilotta,IT
Bruno Bozzetto,IT
Bruno Cariello,IT
Bruno Cathomas,CH
Bruno Chiche,FR
Bruno Colella,IT
Bruno Cremer,BE
Bruno Delbonnel,FR
Bruno Di Marcello,IT
Bruno Dumont,FR
Bruno Eyron,DE
Bruno Fontaine,FR
Bruno François-Boucher,FR
Bruno Furini,IT
Bruno Gambarotta,IT
Bruno Ganz,CH
Bruno Georis,BE
Bruno Jonas,AT
Bruno Lochet,FR
Bruno López,FR
Bruno Mercier,CH
Bruno Moynot,FR
Bruno Oliviero,IT
Bruno Pavoncello,IT
Bruno Podalydès,FR
Bruno Raffaelli,FR
Bruno Romy,FR
Bruno Shllaku,AL
Bruno Solo,FR
Bruno Todeschini,CH
Bruno Torrisi,IT
Bruno Vienne,FR
Bruno Watara,TG
Bruno Wolkowitch,FR
Bruto Pomeroy,ES
Bryan Cranston,US
Bryan Marciano,FR
Bryan Murray,IE
Bud Spencer,IT
Buda Gulyás,HU
Buddy Giovinazzo,US
Buddy Guy,US
Bujar Alimani,AL
Bulle Ogier,FR
Bunny Wailer,JM
Burghart Klaußner,DE
Burhan Qurbani,DE
Burhan Qurbani,AF
Burkhard Niggemeier,DE
Burt Cort,US
Butz Ulrich Buse,DE
C. Martín Ferrera,ES
Caetano Veloso,BR
Caitlin Dulany,US
Cake-Baly Marcelo,GW
Cake-Baly Marcelo,HU
Cal MacAninch,GB
Caleb Deschanel,US
Cali,FR
Călin Peter Netzer,RO
Callum Keith Rennie,CA
Callum Macrae,GB
Camelia Maxim,RO
Camelia Popa,RO
Camelia Zorlescu,RO
Camille de Casabianca,FR
Camille Japy,FR
Camille Japy,BE
Camille Lotteau,FR
Camille Mauduech,FR
Camille Ponsin,FR
Campbell Scott,US
Campino,DE
Can Togay,HU
Candice Patou,FR
Candide Sanchez,FR
Cañita Brava,ES
Cara Chase,GB
Caradog W. James,GB
Carine May,FR
Carine Roitfeld,FR
Carine Tardieu,FR
Carinne Coisman,FR
Carinthia West,GB
Carl Carlton,DE
Carl Fischer,US
Carl Hegemann,DE
Carl Heinz Choynski,US
Carl Heinz Choynski,DE
Carl Hunter,GB
Carl Medland,GB
Carl Solomon,US
Carl Weathers,US
Carl Wharton,GB
Carla Becker,DE
Carla Cassola,IT
Carla Gravina,IT
Carla Maria Teaha,RO
Carla Signoris,IT
Carla Simón,ES
Carla Sozzani,IT
Carl-A. Fechner,DE
Carles Flavià,ES
Carles Francino,ES
Carles Miralles,ES
Carles Rexach,ES
Carles Velat,ES
Carlina Torta,IT
Carlo Alberto Pinelli,IT
Carlo Benso,IT
Carlo Brandt,CH
Carlo Buccirosso,IT
Carlo Croccolo,IT
Carlo De Marchis,IT
Carlo Delle Piane,IT
Carlo Giuffrè,IT
Carlo Hintermann,IT
Carlo Luglio,IT
Carlo Mazzacurati,IT
Carlo Monni,IT
Carlo Sarti,IT
Carlo Simoni,IT
Carlo Valli,IT
Carlo Vanzina,IT
Carlo Verdone,IT
Carlo Zoratti,IT
Carlos Aguilar,ES
Carlos Alcántara,ES
Carlos Álvarez-Nóvoa,ES
Carlos Andrés Morelli,UY
Carlos Antonio Lozada,CO
Carlos Bardem,ES
Carlos Blanco,ES
Carlos Boyero,ES
Carlos Brito,BR
Carlos Bustamante,
Carlos Cañeque,ES
Carlos Chahine,LB
Carlos Dorrego,ES
Carlos Fernández de Vigo,ES
Carlos Garcia Piedra,ES
Carlos Henrique Raposo,BR
Carlos Hipólito,ES
Carlos Iglesias,ES
Carlos Lasarte,AR
Carlos Manuel Díaz,ES
Carlos Marques-Marcet,ES
Carlos Martínez López,ES
Carlos Mora Fuentes,ES
Carlos Navarro,ES
Carlos Olalla,ES
Carlos Portaluppi,AR
Carlos Santana,MX
Carlos Santana,US
Carlos Saura,ES
Carlos Saura Medrano,ES
Carlos Sedes,ES
Carlos Slepoy,AR
Carlos Sobera,ES
Carlos Therón,ES
Carlos Tristancho,ES
Carlos Val,
Carlos Val,ES
Carlos Vermut,ES
Carlota Nelson,AR
Carlota Nelson,SE
Carlota Pereda,ES
Carlotta,
Carlotta Berti,IT
Carme Elías,ES
Carme Ruscalleda,ES
Carme Sansa,ES
Carme Tarte Vilardell,ES
Carmela García,ES
Carmelo Gómez,ES
Carmelo Zappulla,IT
Carmen Balagué,ES
Carmen Balcells,ES
Carmen Carrión,ES
Carmen Castillo,CL
Carmen Elena Belaschk,
Carmen Esteban,ES
Carmen Garrido,ES
Carmen Linares,ES
Carmen Machi,ES
Carmen Maura,ES
Carmen Posadas,UY
Carmen Rigalt,ES
Carmen Rodríguez,ES
Carmen Tănase,RO
Carmen-Maja Antoni,DE
Carmina Barrios,ES
Carmine Amoroso,IT
Carol Alt,US
Carol Kane,US
Carol MacReady,GB
Carol Moore,GB
Carol Morley,GB
Carol Polakoff,US
Carol Rodríguez Colás,ES
Carola Stagnaro,IT
Carole Bouquet,FR
Carole Franck,FR
Carole Menduni,FR
Carole Trévoux,FR
Carolin Genreith,DE
Carolin Schmitz,DE
Carolina Hellsgård,SE
Carolina Herrera,ES
Caroline Breton,FR
Caroline Burns Cooke,GB
Caroline Cellier,FR
Caroline Chaniolleau,FR
Caroline Deruas,FR
Caroline Dragacci,FR
Caroline Fourest,FR
Caroline Glorion,FR
Caroline Link,DE
Caroline Loeb,FR
Caroline Munro,GB
Caroline Proust,FR
Caroline Schreiber,DE
Caroline Silhol,FR
Caroline Tisdall,UK
Caroline Vignal,FR
Carolyn Pickles,GB
Carsten Rau,DE
Cary Joji Fukunaga,US
Cary-Hiroyuki Tagawa,JP
Caspar Phillipson,DK
Cataldo Migliazzo,IT
Cătălin Bugean,RO
Cătălin Cățoiu,RO
Cătălin Mitulescu,RO
Cătălin Saizescu,RO
Cătălin Tolontan,RO
Catalina Mesa,FR
Catalina Villar,CO
Catalina Villar,FR
Caterina Bueno,IT
Caterina Carone,IT
Caterina Caselli,IT
Catherine Allégret,FR
Catherine Arditi,FR
Catherine Béchard,FR
Catherine Benguigui,FR
Catherine Breillat,FR
Catherine Carteret,FR
Catherine Castel,FR
Catherine Catela,FR
Catherine Corsini,FR
Catherine Davenier,FR
Catherine Deneuve,FR
Catherine Disher,CA
Catherine Ferran,FR
Catherine Frot,FR
Catherine Gandois,FR
Catherine Hardwicke,US
Catherine Hiegel,FR
Catherine Hosmalin,FR
Catherine Jacob,FR
Catherine Lachens,FR
Catherine Lafond,FR
Catherine Lurie,
Catherine Mouchet,FR
Catherine Ringer,FR
Catherine Rouvel,FR
Catherine Salviat,FR
Catherine Samie,FR
Catherine Spaak,BE
Catherine Vidal,FR
Catherine Wilkening,FR
Cathy Breeze,GB
Cathy Horyn,US
Catrin Striebeck,AT
Catrinel Dănăiață,RO
Catrinel Dumitrescu,RO
Catriona MacColl,GB
Caye Casas,ES
Cécile Allegra,FR
Cécile Besnault,FR
Cécile Denjean,FR
Cécile Ducrocq,FR
Cécile Guilbert,FR
Cécile Telerman,BE
Cecilia Bârbora,RO
Cecilia Bartolomé,ES
Cecília Esztergályos,HU
Cecília Felméri,HU
Cecília Felméri,RO
Cecilia Mangini,IT
Cecilia Roth,AR
Cécilia Rouaud,FR
Cédric Anger,FR
Cédric Ido,FR
Cédric Ido,BF
Cédric Jimenez,FR
Cédric Kahn,FR
Cédric Klapisch,FR
Cédric Laty,FR
Cédric Le Gallo,FR
Celia Eseverri,ES
Celia Imrie,GB
Celia Imrie,UK
Céline Devaux,FR
Céline Gailleurd,FR
Céline Montsarrat,FR
Celine Pouillon,FR
Celso Bugallo,ES
Celso Parada,ES
Cerasela Iosifescu,RO
César Cadaval,ES
César Gaviria,CO
César Luis Menotti,AR
César Martínez Herrada,ES
César Oliva,ES
César Paes,FR
César Paes,BR
César Sabater,ES
César Sarachu,ES
César Tormo,ES
Cesare Bocci,IT
Cesare Capitani,IT
Cesare Furesi,IT
Cesare S. Cremonini,IT
Cesáreo Estébanez,ES
Cesc Gay,ES
Çetin Ipekkaya,TU
Cettina Bonaffini,IT
Cezara Dafinescu,RO
Chad Chenouga,FR
Chaim Lubelski,
Chano Domínguez,ES
Chantal Banlier,FR
Chantal Garrigues,FR
Chantal Ladesou,FR
Chantal Lauby,FR
Chantal Neuwirth,FR
Chantal Ravalec,FR
Chantal Richard,FR
Chanya Button,GB
Charles Aznavour,AM
Charles Berling,FR
Charles Brauer,DE
Charles Burnett,US
Charles Dance,FR
Charles Dubois,FR
Charles Duke,US
Charles Garrad,GB
Charles Gérard,FR
Charles III,GB
Charles Koppelman,US
Charles Najman,FR
Charles Nemes,FR
Charles Schneider,FR
Charles Schumann,DE
Charlie O'Leary,IE
Charlie O'Leary,IE
Charlie Paul,GB
Charlie Watts,GB
Charline Bourgeois-Tacquet,FR
Charlotte Colbert,GB
Charlotte Dauphin,FR
Charlotte de Turckheim,FR
Charlotte Fantelli,GB
Charlotte Gainsbourg,FR
Charlotte Pouch,FR
Charlotte Rampling,GB
Charlotte Schwab,CH
Charlotte Silvera,FR
Charly Cassan,FR
Charly Hübner,DE
Charly Wai Feldman,CA
Charo Izquierdo,ES
Charo López,ES
Chato Galante,ES
Chazz Palminteri,US
Checco Zalone,IT
Chelo Vivares,ES
Chema Adeva,ES
Chema de la Peña,ES
Chema del Barco,ES
Chema Rodríguez,ES
Chema Vargas,ES
Chema Veiga,ES
Cherie Lunghi,GB
Cherry Jones,US
Cherry Vanilla,US
Chete Lera,ES
Cheyenne Carron,FR
Chiara Bellosi,IT
Chiara De Marchis,IT
Chiara Malta,IT
Chiara Ronchini,IT
Chiara Sani,IT
Chicho Castillo,ES
Chico Bouchikhi,FR
Chico Buarque,BR
Chimo Bayo,ES
Chino Moya,ES
Chiqui Carabante,ES
Chiquito de la Calzada,ES
Chloé Mazlo,FR
Chraz,FR
Chris Amoo,GB
Chris Barritt,GB
Chris Baugh,GB
Chris Bearne,GB
Chris Blaine,GB
Chris Bonington,GB
Chris Crow,GB
Chris Ellis,US
Chris Foggin,GB
Chris Imberdis,FR
Chris Kimsey,GB
Chris Langham,GB
Chris Lomme,BE
Chris Miera,DE
Chris Salewicz,GB
Chris Tates,NL
Chris Walas,US
Chrissie Hynde,US
Christa Krikula,DE
Christa Ritter,DE
Christa Schreiber,
Christian Abart,FR
Christian Alvart,DE
Christian Ameri,FR
Christian Ammermüller,DE
Christian Bach,DE
Christian Baltauss,FR
Christian Benedetti,FR
Christian Berkel,DE
Christian Bianco,IT
Christian Boltanski,FR
Christian Bouillette,FR
Christian Brückner,DE
Christian Bruhn,DE
Christian Bujeau,FR
Christian Buse,DE
Christian Carion,FR
Christian Charmetant,FR
Christian Chauvaud,FR
Christian Clavier,FR
Christian Crahay,BE
Christian De Sica,IT
Christian De Vita,FR
Christian Desmares,FR
Christian Dieterle,DE
Christian Dingler,FR
Christian Ditter,DE
Christian Duguay,CA
Christian Duurvoort,BR
Christian Escribà,ES
Christian Frosch,AT
Christian Girier,FR
Christian Gonon,FR
Christian Grashof,DE
Christian Grégorcic,FR
Christian Haas,US
Christian Hecq,FR
Christian Hoening,DE
Christian Hornung,DE
Christian Jeanpierre,FR
Christian Kaiser,CH
Christian Klandt,DE
Christian Koch,DE
Christian Koerner,DE
Christian Kuchenbuch,DE
Christian Lerch,DE
Christian Louboutin,FR
Christian Mazucchini,FR
Christian Merlhiot,FR
Christian Monnier,FR
Christian Morin,FR
Christian Pasquariello,DE
Christian Pätzold,DE
Christian Pereira,FR
Christian Petzold,DE
Christian Peythieu,FR
Christian Philibert,FR
Christian Prettin,DE
Christian Redl,DE
Christian Rouaud,FR
Christian Schäfer,DE
Christian Schneller,DE
Christian Schwochow,DE
Christian Sinniger,FR
Christian Steyer,DE
Christian Tasche,DE
Christian Theede,DE
Christian Tramitz,DE
Christian Vadim,FR
Christian Van Tomme,FR
Christian Vincent,FR
Christian Weisenborn,DE
Christian Werner,DE
Christian Wewerka,DE
Christian Wolff,DE
Christian Zanési,FR
Christian Zübert,DE
Christiane Blumhoff,DE
Christiane Bopp,FR
Christiane Brassel-Rausch,LU
Christiane Büchner,DE
Christiane Hessel-Chabry,FR
Christiane Millet,FR
Christiane Ostermayer,DE
Christiane Spiero,FR
Christiane Ziehl,DE
Christina Ebelt,DE
Christine Angot,FR
Christine Baranski,FR
Christine Boisson,FR
Christine Carrière,FR
Christine Choueiri,LB
Christine Citti,FR
Christine Dory,FR
Christine Errath,DE
Christine Gagnepain,FR
Christine Jensen,DE
Christine Kruchen,DE
Christine Murillo,FR
Christine Ostermayer,AT
Christine Pignet,FR
Christine Schorn,DE
Christine Schorn,CZ
Christo Vladimirov Javacheff,BG
Christof Michael Wackernagel,DE
Christof Wackernagel,DE
Christof Wahl,DE
Christoph Bantzer,DE
Christoph Blocher,CH
Christoph Eder,DE
Christoph Franz,CH
Christoph Franz,DE
Christoph Gampl,DE
Christoph Gaugler,CH
Christoph Hein,DE
Christoph Hochhäusler,DE
Christoph Hübner,DE
Christoph Kaiser,DE
Christoph Maria Herbst,DE
Christoph Nix,DE
Christoph Röhl,GB
Christoph Schuch,DE
Christoph Stölzl,DE
Christoph Walder,FR
Christoph Waltz,AT
Christoph Weinert,DE
Christoph Zrenner,DE
Christophe,FR
Christophe Agou,FR
Christophe Alévêque,FR
Christophe Ali,FR
Christophe Barratier,FR
Christophe Blanc,FR
Christophe Bourseiller,FR
Christophe Cognet,FR
Christophe Delvallé,FR
Christophe Duthuron,FR
Christophe Gans,FR
Christophe Hamon,FR
Christophe Honoré,FR
Christophe Karabache,FR
Christophe Lambert,FR
Christophe Lambert,US
Christophe Le Masne,FR
Christophe Lemaire,BE
Christophe Lioud,FR
Christophe Loizillon,FR
Christophe Malavoy,FR
Christophe Maurer,US
Christophe Miossec,FR
Christophe Odent,FR
Christophe Offenstein,FR
Christophe Régin,FR
Christophe Rossignon,FR
Christophe Tardy,FR
Christopher Adamson,GB
Christopher Browning,US
Christopher Buchholz,US
Christopher Dunne,IE
Christopher Ellison,GB
Christopher Fairbank,GB
Christopher Frayling,GB
Christopher Fulford,GB
Christopher Godwin,GB
Christopher Hawkins,
Christopher Ian Smith,GB
Christopher Kraft,US
Christopher Krieg,DE
Christopher Landry,US
Christopher Lee,GB
Christopher Lloyd,US
Christopher McDonald,US
Christopher Menaul,GB
Christopher N. Rowley,GB
Christopher Nolan,GB
Christopher Plummer,GB
Christopher Plummer,CA
Christopher Ravenscroft,GB
Christopher Roth,DE
Christopher Ryan,GB
Christopher Smith,GB
Christopher Thompson,FR
Christopher Tourneur,FR
Christopher Villiers,GB
Christopher Walken,US
Chrístos Stérgioglou,GR
Christos Valavanidis,GR
Chrystelle Labaude,FR
Chucho Valdés,CU
Chuck D,US
Chuck Reid,US
Chuma Viscarret,ES
Chun Mei Tan,NL
Chus Gutiérrez,ES
Chus Lampreave,ES
Ciarán Hinds,IE
Ciccio Mira,IT
Çigdem Selisik Onat,TR
Cindy Crawford,US
Cinzia Bomoll,IT
Ciprian Mega,RO
Ciro Capano,IT
Ciro Ceruti,IT
Ciro D'Emilio,IT
Ciro De Caro,IT
Ciro D'Emilio,IT
Ciro Formisano,IT
Ciro Guerra,IT
Ciro Scalera,IT
Ciro Villano,IT
Claire Bloom,GB
Claire Burger,FR
Claire Chazal,FR
Claire Denis,FR
Claire Devers,FR
Claire Ferguson,GB
Claire King,GB
Claire Maurier,FR
Claire McCarthy,AU
Claire Nadeau,FR
Claire Roggan,DE
Claire Ruppli,FR
Claire Simon,FR
Claire Skinner,GB
Claire Wauthion,BE
Clara Laperrousaz,FR
Clara Martínez-Lázaro,ES
Clara Möller,DE
Clara Roquet,ES
Clare Grogan,GB
Clare Higgins,GB
Clare Holman,GB
Clare Lewins,
Clare Perkins,GB
Clark Johnson,US
Clarke Peters,US
Claude Aufaure,FR
Claude Brasseur,FR
Claude Brosset,FR
Claude Evrard,FR
Claude Gensac,FR
Claude Hirsch,FR
Claude Lanzmann,FR
Claude Lelouch,FR
Claude Lévèque,FR
Claude Lorius,FR
Claude Mathieu,FR
Claude Miller,FR
Claude Nobs,CH
Claude Perron,FR
Claude Reichman,FR
Claude Rich,FR
Claude Rochet,FR
Claude Sarraute,FR
Claude Saussereau,FR
Claude Zidi Jr.,FR
Claude-Oliver Rudolph,DE
Claudette Walker,FR
Claudia Basrawi,LB
Claudia Brosch,DE
Claudia Cardinale,IT
Claudia Della Seta,IT
Clàudia Font,DE
Claudia Funk,
Claudia Geisler-Bading,DE
Claudia Gravy,ES
Claudia Gravy,BE
Claudia Karvan,AU
Claudia Lehmann,DE
Claudia Martini,DE
Claudia Müller,DE
Claudia Pinto,VE
Claudia Rieschel,DE
Claudia Robinson,US
Claudia Schmid,DE
Claudia von Alemann,DE
Claudine Acs,FR
Claudine Baschet,FR
Claudine Chatel,CA
Claudine Delvaux,FR
Claudine Vincent,FR
Claudio Abbiati,IT
Claudio Alfredo Alfonsi,IT
Claudio Amendola,IT
Claudio Barbieri,AR
Claudio Bigagli,IT
Claudio Bisio,IT
Claudio Bonivento,IT
Claudio Botosso,IT
Claudio Caiolo,IT
Claudio Caligari,IT
Claudio Cecchetto,IT
Claudio Cicconetti,IT
Claudio Coccoluto,IT
Claudio Collovà,IT
Claudio Cupellini,IT
Claudio De Davide,IT
Claudio Fragasso,IT
Claudio Giovannesi,IT
Claudio Greg Gregori,IT
Claudio Insegno,IT
Claudio Lippi,IT
Claudio Magris,IT
Claudio Noce,IT
Claudio Norza,IT
Claudio Poli,IT
Claudio Ripalti,IT
Claudio Rossi Massimi,IT
Claudio Santamaria,IT
Claudio Sestieri,IT
Claudio Simonetti,BR
Claudio Uberti,IT
Claudio Utrera,ES
Claudio Zulian,IT
Claudiu Bleonț,RO
Claudiu Trandafir,RO
Claus Bue,DK
Claus Clausen,
Claus Drexel,DE
Claus Räfle,DE
Claus Wehlisch,DE
Claus Wilcke,DE
Claus Wischmann,DE
Claus Withopf,DE
Clayton Norcross,US
Clémence Madeleine-Perdrillat,FR
Clémence Massart,FR
Clément Cogitore,FR
Clément Michel,FR
Clément Vallos,FR
Clément Weill-Raynal,FR
Clémentine Célarié,FR
Cliff Burnet,GB
Cliff Curtis,NZ
Clint Eastwood,US
Clio Barnard,GB
Clive Francis,GB
Clive Merrison,GB
Clive Owen,GB
Clive Revill,NZ
Clive Riche,GB
Clive Riche,IT
Clive Russell,GB
Clotilde Courau,FR
Clotilde Mollet,FR
Clovis Cornillac,FR
Coca Bloos,RO
Cochi Ponzoni,IT
Colette Kraffe,FR
Colin Arthur,GB
Colin Baker,GB
Colin Bennett,GB
Colin Blyth,GB
Colin Carnegie,GB
Colin David Reese,GB
Colin Firth,GB
Colin MacCabe,GB
Colin McFarlane,GB
Colin Stinton,CA
Coline Abert,FR
Coline Assous,FR
Coline Dhaussy,FR
Coline Serreau,FR
Colita,ES
Colm McCarthy,GB
Colm Meaney,IE
Colm Tóibín,IE
Concha Canal,ES
Concha Galán,ES
Concha Goyanes,ES
Concha Hidalgo,ES
Concha Velasco,ES
Concita De Gregorio,IT
Conleth Hill,GB
Connie Sawyer,US
Connor O'Hara,GB
Conny Glogger,DE
Conrad F. Geier,DE
Conrado San Martín,ES
Constance Meyer,FR
Constantin Codrescu,RO
Constantin Cojocaru,RO
Constantin Cotimanis,RO
Constantin Dinulescu,RO
Constantin Drăgănescu,RO
Constantin Florescu,RO
Constantin Fugasin,RO
Constantin Hatz,AT
Constantin Löhrmann,
Constantin Pappas,FR
Constantinescu Narcis,RO
Consuelo Solsona,ES
Consuelo Trujillo,ES
Copel Moscu,RO
Coralie Fargeat,FR
Cordula Kablitz-Post,DE
Cordula Stratmann,DE
Corentin Doucet,FR
Corentin Massiot,FR
Corey Johnson,US
Corina Chiriac,RO
Corinna Belz,DE
Corinna Harfouch,DE
Corinna Kirchhoff,DE
Corinna McFarlane,GB
Corinne Cléry,FR
Corinne Marchand,FR
Corinne Masiero,FR
Corinne Skinner-Carter,TT
Cornel Gheorghiță,RO
Cornel Mihalache,RO
Cornel Răileanu,RO
Cornelia Froboess,DE
Cornelia Köndgen,DE
Cornelia Lippert,DE
Cornelia Partmann,
Corneliu Porumboiu,RO
Cornell John,GB
Corrado Ardone,IT
Corrado Ceron,IT
Corrado Guzzanti,IT
Corrado Invernizzi,IT
Corrado Nuzzo,IT
Corrado Solari,IT
Cosima Lange,DE
Cosimo Bosco,IT
Cosimo Cinieri,IT
Cosimo Fusco,IT
Cosimo Gomez,IT
Cosimo Messeri,IT
Cosmin Dumitrache,RO
Cosmin Micutzu Nedelcu,RO
Cosmin P. Zaharia,RO
Cosmin Șofron,RO
Costa-Gavras,FR
Costanza Quatriglio,IT
Costel Cașcaval,RO
Costin Petrescu,RO
Covadonga Berdiñas,ES
Craig Crosbie,GB
Craig Fairbrass,GB
Craig Leeson,AU
Craig Roberts,GB
Crenguţa Hariton,RO
Crispin Letts,GB
Cristèle Alves Meira,FR
Cristèle Alves Meira,PT
Cristi Iftime,RO
Cristi Puiu,RO
Cristian Comeagă,RO
Cristian De Mattheis,IT
Cristian Delcea,RO
Cristian Iacob,RO
Cristian Iezzi,IT
Cristian Ilișuan,RO
Cristian Mungiu,RO
Cristian Pepino,RO
Cristian Pîrvulescu,RO
Cristian Radu Nema,RO
Cristiana Lionello,IT
Cristiano De André,IT
Cristin König,DE
Cristina Comencini,IT
Cristina Deleanu,RO
Cristina Donadio,IT
Cristina Eugenia Segura Molina,ES
Cristina García Rodero,ES
Cristina Groșan,RO
Cristina Groșan,HU
Cristina Hoyos,ES
Cristina Jacob,RO
Cristina Ortega Blanco,ES
Cristina Otero Roth,ES
Cristina Pinto,IT
Cristóbal Fernández,ES
Cristóbal Montoro Romero,ES
Csaba Bereczki,HU
Csaba Bereczki,RO
Csaba Bollók,HU
Csaba Czene,HU
Csaba Debreczeny,HU
Csaba Fazekas,HU
Csaba Jakab,HU
Csaba Káel,HU
Csaba Kőrösi,HU
Csaba Kőrösi,RO
Csaba M. Kiss,HU
Csaba Martin,HU
Csaba Szekeres,HU
Csaba Vékes,HU
Cuini Amelio-Ortiz,AR
Çun Lajçi,TU
Cüneyt Kaya,DE
Curro Albaicín,ES
Curro Sánchez,ES
Curro Velázquez,ES
Curt Bois,DE
Cynthia Hoppenfeld,US
Cyprien Vial,FR
Cyrielle Clair,FR
Cyril Brody,FR
Cyril Dion,FR
Cyril Gelblat,FR
Cyril Nri,GB
Cyrille Droux,FR
Cyrus David,DE
Dacia Maraini,IT
Dacian Cioloș,RO
Dácil Manrique de Lara,ES
Dagmar Lassander,DE
Dagmar Manzel,DE
Dagmar Seume,DE
Dagmar von Kurmin,LV
Dagmar Wagner,DE
Daisy Aitkens,GB
Dale Dickey,US
Dalibor Barić,HR
Dalibor Matanić,HR
Dalila Di Lazzaro,IT
Dama,MG
Damian John Harper,US
Damian McCann,IE
Damian Oancea,RO
Damiano D'Innocenzo,IT
Damiano Giacomelli,IT
Damiano Michieletto,IT
Damien Boyer,FR
Damien Carême,FR
Damien Fritsch,FR
Damien Macé,FR
Damien Manivel,FR
Damien Roz,FR
Damir Čučić,HR
Damir Lončar,HR
Damir Lukačević,CR
Damir Radić,HR
Damir Šaban,HR
Damir Urban,HR
Damjan Kozole,SI
Damjana Černe,SI
Dan Astileanu,RO
Dan Berry,US
Dan Cadan,GB
Dan Chiorean,RO
Dan Chișu,RO
Dan Clark,GB
Dan Condurache,RO
Dan Dinu,RO
Dan Farcaș,RO
Dan Gillespie Sells,GB
Dan Gordon,GB
Dan Grigoraş,RO
Dan Lett,CA
Dan Nuțu,RO
Dan Perjovschi,RO
Dan Pița,RO
Dan Pringle,GB
Dan Tudor,RO
Dan Uzan,FR
Dan Vladimir Bondoc,RO
Dana Budisavljević,HR
Dana Bunescu,RO
Dana Cebulla,DE
Dana Dembinski Medeleanu,RO
Dana Dogaru,RO
Dana Gillespie,GB
Dana Ivey,US
Dana Voicu,RO
Dani,FR
Dani de la Orden,ES
Dani de la Torre,ES
Dani Kouyaté,BF
Dani Levy,CH
Dani Saracut,RO
Danica Maksimović,RS
Daniel Abma,NL
Daniel Aguirre,ES
Daniel Alfredson,SE
Daniel Aráoz,AR
Daniel Auteuil,FR
Daniel Barenboim,AR
Daniel Benoin,FR
Daniel Bergman,SE
Daniel Berlioux,FR
Daniel Bianco,ES
Daniel Brühl,DE
Daniel Brühl,ES
Daniel Burgui Iguzkiza,ES
Daniel Busuioc,RO
Daniel Calparsoro,ES
Daniel Cebrián,ES
Daniel Ceccaldi,FR
Daniel Cling,FR
Daniel Cohen,FR
Daniel Cohn-Bendit,FR
Daniel Defert,FR
Daniel Draper,GB
Daniel Duval,FR
Daniel Emilfork,CL
Daniel Faraldo,US
Daniel Freire,AR
Daniel Friedrich,DE
Daniel Giménez Cacho,ES
Daniel Goldenberg,FR
Daniel Graham,AU
Daniel Guichard,FR
Daniel Guzmán,ES
Daniel Hanssens,BE
Daniel Harrich,DE
Dániel Hevér,HU
Daniel Jerome Gill,GB
Daniel Kupferstein,FR
Daniel Kurtzer,US
Daniel Leconte,FR
Daniel Leloux,FR
Daniel Lesoeur,
Daniel Lommatzsch,DE
Daniel Lovecchio,AR
Daniel Martin,FR
Daniel Medrán,ES
Daniel Mehrer,US
Daniel Mermet,FR
Daniel Mesguich,FR
Daniel Miller,FR
Daniel Miller,GB
Daniel Monzón,ES
Daniel Nicolae Djamo,RO
Daniel Olbrychski,PL
Daniel Pennac,FR
Daniel Plier,LU
Daniel Plier,RO
Daniel Pommereulle,FR
Daniel Prévost,FR
Daniel Richter,DE
Daniel Roby,CA
Daniel Rohr,CH
Daniel Russo,FR
Daniel Sánchez Arévalo,ES
Daniel Sandu,RO
Daniel Selznick,US
Dániel Tiszeker,HU
Daniel Tomescu,RO
Daniel Vannet,FR
Daniel Wild,
Daniel Wolfe,GB
Daniel Zelik Berk,
Daniela Airoldi,IT
Daniela Fejerman,AR
Daniela Foà,IT
Daniela Giordano,IT
Daniela Piperno,IT
Daniela Poggi,IT
Daniela Santerini,IT
Daniela Ziegler,DE
Daniele Chiariello,IT
Daniele Ciprì,IT
Daniele Coluccini,IT
Danièle Denie,BE
Danièle Évenou,FR
Daniele Fileti,IT
Daniele Gaglianone,IT
Daniele Grassetti,IT
Daniele Incalcaterra,IT
Danièle Lebrun,FR
Daniele Lince,IT
Daniele Luchetti,IT
Daniele Misischia,IT
Daniele Salvo,IT
Danièle Thompson,FR
Daniele Vicari,IT
Danielle Arbid,FR
Danielle Darrieux,FR
Danielle Fichaud,CA
Danilo Šerbedžija,HR
Danis Tanovic,BA
Danko Ljuština,HR
Danny Boyle,GB
Danny García,ES
Danny Glover,US
Danny Hiller,
Danny Huston,US
Danny Keogh,ZA
Danny Stack,IE
Danny Trejo,US
Danny Vinson,US
Danny Webb,GB
Dante Spinotti,IT
Danuta Szaflarska,PL
Dany Boon,FR
Dany Brillant,FR
Daouda Coulibaly,FR
Daouda Coulibaly,ML
Daphna Rosenthal,PS
Daphne Charizani,GR
Dare Valič,BA
Daria Deflorian,IT
Dario Aguirre,EC
Dario Albertini,IT
Dario Argento,IT
Darío Autrán,ES
Dario Cantarelli,IT
Dario D'Ambrosi,IT
Dario Germani,IT
Darío Grandinetti,AR
Dario Lonjak,HR
Dario Marconcini,IT
Dario Pleić,HR
Dario Sansone,IT
Dario Varga,SI
Darius James,US
Darius Khondji,FR
Darius Khondji,IR
Darko Janes,HR
Darko Milas,HR
Darko Plovanić,HR
Darko Sinko,SI
Darko Štante,SI
Darko Stazić,HR
Darko Suvak,HR
Darrell D'Silva,GB
Darry Cowl,FR
Darshan Jariwala,IN
Dave,NL
Dave Bald Eagle,US
Dave Broom,GB
Dave Courtney,GB
Dave Davies,GB
Dave Fennoy,US
Dave Fulton,GB
Dave Johns,GB
Dave McKean,GB
Dave Mclean,GB
Dave Mounfield,GB
Dave Smith,GB
Dave Spikey,GB
Dave Turner,GB
Dave Watson,US
Dave Willetts,UK
David A. Stewart,
David A. Stewart,GB
David Alaux,FR
David Alonso,ES
David Attenborough,GB
David Austin,GB
David Baalcke,DE
David Bailey,GB
David Bamber,GB
David Batty,GB
David Bennent,CH
David Bernet,CH
David Blair,GB
David Bowie,GB
David Bradley,GB
David Bradley II,GB
David Brandon,IE
David Butler,ZA
David Calder,GB
David Cánovas,ES
David Casademunt,ES
David Caviglioli,FR
David Charhon,FR
David Clatworthy,ZA
David Cronenberg,CA
David de Keyser,UK
David Depesseville,FR
David Diane,FR
David Dietl,US
David Duchovny,US
David Dufresne,FR
David Elmaleh,FR
David Ernaux-Briot,FR
David Essex,GB
David Evans,GB
David Fairhead,GB
David Farr,GB
David Field,AU
David Fielder,GB
David Foenkinos,FR
David Forest,GB
David Galán Galindo,ES
David Gant,GB
David Gant,DE
David Gasman,US
David Gilmour,GB
David Graham,GB
David Grieco,IT
David Hargreaves,GB
David Hasselhoff,US
David Hayman,GB
David Hebrero,ES
David Helfgott,AU
David Hernández,ES
David Hinds,GB
David Hockney,GB
David Horovitch,GB
David Ilundain,ES
David Jackson,GB
David Kapac,HR
David Kerr,GB
David L.G. Hughes,GB
David Leon,GB
David Lynch,US
David Macián,ES
David Mambouch,FR
David Marqués,ES
David Martín de los Santos,ES
David Martín Porras,ES
David Martínez,ES
David Menkes,ES
David Merlin-Dufey,FR
David Moreau,FR
David Morrissey,GB
David O'Flynn,GB
David O'Leary,GB
David Oelhoffen,FR
David O'Leary,GB
David Owen,GB
David Pasquesi,US
David Perea,ES
David Pérez Sañudo,ES
David Perrault,FR
David Pizarro,ES
David Prowse,GB
David Pujol,ES
David Quesemand,FR
David Raven,GB
David Rintoul,GB
David Roux,FR
David Ruffy,GB
David Schaal,US
David Scheinmann,GB
David Schofield,GB
David Serrano,ES
David Shaughnessy,GB
David Sibley,GB
David Sieveking,DE
David Stavros Onassis,GB
David Sterne,GB
David Stoten,GB
David Strathairn,US
David Suchet,GB
David Summer,GB
David Talbot,US
David Teboul,FR
David Thewlis,GB
David Thomson,GB
David Toren,DE
David Torras,ES
David Troughton,GB
David Trueba,ES
David Valero,ES
David Victori,ES
David Vital-Durand,FR
David Warner,GB
David Wilkinson,GB
David Wilson,GB
David Wnendt,DE
David Yates,GB
Davide Bonacina,IT
Davide Dal Fiume,IT
Davide Del Degan,IT
Davide Ferrario,IT
Davide Grisolia,DE
Davide Limone,IT
Davide Marengo,IT
Davide Marotta,IT
Davide Minnella,IT
Davide Pulici,IT
Davide Rossi,IT
Davide Scovazzo,IT
Davide Simon Mazzoli,IT
Davie Lerner,US
Davor Gobac,HR
Davor Janjić,BA
Davor Rostuhar,HR
Davor Sučić,BA
Davor Svedružić,HR
De Gaulle Eid,FR
De Gaulle Eid,LB
Dean Benzin,
Dean Craig,GB
Debbie Isitt,GB
Debbie Tarrier,GB
Debbie Tucker Green,GB
Deborah Findlay,GB
Deborah Grover,CA
Deborah Haywood,GB
Declan Lynch,IE
Declan Recks,IE
Deddie Davies,GB
Deepa Mehta,CA
Deepak Anand,IN
Deepti Naval,IN
Deirdre Murray,GB
Dejan Aćimović,HR
Dejan Batoćanin,SI
Dejan Knez,SI
Delkash,IR
Delphine de Vigan,FR
Demeter Bitenc,SI
Dena Dietrich,US
Dénes Kemény,HU
Dénes Orosz,HU
Denis Brižić,HR
Denis Delestrac,FR
Denis Dercourt,FR
Denis Imbert,FR
Denis Lavant,FR
Denis Lawson,GB
Denis Mpunga,BE
Denis Mpunga,CG
Denis Podalydès,FR
Denis Rabaglia,CH
Denis Rafter,IE
Denis Robert,FR
Denis Rovira van Boekholt,ES
Denis Vengust,SI
Denise Black,GB
Denise Chalem,FR
Denise Dal Vera,US
Denise Dodé,FR
Denise Welch,GB
Deniz Gamze Ergüven,FR
Deniz Gamze Ergüven,TR
Dennis Bovell,BB
Dennis Cockrum,US
Dennis Cooper,US
Dennis Dellai,IT
Dennis Gansel,DE
Dennis Harbour,GB
Dennis Kleimann,DE
Dennis Muren,US
Dennis Ross,US
Dennis Skinner,GB
Dennis Stormer,DE
Dennis Todorović,DE
Denys Maury,FR
Denzil Smith,GB
Denzil Smith,IN
Derek de Lint,NE
Derek Jacobi,GB
Derek Lyons,GB
Dermont Crowley,IE
Dermot Lavery,
Dermot Mulroney,US
Dermot O'Neill,IE
Derren Nesbitt,GB
Derval de Faria,
Des Casey,IE
Des McAleer,GB
Désirée Nick,DE
Désirée Nosbusch,LU
Despina Pajanou,GR
Detlef Bierstedt,DE
Detlef Bothe,DE
Detlev Buck,DE
Detlev Redinger,DE
Dewi Morris,GB
Dexter Fletcher,GB
Dey Young,US
Deyan Sudjic,GB
Dezső Rancsó,HU
Dezső Rancsó,SK
Dezső Ránki,HU
Di Botcher,GB
Diana Dumbravă,RO
Diana Gergova,BG
Diana Gheorghian,RO
Diana Hardcastle,GB
Diana Kent,GB
Diana Payan,GB
Diana Rigg,GB
Diane Keaton,US
Diane Kurys,FR
Diane Stolojan,FR
Diane Tell,CA
Dianna Agron,US
Diastème,FR
Dick Carruthers,GB
Dick Clement,GB
Dick Fontaine,GB
Dick Gregory,US
Dick Rivers,FR
Dídac Cervera,ES
Didier Barcelo,FR
Didier Bénureau,FR
Didier Bezace,FR
Didier Bourdon,FR
Didier Bourguignon,FR
Didier Brice,FR
Didier D. Daarwin,FR
Didier Deschamps,FR
Didier Flamand,FR
Didier Gesquière,BE
Didier Kaminka,FR
Didier Le Pêcheur,FR
Didier Pourquery,FR
Didier Ruiz,FR
Didier Sandre,FR
Didier Sauvegrain,FR
Didier Van Cauwelaert,FR
Didier Wampas,FR
Diego A. Manrique,ES
Diego Abatantuono,IT
Diego Bianchi,IT
Diego Cañamero Valle,ES
Diego Carli,IT
Diego Galán,ES
Diego López,ES
Diego Martínez,AR
Diego Mas Trelles,ES
Diego Olivares,IT
Diego Olivares,BR
Diego Ribon,IT
Diego Schiavo,IT
Diego Uceda,PE
Diego Verdegiglio,IT
Diet Simon,DE
Dieter Bachmann,DE
Dieter Dierks,DE
Dieter Hallervorden,DE
Dieter Schaad,DE
Dietmar Bär,DE
Dietmar Huhn,DE
Dietmar Irmer,DE
Dietmar Mössmer,AT
Dietrich Adam,DE
Dietrich Brüggemann,DE
Dietrich Grönemeyer,DE
Dietrich Hollinderbäumer,DE
Dietrich Kuhlbrodt,DE
Dietrich Mattausch,DE
Dieudo Hamadi,CO
Dilip Varma,FR
Dilly Barlow,GB
Dilva Ragazzini,IT
Dimitri Andreas,
Dimitrii Bogomaz,RO
Dimitris Tzoumakis,GR
Dina Doron,IL
Dinara Drukarova,RU
Dino Abbrescia,IT
Dino Krpan,HR
Dino Meneghin,IT
Dinu Tănase,RO
Diogo Dória,PT
Dirk Böhling,DE
Dirk Sager,DE
Dirk Szuszies,DE
Dirk Van Vaerenbergh,BE
Dito Tsintsadze,GE
Djamel Bensalah,FR
Djamel Bensalah,DZ
Djemel Barek,DZ
Djimon Hounsou,BJ
Dmitri Alexandrov,RU
Doc McGhee,US
Doina Ghiţescu,RO
Dolina MacLennan,GB
Dom Lenoir,GB
Domano,FR
Domenico Ciolfi,IT
Domenico Croce,IT
Domenico Distilo,IT
Domenico Fortunato,IT
Domenico Manfredi,IT
Dominic Bachy,FR
Dominic Brigstocke,GB
Dominic Dromgoole,GB
Dominic Mafham,GB
Dominic Raacke,DE
Dominic Savage,GB
Dominik Galizia,DE
Dominik Graf,DE
Dominik Mencej,SI
Dominik Moll,FR
Dominik Sedlar,HR
Dominik Wessely,DE
Dominique Abel,BE
Dominique Baumard,FR
Dominique Besnehard,FR
Dominique Blanc,FR
Dominique Cabrera,FR
Dominique Choisy,FR
Dominique Collignon-Maurin,FR
Dominique Daguier,FR
Dominique Dattola,FR
Dominique Dattola,IT
Dominique Farrugia,FR
Dominique Frot,FR
Dominique Gautier,FR
Dominique Gonzalez-Foerster,FR
Dominique Hollenstein,DE
Dominique Horwitz,DE
Dominique Horwitz,FR
Dominique Labourier,FR
Dominique Lalanne,FR
Dominique Lavanant,FR
Dominique Marchais,FR
Dominique Paturel,FR
Dominique Pinon,FR
Dominique Reymond,FR
Dominique Rocher,FR
Dominique Rozan,FR
Dominique Sanda,FR
Dominique Valadié,FR
Dominique Vallée,FR
Dominique Varma,FR
Dominique Vidal,FR
Dominique Zardi,FR
Don Airey,GB
Don Backy,IT
Don Dokken,US
Don Harvey,US
Don Letts,GB
Don McCullin,GB
Don McKellar,CA
Don Nelson,US
Donald Douglas,GB
Donald Sumpter,GB
Donald Sutherland,CA
Donald Trump,US
Donata Wenders,DE
Donato Carrisi,IT
Donna Personna,US
Doon Mackichan,GB
Dora Doll,FR
Dora Polić,HR
Dora Romano,IT
Dóra Szűcs,HU
Doreen Mantle,ZA
Dorel Vișan,RO
Dori Ghezzi,IT
Dorian Boguță,MD
Dorin Andone,RO
Dorin Ioniță,RO
Dorina Lazăr,RO
Doris Buchrucker,DE
Doris Buttignol,FR
Doris Dörrie,DE
Doris Kresimon,DE
Doris Kunstmann,DE
Doris Šarić-Kukuljica,HR
Doron Paz,IL
Dorothea Hagena,DE
Dorothea Kyrieleis,DE
Dorothea Neukirchen,DE
Dorothea Walda,DE
Dorothée Berryman,CA
Dorothée Blanck,FR
Dorothée Sebbagh,FR
Dorothy Ko,HK
Dorottya Udvaros,HU
Doru Ana,RO
Doru Ionescu,RO
Doru Nițescu,RO
Douglas Reith,GB
Douglas Wolfsperger,DE
Douglas Wolfsperger,CH
Dov Reiser,IL
Dr. John,US
Dragan Despot,BA
Dragan Despot,HR
Dragan Mićanović,RS
Dragan Živadinov,SI
Dragoș Buliga,RO
Dragoș Hanciu,RO
Dragoș Lumpan,RO
Dragoș Zămosteanu,RO
Dragutin Varga,
Draško Zidar,HR
Dražen Ilinčić,HR
Dražen Kühn,HR
Dražen Mikulić,HR
Dražen Žarković,HR
Dries Van Noten,BE
Dror Moreh,IL
Dror Zahavi,IL
Drusilla Foer,IT
Duane Hopkins,GB
Dubravka Turić,HR
Duccio Chiarini,IT
Dudley Sutton,GB
Dulcie Smart,NZ
Dumitru Prunariu,RO
Duncan Preston,GB
Dunstan Bruce,GB
Durs Grünbein,DE
Dušan Gojić,HR
Dušan Joksimović,RS
Dušan Kojić,RS
Dušan Moravec,SI
Dusán Vitanovics,RS
Dusán Vitanovics,HU
Duska Visconti,IT
Dustin Hoffman,US
Dylan Williams,GB
Eamon Dunphy,IE
Earl Slick,US
Eben Alexander,US
Eckhard Preuß,DE
Ed Herzog,DE
Ed Lilly,GB
Ed Sulzbach,US
Eddie Amoo,GB
Eddie Constantine,US
Eddie Constantine,FR
Eddie Izzard,GB
Eddie Osei,GH
Eddy Mitchell,FR
Edesio Alejandro,CU
Edgar Givry,FR
Edgar M. Böhlke,DE
Edgar Morin,FR
Edgar Reitz,DE
Edgar Selge,DE
Edgar Wright,GB
Edit Farkasinszky,HU
Edita Karađole,HR
Edith Böttcher,
Edith Clever,DE
Edith Gdanietz-Jacobi,DE
Edith Patrouilleau,FR
Édith Scob,FR
Edmond Baudoin,FR
Edmund Dehn,GB
Edoardo De Angelis,IT
Edoardo Falcone,IT
Edoardo Leo,IT
Edoardo Maria Falcone,IT
Edoardo Nevola,IT
Edoardo Palma,IT
Edoardo Ponti,IT
Edoardo Winspeare,IT
Édouard Baer,FR
Edouard Bergeon,FR
Édouard Deluc,FR
Edouard Pluvieux,FR
Édouard Salier,FR
Eduard Benito,ES
Eduard Cortés,ES
Eduard Fernández,ES
Eduard Fornés,ES
Eduard Galić,HR
Eduardo Blanco,ES
Eduardo Carrasco,CL
Eduardo Casanova,ES
Eduardo Cubillo,ES
Eduardo Gómez,ES
Eduardo Recabarren,ES
Eduardo Recabarren,AR
Eduardo Rodríguez Rodway,ES
Eduardo San Martín,ES
Eduardo Tartaglia,IT
Eduardo Yáñez,MX
Edward Berger,DE
Edward Hall,GB
Edward Lovelace,GB
Edwige Blondiau,FR
Edwige Fenech,FR
Edwy Plenel,FR
Edwyn Collins,GB
Egbert Soutschek,DE
Egidio Termine,IT
Egmont Fassbinder,DE
Egon Krenz,DE
Egyed Serf,HU
Eibe Maleen Krebs,DE
Eike Besuden,DE
Eileen Atkins,GB
Eileen Davies,GB
Eileen Pollock,GB
Eilish O'Carroll,IE
Eiry Thomas,GB
Eisi Gulp,DE
Eivindsen Eiolf,NO
Ekoué Labitey,FR
Ekoué Labitey,TG
Ekrem Ergün,DE
Ekrem Ergün,TU
El Gran Wyoming,ES
Elaine Constantine,GB
Eléa Gobbé-Mévellec,FR
Elena Alvarez Lutz,DE
Elena Beatrice,IT
Elena Callegari,IT
Elena Cantarone,IT
Elena Cotta,IT
Elena Ferrándiz Sanz,ES
Elena Irureta,ES
Elena Ivanca,RO
Elena Kizilova,FR
Elena Moldovan,RO
Elena Seijo,ES
Elena Sofia Ricci,IT
Elena Trapé,ES
Elena Uriz,ES
Eleonora Brown,IT
Eleonora Danco,IT
Eleonora Giorgi,IT
Eleonora Vallone,IT
Éléonore Hirt,FR
Eleonore Weisgerber,DE
Elfriede Fey,DE
Elfriede Irrall,AT
Elfriede Jelinek,AT
Eli Heyman,
Eli King,
Elia Suleiman,IL
Eliana Bosi,IT
Elias Koteas,CA
Elias Sanbar,PS
Élie Chouraqui,FR
Élie Chouraqui,IL
Élie Semoun,FR
Elina Löwensohn,RO
Elina Löwensohn,US
Eline Gehring,DE
Elio,IT
Elio De Capitani,IT
Elio Germano,IT
Elio Pandolfi,IT
Elio Quiroga,ES
Elisa Amoruso,IT
Elisa Crehuet,ES
Elisa Mishto,IT
Elisa Polimeni,IT
Élisa Servier,FR
Élisabeth Badinter,FR
Elisabeth Bronfen,DE
Élisabeth Commelin,FR
Élisabeth Depardieu,FR
Élisabeth Margoni,FR
Elisabeth Orth,AT
Elisabeth Rath,AT
Élisabeth Tanner,FR
Elisabeth Trissenaar,AT
Élisabeth Vitali,FR
Élisabeth Vogler,FR
Elisabeth Weber-Belling,DE
Elisabeth Weber-Belling,TR
Elisabetta De Palo,IT
Elisabetta De Vito,IT
Elisabetta Pellini,IT
Elisabetta Sgarbi,IT
Elise Caron,FR
Élise Girard,FR
Élise Larnicol,FR
Élise Otzenberger,FR
Eliza Petkova,BG
Eliza Schroeder,DE
Elizabeta Kukić,HR
Élizabeth Bourgine,FR
Elizabeth Counsell,GB
Elizabeth Hanna,CA
Elizabeth Macocco,FR
Élizabeth Martichoux,FR
Elizabeth McGovern,US
Elizabeth Rider,GB
Elkan Spiller,
Elke Heidenreich,DE
Elke Twiesselmann,DE
Ella Kowalska,FR
Ellen Barkin,US
Ellen Burstyn,US
Ellénore Lœhr,FR
Ellen-Ray Hennessy,CA
Elli Medeiros,UY
Ellie Haddington,GB
Elliot Goldner,GB
Elliot Jenicot,BE
Elliott Covrigaru,FR
Elliott Gould,US
Elliott Murphy,US
Ellis Marsalis,US
Elly Senger-Weiss,AT
Elmar Gutmann,DE
Elmar Wepper,DE
Elmir Jukić,BA
Élodie Faria,FR
Élodie Guilbault,FR
Eloísa Vargas,ES
Éloïse Lang,BE
Eloy Arenas,ES
Elsa Amiel,FR
Elsa Diringer,FR
Elsa Wolliaston,JM
Elsa Zylberstein,FR
Elsie de Brauw,NL
Elton John,GB
Elvira Deatcu,RO
Elvira Lindo,ES
Elvira Roca Barea,ES
Elvis Bošnjak,HR
Elvyra Žebertavičiūtė,LT
Emad Aleebrahim-Dehkordi,IR
Emanuel Pârvu,RO
Emanuela Piovano,IT
Emanuela Rossi,IT
Emanuela von Frankenberg,CH
Emmanuèle Bernheim,FR
Emanuele Caruso,IT
Emanuele Crialese,IT
Emanuele Gerosa,IT
Emanuele Imbucci,IT
Emanuele Palamara,IT
Emanuele Scaringi,IT
Émérance Dubas,FR
Emerson Fittipaldi,BR
Emese Vasvári,HU
Emidio La Vella,IT
Emil Abossolo-Mbo,CM
Emil Bobanović Čolić,HR
Emil Boc,RO
Emil Cerar,SI
Emil Constantinescu,RO
Emil Coșeru,RO
Emil Keres,HU
Émile Gaudreault,CA
Émile Wandelmer,FR
Emilia Dobrin,RO
Emilia Mazzacurati,IT
Emilia Popescu,RO
Emília Vásáryová,SK
Émilie Carpentier,FR
Émilie Cherpitel,FR
Émilie Deleuze,FR
Émilie Frèche,FR
Émilie Grandperret,FR
Émilie Thérond,FR
Emilio Belmonte,ES
Emilio Briguglio,IT
Emilio Casares Rodicio,ES
Emilio D’Alessandro,IT
Emilio De Marchi,IT
Emilio Echevarría,MX
Emilio Gavira,ES
Emilio Gutiérrez Caba,ES
Emilio Linder,AR
Emilio Martínez Lázaro,ES
Emilio Mencheta,ES
Emilio Ruiz Barrachina,ES
Emilio Solfrizzi,IT
Emilio Vedova,IT
Emily Atef,DE
Emily Atef,FR
Emily Harris,GB
Emir Hadžihafizbegović,BA
Emir Kusturica,RS
Emma Benestan,FR
Emma Cohen,ES
Emma Dante,IT
Emma Elekes,HU
Emma Elekes,RO
Emma Garden,GB
Emma Luchini,FR
Emma Nemeskéri,HU
Emma Rosa Simon,FR
Emma Suárez,ES
Emma Thompson,GB
Emmanuel Ball,FR
Emmanuel Bourdieu,FR
Emmanuel Carrère,FR
Emmanuel Courcol,FR
Emmanuel Finkiel,FR
Emmanuel Gillibert,FR
Emmanuel Gras,FR
Emmanuel Hamon,FR
Emmanuel Jacomy,FR
Emmanuel Karsen,FR
Emmanuel Leconte,FR
Emmanuel Mouret,FR
Emmanuel Moynot,FR
Emmanuel Naccache,FR
Emmanuel Ostrovski,FR
Emmanuel Patron,FR
Emmanuel Poulain-Arnaud,FR
Emmanuel Quatra,FR
Emmanuel Raquin-Lorenzi,FR
Emmanuel Salinger,FR
Emmanuel Vieilly,FR
Emmanuèle Bernheim,FR
Emmanuelle Béart,FR
Emmanuelle Bercot,FR
Emmanuelle Cuau,FR
Emmanuelle Devos,FR
Emmanuelle Nicot,FR
Emmanuelle Riva,FR
Emmanuelle Seigner,FR
Empar Brisa,ES
Engin Bagda,DE
Engin Bagda,TR
Enikő Börcsök,HU
Enikő Eszenyi,HU
Enikő Kovács,RO
Enikő Kovács,HU
Enikő Nagy,HU
Enn Reitel,GB
Ennio Fantastichini,IT
Ennio Morricone,IT
Enora Boutin,FR
Enric Benavent,ES
Enric Ribes,ES
Enrica Bonaccorti,IT
Enrica Rosso,IT
Enrico Audenino,IT
Enrico Beruschi,IT
Enrico Brignano,IT
Enrico Di Giovanni,FR
Enrico Di Troia,IT
Enrico Guarneri,IT
Enrico Iannaccone,IT
Enrico Lando,IT
Enrico Lo Verso,IT
Enrico Macias,FR
Enrico Maria Artale,IT
Enrico Montesano,IT
Enrico Pau,IT
Enrico Vanzina,IT
Enrique Carballido,FR
Enrique Cazorla,ES
Enrique Cerezo,ES
Enrique García,ES
Enrique Gato,ES
Enrique González Macho,ES
Enrique Irazoqui,ES
Enrique Iznaola,ES
Enrique Molina,CU
Enrique San Francisco,ES
Enrique Simón,ES
Enrique Urbizu,ES
"Enrique Villarreal ""El Drogas""",ES
Enrique Villén,ES
Enriqueta Carballeira,ES
Enriqueta Vila,ES
Enver Hirsch,DE
Enver Hirsch,TR
Enver Petrovci,RS
Enzi Fuchs,DE
Enzo D'Alò,IT
Enzo Decaro,IT
Enzo G. Castellari,IT
Enzo Garinei,IT
Enzo Giraldo,IT
Enzo Russo,IT
Enzo Salomone,IT
Enzo Salvi,IT
Enzo Vetrano,IT
Epigmenio Rodríguez,ES
Eraldo Turra,IT
Eran Riklis,IL
Ercan Durmaz,DE
Ercan Durmaz,TR
Erda Siebert,DE
Erec Brehmer,DE
Eren Önsöz,TR
Erhard Schelter,AT
Éric Barbier,FR
Éric Berger,FR
Éric Beslay,FR
Éric Besnard,FR
Eric Burdon,GB
Éric Cantona,FR
Éric Caravaca,FR
Éric Carrière,FR
Éric Cazes,
Éric Cherrière,FR
Eric Clapton,GB
Éric Collado,FR
Eric D. Weitz,US
Éric De Staercke,BE
Éric Denize,FR
Éric Di Meco,FR
Éric Dick,FR
Éric Dupond-Moretti,FR
Éric Elmosnino,FR
Éric Fraticelli,FR
Éric Frey,FR
Eric Friedler,AU
Éric Godon,BE
Éric Gravel,CA
Éric Guéret,FR
Eric Idle,GB
Eric Jiménez,ES
Éric Judor,FR
Eric L. Goode,US
Éric Lartigau,FR
Éric Laugérias,FR
Éric Laurent,FR
Éric Lavaine,FR
Éric Métayer,FR
Eric Meyers,US
Èric Motjer,ES
Éric Naggar,FR
Éric Naulleau,FR
Éric Neuhoff,FR
Eric Roberts,US
Éric Rochant,FR
Éric Ruf,FR
Éric Savin,FR
Éric Serre,FR
Eric Styles,GB
Éric Summer,FR
Éric Théobald,FR
Éric Toledano,FR
Éric Tosti,FR
Éric Toussaint,BE
Éric Viellard,FR
Éric Vincent,FR
Éric Warin,FR
Éric Zanetacci,FR
Erick Manana,MG
Érick Zonca,FR
Erik Haffner,DE
Erik Hansen,US
Érik Izraelewicz,FR
Erik Lemke,DE
Erik Novák,HU
Erik Schmitt,DE
Erika Blanc,IT
Erika Bodnár,HU
Erika Deutinger,AT
Erika Elizalde,UY
Erika Eller,DE
Erika Fischer-Laughlin,DE
Erika Gregor,DE
Erika Józsa,RO
Erika Józsa,HU
Erika Neuenfeldt,DE
Erika Pápai,HU
Erika Pluhar,AT
Èrika Sánchez,ES
Erika Vanselow,DE
Eriq Ebouaney,FR
Erkan Acar,DE
Ermanno Casari,IT
Ermanno De Biagi,IT
Ermanno Grassi,IT
Ermanno Olmi,IT
Ernest Allan Hausmann,DE
Ernest Borgnine,US
Ernest Wichner,RO
Ernest Wichner,DE
Ernesto Chao,ES
Ernesto Mahieux,IT
Ernesto Sevilla,ES
Ernesto Vecchio,AR
Erni Mangold,AT
Ernie Sabella,US
Ernő Fekete,HU
Ernst Peter Fischer,DE
Ernst Stötzner,DE
Ernst Zürcher,CH
Eros Pagni,IT
Eros Puglielli,IT
Erri De Luca,IT
Errikos Litsis,GR
Errol Morris,US
Errol Trotman Harewood,GY
Ervand Abrahamian,US
Ervand Abrahamian,IR
Ervin Dubrović,HR
Erwan Le Duc,FR
Erwin Leder,AT
Erwin Leder,DE
Erwin van den Eshof,NL
Erzsébet Kútvölgyi,HU
Erzsi Pásztor,HU
Esholm Nelms,US
Esmeralda Calabria,IT
Esperanza Elipe,ES
Esperanza Roy,ES
Esteban Crespo,ES
Esteban Roel,ES
Estefanía Cortés,ES
Ester Amrami,IL
Ester Catalão,PT
Esteve Soler,ES
Esthela Solano-Suarez,AR
Esther Adler,DE
Esther Álvarez,ES
Esther Esche,DE
Esther Gitman,US
Esther Gorintin,FR
Esther Zimmering,DE
Estibaliz Urresola Solaguren,ES
Eszter Csákányi,HU
Eszter Kiss,HU
Eszter Márton,HU
Eszter Nagy-Kálózy,HU
Eszter Petrovics,HU
Eszter Száraz,HU
Étienne Chaillou,FR
Étienne Chatiliez,FR
Étienne Chicot,FR
Etienne Comar,FR
Étienne Copel,FR
Étienne Draber,FR
Étienne Gary,FR
Étienne Minoungou,BF
Étienne Roda-Gil,FR
Etta Dunn,GB
Ettore Scola,IT
Eugen Cristea,RO
Eugen Drewermann,DE
Eugene Buică,RO
Eugene Cernan,US
Eugène Chaplin,CH
Eugène Green,US
Eugène Green,FR
Eugene Jarecki,US
Eugene Lipinski,GB
Eugène Nicole,FR
Eugenia Bosânceanu,RO
Eugenia Șerban,RO
Eugénie Dumont,FR
Eugenio Alabiso,IT
Eugenio Allegri,IT
Eugenio Canevari,AR
Eugenio Cappuccio,IT
Eugenio Martín,ES
Eugenio Riccomini,IT
Eulàlia Ramon,ES
Euros Lyn,GB
Eusèbe Jaojoby,MG
Eusebio Lázaro,ES
Eusebio Poncela,ES
Éva Bakos,HU
Éva Bandor,HU
Éva Bandor,SK
Éva Bay,HU
Eva Darlan,FR
Éva Fahidi,HU
Éva Füsti Molnár,HU
Éva Gárdos,HU
Eva Grimaldi,IT
Eva Horacek,DE
Eva Husson,FR
Éva Igó,HU
Eva Ingeborg Scholz,DE
Eva Ionesco,FR
Éva Kerekes,HU
Eva Lyberten,ES
Éva Magyar,HU
Eva Mattes,AT
Eva Mattes,DE
Eva Medusa Gühne,DE
Eva Merseguer,ES
Eva Probst,DE
Éva Rebecca Kovács,HU
Eva Robins,IT
Eva Trobisch,DE
Éva Vándor,HU
Eva Vila,ES
Eva Vizcarra,ES
Eva Weber,DE
Eva Weißenborn,DE
Eva Zeidler,DE
Eva-Maria Hagen,DE
Eva-Maria Kurz,DE
Evamarie Scheibe,DE
Evandro Fornasier,IT
Evaristo Páramos,ES
Eve Pearce,GB
Eve Sussman,GB
Eve Wood,GB
Evelina Pitti,FR
Eveline Hall,DE
Evelyn Meyka,DE
Evelyn Schels,DE
Évelyne Bouix,FR
Evelyne Buyle,FR
Évelyne Didi,FR
Évelyne Istria,FR
Évelyne Leclercq,FR
Evgeny Chepurnyak,UA
Evo Morales,BO
Evru,ES
Ewa Krasnodebska,PL
Ewa Telega,PL
Ewald Flemming,
Ewan Bailey,UK
Eyal Halfon,IL
Ezekiel Montes,ES
Ezio Greggio,IT
Ezzatollah Ramazanifar,IR
F. Javier Gutiérrez,ES
F. Murray Abraham,US
F.J. Arranz,ES
F.J. Ossang,FR
Fab 5 Freddy,US
Fabian Möhrke,DE
Fabien Delage,FR
Fabien Gorgeart,FR
Fabien Hagege,FR
Fabien Mazzocco,FR
Fabien Moine,FR
Fabien Onteniente,FR
Fabien Rabin,FR
Fabienne Babe,FR
Fabienne Berthaud,FR
Fabienne Godet,FR
Fabienne Le Houérou,FR
Fabienne Pascaud,FR
Fabio Bonifacci,IT
Fabio D'Innocenzo,IT
Fabio De Luigi,IT
Fabio D'Innocenzo,IT
Fabio Fazi,IT
Fabio Ferrari,IT
Fabio Ferro,IT
Fabio Frizzi,IT
Fabio Fulco,IT
Fabio Grassadonia,IT
Fabio Gravina,IT
Fabio Martina,IT
Fabio Massa,IT
Fabio Mollo,IT
Fabio Resinaro,IT
Fabio Sartor,IT
Fabio Segatori,IT
Fabio Testi,IT
Fabio Venditti,IT
Fabiomassimo Lozzi,IT
Fabrice Begotti,FR
Fabrice Bracq,FR
Fabrice Du Welz,BE
Fabrice Eberhard,FR
Fabrice Eboué,FR
Fabrice Garçon,FR
Fabrice Luchini,FR
Fabrice Maruca,FR
Fabrice Tempo,FR
Fabrizio Bentivoglio,IT
Fabrizio Cardinali,IT
Fabrizio Cattani,IT
Fabrizio De André,IT
Fabrizio Gifuni,IT
Fabrizio Maria Cortese,IT
Faketa Salihbegović Avdagić,BA
Falilou Seck,FR
Falk Rockstroh,DE
Famke Janssen,NL
Fanni Szilágyi,HU
Fanny Ardant,FR
Fanny Cottençon,FR
Fanny Liatard,FR
Fanny Molins,FR
Fares Helou,SY
Fargass Assandé,CI
Fariborz Kamkari,IR
Farid Bentoumi,DZ
Farida Khelfa,FR
Farida Khelfa,DZ
Farida Ouchani,FR
Farida Rahouadj,FR
Farida Saboundji,DZ
Fatih Akin,DE
Fatima Harandi,MA
Fatima Sissani,FR
Fatma Ben Saidane,TN
Fatsah Bouyahmed,DZ
Fausta Quattrini,CH
Fausto Brizzi,IT
Fausto Leali,IT
Faye Dunaway,US
Fedele Papalia,FR
Federica Biondi,IT
Federica Di Giacomo,IT
Federico Alotto,IT
Federico Bondi,IT
Federico Ferrone,IT
Federico Greco,IT
Federico Marsicano,IT
Federico Micali,IT
Federico Moccia,IT
Federico Pacifici,IT
Federico Veiroj,UY
Fedra Lorente,ES
Fejria Deliba,FR
Felice Farina,IT
Felicitè Mbezelè,CM
Félicité Wouassi,FR
Felicity Montagu,GB
Felipe Bustos Sierra,CL
Felipe Bustos Sierra,BE
Felipe García Vélez,ES
Felipe González,ES
Felipe Lipe,ES
Felix Binder,DE
Félix Cubero,ES
Félix de Azúa,ES
Felix Fuchssteiner,DE
Félix Letot,FR
Félix Moati,FR
Felix Moeller,DE
Felix Randau,DE
Félix Sabroso,ES
Félix Vazquez,ES
Félix Viscarret,ES
Felix von Boehm,DE
Felix von Manteuffel,DE
Felix Vörtler,DE
Feo Aladag,AT
Féodor Atkine,FR
Ferdinand Dörfler,DE
Ferdinando Bruni,IT
Ferdinando Cito Filomarino,IT
Ferdinando Vicentini Orgnani,IT
Ferenc Borbiczki,HU
Ferenc Dalnoky,HU
Ferenc Grunwalsky,HU
Ferenc Haber,HU
Ferenc Lengyel,HU
Ferenc Mezei,HU
Ferenc Mezei,RO
Ferenc Snétberger,HU
Ferenc Török,HU
Fereshteh Sadre Orafaiy,IR
Ferhat Keskin,TR
Férid Boughedir,TN
Fermí Fernández,ES
Fermí Reixach,ES
Fermín Muguruza,ES
Fernandisco,ES
Fernando Albizu,ES
Fernando Álvarez-Uría,ES
Fernando Arribas,ES
Fernando Ayllón,CO
Fernando Cayo,ES
Fernando Colomo,ES
Fernando Conde,ES
Fernando Egozcue,AR
Fernando Esteso,ES
Fernando Franco,ES
Fernando García de Cortázar,ES
Fernando González Gómez,ES
Fernando González Molina,ES
Fernando Guillén Cuervo,ES
Fernando León de Aranoa,ES
Fernando Marías,ES
Fernando Marrot,ES
Fernando Méndez-Leite,ES
Fernando Merinero,ES
Fernando Moraleda,ES
Fernando Morán,ES
Fernando Osuna Mascaró,ES
Fernando Sánchez Dragó,ES
Fernando Savater,ES
Fernando Simarro,ES
Fernando Tejero,ES
Fernando Trueba,ES
Fernando Ustarroz,ES
Fernando Vera,ES
Feró Nagy,HU
Ferran Adrià,ES
Ferran Lahoz,ES
Ferran Rañé,ES
Ferruccio Soleri,IT
Ferzan Ozpetek,IT
Fettouma Bouamari,DZ
Fettouma Ousliha-Bouamari,DZ
Filip Heraković,HR
Filip Mojzeš,HR
Filip Peruzović,HR
Filip Radoš,HR
Filip Šovagović,HR
Filippo Conz,IT
Filippo Meneghetti,IT
Filippo Vendemmiati,IT
Filomena Gigante,PT
Filomena Macro,IT
Fina Dómenech,ES
Finbar Lynch,IE
Finn Christoph Stroeks,DE
Finn Schau,NO
Fiona Gordon,CA
Fiona Mollison,GB
Fiona Shaw,GB
Fiona Shaw,IE
Fiona Stewart,
Fionnula Flanagan,IE
Fiorella Faltoyano,ES
Fiorella Mannoia,IT
Fioretta Mari,IT
Firmine Richard,FR
Firuța Apetrei,RO
Fish,GB
Fiz Marcus,GB
Flaminia Cinque,GB
Flavia Coste,FR
Flavio Briatore,IT
Flavio Bucci,IT
Flood,GB
Flor Baena,ES
Flora López,ES
Florence Arrigoni Neri,FR
Florence Giorgetti,FR
Florence Miailhe,FR
Florence Pernel,FR
Florence Quentin,FR
Florence Thomassin,FR
Florence Vignon,FR
Florencio Domínguez,ES
Florent Gouëlou,FR
Florent Lacaze,FR
Florent Verdet,FR
Florent-Emilio Siri,FR
Florian Aigner,DE
Florian Cossen,DE
Florian David Fitz,DE
Florian Eichinger,DE
Florian Frerich,DE
Florian Gaag,DE
Florian Gallenberger,DE
Florian Gottschick,DE
Florian Havemann,DE
Florian Heinzen-Ziob,DE
Florian Henckel von Donnersmarck,AT
Florian Henckel von Donnersmarck,DE
Florian Hessique,FR
Florian Hoffmann,DE
Florian Martens,DE
Florian Ross,DE
Florian Schnell,DE
Florian Sigl,DE
Florian Westermann,DE
Florian Zeller,FR
Florin Andreescu,RO
Florin Busuioc,RO
Florin Călinescu,RO
Florin Iepan,RO
Florin Kevorkian,RO
Florin Șerban,RO
Florin Zamfirescu,RO
Forest Baker,US
Forest Whitaker,US
Forouzan Jamshidnejad,IR
Forrest Fyre,US
Fosco Dubini,CH
Fosforito,ES
Fran Arráez,ES
Fran Torres,ES
Franc Mažič,SI
Franca Deni,IT
Franca Di Ciccio,IT
Franca Maresa,IT
Frances Barber,GB
Frances Conroy,US
Frances Cuka,UK
Frances de la Tour,GB
Frances Fisher,US
Frances Le Tissier,GB
Frances McDormand,US
Frances O'Connor,GB
Francesc Albiol,ES
Francesc Bellmunt,ES
Francesc Betriu,ES
Francesc Martínez-Soria,ES
Francesc Orella,ES
Francesc Pagès,ES
Francesca Annis,GB
Francesca Archibugi,IT
Francesca Comencini,IT
Francesca Llopis,ES
Francesca Piñón,ES
Francesca Reggiani,IT
Francesca Vettori,IT
Francesca Zerbetto,IT
Francesco Acquaroli,IT
Francesco Albanese,IT
Francesco Amato,IT
Francesco Baccini,IT
Francesco Barilli,IT
Francesco Bellomo,IT
Francesco Bruni,IT
Francesco Calabrese,IT
Francesco Calogero,IT
Francesco Carnesecchi,IT
Francesco Carrozzini,IT
Francesco Catarinolo,IT
Francesco Cinquemani,IT
Francesco Colangelo,IT
Francesco Conversano,IT
Francesco Corsi,IT
Francesco Costabile,IT
Francesco Dafano,IT
Francesco De Fraia,IT
Francesco De Gregori,IT
Francesco Fanuele,IT
Francesco Fei,IT
Francesco Gagliardi,IT
Francesco Ghiaccio,IT
Francesco Giuffrè,IT
Francesco Mandelli,IT
Francesco Miccichè,IT
Francesco Munzi,IT
Francesco Pannofino,IT
Francesco Paolantoni,IT
Francesco Patierno,IT
Francesco Pavolini,IT
Francesco Pividori,IT
Francesco Prisco,IT
Francesco Ranieri Martinotti,IT
Francesco Zippel,IT
Franchesca McGill Perkins,
Franchin Don,CN
Francine Bergé,FR
Francine Lorin-Bazquez,FR
Francis Bodin,FR
Francis Buchholz,DE
Francis Coffinet,FR
Francis Ford Coppola,US
Francis Fourcou,FR
Francis Gendron,FR
Francis Ginibre,FR
Francis Hallé,FR
Francis Huster,FR
Francis Lee,GB
Francis Leplay,FR
Francis Meletzky,DE
Francis Perrin,FR
Francis Rangoajane,FR
Francis Renaud,FR
Francisco Calvo Serraller,ES
Francisco Casares,ES
Francisco Domínguez,ES
Francisco Espada,ES
Francisco Etxeberría,ES
Francisco Nápoli,UY
Francisco Vaquero Robustillo,ES
Francisco Vidal,ES
Franck Adrien,FR
Franck Cabot-David,FR
Franck de Lapersonne,FR
Franck Dubosc,FR
Franck Ekinci,FR
Franck Gastambide,FR
Franck Landron,FR
Franck Llopis,FR
Franck Magnier,FR
Franck Pitiot,FR
Franck Renaud,FR
Franco Angeli,IT
Franco Barbero,IT
Franco Branciaroli,IT
Franco Castellano,IT
Franco Ferrini,IT
Franco Javarone,IT
Franco Maino,IT
Franco Maresco,IT
Franco Mari,IT
Franco Moscon,IT
Franco Nero,IT
Franco Olivero,IT
Franco Oppini,IT
Franco Pinelli,IT
Franco Pistoni,IT
Franco Ravera,IT
Franco Trevisi,IT
François Armanet,FR
François Arnal,FR
François Berléand,FR
François Busnel,FR
François Caron,FR
François Cavanna,FR
François Chattot,FR
François Clavier,FR
François Cluzet,FR
François Cognard,FR
François Corbier,FR
François Creton,FR
François Desagnat,FR
François Favrat,FR
François Fehner,FR
François Feldman,FR
François Frappier,FR
François Jérosme,FR
François Lalande,FR
François Le Roux,FR
François Levantal,FR
François Loriquet,FR
François Margolin,FR
François Marthouret,FR
François Morel,FR
François Négret,FR
François Ozon,FR
François Perrot,FR
François Prévôt-Leygonie,FR
François Rebsamen,FR
François Ridel,FR
François Rollin,FR
François Rostain,FR
François Ruffin,FR
François Stuck,FR
François Theurier,FR
François Uzan,FR
François Zabaleta,FR
Françoise Arnoul,FR
Françoise Bertin,FR
Françoise Cadol,FR
Françoise Davisse,FR
Françoise Fabian,FR
Françoise Hardy,FR
Françoise Lebrun,FR
Françoise Oriane,BE
Françoise Pinkwasser,FR
Françoise Seigner,FR
Françoise Simpère,FR
Françoise Widhoff,FR
François-Éric Gendron,FR
François-Henri Soulié,FR
François-Marie Banier,FR
François-Régis Jeanne,FR
François-Xavier Destors,FR
Franjo Jurčec,HR
Frank Amann,DE
Frank Ariza,ES
Frank Arne Olsen,NO
Frank Behnke,DE
Frank Bellocq,FR
Frank Cassenti,FR
Frank Cimière,FR
Frank Clark,GB
Frank Feys,BE
Frank Finlay,GB
Frank Harper,GB
Frank Hildebrandt,DE
Frank Langella,US
Frank Laufenberg,DE
Frank Lowy,AU
Frank Marten Pfeiffer,
Frank McCusker,GB
Frank Muth,DE
Frank O'Sullivan,IE
Frank Röth,DE
Frank Thomas,
Frank W. Rima,DE
Frank W. Ritter,DE
Frank Warren,GB
Frank Wierke,DE
Frank Williams,GB
Frank Zander,DE
Franka Potente,DE
Frankie Oatway,GB
Franko Korošec,SI
Frank-Walter Steinmeier,DE
Franz Bairlein,DE
Franz Friedrich,AT
Franz Müller,DE
Franz von der Grinten,DE
Franz Wegner,DE
Franz Westner,DE
Franz Xaver Gernstl,DE
Franziska Buch,DE
Franziska Meyer Price,DE
Franziska Ponitz,DE
Franziska Ritter,DE
Franziska Schönenberger,DE
Franziska Stünkel,DE
Franziska Traub,DE
Franziska Troegner,DE
Franziska Walser,DE
Franz-Jürgen Zigelski,DE
Fraser C. Heston,US
Frauke Finsterwalder,DE
Frazer Hines,GB
Fred Baker,NZ
Fred Cavayé,FR
Fred Goodich,US
Fred Grivois,FR
Fred Grivois,CA
Fred Maire,DE
Fred Pearson,GB
Fred Personne,FR
Fred Scott,
Fred Tousch,FR
Fred Ulysse,FR
Fred Williamson,US
Freda Kelly,IR
Freddie Jones,GB
Freddy Mouchard,FR
Frédéric Beigbeder,FR
Frédéric Bouraly,FR
Frédéric Cerdal,FR
Frédéric Farrucci,FR
Frédéric Fisbach,FR
Frédéric Forestier,FR
Frédéric Lenoir,FR
Frédéric Merlo,FR
Frédéric Mermoud,CH
Frédéric Norbert,FR
Frédéric Pelle,FR
Frédéric Petitjean,FR
Frédéric Pierrot,FR
Frédéric Plénard,FR
Frédéric Quiring,FR
Frédéric Saurel,FR
Frédéric Schoendoerffer,FR
Frédéric Sojcher,BE
Frédéric Tellier,FR
Frédéric Touchard,FR
Frédéric van den Driessche,FR
Frédéric Videau,FR
Frederick Lau,DE
Frederick Wiseman,US
Frederik Steiner,DE
Frédérique Bedos,FR
Frédérique Tirmont,FR
Fridtjof Ryder,GB
Friedemann Fromm,DE
Frieder Schlaich,DE
Frieder Venus,DE
Frieder Wittich,DE
Friederike Frerichs,DE
Friedrich Liechtenstein,DE
Friedrich Luft,DE
Friedrich Schilha,DE
Friedrich von Thun,AT
Friedrich von Thun,CZ
Frigyes Gödrös,HU
Frigyes Kovács,HU
Frigyes Kovács,RS
Fritz Müller-Scherz,DE
Fritz Roth,DE
Fritz Stern,DE
Fulvia Patrizia Oliveri,IT
Fulvio Falzarano,IT
Fulvio Grimaldi,IT
Fulvio Iannucci,IT
Fulvio Musco,IT
Fulvio Risuleo,IT
Gabe Turner,GB
Gabi Fon,HU
Gábor Benő Baranyi,HU
Gábor Csizmazia,HU
Gábor Csőre,HU
Gábor Csupó,US
Gábor Csupó,HU
Gábor Dióssy,HU
Gábor Fabricius,HU
Gábor Ferenczi,HU
Gábor Forgács,HU
Gábor Gelencsér,HU
Gábor Giret,HU
Gábor Halmai,HU
Gábor Harsányi,HU
Gábor Herendi,HU
Gábor Hevér,HU
Gábor Hollerung,HU
Gábor Kiss,HU
Gábor Klacsán,HU
Gábor Koncz,HU
Gábor Máté,HU
Gábor Matúz,HU
Gábor Medvigy,HU
Gábor Móray,HU
Gábor Németh,HU
Gábor Péter Vincze,HU
Gábor Reisz,HU
Gábor Reviczky,HU
Gábor Rohonyi,HU
Gábor Rózsa,HU
Gábor Salinger,HU
Gábor Takács Bencze,HU
Gábor Zelei,HU
Gábor Zoboki,HU
Gábor Zsigmond Papp,HU
Gabriel Achim,RO
Gabriel Apostol,RO
Gabriel Arcand,CA
Gabriel Byrne,IE
Gabriel Clarke,GB
Gabriel Foster Prior,GB
Gabriel Julien-Laferrière,FR
Gabriel Latorre,ES
Gabriel Le Bomin,FR
Gabriel Le Doze,FR
Gabriel Lechón,ES
Gabriel Radu,RO
Gabriel Range,GB
Gabriel Spahiu,RO
Gabriel Velázquez,ES
Gabriela Maria Schmeide,DE
Gabriela Popescu,RO
Gabriele Blum,DE
Gabriele Denecke,DE
Gabriele Domschke,DE
Gabriele Guidi,IT
Gabriele Krestan,AT
Gabriele Lavia,IT
Gabriele Mainetti,IT
Gabriele Muccino,IT
Gabriele Pignotta,IT
Gabriele Salvatores,IT
Gabriele Tozzi,IT
Gabriele von Arnim,DE
Gabriele Voss,DE
Gabriella Bartalis,HU
Gabriella Bartalis,RO
Gabriella Kessler,FR
Gabriella Kessler,US
Gabrielle Lazure,CA
Gabrielle Rose,CA
Gabrielle Scharnitzky,DE
Gaby Dohm,AT
Gaby Fremy,DE
Gabz Barker,GB
Gad Elmaleh,CA
Gaël Breton,FR
Gaël Lépingle,FR
Gaëlle Falzerana,FR
Gaëlle Mourre,GB
Gaëlle Mourre,FR
Gaetano Amato,IT
Gaetano Aronica,IT
Gaetano Curreri,IT
Gail Ball,US
Gail Marshall,US
Gaizka Urresti,ES
Gal Soler,ES
Galaad Hemsi,FR
Galder Gaztelu-Urrutia,ES
Gamal Helal,EG
Gamil Ratib,EG
Gamma Bak,
Gareth Edwards,GB
Gareth Hale,GB
Gareth Tunley,GB
Garrick Hagon,GB
Gary Beadle,GB
Gary Kurtz,US
Gary Lewis,GB
Gary Lineker,ES
Gary Oldman,GB
Gary Shail,GB
Gary Whelan,IE
Gary Wilmot,GB
Gaspar Noé,AR
Gastón Duprat,AR
Gavin Elder,GB
Gavin Hood,ZA
Gavin Kitchen,GB
Gavino Ledda,IT
Gea Martire,IT
Ged Marlon,FR
Geezer Butler,GB
Gegia,IT
Géla Babluani,GE
Gelu Colceag,RO
Gelu Nițu,RO
Gemma Cuervo,ES
Gemma Jones,GB
Gemma Nierga,ES
Gen Seto,JP
Gene Kilroy,US
Gene Simmons,IL
Gene Simmons,US
Genesis P-Orridge,GB
Geneviève Bujold,CA
Geneviève Casile,FR
Geneviève Mnich,FR
Geneviève Page,FR
Geneviève Plet,FR
Gennadi Vengerov,RU
Gennadiy Fomin,
Gennaro Nunziante,IT
Gennaro Scarpato,IT
Geno Diana,IT
Geno Lechner,DE
Geo Balint,RO
Geoff Bell,GB
Geoffrey Cowper,ES
Geoffrey Cowper,AU
Geoffrey McGivern,GB
Geoffrey Palmer,GB
Geoffrey Rush,AU
Geoffroy Thiebaut,FR
Georg Blumreiter,DE
Georg Friedrich Haas,AT
Georg Heinzen,DE
Georg Kaser,IT
Georg Kaser,AT
Georg Kostya,CZ
George Aguilar,US
George Alexandru,RO
George Blondă,RO
George Camiller,GB
George Chiper,RO
George Cohen,GB
George Fenton,GB
George Foreman,US
George Gallo,US
George Inci,DE
George Klein,US
George Lois,US
George Lungoci,RO
George M. Church,US
George M. Koumal,CZ
George Michael,GB
George Mihăiță,RO
George R.R. Martin,US
George Raveling,US
George Scott,GB
George Taylor,GB
George Voinese,RO
Georges Bécot,FR
Georges Bigot,FR
Georges Brouard-Daudignon,FR
Georges Caudron,FR
Georges Corraface,FR
Georges Didi-Huberman,FR
Georges Federmann,FR
Georges Neri,FR
Georges Ser,FR
Georges Siatidis,BE
Georgette Dee,DE
Georgia Parris,GB
Georgie Glen,GB
Ger Ryan,IE
Gerald Casale,US
Gerald Fox,ZA
Gérald Laroche,FR
Gerald Schaale,DE
Geraldine Blecker,UK
Geraldine Chaplin,ES
Geraldine Chaplin,US
Géraldine Danon,FR
Geraldine James,GB
Géraldine Nakache,FR
Gérard Biard,FR
Gérard Bitton,FR
Gérard Boucaron,FR
Gérard Chaillou,FR
Gérard Colé,FR
Gérard Courtois,FR
Gérard Darier,FR
Gérard Darmon,FR
Gérard Depardieu,AE
Gérard Depardieu,FR
Gérard Depardieu,RU
Gérard Dessalles,FR
Gérard Garouste,FR
Gérard Giroudon,FR
Gérard Hernandez,FR
Gerard Horan,GB
Gérard Jugnot,FR
Gérard Krawczyk,FR
Gérard Lanvin,FR
Gérard Lartigau,FR
Gérard Lenne,FR
Gérard Loussine,FR
Gérard Meylan,FR
Gérard Miller,FR
Gérard Mordillat,FR
Gérard Pautonnier,FR
Gérard Pommier,FR
Gerard Quinto,ES
Gérard Rinaldi,FR
Gérard Watkins,FR
Gérard Zingg,FR
Gerardo Amato,IT
Gerardo Herrero,ES
Gerardo Lamattina,IT
Gerardo Olivares,ES
Gerardo Placido,IT
Gerardo Vera,ES
Gerd Grzesczak,DE
Gerd Knebel,DE
Gerd Kroske,DE
Gerd Roscher,DE
Gerd Schneider,DE
Gerda Bikales,DE
Gerda Böken,DE
Gerda Freise,DE
Gereon Wetzel,DE
Gergő Kaszás,HU
Gerhard Bös,DE
Gerhard Delling,DE
Gerhard Göbelt,DE
Gerhard Gundermann,DE
Gerhard Hoffmann,DE
Gerhard Mack,DE
Gerhard Polt,DE
Gerhard Schick,DE
Gerhard Schöne,DE
Gerhard Wittmann,DE
Gerhardt Berger,AT
Germain Kanda,RO
Germain Wagner,LU
Germaine Acogny,FR
German Kral,AR
Germán Roda,ES
Germano Lanzoni,IT
Germano Maccioni,IT
Gernot Kunert,DE
Gero von Boehm,DE
Gerolamo Alchieri,IT
Gérome Barry,FR
Gerry Adams,IE
Gert Jan Louwe,NL
Gert Voss,DE
Gert Weigelt,DE
Gertie Honeck,DE
Gertrud Oppenheimer,
Gervasio Sánchez,ES
Géza Bereményi,HU
Géza D. Hegedűs,HU
Géza Kaszás,HU
Géza Komoróczy,HU
Géza M. Tóth,HU
Géza Morcsányi,HU
Géza Tordy,HU
Gheorghe Boanca,RO
Gheorghe Ciobanu,RO
Gheorghe Ifrim,RO
Gheorghe Lazarovici,RO
Gheorghe Onișoru,RO
Gheorghe Preda,RO
Gheorghe Visu,RO
Gherardo Colombo,IT
Gheroghe Nutescu,RO
Ghislain de Fonclare,FR
Ghislaine Girard,FR
Ghislaine Paul-Cavallier,FR
Giacinto Scelsi,IT
Giacomo Abbruzzese,IT
Giacomo Ciarrapico,IT
Giacomo Durzi,IT
Giacomo Gatti,IT
Giacomo Piperno,IT
Giacomo Poretti,IT
Giacomo Rizzo,IT
Giada Diano,IT
Giambattista Assanti,IT
Giampaolo Fabrizio,IT
Giampaolo Morelli,IT
Giampiero Mughini,IT
Gian Alfonso Pacinotti Gipi,IT
Giancarlo Esposito,IT
Giancarlo Fontana,IT
Giancarlo Giannini,IT
Giancarlo Martini,IT
Giancarlo Ratti,IT
Giancarlo Scarchilli,IT
Giancarlo Soldi,IT
Gianclaudio Cappai,IT
Gianclaudio Lopez,IT
Gianfelice Imparato,IT
Gianfilippo Pedote,IT
Gianfrancesco Lazotti,IT
Gianfranco Cabiddu,IT
Gianfranco D'Angelo,IT
Gianfranco De Angelis,IT
Gianfranco Gallo,IT
Gianfranco Pannone,IT
Gianfranco Quero,IT
Giangiacomo de Stefano,IT
Gianluca Ansanelli,IT
Gianluca Arcopinto,IT
Gianluca Cerasola,IT
Gianluca Jodice,IT
Gianluca Leuzzi,IT
Gianluca Mangiasciutti,IT
Gianluca Maria Tavarelli,IT
Gianluca Matarrese,IT
Gianmarco Tognazzi,IT
Gianna Giachetti,IT
Gianna Nannini,IT
Gianna Paola Scaffidi,IT
Gianni Amelio,IT
Gianni Aureli,IT
Gianni Buscarino,IT
Gianni Canova,IT
Gianni Cavina,IT
Gianni Ciardo,IT
Gianni Ciuffini,IT
Gianni Costantino,IT
Gianni Di Gregorio,IT
Gianni Fantoni,IT
Gianni Federico,IT
Gianni Ferrari,IT
Gianni Ferreri,IT
Gianni Franco,IT
Gianni Macchia,IT
Gianni Morandi,IT
Gianni Parisi,IT
Gianni Zanasi,IT
Giannis Tsortekis,GR
Gică Craioveanu,RO
GiedRé,LT
Gigi Angiulli,IT
Gigi De Luca,IT
Gigi Proietti,IT
Gigi Roccati,IT
Gigi Savoia,IT
Gigio Alberti,IT
Gigio Morra,IT
Gigliola Cinquetti,IT
Gil Kenan,GB
Gil Parrondo,ES
Gilbert Bouchard,FR
Gilbert Lévy,FR
Gilbert Melki,FR
Gilbert Montagné,FR
Gilbert Rödiger,DE
Gilbert von Sohlern,DE
Gilberto Gil,BR
Gilda Love,ES
Giliano Carli,IT
Gilles Arbona,FR
Gilles Balbastre,FR
Gilles Bannier,FR
Gilles Bouleau,FR
Gilles Bourdos,FR
Gilles Cohen,FR
Gilles David,FR
Gilles de Maistre,FR
Gilles Détroit,FR
Gilles Gaston-Dreyfus,FR
Gilles Jacob,FR
Gilles Janeyrand,FR
Gilles Kneusé,FR
Gilles Legrand,FR
Gilles Lellouche,FR
Gilles Lemaire,FR
Gilles Marchand,FR
Gilles Murigneux,FR
Gilles Penso,FR
Gilles Perret,FR
Gilles Privat,CH
Gilles Soeder,LU
Gilles Treton,FR
Gilles Tschudi,CH
Gillian Hanna,GB
Gillian Murray,AU
Gillies MacKinnon,GB
Gilya Stern,IL
Gina Birch,GB
Gina McKee,GB
Ginés García Millán,ES
Ginette Garcin,FR
Ginevra Elkann,IT
Gino Astorina,IT
Gino Carista,IT
Gino Castaldo,IT
Gino Cogliandro,IT
Gino FRsconi,US
Gino Nardella,IT
Gino Picciano,
Giobbe Covatta,IT
Gioele Dix,IT
Giorgia Cecere,IT
Giorgia Farina,IT
Giorgio Albertazzi,IT
Giorgio Amato,IT
Giorgio Assumma,IT
Giorgio Barchiesi,IT
Giorgio Capitani,IT
Giorgio Carminati,IT
Giorgio Colangeli,IT
Giorgio Diritti,IT
Giorgio Ferrero,IT
Giorgio Gobbi,IT
Giorgio Lopez,IT
Giorgio Panariello,IT
Giorgio Pasotti,IT
Giorgio Pressburger,HU
Giorgio Pressburger,IT
Giorgio Romano,IT
Giorgio Testi,IT
Giorgio Tirabassi,IT
Giorgio Treves,IT
Giorgio Verdelli,IT
Giorgos Kotanidis,GR
Giovanna Calvenzi,IT
Giovanna Cau,IT
Giovanna Daddi,IT
Giovanna Marini,IT
Giovanna Ralli,IT
Giovanna Ribes,ES
Giovanni Aloi,IT
Giovanni Basso,IT
Giovanni Battista Origo,IT
Giovanni Bedeschi,IT
Giovanni Benincasa,IT
Giovanni Bissaca,IT
Giovanni Bognetti,IT
Giovanni Buttarelli,IT
Giovanni Cacioppo,IT
Giovanni Cucciari,IT
Giovanni Esposito,IT
Giovanni Guardiano,IT
Giovanni Lindo Ferretti,IT
Giovanni Lombardo Radice,IT
Giovanni Mancini,IT
Giovanni Mauriello,IT
Giovanni Mazzitelli,IT
Giovanni Piscaglia,IT
Giovanni Senzani,IT
Giovanni Soldati,IT
Giovanni Storti,IT
Giovanni Veronesi,IT
Giovanni Vettorazzo,IT
Giovanni Virgilio,IT
Giovanni Visentin,IT
Gisa Findorff,DE
Gisela Müller-Madaus,DE
Gisela Schneeberger,DE
Gisèle Casadesus,FR
Gisella Burinato,IT
Gisella Sofio,IT
Gitta Schweighöfer,DE
Giulia Brazzale,IT
Giulia Giapponesi,IT
Giulia Lazzarini,IT
Giulia Steigerwalt,IT
Giuliana De Sio,IT
Giuliana Gamba,IT
Giuliana Lojodice,IT
Giuliano Di Bernardo,IT
Giuliano Montaldo,IT
Giulietta Revel,IT
Giulio Base,IT
Giulio Brogi,IT
Giulio Manfredonia,IT
Giulio Rapetti Mogol,IT
Giulio Ricciarelli,IT
Giulio Scarpati,IT
Giuseppe Alessio Nuzzo,IT
Giuseppe Barile,IT
Giuseppe Bassi,IT
Giuseppe Battiston,IT
Giuseppe Bonito,IT
Giuseppe Boy,IT
Giuseppe Capotondi,IT
Giuseppe Cederna,IT
Giuseppe Conti,IT
Giuseppe Ferlito,IT
Giuseppe Giacobazzi,IT
Giuseppe Gigliorosso,IT
Giuseppe Lo Console,IT
Giuseppe M. Gaudino,IT
Giuseppe Marco Albano,IT
Giuseppe Pambieri,IT
Giuseppe Pedersoli,IT
Giuseppe Piccioni,IT
Giuseppe Stasi,IT
Giuseppe Tornatore,IT
Giuseppe Varlotta,IT
Giusi Merli,IT
Giustina Buonomo,IT
Gladys Cohen,FR
Gledys Ibarra,VE
Glen Matlock,GB
Glenda Jackson,GB
Glenn Close,US
Glenn Leyburn,IE
Glenn Wrage,US
Gloria Escomel,CA
Glória Halász,HU
Gloria Muñoz,ES
Gloria Vega,ES
Glyn Johns,GB
Gode Benedix,DE
Godehard Giese,DE
Godfrey Jackman,GB
Goffredo Fofi,IT
Gojko Mitic,SE
Gojmir Lešnjak,SI
Gonzalo Bendala,ES
Gonzalo Crespo Gil,ES
Gonzalo de Castro,ES
Gonzalo García Pelayo,ES
Gonzalo López,ES
Gonzalo Recio,ES
Gonzalo Suárez,ES
Gonzalo Tapia,ES
Gonzalo Uriarte,ES
Gonzalo Visedo,ES
Goran Dukić,HR
Goran Grgić,HR
Goran Kulenović,HR
Goran Marić,DE
Goran Navojec,HR
Goran Radaković,RS
Goran Radovanovic,SE
Goran Stolevski,AU
Goran Stolevski,MK
Goran Vojnović,SI
Gordana Slivka,HR
Gordian Maugg,DE
Gordon Banks,GB
Gordon Kennedy,GB
Gordon Strachan,GB
Gordon Warnecke,GB
Gorjana Janjic,BA
Gorka Aguinagalde,ES
Gorka Sesma,ES
Gottfried Breitfuss,AT
Gottfried Helnwein,AT
Götz Aly,DE
Götz Otto,DE
Götz Schubert,DE
Götz Schulte,DE
Grace de Capitani,FR
Grace de Capitani,IT
Grace Jones,JM
Gracia Olayo,ES
Gracia Querejeta,ES
Graeme Sharp,GB
Graham Gouldman,GB
Graham Greene,CA
Graham Greene,US
Graham McTavish,GB
Graham Nash,GB
Grahame Fox,GB
Grand Corps Malade,FR
Grant Marshall,GB
Granz Henman,DE
Grazia Daddario,IT
Graziano Salvadori,IT
Graziella Marina,IT
Grażyna Szapołowska,PL
Greg Cruttwell,GB
Greg Dyke,GB
Greg Germain,FR
Greg Kinnear,US
Greg LeMond,US
Greg Wise,UK
Gregg Araki,US
Grégoire Bonnet,FR
Grégoire Leprince-Ringuet,FR
Grégoire Oestermann,FR
Gregor Baković,SI
Gregor Benko,US
Gregor Čušin,SI
Gregor Fisher,GB
Gregor Gysi,DE
Gregor Höppner,DE
Gregor Schnitzler,DE
Gregor Tomc,SI
Gregory Itzin,US
Gregory Kershaw,US
Gregory Kirchhoff,DE
Gregory Magne,FR
Greil Marcus,US
Greta Klingsberg,AT
Greta Scacchi,AU
Greta Scacchi,GB
Greta Scacchi,IT
Griff Rhys Jones,GB
Griffin Dunne,US
Grigori Manukov,RU
Grit Boettcher,DE
Grit Lemke,DE
Groupe Cinéma du Centre Artaud,
Gualtiero Marchesi,IT
Gudo Hoegel,DE
Gudrun Gruber,AT
Gudrun Gut,DE
Gudrun Landgrebe,DE
Gudrun Ritter,DE
Guendalina Zampagni,IT
Guenter Lewy,DE
Guia Jelo,IT
Guido Calvi,IT
Guido Cerasuolo,IT
Guido Chiesa,IT
Guido De Angelis,IT
Guido Harari,IT
Guido Lombardi,IT
Guilaine Londez,FR
Guilhem Pellegrin,FR
Guillaume Brac,FR
Guillaume Briat,FR
Guillaume Bureau,FR
Guillaume Canet,FR
Guillaume de Tonquédec,FR
Guillaume Gallienne,FR
Guillaume Gwardeath,FR
Guillaume Levil,FR
Guillaume Maidatchevsky,FR
Guillaume Massart,FR
Guillaume Namur,FR
Guillaume Nicloux,FR
"Guillermo ""Willy"" Oddó",CL
Guillermo Antón,ES
Guillermo de Oliveira,ES
Guillermo del Toro,MX
Guillermo García López,ES
Guillermo Montesinos,ES
Guillermo Quintero,CO
Güler Yücel,TR
Gundars Abolins,LV
Gundi Ellert,DE
Gundula von Zitzewitz,DE
Gunilla Röör,SE
Gunnar James Bond Schäfer,SE
Gunnar Möller,DE
Gunnel Lindblom,SE
Günter Barton,DE
Günter Clemens,DE
Gunter Demnig,DE
Günter Rohrbach,DE
Günther Lindner,DE
Günther Maria Halmer,DE
Günther Rothlaender,CH
Guo Qiang Xu,CN
Gurinder Chadha,GB
Gurinder Chadha,KE
Gustav Peter Wöhler,DE
Gustave Kervern,FR
Gustave Parking,FR
Gustavo Catalán,ES
Gustavo Hernández,UY
Gustavo Ron,ES
Gustavo Sánchez,ES
Guy Bedos,FR
Guy Chataigné,
Guy Davies,GB
Guy Jenkin,GB
Guy Lecluyse,FR
Guy Marchand,FR
Guy Marignane,FR
Guy Nattiv,IL
Guy Ribes,FR
Guy Roux,FR
Guy Siner,US
Guy Tréjan,FR
Gwen Ellis,GB
Gwen Taylor,GB
Gwen Van Dam,US
György Árvai,HU
György Bajomi Nagy,HU
György Barkó,HU
György Barkó,RO
György Cserhalmi,HU
György Dobray,HU
György Gödény,HU
György Kárpáti,HU
György Kurtág,HU
György Kurtág,RO
György Mór Kárpáti,HU
György Pálfi,HU
György Pálos,HU
György Pálos,EG
György Szakály,HU
György Szatmári,HU
Györgyi Kari,HU
Györgyi Módri,HU
Győző Szabó,HU
Gyula Bodrogi,HU
Gyula Gazdag,HU
Gyula Gulyás,HU
Gyula Kedves,HU
Gyula Kovács,HU
Gyula Nemes,HU
H.H. Lim,MY
H.P. Baxxter,DE
H.R.,US
Habib Boufares,FR
Habib Dembélé,ML
Hadi Hajaig,GB
Hadrian Marcu,RO
Hafida Tahri,FR
Haidar Qaraeen,
Haifaa Al-Mansour,SA
Hajni Kis,HU
Hakim Boughéraba,FR
Hakim Zouhani,FR
Hal Willner,US
Hal Yamanouchi,IT
Halina Dyrschka,DE
Haluk Bilginer,TR
Hamadoun Kassogué,ML
Hamé Bourokba,FR
Hamid Fardjad,IR
Hamish MacInnes,GB
Hammou Graïa,FR
Hampana Nagarayya,
Hana Laszlo,IL
Hank Levine,DE
Hanna Henigin,DE
Hanna Ladoul,FR
Hanna Lehmbäcker,DE
Hanna Rieber,IL
Hanna Rieber,RO
Hanna Schygulla,DE
Hannelore Elsner,DE
Hannelore Hoger,DE
Hannelore Koch,DE
Hannes Hellmann,DE
Hannes Höchsmann,RO
Hannes Jaenicke,DE
Hannes Schönemann,DE
Hannes Stelzer,DE
Hanno Olderdissen,DE
Hanns Jörg Krumpholz,AT
Hanns Zischler,DE
Hans Bayer,DE
Hans Brückner,DE
Hans Burmann,DE
Hans H. Steinberg,DE
Hans Jürgen Alf,DE
Hans Magnusson,SE
Hans Meyer,ZA
Hans Peter Fischer,DE
Hans Peter Hallwachs,DE
Hans Peter Korff,DE
Hans Piesbergen,DE
Hans Stadlbauer,DE
Hans Steinbichler,DE
Hans Steinbichler,CH
Hans Unstern,DE
Hans Van Manen,NL
Hans Zimmer,DE
Hans-Christian Schmid,DE
Hans-Christian Ströbele,DE
Hans-Dieter Delkus,DE
Hans-Dietrich Genscher,DE
Hans-Eckardt Wenzel,DE
Hans-Gerd Kilbinger,
Hans-Günther Bücking,DE
Hans-Heinrich Hardt,DE
Hansi Jochmann,DE
Hansi Schmidt,DE
Hansi Schmidt,RO
Hans-Joachim Brucherseifer,DE
Hans-Joachim Maak,DE
Hans-Jochen Röhrig,DE
Hans-Jürgen Buchner,DE
Hans-Jürgen Dittberner,DE
Hans-Jürgen Grapenbrade,DE
Hans-Jürgen Syberberg,DE
Hans-Jürgen Zimmermann,
Hans-Maria Darnov,AT
Hans-Martin Stier,DE
Hans-Michael Rehberg,DE
Hans-Peter Cloos,DE
Hanspeter Müller-Drossaart,CH
Hans-Ulrich Laux,DE
Hans-Uwe Bauer,DE
Hans-Werner Möllmann,DE
Hans-Werner Sinn,DE
Hany Tamba,LB
Hany Tamba,GB
Hape Kerkeling,DE
Harald Bergmann,DE
Harald Horváth,DE
Harald Martenstein,DE
Harald Schmidt,DE
Harald Siebler,DE
Harald Siepermann,DE
Harald Warmbrunn,DE
Hardy Krüger,DE
Hark Bohm,DE
Harley Russell,US
Harold Evans,GB
Harold Vasselin,FR
Harri Shanahan,
Harriet Thorpe,GB
Harriet Walter,GB
Harry Alexander,GB
Harry Baer,DE
Harry Dickman,GB
Harry Enfield,GB
Harry Macqueen,GB
Harry Wijnvoord,US
Harry Wootliff,GB
Hartmut Becker,DE
Hartmut König,DE
Hartmut Vogtmann,DE
Hartmut Volle,DE
Hartwig Kastendieck,DE
Harvey Friedman,US
Harvey Keitel,US
Hary Prinz,AT
Hasija Boric,BA
Haskell Wexler,US
Hassan Lazouane,MA
Hassan Nazer,GB
Hassan Nazer,IR
Hassane Mezine,DZ
Hatika Karaoui,FR
Hauke Wendler,DE
Hayley Carmichael,GB
Haymon Maria Buttinger,AT
Heather Mitchell,AU
Héctor Alterio,AR
Héctor Cabello Reyes,FR
Héctor Cantolla,ES
Héctor Carré,ES
Héctor Colomé,ES
Héctor Domínguez-Viguera,ES
Héctor Faver,AR
Héctor Manrique,ES
Héctor Noas,CU
Héctor Noguera,CL
Hector Obalk,FR
Hede Beck,DE
Hedi Kriegeskotte,DE
Hedwig Schmutte,DE
Heide Ackermann,DE
Heidi Specogna,CH
Heike Fink,DE
Heike Hanold-Lynch,DE
Heike Trinker,DE
Heiko Lange,DE
Heiko Lochmann,DE
Heiko Pinkowski,DE
Heiner Hinrichs,DE
Heiner Lauterbach,DE
Heino Ferch,DE
Heinrich Giskes,DE
Heinrich Rolfing,DE
Heinrich Schafmeister,DE
Heinz Brinkmann,DE
Heinz Emigholz,DE
Heinz Flemming,
Heinz Hoenig,DE
Heinz Huppertz,DE
Heinz Lehmbäcker,DE
Heinz Lieven,DE
Heinz Löffelbein,
Heinz Lohmann,DE
Heinz Rotthäuser,
Heinz Rudolf Kunze,DE
Heinz Strunk,DE
Heinz Stücke,DE
Heinz Wanitschek,AT
Heinz Wismann,DE
Heinz-Günther Hüsch,DE
Heinz-Josef Braun,DE
Hejer Charf,CA
Helen Britton,AU
Helen Griffin,GB
Helen Mirren,GB
Helen Ryan,GB
Helen Schneider,DE
Helena Bengoetxea,ES
Helena Bereen,IE
Helena Bonham Carter,UK
Helena de Llanos,ES
Helena Hufnagel,DE
Héléna Klotz,FR
Helena Taberna,ES
Hélène Alexandridis,FR
Hélène Angel,FR
Helene Beltracchi,DE
Hélène de Saint-Père,FR
Hélène Duc,FR
Hélène Fillières,FR
Helene Hegemann,DE
Hélène Hily,FR
Hélène Médigue,FR
Hélène Monette,CA
Hélène Raimbault,FR
Hélène Surgère,FR
Hélène Vincent,FR
Hélène Zimmer,FR
Helga Boettiger,DE
Helga Hadewig,DE
Helga Krüger,DE
Helga Le Comte,DE
Helga Mandel,HU
Helga Nowitzki,DE
Helge Schneider,DE
Helier Bissell-Thomas,GB
Hélier Cisterne,FR
Helke Misselwitz,DE
Helmfried von Lüttichau,DE
Helmke Franzius,DE
Helmut Berger,AT
Helmut Berger,DE
Helmut Gauß,DE
Helmut Köpping,AT
Helmut Krauss,DE
Helmut Mooshammer,AT
Helmut Mooshammer,DE
Helmut Schmidt,DE
Helmut Zerlett,DE
Helmuth Lohner,AT
Héloïse Pelloquet,FR
Hendrik Arnst,DE
Hendrik Hölzemann,DE
Hendrik Löbbert,DE
Henk Pretorius,ZA
Henning Beckhoff,DE
Henning Peker,DE
Henning Valin Jakobsen,DM
Henri Attal,FR
Henri Belin,FR
Henri de Latour,FR
Henri Garcin,FR
Henri Guybet,FR
Henri Joyeux,FR
Henri Leclerc,FR
Henri Steinmetz,DE
Henriette Gonnermann,DE
Henri-François Imbert,FR
Henrik Peschel,DE
Henrik Rolf Hanstein,
Henrika Kull,DE
Henri-Pierre Thouzeau,FR
Henry Arnold,DE
Henry Büchmann,DE
Henry Goodman,GB
Henry Hübchen,DE
Henry Singer,US
Henryk M. Broder,DE
Herbert Forthuber,AT
Herbert Knaup,DE
Herbert Leiser,CH
Herbert Léonard,FR
Herbert Schuldt,DE
Herbert Schwarze,DE
Herbie Hancock,US
Herdolor Lorenz,DE
Herman Gilis,BE
Herman van Ulzen,NL
Hermann Beyer,DE
Hermann Bonnín,ES
Hermann Pölking,DE
Hermann Vaske,DE
Hermes Paralluelo,ES
Hermine Huntgeburth,DE
Hermine Karagheuz,FR
Hernán Zin,AR
Hervé Blanc,FR
Hervé Caradec,FR
Hervé Dubourjal,FR
Hervé Falloux,FR
Hervé Icovic,FR
Hervé Kempf,FR
Hervé Mimran,FR
Hervé Pauchon,FR
Hervé Payen,FR
Hervé Pierre,FR
Hervé Pierre-Gustave,FR
Hervé Temime,FR
Hervé Vilard,FR
Hettie MacDonald,GB
Hetty Baynes,GB
Hiam Abbass,PS
Hichem Yacoubi,TN
Hilda Abrahamz,AR
Hilde Van Mieghem,BE
Hildegard Faust-Albrecht,DE
Hildegard Frauenrath,DE
Hildegard Rotthäuser,
Hildegard Schmahl,DE
Hildegard Schroedter,DE
Hilmar Eichhorn,DE
Hilton McRae,GB
Hiltrud Hauschke,DE
Hippolyte Girardot,FR
Hirokazu Koreeda,JP
Hiroyuki Sanada,JP
Hitham Omari,IL
Holger Czukay,GB
Holger Franke,DE
Holger Geschwindner,DE
Holger Haase,DE
Holger Tappe,DE
Holly Beavon,US
Holt McCallany,US
Homayoun Ershadi,IR
Hong Khau,GB
Honorine Perino,FR
Hope Dickson Leach,GB
Horațiu Mălăele,RO
Horst Herrmann,DE
Horst Kotterba,DE
Horst Rehberg,DE
Horst Sachtleben,DE
Horst Schaschke,DE
Horst Teltschik,DE
Horst Teltschik,CZ
Horst-Günter Marx,DE
Howard Crossley,GB
Howard Dell,CA
Howard Zinn,US
Hrvoje Barišić,HR
Hubert Burczek,DE
Hubert Charuel,FR
Hubert Saint-Macary,FR
Hubert Védrine,FR
Hubert Viel,FR
Hubert Weiland,
Hubert Weiland,DE
Hubertus Hartmann,DE
Hugh Bonneville,GB
Hugh Fraser,GB
Hugh Gormley,IE
Hugh Grant,GB
Hugh Jackman,AU
Hugh Laurie,GB
Hugh Quarshie,GH
Hugo Bachelet,FR
Hugo Bardin,FR
Hugo Benamozig,FR
Hugo de Faucompret,FR
Hugo Gélin,FR
Hugo P. Thomas,FR
Hugo Parthonnaud,FR
Hugo Ruíz,ES
Hugo Sobelman,FR
Hugo Stuven,ES
Hugues Aufray,FR
Hugues Poulain,FR
Huguette Maure,FR
Hung Nguyen Tuong,
Hüseyin Tabak,DE
Husky Kihal,FR
Iaia Forte,IT
Iain Glen,UK
Iain Ross-McNamee,GB
Iain Sinclair,GB
Ian Forsyth,GB
Ian Gelder,GB
Ian Gibson,ES
Ian Gillan,GB
Ian Hanmore,GB
Ian Hogg,GB
Ian Holm,UK
Ian Hunter,GB
Ian Lavender,GB
Ian McDonald,GB
Ian McElhinney,GB
Ian McEwan,GB
Ian McKellen,GB
Ian McNeice,GB
Ian McShane,GB
Ian Nelms,US
Ian Ogilvy,GB
Ian Porter,GB
Ian Puleston-Davies,GB
Ian Rankin,GB
Ian Reddington,GB
Ian Richardson,UK
Iancu Dumitrescu,RO
Iban Toledo,ES
Ibolya Fekete,HU
Ibolya Péva,HU
Ibón Cormenzana,ES
Ibrahim Parlak,TR
Ice-T,US
Ichgola Androgyn,DE
Icíar Bollaín,ES
Id. Zoltán Telek,HU
Id. Zoltán Telek,SK
Ida Di Benedetto,IT
Ida Marinelli,IT
Ida Techer,FR
Idriss Karimi,MA
ifj. András Petróczy,HU
Igal Naor,IL
Iggy Pop,US
Ignacio Benedetti,VE
Ignacio Estaregui,ES
Ignacio Latierro,ES
Ignacio López Tarso,MX
Ignacio Vilar,ES
Igor Biddau,IT
Igor Buharov,HU
Igor Cobileanski,MD
Igor Denisov,BY
Igor Gotesman,FR
Igor Grdina,SI
Igor Jijkine,RU
Igor Kordej,HR
Igor Legarreta,ES
Igor Maltagliati,IT
Igor Samobor,SI
Igor Samobor,HR
Igor Sancin,IT
Igor Šeregi,HR
Igor Šmid,SI
Igor Šterk,SI
Igor Tuveri Igort,IT
Igor Vidmar,SI
Igor Zupe,SI
Igor Žužek,SI
Iker Elorrieta,ES
Ilan Klipper,FR
Ildikó Bánsági,HU
Ildikó Enyedi,HU
Ildikó Hámori,HU
Ildikó Hűvösvölgyi,HU
Ildikó Szabó,HU
Ildikó Tóth,HU
Ileana Riganò,IT
Ilie Gâlea,RO
Ilinca Calugareanu,RO
Ilir Prapashtica,XK
İlker Çatak,DE
Ilona Christina Schulz,DE
Ilona Kassai,HU
Ilona Schulz,DE
Ilona Staller,HU
Ilona Staller,IT
Ilse Aigner,DE
Ilse Bendin,DE
Ilse Ledien,DE
Ilse Neubauer,DE
Ilse Strambowski,DE
Ilvea Benatti,IT
Ima Ranedo,ES
Imanol Arias,ES
Imanol Uribe,ES
Imanol Zinkunegi,ES
Imelda Staunton,GB
Imke Büchel,DE
Imma Piro,IT
Imma Villa,IT
Imogen Kogge,DE
Imre Csók,HU
Imre Csuja,HU
Imre Gelányi,HU
Imre Harmath,HU
Imre Józsa,HU
Imre Szélyes,HU
Imre Szélyes,RO
Imre Tóth (Bruti),HU
Ina Weisse,DE
Inaam Wali-Al Battat,IQ
Iñake Irastorza,ES
Iñaki Alforja,ES
Iñaki Arteta,ES
Iñaki Beraetxe,ES
Iñaki Cano,ES
Iñaki Dorronsoro,ES
Iñaki Gabilondo,ES
Iñaki Guevara,ES
Iñaki Miramón,ES
Iñaki Sánchez,ES
Iñaki Viar,ES
Inci Demirbas,
Inés Bacán,ES
Inés de León,ES
Inés Paricio,ES
Inés París,ES
Ines Rastig,DE
Inés Toharia Terán,ES
Inga Busch,DE
Inga Dietrich,DE
Inga Landgré,SE
Inge Appelt,
Inge Appelt,HR
Inge Ladd,
Inge Maux,AT
Ingeborg Lüscher,CH
Ingeborg Neupert,DE
Ingmar Bergman Jr.,SE
Ingo Haeb,DE
Ingrid Bliem Esposito,IT
Ingrid Burkhard,AT
Ingrid Caven,DE
Ingrid Mülleder,AT
Ingrid Nandzik,DE
Ingvar Sigurdsson,IS
Inka Friedrich,DE
Inma Sancho,ES
Ioan Andrei Ionescu,RO
Ioan Brancu,RO
Ioan Cărmăzan,RO
Ioan Dan,RO
Ioan Hefin,GB
Ioan Măric,RO
Ioan Matei Agapi,RO
Ioan Romeo,RO
Ioana Buică,RO
Ioana Crăciunescu,RO
Ioana Pârvulescu,RO
Ioana Uricaru,RO
Ioana Uricaru,US
Ioan-Aurel Pop,RO
Iolanda Amato,IT
Iolanda Pascale,IT
Ion Arcudeanu,RO
Ion Barbu,RO
Ion Besoiu,RO
Ion Caramitru,RO
Ion Dichiseanu,RO
Ion Haiduc,RO
Ion Iliescu,RO
Ion Ruscuț,RO
Ion Sapdaru,MD
Ion Tentiuc,RO
Ione Atenea,ES
Ionel Mihăilescu,RO
Ionuț Teianu,RO
Iosif Demian,RO
Iosif Demian,HU
Ira Sachs,US
Irén Bordán,HU
Irena Mihelič,SI
Irene Dionisio,IT
Irene Flamann Catalina,RO
Irène Ismailoff,FR
Irène Jacob,FR
Irene Kugler,AT
Irene Marot,GB
Irène Papas,GR
Irene Rindje,DE
Irène Théry,FR
Irina Margareta Nistor,RO
Irina Murgeanu Grigore,RO
Irina Wanka,DE
Irina Wanka,AT
Iris Apfel,US
Iris Berben,DE
Iris Gordon,DE
Iris Kaltenbäck,FR
Iris Müller-Westermann,DE
Irish Braschi,IT
Irm Hermann,DE
Irmi Zimmermann,DE
Irmin Schmidt,DE
Irshad Panjatan,IN
Irvine Welsh,GB
Isa Danieli,IT
Isaac Berrocal,ES
Isaach de Bankolé,CI
Isabel Ampudia,ES
Isabel Ávila,ES
Isabel Ayúcar,ES
Isabel Bogdan,DE
Isabel Coixet,ES
Isabel Donate,ES
Isabel Friera,ES
Isabel Gathof,DE
Isabel Lizarraga,ES
Isabel Ordaz,ES
Isabel Prahl,DE
Isabel Prinz,ES
Isabel Requena,ES
Isabel Rocatti,ES
Isabel Russinova,IT
Isabell Gerschke,DE
Isabell Suba,DE
Isabella Ferrari,IT
Isabella Rossellini,FR
Isabella Rossellini,IT
Isabella Sandri,IT
Isabelle Adjani,FR
Isabelle Broué,FR
Isabelle Candelier,FR
Isabelle Carré,FR
Isabelle de Botton,FR
Isabelle Doval,FR
Isabelle Filliozat,FR
Isabelle Gélinas,CA
Isabelle Huppert,FR
Isabelle Mergault,FR
Isabelle Nanty,FR
Isabelle Prim,FR
Isabelle Renauld,FR
Isabelle Sadoyan,FR
Isabelle Stever,DE
Isabelle Weingarten,FR
Isaki Lacuesta,ES
Isao Sugihara,
Ischac Hiskiya,IL
Isidoro Fernández,ES
Ismael Kanater,MA
İsmail Şahin,TR
Isolde Barth,DE
Israel Horovitz,US
Issaka Sawadogo,BF
Issei Ogata,JP
Issei Sagawa,JP
Isti Madarász,HU
István Borsody,HU
István Fazekas,HU
István Fillár,HU
István Gőz,HU
István Hajdú B.,HU
István Hirtling,HU
István Horthy,HU
István Hunyadkürthy,HU
István Karsai,HU
István Kovács,HU
István Lénárt,HU
István Mikó,HU
István Nyíri Kovács,HU
István Pathó,HU
István Poór,HU
István Szabó,HU
István Szepsy,HU
István Szilvási,HU
István Znamenák,HU
Itala Békés,HU
Itziar Aizpuru,ES
Itziar Lazkano,ES
Iulia Rugină,RO
Iulian Manuel Ghervas,RO
Iura Luncașu,RO
Iván Alarcón,ES
Iván Almár,HU
Iván Angelus,HU
Ivan Brkić,HR
Ivan Buharov,HU
Ivan Calbérac,FR
Ivan Cappiello,IT
Ivan Cotroneo,IT
Iván Dengyel,HU
Iván Dengyel,RO
Iván Fischer,HU
Ivan Franěk,CZ
Ivan Franěk,FR
Ivan Gergolet,IT
Ivan Gergolet,SI
Ivan Heidsieck,FR
Ivan Jani Novak,SI
Ivan Livaković,HR
Ivan Marchika,FR
Ivan Passer,CZ
Ivan Ramljak,HR
Ivan Ruiz Flores,ES
Ivan Salaj,HR
Ivana Bakarić,HR
Ivana Marinić Kragić,HR
Ivana Mladenović,RS
Ivana Mladenović,RO
Ivana Monti,IT
Ivan-Goran Vitez,HR
Ivanka Mezan,SI
Ivano De Matteo,IT
Ivano Marescotti,IT
Ivet Castelo,ES
Ivo Ban,SI
Ivo Banac,HR
Ivo Banac,US
Ivo Barišič,SI
Ivo Gregurević,BA
Ivona Juka,HR
Iztok Bevk,SI
Iztok Jereb,SI
Izudin Bajrović,BA
J. Dolan Byrnes,US
J. Echevarría Torres,ES
J.A. Bayona,ES
J.K. Simmons,US
J.P. Watts,
Jabi Elortegi,ES
Jack Charlton,GB
Jack Garfein,US
Jack Ralite,FR
Jack Shepherd,GB
Jack Spring,GB
Jack Taylor,US
Jacki Weaver,AU
Jackie Berroyer,FR
Jackie Clune,GB
Jackie Raynal,FR
Jackie Stewart,GB
Jacky Ickx,BE
Jacky Katu,FR
Jacky Lambert,FR
Jacky Nercessian,FR
Jaco van Dormael,BE
Jacob Witkin,ZA
Jacobo Martínez,ES
Jacotte Brazier,FR
Jacqueline Bisset,GB
Jacqueline Chan,TT
Jacqueline Danno,FR
Jacqueline Jehanneuf,FR
Jacqueline Jencquel,CN
Jacqueline Noëlle,FR
Jacqueline Schaeffer,FR
Jacques Allaire,FR
Jacques André,FR
Jacques Audiard,FR
Jacques Bleu,FR
Jacques Bonnaffé,FR
Jacques Bouanich,FR
Jacques Boudet,FR
Jacques Chambon,FR
Jacques Collard,BE
Jacques Dacqmine,FR
Jacques d'Amboise,US
Jacques Darras,FR
Jacques Doillon,FR
Jacques Duby,FR
Jacques Dutronc,FR
Jacques Dynam,FR
Jacques Fornier,FR
Jacques François,FR
Jacques Frantz,FR
Jacques Gamblin,FR
Jacques Herlin,FR
Jacques Higelin,FR
Jacques Lassalle,FR
Jacques Le Carpentier,FR
Jacques Martial,FR
Jacques Mauclair,FR
Jacques Milazzo,FR
Jacques Nolot,FR
Jacques Perrin,FR
Jacques Richard,FR
Jacques Roch,FR
Jacques Salomé,FR
Jacques Sereys,FR
Jacques Sojcher,BE
Jacques Spiesser,FR
Jacques Weber,FR
Jacques Zabor,FR
Jacques-Hervé Fichet,FR
Jacques-Rémy Girerd,FR
Jacqui Bellamy,GB
Jacqui Morris,GB
Jadranka Elezović,HR
Jadranka Matković,BA
Jaecki Schwarz,DE
Jahn Otto Johansen,NO
Jaime Chávarri,ES
Jaime Falero,ES
Jaime Fuster,US
Jaime Ocaña,ES
Jaime Pujol,ES
Jaime Rosales,ES
Jaime Urrutia,ES
Jaione Camborda,ES
Jaione Insausti,ES
Jair Bolsonaro,BR
Jake D'Arcy,GB
Jake Gavin,GB
Jake Scott,GB
Jake Weber,GB
Jakko M. Jakszyk,GB
Jakob Lass,DE
Jakob M. Erwa,AT
Jakob Zapf,
Jalal Nuriddin,US
Jalda Rebling,NL
Jalil Hutchins,
Jalil Lespert,FR
Jamel Debbouze,FR
Jamel Debbouze,MA
James Biberi,US
James Bort,FR
James Caan,US
James Carville,US
James Chressanthis,US
James Cosmo,GB
James Cromwell,US
James D'Arcy,GB
James Dearden,GB
James Faulkner,GB
James Fleet,GB
James Fox,GB
James Gardner,GB
James Goldstein,US
James Graeme,GB
James Griffiths,GB
James Hall,US
James Healy Jr.,US
James Hetfield,US
James Huth,FR
James Kibbey,GB
James Lailey,GB
James Laurenson,NZ
James Marquand,GB
James Marsh,GB
James P. Leape,US
James Pillion,AU
James Purefoy,GB
James Roundell,GB
James Smillie,GB
James Smith,GB
James Toback,US
James Wilby,GB
Jamie Adams,GB
Jamie Foreman,GB
Jamie Hooper,GB
Jamie Newall,GB
Jamie Patterson,GB
Jamil Hendi,RO
Jan Bijvoet,BE
Jan Bonny,DE
Jan Cvitkovič,SI
Jan Decleir,BE
Jan Eichberg,DE
Jan Fehse,DE
Jan Frycz,PL
Jan Georg Schütte,DE
Jan Gerdes,DE
Jan Henrik Stahlberg,DE
Jan Hofer,DE
Jan Konieczny,PL
Jan Kounen,FR
Jan Martin Scharf,DE
Jan Mayzel,PL
Jan Mybrand,SE
Jan Schmidt-Garre,DE
Jan Schomburg,DE
Jan Speckenbach,DE
Jan Stoltz,DE
Jana Bittnerova,FR
Jana Käsdorf,DE
Jana Matthes,DE
Jana Olhová,CZ
Jan-Christof Scheibe,DE
Jane Asher,GB
Jane Badler,US
Jane Badler,AU
Jane Birkin,FR
Jane Brennan,IE
Jane Brown,GB
Jane Campion,NZ
Jane Carr,GB
Jane Fonda,US
Jane Goodall,GB
Jane Gull,GB
Jane Hollington,GB
Jane Jenkins,US
Jane Lowe,GB
Jane Pollard,GB
Jane Seymour,UK
Jane Wood,GB
Janet De Nardis,IT
Janet Prince,GB
Janet Tobias,US
Janet-Laine Green,CA
Janez Bončina,SI
Janez Burger,SI
Janez Janša,SI
Janez Škof,SI
Janez Starina,SI
Janfri Topera,ES
Jani Sever,SI
Janja Majzelj,SI
Jann Wenner,US
Janna Ji Wonders,DE
Jan-Ole Gerster,DE
János Bán,HU
János Berecz,HU
János Csernák,HU
János Derzsi,HU
János Edelényi,HU
János Háda,HU
János Koltai,HU
János Kulka,HU
János Lerner,HU
János Papp,HU
János Szász,HU
János Szikora,HU
János Szirtes,HU
János Tóth,HU
János Vető,HU
Janusz Cichocki,DE
Jan-Willem van Ewijk,NL
Jarek Raczek,DE
Jarrad Paul,US
Jarvis Cocker,UK
Jaša Jamnik,SI
Jasmila Žbanić,BA
Jasmin Dizdar,GB
Jasmin Dizdar,BA
Jasmine Trinca,IT
Jasna Bilušić,HR
Jasna Đuričić,RS
Jasna Nanut,HR
Jasna Žalica,BA
Jason Connery,GB
Jason Ferguson,GB
Jason Flemyng,GB
Jason Howden,NZ
Jason Isaacs,GB
Jason Isaacs,UK
Jaspal Singh Sidhu,IN
Jasper Cole,US
Jaume Balagueró,ES
Jaume de Sans,ES
Jaume Domènech,ES
Jaume Ollé,ES
Jaume Plensa,ES
Jaume Sisa,ES
Javi Camino,ES
Javi Prada,ES
Javier Aguirre,ES
Javier Ambrossi,ES
Javier Balaguer,ES
Javier Botet,ES
Javier Calvo,ES
Javier Cámara,ES
Javier Corcuera,ES
Javier Elorrieta,ES
Javier Espada,ES
Javier Esparza,ES
Javier Fesser,ES
Javier García Pelayo,ES
Javier Gurruchaga,ES
Javier Herrán,ES
Javier Krahe,ES
Javier Labrador Deulofeu,ES
Javier Lago,ES
Javier Mariscal,ES
Javier Merino,ES
Javier Morales Pérez,ES
Javier Muñoz,ES
Javier Páez,ES
Javier Perdiguero,ES
Javier Portús,ES
Javier Rebollo,ES
Javier Ruiz Caldera,ES
Javier Rupérez,ES
Javier Solana,ES
Javier Uranga,ES
Javier Urquijo,ES
Javivi,ES
Jawed Sheikh,PK
Jay Bedwani,GB
Jay Benedict,US
Jay Stern,GB
Jayakrishnan Subramanian,
Jaymes Butler,US
Jayne County,US
Jayne Houdyshell,US
Jaz Coleman,GB
Jazzie B,GB
JD Alcázar,ES
Jean Abeillé,FR
Jean Baubérot,FR
Jean Becker,FR
Jean Benguigui,FR
Jean Boiron Lajous,FR
Jean Breschand,FR
Jean Chatillon,FR
Jean d'Ormesson,FR
Jean Dell,FR
Jean Denizot,FR
Jean d'Ormesson,FR
Jean Douchet,FR
Jean Eckian,FR
Jean Fernandez,FR
Jean Girel,FR
Jean Gruault,FR
Jean Hammenecker,BE
Jean Kergrist,FR
Jean Lassalle,FR
Jean Lescot,FR
Jean Libon,BE
Jean Michel Bamberger,FR
Jean Ortiz,FR
Jean Oury,FR
Jean Périssé,FR
Jean Piat,FR
Jean Pommier,FR
Jean Portante,LU
Jean Pütz,DE
Jean Rance,US
Jean Reno,FR
Jean Rochefort,FR
Jean Rolin,FR
Jean Sarrus,FR
Jean Schultheis,FR
Jean Sorel,FR
Jean Todt,FR
Jean Trend,GB
Jean Vanier,CA
Jean Varela,FR
Jean Yanne,FR
Jean Ziegler,CH
Jean-Albert Lièvre,FR
Jean-Baptiste Benoit,FR
Jean-Baptiste de Laubier,FR
Jean-Baptiste Durand,FR
Jean-Baptiste Germain,FR
Jean-Baptiste Malartre,FR
Jean-Baptiste Thoret,FR
Jean-Chrétien Sibertin-Blanc,LU
Jean-Christophe Bouvet,FR
Jean-Christophe Brétignière,FR
Jean-Christophe Meurisse,FR
Jean-Christophe Roger,FR
Jean-Claude Arnaud,FR
Jean-Claude Baudracco,FR
Jean-Claude Bolle-Reddat,FR
Jean-Claude Brialy,FR
Jean-Claude Brisseau,FR
Jean-Claude Carrière,FR
Jean-Claude Cotillard,FR
Jean-Claude de Goros,FR
Jean-Claude Deret,FR
Jean-Claude Donda,FR
Jean-Claude Dreyfus,FR
Jean-Claude Drouot,BE
Jean-Claude Flamand-Barny,FR
Jean-Claude Guillaume,FR
Jean-Claude Jay,FR
Jean-Claude Leguay,FR
Jean-Claude Mailly,FR
Jean-Claude Mauvoisin,FR
Jean-Claude Petit,FR
Jean-Claude Poirson,FR
Jean-Claude van Damme,BE
Jeanette,GB
Jeanette Spassova,DE
Jeanette Spassova,BG
Jean-François Balmer,CH
Jean-François Causeret,FR
Jean-François Davy,FR
Jean-François Dérec,FR
Jean-François Gallotte,FR
Jean-François Garreaud,FR
Jean-François Kopf,FR
Jean-François Laguionie,FR
Jean-François Lepetit,FR
Jean-François Malet,FR
Jean-François Perrone,FR
Jean-François Richet,FR
Jean-François Stévenin,FR
Jean-François Tosti,FR
Jean-Gabriel Nordmann,FR
Jean-Henri Compère,BE
Jean-Henri Meunier,FR
Jean-Henri Roger,FR
Jean-Hugues Anglade,FR
Jean-Jacques Annaud,FR
Jean-Jacques Bourdin,FR
Jean-Jacques Charbonier,FR
Jean-Jacques Chardeau,FR
Jean-Jacques Denis,FR
Jean-Jacques Vanier,FR
Jean-Jacques Zilbermann,FR
Jean-Loïc Portron,FR
Jean-Louis Coulloc'h,FR
Jean-Louis Coulloc'h,FR
Jean-Louis Gonterre,FR
Jean-Louis Martinelli,FR
Jean-Louis Richard,FR
Jean-Louis Sbille,BE
Jean-Louis Tribes,FR
Jean-Louis Trintignant,FR
Jean-Louis Vuillermoz,FR
Jean-Loup Felicioli,FR
Jean-Loup Horwitz,FR
Jean-Luc Ayach,FR
Jean-Luc Bideau,CH
Jean-Luc Chevé,FR
Jean-Luc Gaget,FR
Jean-Luc Godard,FR
Jean-Luc Kayser,FR
Jean-Luc Lahaye,FR
Jean-Luc Leon,FR
Jean-Luc Mélenchon,FR
Jean-Luc Piacentino,FR
Jean-Luc Porraz,FR
Jean-Marc Barr,FR
Jean-Marc Barr,US
Jean-Marc Généreux,FR
Jean-Marc Peyrefitte,FR
Jean-Marc Ravera,FR
Jean-Marc Roulot,FR
Jean-Marc Stehlé,CH
Jean-Marc Thibault,FR
Jean-Marie Besset,FR
Jean-Marie Bigard,FR
Jean-Marie Choffat,FR
Jean-Marie Frin,FR
Jean-Marie Galey,FR
Jean-Marie Godet,FR
Jean-Marie Gouëlou,FR
Jean-Marie Larrieu,FR
Jean-Marie Le Scraigne,FR
Jean-Marie Lecoq,FR
Jean-Marie Masse,FR
Jean-Marie Poiré,FR
Jean-Marie Winling,FR
Jean-Michel Balthazar,BE
Jean-Michel Ben Soussan,FR
Jean-Michel Bertrand,FR
Jean-Michel Correia,FR
Jean-Michel Dubourg,FR
Jean-Michel Hirt,FR
Jean-Michel Lahmi,FR
Jean-Michel Marnet,FR
Jean-Michel Martial,FR
Jean-Michel Molé,FR
Jean-Michel Ribes,FR
Jean-Michel Vovk,BE
Jeanne Aslan,FR
Jeanne Balibar,FR
Jeanne Ferron,FR
Jeanne Goupil,FR
Jeanne Herry,FR
Jeanne Hyvrard,FR
Jeanne Mas,FR
Jeanne Mas,US
Jeanne Moreau,FR
Jeannette Lee,GB
Jean-Noël Brouté,FR
Jean-Pascal Zadi,FR
Jean-Patrick Benes,FR
Jean-Patrick Gaviard,FR
Jean-Paul Bathany,FR
Jean-Paul Belmondo,FR
Jean-Paul Bonnaire,FR
Jean-Paul Bordes,FR
Jean-Paul Civeyrac,FR
Jean-Paul Comart,BE
Jean-Paul Dix,FR
Jean-Paul Gaultier,FR
Jean-Paul Hirsch,FR
Jean-Paul Julliand,FR
Jean-Paul Mertinez,GB
Jean-Paul Muel,FR
Jean-Paul Rappeneau,FR
Jean-Paul Rouve,FR
Jean-Paul Salomé,FR
Jean-Paul Solal,FR
Jean-Philippe Bouyxou,FR
Jean-Philippe Écoffey,CH
Jean-Philippe Gaud,FR
Jean-Philippe Jacquemin,FR
Jean-Philippe Putaud,FR
Jean-Philippe Puymartin,FR
Jean-Pierre Améris,FR
Jean-Pierre Bacri,FR
Jean-Pierre Becker,FR
Jean-Pierre Bernard,FR
Jean-Pierre Bernès,FR
Jean-Pierre Bloc,FR
Jean-Pierre Cassel,FR
Jean-Pierre Castaldi,FR
Jean-Pierre Clami,FR
Jean-Pierre Cornu,CH
Jean-Pierre Couton,FR
Jean-Pierre Darroussin,FR
Jean-Pierre Duret,FR
Jean-Pierre Duval,FR
Jean-Pierre Garnier,FR
Jean-Pierre Igoux,FR
Jean-Pierre Jorris,FR
Jean-Pierre Kalfon,FR
Jean-Pierre Léaud,FR
Jean-Pierre Léonardini,FR
Jean-Pierre Lorit,FR
Jean-Pierre Mader,FR
Jean-Pierre Malignon,FR
Jean-Pierre Malo,FR
Jean-Pierre Marielle,FR
Jean-Pierre Mocky,FR
Jean-Pierre Moulin,FR
Jean-Pierre Papin,FR
Jean-Pierre Pozzi,FR
Jean-Pierre Savelli,FR
Jean-Pierre Tagliaferri,FR
Jean-Pierre Thorn,FR
Jean-Pierre Valentin,FR
Jean-Pierre Vincent,FR
Jean-Pierre Winter,FR
Jean-Pol Brissart,FR
Jean-Pol Dubois,FR
Jean-Quentin Châtelain,CH
Jean-René Lemoine,HT
Jean-Stéphane Bron,CH
Jean-Stéphane Sauvaire,FR
Jean-Yves Arrivé,FR
Jean-Yves Berteloot,FR
Jean-Yves Bilien,FR
Jean-Yves Chatelais,FR
Jean-Yves Chilot,FR
Jean-Yves Lafesse,FR
Jef Bayonne,FR
Jeff Book,DE
Jeff Bridges,US
Jeff Danziger,CH
Jeff Fahey,US
Jeff Goldblum,US
Jeff Koons,US
Jeff Lieberman,US
Jeff Mirza,GB
Jeff Rawle,GB
Jeffery Kissoon,GB
Jeffrey Alan Solomon,US
Jeffrey Dean Morgan,US
Jeffrey Tambor,US
Jeffrey Wright,US
Jelena Miholjević,HR
Jennifer Black,GB
Jennifer Devoldere,FR
Jennifer Saunders,UK
Jenny Agutter,GB
Jenny Arasse,FR
Jenny Bellay,FR
Jenny Clève,FR
Jenny Funnell,GB
Jenny Löffler,DE
Jenny Seagrove,GB
Jens Albinus,DK
Jens Andresen,DE
Jens Becker,DE
Jens Møller,
Jens Pfeifer,DE
Jens Schanze,DE
Jens Wark,DE
Jens Wischnewski,DE
Jens-Peter Fiedler,DE
Jérémie Degruson,FR
Jérémie Elkaïm,FR
Jérémie Périn,FR
Jérémie Renier,BE
Jeremy Banster,FR
Jeremy Bulloch,GB
Jérémy Clapin,FR
Jeremy Corbyn,GB
Jeremy Irons,GB
Jeremy J.P. Fekete,CH
Jeremy Jeffs,GB
Jeremy Rifkin,US
Jeremy Siepmann,US
Jérémy Trouilh,FR
Jeremy Wooding,GB
Jeremy Zag,FR
Jernej Kuntner,SI
Jernej Šugman,SI
Jeroen Jaspaert,BE
Jérôme Anger,FR
Jérôme Bonnell,FR
Jérôme Commandeur,FR
Jérôme Cornuau,FR
Jérôme Deschamps,FR
Jerome Hirthammer,DE
Jérôme Kircher,FR
Jérôme Le Gris,FR
Jérôme Reybaud,FR
Jerome S. Kaufmann,US
Jérôme Salle,FR
Jérôme Soubeyrand,FR
Jerrie Anderson,GB
Jerry Lewis,US
Jerry P. Dyer,US
Jerry Potenza,IT
Jerry Rothwell,GB
Jerry Schatzberg,US
Jerry Seinfeld,US
Jerzy Radziwiłowicz,PL
Jerzy Skolimowski,PL
Jerzy Stuhr,PL
Jerzy Walczak,PL
Jesper Christensen,DK
Jessica Harper,US
Jessica Hecht,US
Jessica Hynes,GB
Jessica Krummacher,DE
Jessica Palud,FR
Jessica Swale,GB
Jesús Barreda,ES
Jesús Bonilla,ES
Jesús Castejón,ES
Jesús del Cerro,ES
Jesús Font,ES
Jesus Garces Lambert,MX
Jesús García de Dueñas,ES
Jesús Guzmán,ES
Jesús Iriarte Salinas,ES
Jesús López Cobos,ES
Jesús Munárriz,ES
Jesús Pérez Ocaña,ES
Jesús Pérez-Bilbao,ES
Jesús Ponce,ES
Jette Ostan Vejrup,DK
Jevgenij Sitochin,AT
Jézabel Marques,FR
Jill Stanford,GB
Jim Archer,GB
Jim Broadbent,GB
Jim Broadbent,UK
Jim Brown,US
Jim Calarco,CA
Jim Carter,GB
Jim Estes,US
Jim Harrison,US
Jim Hosking,GB
Jim Jarmusch,US
Jim Lovell,US
Jim Main,GB
Jim Norton,IE
Jim O'Hanlon,IE
Jim Rosenthal,GB
Jim Sherwood,US
Jim Stark,US
Jim Sweeney,GB
Jim-Adhi Limas,ID
Jimena Coronado,PE
Jimmy Hibbert,GB
Jimmy Page,GB
Jimmy Yuill,GB
Jo Béranger,FR
Jo Brand,GB
Jo Cameron Brown,GB
Jo Deseure,BE
Jo Müller,
Jo Prestia,FR
Jo Prestia,IT
Joachim Berger,DE
Joachim Bißmeier,DE
Joachim Gauck,DE
Joachim Kappl,DE
Joachim Kerzel,DE
Joachim Król,DE
Joachim Kühn,DE
Joachim Lang,DE
Joachim Masannek,DE
Joachim Nimtz,DE
Joachim Raaf,DE
Joachim Regelien,DE
Joachim Schroeder,DE
Joachim Steinhoefel,DE
Joachim Tennstedt,DE
Joan Baez,US
Joan Botey,ES
Joan Capdevila,ES
Joan Chemla,FR
Joan Collins,GB
Joan Crosas,ES
Joan Cusack,US
Joan Frank Charansonnet,ES
Joan Frank Charansonnet,FR
Joan Hodges,GB
Joan Manuel Gurillo,ES
Joan Manuel Serrat,ES
Joan Marc Zapata,ES
Joan Margarit,ES
Joan Pera,ES
Joan Plowright,UK
Joan Roca,ES
Joan Tardà,ES
Joan Vall Karsunke,ES
Joan Verdú,ES
Joana Biarnés,ES
Joann Sfar,FR
Joanna Bacon,GB
Joanna David,GB
Joanna Hogg,GB
Joanna Lumley,GB
Joanna Monro,GB
Joanna Scanlan,GB
Joanne Bell,DE
Joanne Howarth,GB
João Cabral,PT
João Donato,BR
João Lagarto,PT
Joaquim de Almeida,PT
Joaquín Calderón,ES
Joaquín Carmona Hidalgo,ES
Joaquín Climent,ES
Joaquín La Habana,CU
Joaquín Mazón,ES
Joaquín Notario,ES
Joaquín Oristrell,ES
Joaquín Sabina,ES
Jocelyne Béroard,FR
Jochen Alexander Freydank,DE
Jochen Hick,DE
Jochen Nickel,DE
Jockel Tschiersch,DE
Jodie Foster,US
Joe Cornish,GB
Joe Dante,US
Joe Delia,US
Joe Elliott,GB
Joe Eszterhas,US
Joe Eszterhas,HU
Joe McNamee,US
Joe Pearlman,GB
Joe Penna,BR
Joe Sheridan,GB
Joe Stephenson,GB
Joe Wright,GB
Joël Clabault,FR
Joël Dupuch,FR
Joel Hopkins,GB
Joël Jouanneau,FR
Joel McKinnon Miller,US
Joel Olano,PH
Joel Rogosin,US
Joël Seria,FR
Joelle Hélary,FR
Joëlle Sevilla,FR
Joely Richardson,GB
Joey Arias,US
Joey Starr,FR
Joey Zimmermann,CH
Joey Zimmermann,DE
Joey Zimmermann,UK
Johan Cruijff,NE
Johan Heldenbergh,BE
Johan Leysen,BE
Johan Simons,NL
Johann Schuler,DE
Johanna Bittenbinder,DE
Johanna Gastdorf,DE
Johanna Pauline Maier,DE
Johanna Schellhagen,
Johanna Sunder-Plassmann,DE
Johanna ter Steege,NL
Johannes Fabrick,AT
Johannes Flemming,
Johannes Herrschmann,DE
Johannes Maria Schmit,DE
Johannes Meier,
Johannes Naber,DE
Johannes Nikolussi,AT
Johannes Roberts,GB
Johannes Schmid,DE
Johannes Sievert,DE
Johannes Silberschneider,AT
Johannes Stüttgen,DE
Johannes Suhm,DE
John Adams,GB
John Arnold,FR
John Berger,GB
John Boorman,GB
John C. Reilly,US
John Cameron Mitchell,GB
John Carroll Lynch,US
John Chapman,GB
John Cleese,GB
John Constantin Brâncusi Moore,UK
John Constantin Brâncusi Moore,RO
John Constantin Brâncusi Moore,FR
John Corbett,US
John Crowley,IE
John David Seidler,DE
John Deacon,GB
John Doman,US
John Edginton,GB
John Erdman,US
John Finn,GB
John Fleet,GB
John Florescu,US
John Giorno,US
John Glover,US
John Goldschmidt,GB
John Goldschmidt,AT
John Goodman,US
John Hannah,GB
John Hardwick,GB
John Hawkes,US
John Hay,GB
John Henshaw,DE
John Hurt,GB
John Jencks,GB
John Kavanagh,IE
John Keogh,DE
John Keogh,IR
John Landis,US
John le Carré,GB
John Lithgow,US
John Lydon,GB
John Lynch,IE
John Madden,GB
John Maizels,GB
John Malkovich,US
John McEnroe,US
John McGovern,GB
John McLaughlin,GB
John McPhail,GB
John Michael McDonagh,GB
John Miller,GB
John Paval,FR
John Pilger,AU
John R. Leonetti,US
John Rhys-Davies,GB
John Rowe,GB
John Savage,US
John Sessions,GB
John Shackleton,GB
John Slattery,US
John Snellinberg,IT
John Stagliano,US
John Stahl,GB
John Standing,GB
John Taylor,GB
John Terborgh,US
John Toshack,GB
John Travolta,US
John Treleaven,UK
John Turturro,US
John Turturro,IT
John Waters,US
John Wax,FR
John Williams,US
John Woodvine,GB
Johnny Depp,US
Johnny Hallyday,FR
Johnny Kevorkian,CY
Johnny Melville,GB
John-Paul Davidson,GB
Jolente De Keersmaeker,BE
Jon Brewer,GB
Jon Cortegoso,ES
Jon Drever,GB
Jon Garaño,ES
Jon Gries,US
Jon Juaristi,ES
Jon Lee Anderson,US
Jon S. Baird,GB
Jon Sanders,GB
Jon Spira,GB
Jon Viar,ES
Jon Voight,US
Jon Wright,GB
Jonas Albrecht,DE
Jonas Carpignano,IT
Jonas Carpignano,US
Jonas Gernstl,DE
Jonas Grosch,DE
Jonas Rothlaender,DE
Jonas Žnidaršič,SI
Jonathan Albert Murphy,GB
Jonathan Barré,FR
Jonathan Brown,US
Jonathan Butterell,GB
Jonathan Desoindre,FR
Jonathan English,GB
Jonathan Failla,US
Jonathan Frenzen,US
Jonathan Hyde,AU
Jonathan Magnanti,GB
Jonathan Nossiter,US
Jonathan Pryce,GB
Jonathan Rose,GB
Jonathan Teplitzky,AU
Joniece Jamison,US
Jonis Bascir,IT
Jonnie Malachi,YE
Jonnie Malachi,AG
Jonny Owen,GB
Jono McLeod,GB
Jöns Jönsson,SE
Jöns Jönsson,
Joost Siedhoff,DE
Jordi Banacolocha,ES
Jordi Figueras,ES
Jordi Frades,ES
Jordi Grau,ES
Jordi Llompart,ES
Jordi Llovet,ES
Jordi Marcos,ES
Jordi Núñez,ES
Jordi Rebellón,ES
Jordi Rovira,ES
Jordi Sánchez,ES
Jörg A. Hoppe,DE
Jörg Adae,DE
Jörg Adolph,DE
Jörg Graser,DE
Jörg Haaßengier,DE
Jörg Jannings,DE
Jörg Janzer,DE
Jörg Kleinau,DE
Jörg Pose,DE
Jörg Reichlin,CH
Jörg Schüttauf,DE
Jörg Seyer,DE
Jörg Simmat,DE
Jörg Tittel,
Jörg Witte,DE
Jörg Zick,DE
"Jorge ""Ilegal"" Martínez",ES
Jorge Acebo Canedo,ES
Jorge Alonso,ES
Jorge Amat,FR
Jorge Arenillas,ES
Jorge Bosch,ES
Jorge Cadaval,ES
Jorge Coira,ES
Jorge Dorado,ES
Jorge Edwards,CL
Jorge Enrique Botero,CO
Jorge Grau,ES
Jorge M. Fontana,ES
Jorge Mario Bergoglio,AR
Jorge Pardo,CU
Jorge Peña,ES
Jorge Perugorría,CU
Jorge Rivera,ES
Jorge Valdano,AR
Jörg-Werner Nowitzki,DE
Jorma Kaukonen,US
Jos Verbist,BE
José Alcala,FR
José Andreu,ES
José Ángel Egido,ES
José Antonio Hergueta,ES
José Antonio Lobato,ES
José Antonio López de Espinosa,ES
José Antonio Quirós,ES
José Bono,ES
José Camello Manzano,ES
José Carabias,ES
José Carlos Domínguez,ES
José Carlos Plaza,ES
José Carreras,ES
José Chaves,ES
José Corbacho,ES
José Coronado,ES
José Da Silva,FR
José Da Silva,PT
José de la Colina,ES
José Dumont,BR
José Eduardo,PT
José F. Ortuño,ES
José Fosty,BE
José Frade,ES
José Garcia,ES
José González,ES
José Lifante,ES
José Lopes,PT
José Luis Aguirre,
José Luis Cuerda,ES
José Luis de Madariaga,ES
José Luis Egea,ES
José Luis Ferris,ES
José Luis Galicia,ES
José Luis Garci,ES
José Luis García Berlanga,ES
José Luis García Cossío,ES
José Luis García Sánchez,ES
José Luis Gil,ES
José Luis Gómez,ES
José Luis Guerín,ES
José Luis López-Linares,ES
José Luis Montesinos,ES
José Luis Pecharromán,ES
José Luis Rebordinos,ES
José Luis Velázquez,ES
José Manuel Caballero Bonald,ES
José Manuel Cervino,ES
José Manuel Fernández-Jardón,ES
José Manuel García-Margallo,ES
José Manuel Parada,ES
José Manuel Valdés,ES
José Mari Goenaga,ES
José María Blanco,ES
José María Galante,ES
José María Íñigo,ES
José María Peña,AR
José María Setién,ES
José María Zavala,ES
José Mercé,ES
José Mota,ES
José Mujica,UY
José Neto,PT
José Padilha,BR
José Ramón Alexanko,ES
José Ramón Argoitia,ES
José Ramón Capdevila,ES
José Ramón Larraz,ES
José Ramón Pardo,ES
José Ramón Soroiz,ES
José Sacristán,ES
José Sáez Conejero,ES
José Sánchez-Montes,ES
José Sancho,ES
José Semprún,ES
José Skaf,AR
José Torija,ES
Joseba Ponce,ES
Josée Dayan,FR
Josée Drevon,FR
Josef Bierbichler,DE
Josef Hader,AT
Josef Kappl,RO
Josef Kappl,DE
Josef Lukás,CZ
Josef Michael Kreutzer,DE
Josef Nadj,HU
Josef Nadj,RS
Josef Ostendorf,DE
Josef Sustar,DE
Josef Weiss,CH
"Josefina Carrera Fernández ""Cuca""",ES
Josefina Molina,ES
Josele Román,ES
Josema Yuste,ES
Josep Abad,ES
Josep Maria Alejandre,ES
Josep Maria Benet i Jornet,ES
Josep Maria Domènech,ES
Josep Maria Forn,ES
Josep Maria Pou,ES
Josep Seguí,ES
Joseph Bour,FR
Joseph Hannesschläger,DE
Joseph Joffo,FR
Joseph Malerba,FR
Joseph Morder,FR
Joseph Mydell,GB
Joseph Nenci,IT
Joseph Rottner,FR
Joseph Vilsmaier,DE
Joséphine de Meaux,FR
Joséphine Derenne,FR
Joséphine Kaboré,BF
Josh Appignanesi,GB
Josh Sagie,IL
Josiane Balasko,FR
Josiane Lévêque,FR
Josiane Pinson,FR
Josiane Stoléru,FR
Josie Lawrence,GB
Josie Rourke,GB
Josip Žuvan,
Josito Porto,ES
Josué Ramos,ES
Josyane Savigneau,FR
Jota Linares,ES
Joya Thome,DE
Joyce A. Nashawati,LB
Jožica Avbelj,SI
József Bíró,RO
József Bíró,HU
József Bozai,HU
József Dubecz,HU
József Gyabronka,HU
József Kelemen,HU
József Kerekes,HU
József Kiss,HU
József Kovalik,HU
József Pacskovszky,HU
József Pólik,HU
József Sipos,HU
József Szarvas,HU
József Tálos,HU
József Tóth,HU
József Varga,HU
József Varga,UA
JR,FR
Juan Alberto López,ES
Juan Antin,AR
Juan Antonio Porto,ES
Juan Bautista López,
Juan Calot,ES
Juan Carlos Corazza,AR
Juan Carlos Garés,ES
Juan Carlos Martín,ES
Juan Carlos Medina,ES
Juan Carlos Rubio,ES
Juan Carlos Sánchez,ES
Juan Carlos Villanueva,ES
Juan Cavestany,ES
Juan Cruz,ES
Juan Diego,ES
Juan Diego Botto,AR
Juan Diego Botto,ES
Juan Echanove,ES
Juan Estelrich Jr.,ES
Juan Fernández,ES
Juan Francisco Viruega,ES
Juan Gamero,ES
Juan Gea,ES
Juan González,ES
Juan Jesús García Galocha,ES
Juan Jesús Valverde,ES
Juan José Ponce,ES
Juan Lombardero,ES
Juan Luis Arsuaga,ES
Juan Luis Cebrián,ES
Juan Manuel Chumilla-Carbajosa,ES
Juan Manuel Cotelo,ES
Juan Manuel Lara,ES
Juan Manuel Sánchez Gordillo,ES
Juan Manuel Villar Betancort,ES
Juan Margallo,ES
Juan Mari Arzak,ES
Juan Mariné,ES
Juan Miguel del Castillo,ES
Juan Motilla,ES
Juan Moya,ES
Juan Pablo Buscarini,AR
Juan Palacios,ES
Juan Pinzás,ES
Juan Ribó,ES
Juan Rueda,ES
Juan Viadas,ES
Juan Zavala,ES
Juana Cordero,ES
Juana Macías,ES
Juanfer Andrés,ES
Juani Santos Peréz,CU
Juanjo Artero,ES
Juanjo Cucalón,ES
Juanjo Puigcorbé,ES
Juanma Bajo Ulloa,ES
Juanma López Iturriaga,ES
Juanma Pagazaurtundua,ES
Juanma Suárez,ES
Jude Bauman,FR
Judi Dench,GB
Judit Csoma,HU
Judit Csoma,RO
Judit Hernádi,HU
Judit Meszléry,HU
Judit Pogány,HU
Judit Román,HU
Judit Simon,HU
Judith Abitbol,FR
Judith Davis,FR
Judith Magre,FR
Judith Roberts,US
Judy Davis,FR
Judy Loe,GB
Judy Parfitt,GB
Judy Winter,DE
Judy Winter,PL
Jule Böwe,DE
Jule Ronstedt,DE
Jules Williamson,GB
Juli Básti,HU
Juli Cantó,ES
Juli Mira,ES
Julia Baer,
Julia C. Kaiser,DE
Júlia de Paz,ES
Julia Deakin,GB
Julia Ducournau,FR
Julia Gutiérrez Caba,ES
Julia Horn,DE
Julia Juániz,ES
Julia Kassar,LB
Julia Langhof,DE
Julia McKenzie,GB
Júlia Nyakó,HU
Julia Ormond,GB
Julia Varela,ES
Julia von Heinz,DE
Julia Ziesche,DE
Julian Fellowes,GB
Julian Firth,GB
Julián Génisson,ES
Julian Glover,GB
Julian Grant,GB
Julian Jarrold,GB
Julian Köberer,DE
Julian Radlmaier,DE
Julian Radlmaier,FR
Julian Radlmaier,CH
Julian Richings,GB
Julian Sands,GB
Julian Sands,UK
Julián Valcárcel,ES
Julian Wadham,GB
Julian Wildgruber,DE
Julian Wittmann,DE
Juliane Köhler,DE
Juliane Lorenz,DE
Julianne Moore,US
Juliano Ribeiro Salgado,BR
Julie Arnold,FR
Julie Bertuccelli,FR
Julie Christie,FR
Julie Delpy,FR
Julie Guio,FR
Julie Lopes-Curval,FR
Julie Manoukian,FR
Julie Summers,UK
Julie T. Wallace,GB
Julie Walters,GB
Julien Abraham,FR
Julien Chheng,FR
Julien Clerc,FR
Julien de Volte,FR
Julien Dray,FR
Julien Faraut,FR
Julien Fournet,FR
Julien Guetta,FR
Julien Hallard,FR
Julien Hervé,FR
Julien Kramer,FR
Julien Landais,FR
Julien Leclercq,FR
Julien Lenoir,FR
Julien Maury,FR
Julien Milanesi,FR
Julien Neel,FR
Julien Paolini,FR
Julien Peron,FR
Julien Rambaldi,FR
Julien Rappeneau,FR
Julien Rigoulot,FR
Julien Samani,FR
Julien Simonet,FR
Julien Temple,GB
Julien Thèves,FR
Julien Weill,FR
Juliet Cadzow,GB
Juliet Stevenson,GB
Julieta Serrano,ES
Julieta Szönyi,RO
Juliette Binoche,FR
Juliette Degenne,FR
Juliette Plumecocq-Mech,FR
Julio Betancur,CO
Júlio Bressane,BR
Julio César Sánchez,ES
Julio de la Fuente,ES
Julio Diamante,ES
Julio Jung,CL
Julio Lázaro,ES
Julio Llamazares,ES
Julio Mazarico,ES
Julio Medem,ES
Julio Soto Gurpide,ES
Julio Suárez Maireles,ES
Julita Salmerón,ES
Julius Berg,FR
Julius Stollberg,
Jun Kunimura,JP
June Brown,GB
June Rodgers,IE
June Watson,GB
June Whitfield,GB
Juni Dahr,NO
Juraj Lerotić,HR
Jürg Löw,CH
Jürgen Blin,DE
Jürgen Brügger,CH
Jürgen Grislawski,DE
Jürgen Haug,DE
Jürgen Heinrich,DE
Jürgen Holtz,DE
Jürgen Kluckert,DE
Jürgen Prochnow,US
Jürgen Prochnow,DE
Jürgen Rißmann,DE
Jürgen Roters,DE
Jürgen Schornagel,DE
Jürgen Tarrach,DE
Jürgen Thormann,DE
Jürgen Tonkel,DE
Jürgen Vogel,DE
Jürgen Wittenstein,DE
Jürgen Zeltinger,DE
Jurij Gruden,IT
Jurij Rosstalnyj,UA
Jurij Schrader,RU
Jussi Eerola,FI
Just Philippot,FR
Justi Larrinaga,ES
Justin Edgar,GB
Justin Kurzel,AU
Justin Trefgarne,GB
Justin Webster,
Justine Triet,FR
Justo Molinero,ES
Justus Carrière,DE
Justus von Dohnányi,DE
Jutta Brings,DE
Jutta Kausch,DE
Jutta Wachowiak,DE
Jutta Winkelmann,DE
K. Prada,ES
Kabir Bedi,IN
Kabir Bedi,IT
Kad Merad,DZ
Kadir Sözen,TR
Kai Groenwald,DE
Kai Maria Steinkühler,DE
Kai Wessel,DE
Kai Wiesinger,DE
Kai-Uwe Wedel,DE
Kaki Wong,HK
Kála Czupi,HU
Kalle Schwensen,DE
Kalli Struck,DE
Kálmán Somody,HU
Kamala Nagarayya,
Kamau Kenyatta,US
Kamel El Basha,PS
Kandido Uranga,ES
Kanji Tsuda,JP
Kao Chenmin,CH
Kao Chenmin,CN
Kao Chenmin,ES
Kaori Momoi,JP
Karel Hutěčka,CZ
Karen Böhne,DE
Karen di Porto,IT
Karen Gillan,GB
Karen Guthrie,GB
Kariem Saleh,
Karim Achoui,FR
Karim Achoui,DZ
Karim Aïnouz,BR
Karim Belkhadra,DZ
Karim Dridi,FR
Karim Dridi,TN
Karim Moussaoui,DZ
Karin Bertling,SE
Karin Dor,DE
Karin Friedrich,DE
Karin Heine,
Karin Johnson,US
Karin Jurschick,DE
Karin Kaper,DE
Karin Mück,DE
Karin Neuhäuser,DE
Karin Pfammatter,CH
Karin Proia,IT
Karin Steinberger,DE
Karin Ugowski,DE
Karin v. Matzenau,DE
Karin Viard,FR
Karina,ES
Karine Blanc,FR
Karine Silla,FR
Karl Fischer,AT
Karl Friedrich,DE
Karl Johnson,GB
Karl Knaup,DE
Karl Kranzkowski,DE
Karl Lagerfeld,DE
Karl Lagerfeld,FR
Karl Lauterbach,DE
Karl Markovics,AT
Karl-Fred Müller,DE
Karl-Heinz Dellwo,DE
Karl-Heinz Schulze,DE
Karlos Arguiñano,ES
Karl-Walter Sprungala,DE
Karmele Aranburu,ES
Karmele Larrinaga,ES
Karole Rocher,FR
Karoline Herfurth,DE
Károly Eperjes,HU
Károly Gesztesi,HU
Károly Nemcsák,HU
Károly Szerencsés,HU
Károly Szerencsés,CZ
Károly Ujj Mészáros,HU
Károly Váry,HU
Karra Elejalde,ES
Karsten Dahlem,DE
Karsten Krause,DE
Karsten Speck,DE
Karyn von Ostholt-Haas,DE
Kasem Hoxha,DE
Kaspar Eichel,DE
Kata Dobó,HU
Kata Oláh,HU
Katalin Andai,HU
Katalin Gyöngyössy,HU
Katalin Lőrincz,HU
Katalin Moldovai,HU
Katalin Moldovai,RO
Katalin Takács,HU
Katalin Udvarias,HU
Katarina Bistrović-Darvaš,HR
Katarina Klaffs,DE
Kate Duchêne,GB
Kate Trotter,CA
Katell Quillévéré,FR
Katharina Blaschke,DE
Katharina Linder,DE
Katharina Marie Schubert,DE
Katharina Matz,DE
Katharina Mihm,DE
Katharina Schöde,DE
Katharina Schütz,DE
Katharina Sieverding,CZ
Katharina Thalbach,DE
Katharina Wackernagel,DE
Katharina Woll,DE
Katherine Erhardy,FR
Kathleen Renish,AT
Kathleen Renish,US
Kathleen Turner,US
Kathryn Hunter,US
Kathy Bates,US
Kathy LeMond,US
Kathy Valentine,US
Kati Andai,HU
Kati Andresz,HU
Kati Lázár,HU
Kati Lázár,RO
Kati Sólyom,HU
Kati Zsurzs,HU
Katia Bernardi,IT
Katia Lewkowicz,FR
Katia Ricciarelli,IT
Katia Tchenko,FR
Katija Zubčić,HR
Katinka Faragó,AT
Katja Benrath,DE
Katja Colja,SI
Katja Levstik,SI
Katja Riemann,DE
Katja von Garnier,DE
Katrin Schlösser,DE
Katrin Seybold,DE
Katy Karrenbauer,DE
Kaushalaya Fernando,LK
Kazim Abdullayev,AZ
Kazim Demirbas,TU
Keith Allen,GB
Keith Brymer Jones,GB
Keith Carradine,US
Keith Chanter,GB
Keith Christiansen,US
Keith English,GB
Keith Farrell,IE
Keith Richards,GB
Kelly Preston,US
Kelsey Grammer,US
Kembra Pfahler,US
Ken Auletta,US
Ken Blackburn,GB
Ken Davitian,US
Ken Drury,GB
Ken Jones,GB
Ken Loach,GB
Ken Merrett,GB
Ken Ramsden,GB
Ken Scott,CA
Ken Smith,GB
Ken Stott,GB
Ken Wardrop,IE
Kenneth Branagh,GB
Kenneth Colley,GB
Kenneth Cranham,GB
Kenneth Hadley,GB
Kenneth Herdigein,NL
Kenneth Welsh,CA
Kenny Baker,GB
Kenny Dalglish,GB
Kenton Hall,CA
Kepa Cueto,ES
Kepa Sojo,ES
Keren Ben Rafael,IL
Keri Collins,GB
Kerry Fox,NZ
Kerry Shale,CA
Kerry Skinner,GB
Kerstin Ahlrichs,DE
Kerstin de Ahna,DE
Kerstin Graßmann,DE
Kerstin Polte,DE
Kevin Allen,GB
Kevin Kline,US
Kevin MacDonald,GB
Kevin McNally,GB
Kévin Ossona,FR
Kevin Ratcliffe,GB
Kevin Rowland,GB
Kevin Spacey,US
Kevork Malikyan,GB
Khaled Ghorbal,TN
Khaled Houissa,TN
Khaled Kaissar,AF
Khalifa Natour,IL
Khavn,PH
Kheiron,FR
Kheiron,IR
Kida Khodr Ramadan,LB
Kiev Stingl,DE
Kike Biguri,ES
Kike Maíllo,ES
Kiko Veneno,ES
Kim Basinger,US
Kim Burdon,GB
Kim Cattrall,GB
Kim Chapiron,FR
Kim Gordon,US
Kim Hopkins,GB
Kim Leggatt,GB
Kim Rossi Stuart,IT
Kim Seligsohn,DE
Kim Wilde,GB
Kira Perov,AU
Kirin Kiki,JP
Kirsten Block,DE
Kirsty Bell,GB
Kirsty MacDonald,NZ
Kiti Mánver,ES
Kiyoshi Kurosawa,JP
Kjersti Fjeldstad,NO
Klara Höfels,DE
Klaus B. Wolf,DE
Klaus Friedrich,DE
Klaus Iohannis,RO
Klaus Kinkel,DE
Klaus Maeck,DE
Klaus Manchen,DE
Klaus Manchen,PL
Klaus Maria Brandauer,AT
Klaus Martens,DE
Klaus Meine,DE
Klaus Peeck,DE
Klaus Rohrmoser,AT
Klaus Scheidsteger,DE
Klaus Schlesinger,DE
Klaus Schumann,DE
Klaus Staeck,DE
Klaus Wyborny,DE
Klaus Zmorek,DE
Klaus-Dieter Lehmann,DE
Klaus-Jürgen Tillmann,DE
Klaus-Peter Grap,DE
Kleber Mendonça Filho,BR
Koldo Amandoz,ES
Koldo Serra,ES
Kolya Reichart,DE
Kong Nay,KH
Konrád Quintus,HU
Konstantin Wecker,AT
Konstantin Wecker,DE
Koraljka Kos,HR
Kordula Hildebrandt,DE
Kornél Mundruczó,HU
Kornél Pusztaszeri,HU
Kornelia Boje,DE
Kôsei Ono,JP
Kostas Laskos,GR
Kostia Testut,FR
Kostia Testut,CH
Kris Kwiat,
Krischa Weber,DE
Kristian Gianfreda,IT
Kristian Gründling,DE
Kristijan Milić,HR
Kristin Hersh,US
Kristin Scott Thomas,UK
Kristina De Coninck,BE
Kristina Schippling,DE
Kristóf Deák,HU
Kristóf Jurik,HU
Kristoffer Nyholm,DK
Kristoph Tassin,IT
Krisztián Bárány,HU
Krisztina Goda,HU
Krisztina Szalay,HU
Krisztina Tóth,HU
Krisztina Urbanovits,HU
Krunoslav Belko,HR
Krunoslav Heidler,HR
Krunoslav Šarić,BA
Krystyna Zaorska,PL
Krzysztof Bednarski,PL
Krzysztof Bednarski,IT
Krzysztof Zanussi,PL
Ksenija Marinković,HR
Ksenija Pajić,HR
Kuddel,DE
Kurt Biedenkopf,DE
Kurt Heilbronn,DE
Kurt Heilbronn,TR
Kurt Oesterle,DE
Kwang-rok Oh,KR
Kyōko Koizumi,JP
Kyōzō Nagatsuka,JP
Kyra Steckeweh,DE
L. Scott Caldwell,US
La Castou,CH
La Chana,ES
Ladislas Chollat,FR
Ladj Ly,FR
Lado Jakša,SI
Laercio de Freitas,BR
Laetitia Carton,FR
Laetitia Colombani,FR
Laetitia Masson,FR
Laila Ripoll,ES
Lajos Butsy,HU
Lajos Kassai,HU
Lajos Koltai,HU
Lajos Kovács,HU
Lajos Ottó Horváth,HU
Lallo Circosta,IT
Lalor Roddy,GB
Lambert Wilson,FR
Lamberto Bava,IT
Lamberto Sanfelice,IT
Lamine Diakite,FR
Lamine N'Diaye,FR
Lamine N'Diaye,SN
Lana Love,US
Lance Henriksen,US
Landelino Lavilla,ES
Lando Buzzanca,IT
Lar Park Lincoln,US
Lara Hewitt,
Lara Izagirre,ES
Larrington Walker,GB
Larry Clark,US
Larry Edelson,US
Larry Lamb,GB
Larry Lloyd,GB
Larry Mullen Jr,IE
Larry Rew,GB
Lars Barthel,DE
Lars Brygmann,DK
Lars Büchel,DE
Lars Gmehling,
Lars Henning,DE
Lars Jessen,DE
Lars Kraume,DE
Lars Kraume,IT
Lars Montag,DE
Lars Oppermann,DE
Lars Rudolph,DE
Lars von Trier,DK
László Baranyi,HU
László Barna,HU
László Bartók,HU
László Bolyki,HU
László Csuja,HU
László feLugossy,HU
László Földes,HU
László Gálffi,HU
László Görög,HU
László Hadházi,HU
László Horányi,HU
László Illés,HU
László Janik,HU
László Keszég,RS
László Keszég,HU
László Konter,HU
László Krasznahorkai,HU
László Kriskó,HU
László Láner,HU
László Lippai,HU
László Melis,HU
László Miske,RO
László Miske,HU
László Nemes,HU
László Quitt,HU
László Szabó,HU
László Szacsvay,HU
László Szakács,HU
László Szakács,RO
László Tahi Tóth,HU
László Ujréti,HU
László Valiszka,HU
Latifa Ibn Ziaten,FR
Latifa Ibn Ziaten,MA
Laura Álvarez Soler,ES
Laura Alvea,ES
Laura Balzer,DE
Laura Benson,GB
Laura Betti,IT
Laura Bispuri,IT
Laura Cepeda,ES
Laura Chiossone,IT
Laura Colombo,IT
Laura del Sol,ES
Laura Dern,US
Laura Efrikian,IT
Laura Ferrés,ES
Laura García Andreu,ES
Laura García Lorca,ES
Laura Halilovic,IT
Laura Harwarth,
Laura Hojman,ES
Laura Jou,ES
Laura June Hudson,GB
Laura Lackmann,DE
Laura Laperrousaz,FR
Laura Lehmus,FI
Laura Luchetti,IT
Laura Morante,IT
Laura Pons,ES
Laura Soveral,PT
Laura Thies,DE
Laura-Maria Ilie,RO
Laure Adler,FR
Laure Bessi,FR
Laure de Clermont-Tonnerre,FR
Laure Duthilleul,FR
Laurence Burton,GB
Laurence Côte,FR
Laurence Masliah,FR
Laurence Myers,GB
Laurence Roy,FR
Laurence-Pauline Boileau,FR
Laurent Bateau,FR
Laurent Bouhnik,FR
Laurent Bouneau,FR
Laurent Brard,FR
Laurent Bru,FR
Laurent Cantet,FR
Laurent Cirade,FR
Laurent Claret,FR
Laurent Dassault,FR
Laurent Delahousse,FR
Laurent Firode,FR
Laurent Gamelon,FR
Laurent Gerra,FR
Laurent Grévill,FR
Laurent Heynemann,FR
Laurent Junca,FR
Laurent Korcia,FR
Laurent Laffargue,FR
Laurent Lafitte,FR
Laurent Larivière,FR
Laurent Lucas,FR
Laurent Morteau,FR
Laurent Natrella,FR
Laurent Olmedo,FR
Laurent Pasquier,FR
Laurent Petitgirard,FR
Laurent Poitrenaux,FR
Laurent Queralt,FR
Laurent Romanelli,FR
Laurent Terzieff,FR
Laurent Teyssier,FR
Laurent Tirard,FR
Laurent Tuel,FR
Laurent Van Wetter,BE
Laurentine Milebo,FR
Laurentine Milebo,CG
Laurențiu Damian,RO
Laurențiu Lazăr,RO
Lauriane Escaffre,FR
Laurie Anderson,US
Laurie Goode,GB
Laurie Lipton,US
Lavinia Wilson,DE
Lawrence Ferlinghetti,US
Lawrence Richards,ZA
Layke Anderson,GB
Lazar Ristovski,RS
Léa Domenach,FR
Léa Fazer,CH
Léa Fehner,FR
Léa Mysius,FR
Lea Schmidbauer,DE
Leander Haußmann,DE
Leandro Picarelli,IT
Lech Kowalski,US
"Lee ""Scratch"" Perry",JM
Lee Cooper,
Lee Delong,US
Lee Delong,FR
Lee Dixon,GB
Lee Haven Jones,GB
Leee Black Childers,US
Leena Yadav,IN
Lehel Salat,HU
Lehel Salat,RO
Leïla Férault-Lévy,FR
Leila Hoffman,GB
Leïla Shahid,LB
Lela Margitić,HR
Leland Orser,US
Lello Arena,IT
Lemmy,GB
Lena Endre,SE
Lena Knauss,DE
Lena Lessing,DE
Lena May Graf,DE
Lena Politeo,BA
Lena Stahl,DE
Lena Stolze,AT
Lena Stolze,DE
Lennart Ruff,DE
Lenny Abrahamson,GB
Leo Antadze,GE
Leo Bassi,IT
Leo Bud Welch,US
Leo Gullotta,IT
Leo Harlem,ES
Leo Hepner,DE
Leo Leigh,GB
Léo Marchand,FR
Leo Wolfenstein,FR
Leon Herbert,GB
Leon Lučev,HR
Leon Lučev,
León Molina,ES
León Molina,CU
Leonardo Castellani,IT
Leonardo D'Agostini,IT
Leonardo D'Agostini,IT
Leonardo Di Costanzo,IT
Leonardo Larocca,IT
Leonardo Pieraccioni,IT
Leonardo Tonitza,RO
Leone Di Lernia,IT
Leone Pompucci,IT
Leonie Krippendorff,DE
Leonie Stade,DE
Léonor Serraille,FR
Léopold Legrand,FR
Leopold von Verschuer,DE
Leopoldo Pescatore,IT
Les Dennis,GB
Lesley Ashton,GB
Lesley Manville,UK
Lesley Nicol,GB
Lesley-Ann Jones,GB
Leslie Ash,GB
Leslie Franke,DE
Leslie Kaplan,FR
Leslie Malton,US
Letizia Bellocchio,IT
Letizia Lamartire,IT
Lev L. Spiro,US
Levente Harsányi,HU
Levente Király,HU
Levente Nagy Borús,HU
Levente Nemes,RO
Levente Nemes,HU
Levente Törköly,HU
Levente Törköly,RS
Levi Roots,GB
Levon Minasian,FR
Lew Hohmann,PL
Lewis Eizykman,FR
Lia Akhedjakova,RU
Lia Koenig,IL
Lia Pokorny,HU
Liam Cunningham,IE
Liam Neeson,UK
Liana Marabini,IT
Liana Mărgineanu,RO
Liane Foly,FR
Liberace,US
Lidewij Edelkoort,NE
Lidia Ascari,IT
Lidia Falcón,ES
Lidia Terki,FR
Ligia Ciornei,RO
Lilay Huser,DE
Lili Fini Zanuck,US
Lili Horvát,HU
Lili Monori,HU
Liliana Cavani,IT
Liliana Oricchio Vallasciani,IT
Liliana Pană,RO
Liliane de Kermadec,FR
Liliane Kandel,FR
Liliane Montevecchi,FR
Liliane Rovère,FR
Lilla Mátis,HU
Lilliana Vitale,IT
Lilly Engel,DE
Lily Tirinnanzi,IT
Lina Bernardi,IT
Lina Sastri,IT
Lina Wendel,DE
Lina Wertmüller,IT
Linal Haft,GB
Linda Bassett,GB
Linda Gail Lewis,US
Linda Lavin,US
Lindsay Duncan,GB
Line Renaud,FR
Lino Banfi,IT
Lino Capolicchio,IT
Lino Escalera,ES
Linus de Paoli,DE
Linus Roache,GB
Lio,BE
Lionel Abelanski,FR
Lionnel Astier,FR
Lionel Baillemont,FR
Lionel Batiste,US
Lionel Rosso,FR
Lionel Steketee,FR
Lionel Tua,FR
Lionnel Astier,FR
Lior Ashkenazi,IL
Lisa Adler,DE
Lisa Azuelos,FR
Lisa Barros D'Sa,GB
Lisa Bierwirth,DE
Lisa Bosi,IT
Lisa Bronwyn Moore,CA
Lisa Eichorn,US
Lisa Heredia,FR
Lisa Kreuzer,DE
Lisa Langseth,SE
Lisa Livane,FR
Lise Akoka,FR
Lise Lamétrie,FR
Lisei Caspers,DE
Liselotte Dreyfeldt-Hein,DE
Lisette Malidor,FR
Lissy Tempelhof,DE
Lita Claver,ES
Liudmyla Smorodina,UA
Liv Ullmann,NO
Lívia Bertha,HU
Livia Bonifazi,IT
Livia De Paolis,IT
Lívia Révész,HU
Livio Badurina,HR
Liviu Dragnea,RO
Liviu Rotman,RO
Liviu Sandulescu,RO
Liviu Tofan,RO
Lixin Fan,CN
Liz Lobato,ES
Liza Ross,GB
Lizzie MacKenzie,GB
Lizzy McInnerny,GB
Ljasuk Dimitry,HU
Ljasuk Dimitry,UA
Ljerka Belak,SI
Ljerka Prekratić,BA
Ljiljana Bogojević,HR
Ljubo Zdjelarević,HR
Ljubo Zečević,HR
Ljubomir Kerekeš,HR
Ljupcho Todorovski,MK
Lloyd Kaufman,US
Lloyd Stanton,GB
Lluís Baulida,ES
Lluís Danés,ES
Lluís Homar,ES
Lluís Marco,ES
Lluís Miñarro,ES
Lluís Miquel Campos,ES
Lluís Pasqual,ES
Lluís Soler,ES
Lluïsa Mallol,ES
Llum Quiñonero,ES
Loïc Paillard,FR
Loïc Pichon,FR
Loïk Dury,FR
Lois Patiño,ES
Lokman Slim,LB
Lola Casamayor,ES
Lola Cordón,ES
Lola Herrera,ES
Lola Moltó,ES
Lola Plass,DE
Lola Randl,DE
LolaMoltó,ES
Loles León,ES
Loli Astoreka,ES
Lolita Flores,ES
Lollo Franco,IT
Lone Fleming,DK
Lone Scherfig,DK
Loránd Mertz,HU
Lorcan Cranitch,IE
Lore Stefanek,CZ
Loredana Bertè,IT
Lorella Cravotta,FR
Lorenza Garcia,FR
Lorenza Guerrieri,IT
Lorenza Indovina,IT
Lorenza Machín,ES
Lorenza Mazzetti,IT
Lorenzo Acquaviva,IT
Lorenzo Adorisio,IT
Lorenzo Bianchini,IT
Lorenzo Borghini,IT
Lorenzo Cherubini Jovanotti,IT
Lorenzo D'Amelio,IT
Lorenzo d'Amico de Carvalho,IT
Lorenzo D'Amelio,IT
Lorenzo d'Amico de Carvalho,IT
Lorenzo Gioielli,IT
Lorenzo Mattotti,IT
Lorenzo Raponi,IT
Lorenzo Rossi Espagnet,IT
Lorenzo Silva,ES
Lores Espinosa,ES
Loreta Tovar,ES
Loretta Goggi,IT
Loretta Micheloni,IT
Lori Butler,US
Loris Loddi,IT
Lorna Tucker,GB
Lorraine Ashbourne,GB
Lorraine Hilton,
Lorraine Kelly,GB
Lorraine Levy,FR
Lothaire Bluteau,CA
Lothar Herzog,DE
Lothar König,DE
Lothar Thiel,DE
Lou Castel,SE
Lou Diamond Phillips,US
Lou Ferrigno,US
Lou Reed,US
Louda Ben Salah,FR
Louis Cane,FR
Louis Clichy,FR
Louis Emerick,GB
Louis Garrel,FR
Louis Leterrier,FR
Louis Myles,GB
Louis Nero,IT
Louis Sarno,US
Louis-Do de Lencquesaing,FR
Louise Godbold,US
Louise Osmond,GB
Louisiana Red,US
Louis-Julien Petit,FR
Lourdes de Orduña,ES
Lowell Davis,US
Luan Jaha,SI
Lubna Playoust,FR
Luc Besson,FR
Luc Bricault,FR
Luc Decaster,FR
Luc Feit,LU
Luc Jacquet,FR
Luc Long,FR
Luc Merenda,FR
Luc Moulet,FR
Luc Palun,FR
Luc Picard,FR
Luca Barbareschi,IT
Luca Bercovici,US
Luca Biglione,IT
Luca Facchini,IT
Luca Guadagnino,IT
Luca Immesi,IT
Luca Lombardo,FR
Luca Lucini,IT
Luca Magi,IT
Luca Manfredi,IT
Luca Miniero,IT
Luca Rea,IT
Luca Sabin,RO
Luca Scivoletto,IT
Luca Toracca,IT
Luca Tornatore,IT
Luca Vecchi,IT
Luca Vendruscolo,IT
Luca Ward,IT
Luca Zingaretti,IT
Luc-Antoine Diquéro,FR
Lucas Belvaux,BE
Lucas Bernard,FR
Lucas Delangle,FR
Luce Mouchel,FR
Lucero Tena,ES
Lucia Barahona,FR
Lucia Batassa,IT
Lucia Bosè,IT
Lucia Chiarla,IT
Lucia Guzzardi,IT
Lucía Puenzo,AR
Lucia Ragni,IT
Lucia Sardo,IT
Lucía Tello Díaz,ES
Lucía Topolansky,UY
Lucia Vasini,IT
Lucia Zanettin,IT
Lucian Iancu,RO
Lucian Ifrim,RO
Lucian Pavel,RO
Luciano Curreli,IT
Luciano De Crescenzo,IT
Luciano Ligabue,IT
Luciano Luminelli,IT
Luciano Manzalini,IT
Luciano Miele,IT
Lucica Ciobanu,RO
Lucie Assemat,FR
Lucie Borleteau,FR
Lucien Castaing-Taylor,GB
Lucien Jean-Baptiste,FR
Lucien Pascal,FR
Lucienne Hamon,FR
Lucienne Moreau,FR
Lucija Stojevic,HR
Lucio Ciotola,IT
Lucio Dalla,IT
Lucio Gaudino,IT
Lucreția Mandric,MD
Lucy Briers,GB
Lucy Martin,US
Lucy Salani,IT
Ludger Pistor,DE
Ludger Tenryu Tenbreul,JP
Ludmila Mikaël,FR
Ludmila Zeman,CZ
Ludovic Bergery,FR
Ludovic Bernard,FR
Ludovic Boukherma,FR
Ludovic Cantais,FR
Ludovic Colbeau-Justin,FR
Ludovica Modugno,IT
Ludvik Bagari,SI
Ludwig Shammasian,
Luigi Angiuli,IT
Luigi Attrice,IT
Luigi Ciaravola Gigione,IT
Luigi Ciotti,IT
Luigi Cozzi,IT
Luigi D'Alife,IT
Luigi D'Alife,IT
Luigi De Luca,IT
Luigi Delladio,IT
Luigi Diberti,IT
Luigi Lo Cascio,IT
Luigi Maria Burruano,IT
Luis Alberto García,CU
Luis Alegre,ES
Luis Antonio de Villena,ES
Luis Arrieta Etxeberría,ES
Luis Bermejo,ES
Luis Centeno,ES
Luis Eduardo Aute,ES
Luis Fernández de Eribe,ES
Luis Fernández-Jardón,ES
Luis Fernando Alvés,ES
Luis García Montero,ES
Luís Gibert,ES
Luis Guzmán,US
Luis Hostalot,ES
Luis Iriondo,ES
Luis López Carrasco,ES
Luís Lucas,PT
Luis Mancha,ES
Luis María Anson,ES
Luis María Ferrández,ES
Luis Marías,ES
Luís Miguel Cintra,PT
Luis Molteni,IT
Luis Moreno Ocampo,AR
Luis Mottola,ES
"Luis Paz ""Papillo""",CU
Luis Perezagua,ES
Luis Posada,ES
Luis Rego,PT
Luis Reina,ES
Luis Soravilla,ES
Luis Tinoco,ES
Luis Trapiello,ES
Luis Varela,ES
Luis Zahera,ES
Luis Ziembrowski,AR
Luisa Cantero,ES
Luisa De Santis,IT
Luisa Gavasa,ES
Luisa Merelas,ES
Luisa Porrino,IT
Luisanna Pandolfi,IT
Luise Brinkmann,DE
Luise Deschauer,DE
Luise Kinseher,DE
Luisi Bodega,ES
Luisje Moyano,ES
Luka Marčetić,HR
Luka Marčetić,SI
Luka Rukavina,HR
Lukács Bicskey,HU
Lukas Feigelfeld,AT
Lukas Lessing,AT
Lukas Nola,HR
Lukas Rinker,US
Lukasz Lakomy,PL
Luke Dodd,GB
Luke Hayden,IE
Luke Holland,GB
Lulu,GB
Luminița Gheorghiu,RO
Luna Gualano,IT
Lunetta Savino,IT
Lurdes Barba,ES
Lutz Blochberger,DE
Lutz Heineking jr.,DE
Lutz Kayser,DE
Lutz Pehnert,DE
Lyda Patitucci,IT
Lydia Biondi,IT
Lydia Zimmermann,ES
Lyèce Boukhitine,FR
Lyès Salem,FR
Lyès Salem,DZ
Lynda Baron,GB
Lynn Hunter,GB
Lynn Lowry,US
Lynne Ramsay,GB
M'hamed Benguettaf,DZ
M. A. Numminen,FI
Maaike Jansen,FR
Maarten van der Duin,NL
Mabel Aschenneller,DE
Mabel Rivera,ES
Macarena Astorga,ES
Maccio Capatonda,IT
Macha Béranger,FR
Macha Méril,FR
Mad Professor,UK
Madeleine Dallmeyer,DE
Madeleine Gagnon,CA
Madeline Smith,GB
Madhav Sharma,GB
Madhav Sharma,IN
Madonna,US
Mads Mikkelsen,DK
Mael Le Mée,FR
Magali Noël,FR
Magaly Richard-Serrano,FR
Magda Catone,RO
Magda Oranich,ES
Magda Rezene,IT
Magdi Bódy,HU
Magdolna Menszátor,HU
Maggie Daniels,GB
Maggie Malooly,US
Maggie O'Neill,GB
Maggie Peren,DE
Maggie Smith,GB
Maggie Steed,GB
Magne Furuholmen,NO
Magne-Håvard Brekke,NO
Magüi Mira,ES
Maguy Marin,FR
Maha Haj,IL
Mahamat-Saleh Haroun,FR
Mahmoud Jafari,IR
Mai Hua,FR
Maia Morgenstern,RO
Maider Oleaga,ES
Maïk Darah,FR
Maïmouna Doucouré,FR
Maïr Verthuy,CA
Maite Bastos,ES
Maïwenn,DZ
Maja Gal Štromar,SI
Maja Sever,SI
Maja Weiss,SI
Majid Bekkas,MA
Majida Ghomari,FR
Makram Khoury,IL
Makram Khoury,
Malachi Smyth,GB
Malcolm Adams,US
Malcolm McDowell,UK
Malcolm Sinclair,GB
Malcolm Storry,GB
Malek Bensmaïl,DZ
Malik Chibane,FR
Mallory Grolleau,FR
Malte Sieveking,DE
Malte Wirtz,DE
Mamadou Touré,GN
Mamane,NG
Mamen García,ES
Manane Rodríguez,UY
Manca Kosir,SI
Mandie Fletcher,GB
Mandy Patinkin,US
Manel Barceló,ES
Manel Castillejos,ES
Manel Dueso,ES
Manele Labidi,FR
Manfred Andrae,DE
Manfred Böll,AT
Manfred Möck,DE
Manfred Voltmer,DE
Manfred Weill,DE
Manfred Zapatka,DE
Manfred-Anton Algrang,DE
Manh Cuong,VN
Mani Neumann,DE
Manoëlle Gaillard,FR
Manolo Blahnik,ES
Manolo Blahnik,CZ
Manolo Royo,ES
Manolo Sanlúcar,ES
Manolo Solo,ES
Manolo Vieira,ES
Manon Ott,FR
Manrico Gammarota,IT
Mansur Tural,FR
Manu Gómez,ES
Manu Luksch,AT
Manuel Bandera,ES
Manuel Cucala,ES
Manuel de Blas,ES
Manuel Galiana,ES
Manuel Garí,ES
Manuel Gómez Pereira,ES
Manuel Gutiérrez Aragón,ES
Manuel Hidalgo,ES
Manuel Huerga,ES
Manuel Lourenzo,ES
Manuel Manquiña,ES
Manuel Martín Cuenca,ES
Manuel Martínez Velasco,ES
Manuel Menchón,ES
Manuel Molina,ES
Manuel Morón,ES
Manuel Ojeda,MX
Manuel Pizarro,ES
Manuel Pradal,FR
Manuel Sanchez,FR
Manuel Santiago Maya,ES
Manuel Tadros,CA
"Manuel Tajes ""O Rubio de Camelles""",ES
Manuel Tallafé,ES
Manuel Vicente,AR
Manuel Vilas,ES
Manuel Zarzo,ES
Manuela Burló Moreno,ES
Manuela Carmena,ES
Manuela Ciucur,RO
Manuela Gourary,FR
Manuela Hărăbor,RO
Manuela Kozany,DE
Manuela Mena,ES
Manuela Pedraza,ES
Manuela Tempesta,IT
Manzar Sebhai,PK
Mar Targarona,ES
Mara Ballestero,ES
Mara Eibl-Eibesfeldt,DE
Maram al-Masri,FR
Maram al-Masri,SY
Marc Andreoni,FR
Marc Barbé,FR
Marc Berman,FR
Marc Betton,FR
Marc Bielli,FR
Marc Brummund,DE
Marc Brunet,FR
Marc Carreté,ES
Marc Collin,FR
Marc Crehuet,ES
Marc Danbury,GB
Marc de La Ménardière,FR
Marc Delouze,FR
Marc di Domenico,FR
Marc Dietschreit,DE
Marc Dubois,FR
Marc Dugain,FR
Marc Duret,FR
Marc Fayet,FR
Marc Fehse,
Marc Fiorini,IT
Marc Fiorini,CA
Marc Fitoussi,FR
Marc Forde,GB
Marc Fouchard,FR
Marc Francis,GB
Marc Hoeferlin,GB
Marc Lavoine,FR
Marc Munden,GB
Marc Muñoz,ES
Marc Nicolas,FR
Marc Olinger,LU
Marc Parmentier,FR
Marc Perrone,FR
Marc Pierret,FR
Marc Pierschel,DE
Marc Prin,FR
Marc Rapilly,FR
Marc Recha,ES
Marc Romero,ES
Marc Rothemund,DE
Marc Schlegel,DE
Marc Susini,FR
Marc Vigil,ES
Marc Weymuller,FR
Marcel Barrena,ES
Marcel Bluwal,FR
Marcel Conche,FR
Marcel Costea,RO
Marcel Horobeț,RO
Marcel Iureș,RO
Marcel Mettelsiefen,DE
Marcel Odenbach,DE
Marcel Philippot,FR
Marcel Sabourin,CA
Marcel Wehn,DE
Marcel·lí Antúnez,ES
Marceline Loridan-Ivens,FR
Marcelino Oreja,ES
Marcello Cesena,IT
Marcello Macchia,IT
Marcello Martini,IT
Marcello Mazzarella,IT
Marcello Perracchio,IT
Marcello Prayer,IT
Marcello Romolo,IT
Marcia Gay Harden,US
Marcia Warren,GB
Marcin Malaszczak,PL
Marco Albrecht,DE
Marco Bellocchio,IT
Marco Bocci,IT
Marco Bonfanti,IT
Marco Capretti,IT
Marco Cassini,IT
Marco D'Amore,IT
Marco D'Amore,IT
Marco Danieli,IT
Marco De Angelis,IT
Marco Demurtas,IT
Marco Filiberti,IT
Marco Gadge,DE
Marco Giallini,IT
Marco Giusti,IT
Marco Jorge Rudolph,DE
Marco Kreuzpaintner,DE
Marco La Via,FR
Marco La Via,US
Marco Lledó Escartín,ES
Marco Lorenzini,LU
Marco Manetti,IT
Marco Melluso,IT
Marco Messeri,IT
Marco Paolini,IT
Marco Petry,DE
Marco Pollini,IT
Marco Pontecorvo,IT
Marco Ponti,IT
Marco Renda,IT
Marco Riccomini,IT
Marco Risi,IT
Marco S. Puccioni,IT
Marco Salom,IT
Marco Scotuzzi,IT
Marco Segato,IT
Marco Stefanelli,IT
Marco Tullio Giordana,IT
Marco Zangardi,IT
Marco Zarrelli,IT
Marc-Olivier Louveau,DE
Marcos Cabotá,ES
Marcus Calvin,DE
Marcus H. Rosenmüller,DE
Marcus Hamann,
Marcus Harben,GB
Marcus Lachmann,DE
Marcus Lenz,DE
Marcus Morlinghaus,DE
Marcus Off,DE
Marcus Richardt,DE
Marcus Vetter,DE
Marc-Uwe Kling,DE
Mareike Wegener,DE
Mareille Klein,DE
Marek Vašut,CZ
Maren Ade,DE
Maren Kroymann,DE
Maresa Hörbiger,AT
Marescotti Ruspoli,IT
Marga Arnau,ES
Marga Castells,ES
Margaret Jackman,GB
Margarete Kreuzer,DE
Margarete Tiesel,AT
Margarethe von Trotta,DE
Margarita Broich,DE
Margarita Cadenas,FR
Margarita Cadenas,VE
Margarita Rosa de Francisco,CO
Margarita Xhepa,AL
Margherita Buy,IT
Margherita Delbono,IT
Margherita Fumero,IT
Margit Bendokat,DE
Margit Carstensen,DE
Margit Földessy,HU
Margit Hertelendy,HU
Margot Flügel-Anhalt,DE
Margot Gödrös,CH
Margy Kinmonth,GB
Mari Carmen Valiente,ES
Mari Csomós,HU
Mari Nagy,HU
Mari Törőcsik,HU
María Alfonsa Rosso,ES
María Altea Moya,ES
Maria Amelia Monti,IT
María Antonia Pérez,ES
Maria Bachmann,DE
María Barranco,ES
María Bayo,ES
Maria Bill,CH
Maria Binder,
Mária Bókay,HU
María Cabrera,ES
María Cristina Lozada,VE
Maria de Medeiros,PT
Maria del Carmen,BR
Maria Del Monte,IT
Maria Di Biase,IT
María Elorza,ES
Mária Erdélyi,HU
Mária Erdélyi,RO
María Eugenia Barrenechea,CL
Maria Eugenia D'Aquino,IT
Maria Furtwängler,DE
María Fux,AR
María Garralón,ES
Maria Gradi,IT
Maria Grazia Bon,IT
Maria Grazia Cucinotta,IT
Maria Grazia Sughi,IT
María Guardia Gómez,ES
Maria Happel,DE
Mária Harangi,HU
Maria Hartmann,DE
Maria Hofstätter,AT
María Isabel Díaz Lago,CU
María Jesús Hoyos,ES
María Jesús Sirvent,ES
María Jesús Varona,ES
María José Alfonso,ES
María José Goyanes,ES
Maria Junghiețu,RO
María Kosty,ES
Maria Laborit,FR
Maria Luisa Bellocchio,IT
María Luisa Lara,ES
María Luisa Merlo,ES
María Luisa Pujol,ES
Maria Luisa Santella,IT
María Luisa Solá,ES
María Martín,ES
Maria Mauti,IT
Maria Pacôme,FR
Maria Paiato,IT
Maria Pampana,IT
Maria Peschek,DE
Maria Pia Di Meo,IT
Maria Ploae,RO
Maria Ribot,ES
Maria Ribot,CH
María Ripoll,ES
Maria Rosaria Alati,IT
Maria Rosaria Omaggio,IT
Maria Schneider,FR
Maria Schrader,DE
Maria Seleş,RO
Maria Servini,AR
Maria Sole Tognazzi,IT
Maria Speth,DE
Mária Takács,HU
María Teresa Fernández de la Vega Sanz,ES
Maria Teslaru,RO
Mária Varga,HU
María Victoria Paniagua,ES
María Villar,ES
Marian Crișan,RO
Marian Negrescu,RO
Marian Râlea,RO
Mariana Carballal,ES
Mariana Cordero,ES
Mariangela Barbanente,IT
Mariann Kocsis,HU
Marianne Basler,BE
Marianne Denicourt,FR
Marianne Faithfull,UK
Marianne Faithfull,GB
Marianne Garcia,FR
Marianne Jean-Baptiste,GB
Marianne Nahon,FR
Marianne Roussy,FR
Marianne Sägebrecht,DE
Marianne Tardieu,FR
Mariano Barroso,ES
Mariano Cohn,AR
Mariano Llorente,ES
Mariano Ozores,ES
Mariano Peña,ES
Mariano Rajoy,ES
Mariano Rigillo,IT
Mariano Venancio,ES
Mariasun Pagoaga,ES
Maribel Martín,ES
Maribel Salas,ES
Marica Globočnik,SI
Marica Vidušić,
Marica Vidušić,HR
Marie Amachoukeli,FR
Marie Anne Fliegel,DE
Marie Belhomme,FR
Marie Berto,BE
Marie Bunel,FR
Marie Clémence Andriamonta-Paes,FR
Marie Frapin,FR
Marie Garel-Weiss,FR
Marie Goyette,CA
Marie Goyette,DE
Marie Gruber,DE
Marie Laforêt,CH
Marie Madinier,FR
Marie Mannschatz,DE
Marie Matheron,FR
Marie Monge,FR
Marie Montvuagnard,FR
Marie Noëlle,FR
Marie Noëlle,CA
Marie Pillet,FR
Marie Reich,DE
Marie Rivière,FR
Marie Vincent,FR
Marie Wilke,DE
Marie-Ange Gorbanevsky,FR
Marie-Ange Poyet,FR
Marie-Anne Chazel,FR
Marie-Bénédicte Roy,FR
Marie-Castille Mention-Schaar,FR
Marie-Christine Adam,FR
Marie-Christine Barrault,FR
Marie-Christine Darah,FR
Marie-Christine Laznik,BR
Marie-Christine Orry,FR
Marie-Claude Treilhou,FR
Marie-France,FR
Marie-France Mignal,FR
Marie-France Pisier,FR
Marie-France Santon,FR
Marie-Francine Le Jalu,FR
Marie-Hélène Lentini,FR
Marie-Hélène Rebois,FR
Marie-Jo Khojandi,
Marie-José Tubiana,FR
Marieke Schroeder,DE
Mariel Soria,AR
Mariella Valentini,IT
Marielle Gautier,FR
Marie-Luise Marjan,DE
Marie-Luise Schulze-Jahn,DE
Marie-Monique Robin,FR
Marie-Philomène Nga,FR
Marie-Philomène Nga,CM
Marie-Pierre Casey,FR
Marie-Sophie Chambon,FR
Marie-Thérèse Fortin,CA
Marietta Solty,DE
Marija Krpan,HR
Marijana Brecelj,SI
Marijke Pinoy,BE
Marika Vibik,FR
Mariko Minoguchi,DE
Marília Gabriela,BR
Marilou Berry,FR
Marilú Marini,AR
Marilyn Edmond,GB
Marilyn Jess,FR
Marilyne Canto,FR
Marina Andree Škop,HR
Marina Cicogna,IT
Marina Confalone,IT
Marina Foïs,FR
Marina Kem,DE
Marina Seresesky,AR
Marina Sirtis,GB
Marina Suma,IT
Marina Tomé,FR
Marine Allard,FR
Marine Francen,FR
Marine Place,FR
Marinka Stern,SI
Marino Guarnieri,IT
Mario Adorf,DE
Mario Adorf,CH
Mario Alarcón,AR
Mario Balsamo,IT
Mario Bucci,IT
Mario Camus,ES
Mario Casas,ES
Mario Chiavalin,IT
Mario De Candia,IT
Mario Donatone,IT
Mario Draghi,IT
Mario Fanfani,FR
Mario Faticoni,IT
Mario Gas,ES
Mario Martone,IT
Mario Mentrup,DE
Mario Olivieri,IT
Mario Pardo,ES
Mario Parruccini,IT
Mario Petreković,HR
Mario Piredda,IT
Mario Porfito,IT
Mario Pupella,IT
Mario Ramsamy,FR
Mario Santos,ES
Mario Schneider,DE
Mario Sesti,IT
Mario Tronco,IT
Mario Vargas Llosa,DO
Mario Viana,FR
Mario Zucca,IT
Mario-Alberto Sautré,FR
Mărioara Sterian,RO
Marion Alessandra Becker,DE
Marion Bailey,GB
Marion Brasch,DE
Marion Breckwoldt,DE
Marion Erdmann,DE
Marion Kracht,DE
Marion Laine,FR
Marion Lippmann,FR
Marion Mitterhammer,AT
Marion Vernoux,FR
Mariona Perrier,ES
Marisa Berenson,US
Marisa Borini,IT
Marisa Laurito,IT
Marisa Paredes,ES
Marisa Tomei,US
Marisa Vallejo,ES
Marisa Vallone,IT
Marisol Ayuso,ES
Marisol Carnicero,ES
Marit Nissen,DE
Marita Breuer,DE
Marita Neher,
Marita Stocker,
Marius Bodochi,RO
Marius Müller-Westernhagen,DE
Marius Olteanu,RO
Marius Oprea,RO
Marius Rogojinschi,RO
Marius Th. Barna,RO
Mariví Bilbao,ES
Mariya Kochur,RU
Marjane Satrapi,FR
Marjane Satrapi,IR
Marjory Dejardin,FR
Mark Abraham,US
Márk Bodzsár,HU
Mark Cousins,GB
Mark Craig,GB
Mark Cuban,US
Mark Ellen,GB
Mark Forstater,US
Mark Gatiss,GB
Mark Gillis,GB
Mark Hadfield,GB
Mark Hamill,US
Mark Hughes,GB
Mark J.T. Griffin,GB
Mark Jenkin,GB
Mark Knopfler,GB
Mark Kostabi,US
Márk Kostyál,HU
Mark Lewis Jones,GB
Mark Monheim,DE
Mark Osborne,US
Mark Penfold,GB
Mark Ravenhill,GB
Mark Rydell,US
Mark Rylance,GB
Mark Schlichter,DE
Mark Spiegler,US
Mark Strong,GB
Mark Tandy,IE
Mark Williams,GB
Mark Wingett,GB
Mark Zak,UA
Mark Zak,DE
Marko Brecelj,BA
Marko Miladinović,SI
Marko Okorn,SI
Marko Šantić,SI
Marko Šantić,HR
Marko Sosič,SI
Markus Dietrich,DE
Markus Fennert,DE
Markus Goller,DE
Markus Hering,DE
Markus John,DE
Markus Mischkowski,DE
Markus Schmidt,DE
Markus Sehr,DE
Markus Tiarks,
Marlen Diekhoff,DE
Marlene Bajali,IL
Marlène Jobert,FR
Marlene Sidaway,GB
Maroussia Dubreuil,FR
Marta Angelat,ES
Márta Anna Kempf,HU
Marta Cabrera,ES
Marta Díaz de Lope Díaz,ES
Márta Egri,HU
Marta García Ribot,ES
Marta Hermida,ES
Marta Herrero Cagigal,ES
Marta Jaenes,ES
Márta Kurtág,HU
Marta Lallana,ES
Márta Martin,HU
Márta Mészáros,HU
Marta Puig,ES
Marta Romero Coll,ES
Marta Savina,IT
Marta Sentís,ES
Márta Szabó,HU
Marta Tatjer,ES
Marten Persiel,DE
Martha Pinson,GB
Marthe Cohn,FR
Marthe Keller,CH
Marthe Villalonga,FR
Martial Le Minoux,FR
Martin A. Armstrong,US
Martin Adams,GB
Martin Armknecht,DE
Martin Bentz,DE
Martin Bourboulon,FR
Martin Brambach,DE
Martin Busker,DE
Martín Caparrós,ES
Martín Cuervo,ES
Martin Edwards,GB
Martin Esposito,FR
Martin Farkas,DE
Martín Garrido Ramis,ES
Martin Gore,GB
Martin Gressmann,DE
Martin Herdman,GB
Martin Indyk,US
Martin Keown,GB
Martin Lamotte,FR
Martin Margiela,BE
Martin McDonagh,IE
Martin McDougall,UK
Martin Muncaster,GB
Martin Owen,GB
Martin Provost,FR
Martin Radich,GB
Martin Reinhart,AT
Martin Reinke,DE
Martín Rosete,ES
Martin Schläpfer,CH
Martin Schreier,DE
Martin Seifert,DE
Martin Semmelrogge,DE
Martin Shaw,GB
Martin Sheen,US
Martin Turk,SI
Martin Umbach,DE
Martin Wuttke,DE
Martina Eitner-Acheampong,DE
Martina Gedeck,DE
Martina Krauel,DE
Martina McClements,GB
Martina Sakova,DE
Martina Spitzer,AT
Martine Amisse,FR
Martine Bouquin,FR
Martine Chevallier,FR
Martine Deyres,FR
Martine Erhel,BE
Martine Irzenski,FR
Martine Sarcey,FR
Martine Schambacher,FR
Martine Vandevile,FR
Martino Duane,IT
Martirio,ES
Márton Szipál,HU
Martxelo Rubio,ES
Maruja Torres,ES
Marvin Litwak,DE
Mary Bauermeister,DE
Mary Beard,GB
Mary Carmen,ES
Mary Cipolla,IT
Mary E. Power,US
Mary McCusker,GB
Mary Nanou,GR
Mary Pat Gleason,US
Mary Paz Pondal,ES
Mary Steenburgen,US
Mary Twala,ZA
Mary Wilson,US
Mary Woodvine,GB
Maryam Boobani,IR
Maryline Even,FR
Mary-Louise Parker,US
Mary-Noël Niba,CM
Maryvonne Schiltz,FR
Marzia Ubaldi,IT
Marzieh Alivirdi,IR
Marzio Honorato,IT
Masa Sawada,JP
Massiel,ES
Massimiliano Bruno,IT
Massimiliano Buzzanca,IT
Massimiliano Medda,IT
Massimiliano Padovan Di Benedetto,IT
Massimiliano Pazzaglia,IT
Massimo Boldi,IT
Massimo Bonetti,IT
Massimo Cappelli,IT
Massimo Ceccherini,IT
Massimo Ciavarro,IT
Massimo Dapporto,IT
Massimo De Francovich,IT
Massimo De Lorenzo,IT
Massimo De Rossi,IT
Massimo Donati,IT
Massimo Ferrero,IT
Massimo Foschi,IT
Massimo Gaudioso,IT
Massimo Ghini,IT
Massimo Lopez,IT
Massimo Olcese,IT
Massimo Paolucci,IT
Massimo Popolizio,IT
Massimo Ranieri,IT
Massimo Sacilotto,IT
Massimo Savić,HR
Massimo Scaglione,IT
Massimo Spano,IT
Massimo Venier,IT
Massimo Wertmüller,IT
Massud Rahnama,IR
Mat Fraser,GB
Mata Amritanandamayi,IN
Matanat Atakishiyeva,AZ
Máté Fazekas,HU
Mate Gulin,HR
Mate Gulin,SI
Máté Vargha,HU
Matei Dima,RO
Matej Nahtigal,SI
Matej Recer,SI
Mateo Gil,ES
Matevž Lenarčič,SI
Matevž Luzar,SI
Mathias Gokalp,FR
Mathias Herrmann,DE
Mathias Malzieu,FR
Mathias Max Herrmann,DE
Mathias Mlekuz,FR
Mathias Pardo,FR
Mathias Renou,FR
Mathias Théry,FR
Mathias Waske,DE
Mathieu Amalric,FR
Mathieu Carrière,DE
Mathieu Coffin,FR
Mathieu Gérault,FR
Mathieu Kassovitz,FR
Mathieu Sapin,FR
Mathieu Seiler,CH
Mathieu Turi,FR
Mathieu Vadepied,FR
Mathilda May,FR
Mathilde Monnier,FR
Mathilde Seigner,FR
Matías Díaz Padrón,ES
Matilda Ziegler,GB
Matilde Coral,ES
Matilde Fluixá,ES
Matilde Muñiz,ES
Matjaž Ivanišin,SI
Matjaž Javšnik,SI
Matjaž Pikalo,SI
Matjaž Tribušon,SI
Mats Grorud,NO
Matt Dillon,US
Matt Gambell,GB
Mat Hodgson,GB
Matt Salinger,US
Matteo Bini,IT
Matteo Botrugno,IT
Matteo Gagliardi,IT
Matteo Garrone,IT
Matteo Giancaspro,IT
Matteo Martinez,IT
Matteo Pianezzi,IT
Matteo Rovere,IT
Matteo Scifoni,IT
Matteo Vicino,IT
Matteo Zoppis,IT
Matthew Bauer,AU
Matthew Burton,UK
Matthew Dyas,GB
Matthew Hammett Knott,GB
Matthew Holness,GB
Matthew Kelly,GB
Matthew Marsh,GB
Matthew Modine,US
Matthew Vaughn,GB
Matthew Warchus,GB
Matthew Wolfe,GB
Matthias Brandt,DE
Matthias Breitenbach,DE
Matthias Brenner,DE
Matthias Bundschuh,DE
Matthias Dittmer,DE
Matthias Freihof,DE
Matthias Habich,DE
Matthias Habich,PL
Matthias Harder,DE
Matthias Heeder,DE
Matthias Hues,DE
Matthias Hummitzsch,DE
Matthias Jabs,DE
Matthias Koßmehl,DE
Matthias Kostya,DE
Matthias Kubusch,
Matthias Kupfer,DE
Matthias Kutschmann,DE
Matthias Lang,IT
Matthias Neukirch,AT
Matthias Scheuring,DE
Matthias Schullan,DE
Matthias Schweighöfer,DE
Matthias Seifert,DE
Matthias Starte,DE
Matthias Winde,DE
Matthias X. Oberg,DE
Matthieu Chatellier,FR
Matthieu Delaporte,FR
Matthieu Ricard,FR
Matthieu Yakovleff,FR
Matti Bauer,DE
Matti Geschonneck,DE
Matti Klemm,DE
Mattia Colombo,IT
Mattia Sbragia,IT
Mattia Torre,IT
Mátyás Dráfi,HU
Mátyás Dráfi,SK
Mátyás Szabó,HU
Maud Baignères,FR
Maurane,BE
Maureen Lipman,FR
Maurice Aufair,CH
Maurice Barthélémy,FR
Maurice Bénichou,FR
Maurice Byrne,IE
Maurice Chevit,FR
Maurice Garrel,FR
Maurice MacGowan,IE
Maurice Poli,FR
Maurice Risch,FR
Maurice Roëves,GB
Maurizio Amati,IT
Maurizio Battista,IT
Maurizio Casagrande,IT
Maurizio De Angelis,IT
Maurizio De Giovanni,IT
Maurizio Di Carmine,IT
Maurizio Donadoni,IT
Maurizio Fanin,IT
Maurizio Gigola,IT
Maurizio Marchetti,IT
Maurizio Mattioli,IT
Maurizio Micheli,IT
Maurizio Nichetti,IT
Maurizio Soldà,IT
Maurizio Turone,IT
Maurizio Valente,IT
Maurizio Zaccaro,IT
Maurizio Zacchigna,IT
Mauro Bonanni,IT
Mauro Caputo,IT
Mauro Forghieri,IT
Mauro John Capece,IT
Mauro Mancini,IT
Mauro Marino,IT
Mauro Negri,IT
Mauro Ruvolo,IT
Maverick Quek,SG
Max Alexander,US
Max Berliner,PL
Max Cavallari,IT
Max Croci,IT
Max Fey,DE
Max Gazzè,IT
Max Giusti,IT
Max Gleschinski,DE
Max Herbrechter,DE
Max Lemcke,ES
Max Linz,DE
Max Moor,CH
Max Morel,FR
Max Mosley,GB
Max Nardari,IT
Max Pugh,GB
Max Rosenberg,
Max Rüdlinger,CH
Max Schmidt,DE
Max Taubert,
Max Tidof,DE
Max Tortora,IT
Max von Sydow,SE
Max Zahle,DE
Maxence Tual,FR
Maxi Rodríguez,ES
Maxie Peters,GB
Maxime Govare,FR
Maxime Matray,FR
Maxime Motte,FR
Maxime Roy,FR
Maximilian Buck,DE
Maximilian Erlenwein,DE
Maximiliano Hernando Bruno,AR
Maximiliano Márquez,ES
Máximo Pradera,ES
Máximo Valverde,ES
May Heatherly,US
Mayka Braña,ES
Mbissine Thérèse Diop,SN
Mechthild Großmann,DE
Med Hondo,FR
Meera Syal,GB
Meg Leonard,GB
Mehdi Ben Attia,TN
Mehdi Charef,FR
Mehdi Fikri,FR
Mehdi Idir,FR
Mehdi Senoussi,FR
Meike Hoffmann,DE
Mel Gibson,AU
Mela Casal,ES
Mélanie Auffret,FR
Melanie Kilburn,GB
Mélanie Laurent,FR
Melanie Liebheit,DE
Melanie Lischker,DE
Melanie Walters,GB
Méliane Marcaggi,FR
Mélissa Drigeard,FR
Melvyn Bragg,GB
Memo Remigi,IT
Menna Trussler,GB
Merab Ninidze,GE
Meral Perin,TR
Mercè Comes,ES
Mercedes Gaspar,ES
Mercedes Hoyos,ES
Mercedes López de Luzuriaga,ES
Mercedes Morán,AR
Mercedes Sampietro,ES
Meritxell Colell,ES
Meryem Benm'Barek-Aloïsi,MA
Meryem Benm'Barek-Aloïsi,MA
Meryl Griffiths,GB
Meryl Streep,US
Mesud Dedović,BA
Meteora Fontana,IT
Meto Jovanovski,MK
Metod Pevec,SI
Mette Rank-Tange,DK
M'hamed Benguettaf,DZ
Mia Hansen-Løve,FR
Mia Maariel Meyer,DE
Mia Meyer,DE
Micaela Ramazzotti,IT
"Michael ""Bully"" Herbig",DE
Michael Abendroth,DE
Michael Abendroth,AT
Michael Alpert,US
Michael Ammann,DE
Michael Baran,DE
Michael Benthin,DE
Michael Bott,GB
Michael Brandner,DE
Michael Brandon,US
Michael Breitkopf,DE
Michael Busse,DE
Michael Byrne,GB
Michael Caine,GB
Michael Campbell,CA
Michael Carter,UK
Michael Cimino,US
Michael Cochrane,GB
Michaël Cohen,FR
Michael Culkin,IR
Michael D. Higgins,IE
Michaël Dacheux,FR
Michael Damian,US
Michael David Pate,DE
Michael Degen,DE
Michael Degen,IS
Michael Douglas,US
Michael Dweck,US
Michael Edelson,GB
Michael Ekbladh,
Michael Elwyn,GB
Michael Engler,US
Michael Fitz,DE
Michael Forbes,GB
Michael G. Wilson,GB
Michael Gaedt,DE
Michael Gambon,GB
Michael Gempart,CH
Michael Gerber,DE
Michael Giles,GB
Michael Glawogger,AT
Michael Goldberg,CH
Michael Gorevoï,RU
Michael Gould,GB
Michael Graeter,DE
Michael Grandage,GB
Michael Greiling,DE
Michael Gwisdek,DE
Michael Haneke,AT
Michael Hanemann,DE
Michael Harney,US
Michael Hehl,DE
Michael Herbig,DE
Michael Hewitt,
Michael Higgs,GB
Michael Ironside,CA
Michael J. Jackson,GB
Michael Keller,
Michael Kleiber,DE
Michael Koch,DE
Michael Krüger,DE
Michael Krummenacher,CH
Michael Krummenacher,DE
Michael Loeken,DE
Michael Lonsdale,FR
Michael Lott,DE
Michael Madsen,US
Michael Madsen II,DK
Michael Maertens,DE
Michael Maloney,GB
Michael Mann,US
Michael McElhatton,IE
Michael McKell,GB
Michael Mendl,DE
Michael Murphy,US
Michael Nowka,DE
Michael Nyqvist,SE
Michael Obert,DE
Michael Ophelders,DE
Michael P. Aust,DE
Michael Palin,GB
Michael Paré,US
Michael Parks,US
Michael Pearce,GB
Michael Popescu,DE
Michael Popescu,RO
Michael Potts,US
Michael Prelle,DE
Michael Pundt,DE
Michael Radford,GB
Michael Roberts,GB
Michael Rösel,DE
Michael Sarne,GB
Michael Schenk,DE
Michael Shevloff,
Michael Sideris,DE
Michael Smiley,GB
Michael St. Michaels,US
Michael Sturminger,AT
Michael Thomas,DE
Michael Tregor,DE
Michael Trischan,DE
Michael von Rospatt,DE
Michael Webb,GB
Michael Whyte,GB
Michael Winterbottom,GB
Michael Witte,DE
Michael Wittenborn,DE
Michael Wright,GB
Michaël Youn,FR
Michaela Caspar,DE
Michaela May,DE
Michaela Rosen,AT
Michal Pospísil,CZ
Michale Boganim,FR
Michalis Ainatzoglou,GR
Michel Aumont,FR
Michel Bellier,FR
Michel Bertay,FR
Michel Blanc,FR
Michel Bompoil,FR
Michel Boujenah,FR
Michel Bouquet,FR
Michel Camilo,DO
Michel Caputo,FR
Michel Charrel,FR
Michel Ciment,FR
Michel Coste,FR
Michel Crémadès,FR
Michel Cymes,FR
Michel Denisot,FR
Michel Drenthe,CW
Michel Drucker,FR
Michel Duchaussoy,FR
Michel Elias,FR
Michel Etiévent,FR
Michel Fau,FR
Michel Favory,FR
Michel Forget,CA
Michel Forst,FR
Michel Fuzellier,FR
Michel Fuzellier,IT
Michel Galabru,FR
Michel Gohou,CI
Michel Gondry,FR
Michel Haas,FR
Michel Hazanavicius,FR
Michel Houellebecq,FR
Michel Jacucha,FR
Michel Jonasz,FR
Michel Keller,FR
Michel Kichka,IL
Michel Lagueyrie,FR
Michel Leclerc,FR
Michel Leeb,FR
Michel Lerousseau,FR
Michel Masiero,FR
Michel Meignant,FR
Michel Melki,FR
Michel Mella,FR
Michel Mihami,FR
Michel Munz,FR
Michel Ocelot,FR
Michel Onfray,FR
Michel Piccoli,FR
Michel Pinçon-Charlot,FR
Michel Robin,FR
Michel Serrault,FR
Michel Serres,FR
Michel Setboun,FR
Michel Subor,FR
Michel Tavares,FR
Michel Toesca,FR
Michel Troisgros,FR
Michel Tureau,FR
Michel Vuillermoz,FR
Michel Warschawski,IL
Michel Winogradoff,FR
Michela Andreozzi,IT
Michela Cescon,IT
Michelangelo Frammartino,IT
Michele Alhaique,IT
Michèle Bernier,FR
Michele De Marchi,IT
Michele Di Mauro,IT
Michele Dotrice,GB
Michele Foresta,IT
Michele Gammino,IT
Michèle Garcia,FR
Michèle Gleizer,FR
Michèle Laroque,FR
Michele Mally,IT
Michele Manzolini,IT
Michele Mirabella,IT
Michèle Moretti,FR
Michele Placido,IT
Michele Rho,IT
Michele Riondino,IT
Michele Rovini,IT
Michèle Simonnet,FR
Michele Soavi,IT
Michèle Teysseyre,FR
Michele Vannucci,IT
Micheline Presle,FR
Michelle Collins,GB
Michelle Fairley,UK
Michelle Margetts,US
Michelle Marquais,FR
Michelle Pfeiffer,US
Michelle Yeoh,MY
Mick Harvey,AU
Mick Jagger,GB
Mick Jones,GB
Mick Rock,GB
Mickaël Damperon,FR
Mickey Rourke,US
Micky Molina,ES
Micky Sébastien,FR
Midge Ure,GB
Miglen Mirtchev,FR
Miglen Mirtchev,BG
Mignon Remé,DE
Miguel Alexandre,PO
Miguel Ángel Calvo Buttini,ES
Miguel Ángel Furones,ES
Miguel Ángel Jenner,ES
Miguel Ángel Jiménez,ES
Miguel Angel Maciel,AR
Miguel Ángel Muñoz,ES
Miguel Ángel Solá,AR
Miguel Ángel Tirado,ES
Miguel Ángel Tobías,ES
Miguel Ángel Vivas,ES
Miguel Berzal de Miguel,ES
Miguel Borines,ES
Miguel Cárdenas,
Miguel del Arco,ES
Miguel Ferrari,VE
Miguel Guardiola,ES
Miguel Marías,ES
Miguel Martí,ES
Miguel Picazo,ES
Miguel Piñeiro,ES
Miguel Rellán,ES
Miguel Riaño Roa,ES
Miguel Ríos,ES
Miguel Rodríguez Arias,AR
Miguel Sandoval,US
Miguel Soto,
Miguel-Ange Sarmiento,FR
Miguelo García,ES
Miha Celar,SI
Miha Hočevar,SI
Miha Knific,SI
Miha Mazzini,SI
Mihaela Mihai,RO
Mihaela Miroiu,RO
Mihaela Popescu,RO
Mihai Bisericeanu,RO
Mihai Călin,RO
Mihai Coadă,RO
Mihai Constantin,RO
Mihai Constantinescu,RO
Mihai Dinvale,RO
Mihai Gruia Sandu,RO
Mihai Mălaimare,RO
Mihai Mincan,RO
Mihai Niculescu,RO
Mihai Sofronea,RO
Mihai Stepan-Cazazian,RO
Mihai Stepan-Cazazian,AM
Mihai Voinea,RO
Mihály Schwechtje,HU
Mihály Sipos,HU
Mihály Víg,HU
Mika Gianotti,FR
Mika Taanila,FI
Mikael Buch,FR
Mike Campbell,US
Mike Christie,GB
Mike Davies,GB
Mike Disa,US
Mike Doxford,GB
Mike Edmonds,GB
Mike Figgis,GB
Mike Fraser,GB
Mike Leigh,GB
Mike Marzuk,DE
Mike Möller,DE
Mike Newell,GB
Mike Phelan,GB
Mike Pickering,GB
Mike Rutherford,GB
Mike Schaerer,CH
Mike Slee,GB
Mike Todd,
Mikel Laskurain,ES
Mikel Rueda,ES
Mikey Murray,GB
Mikhaël Hers,FR
Mikhail Gorbachev,RU
Mikhail Voloshin,US
Mikhaïl Zlatkovsky,RU
Miki Manojlović,RS
Miki Manojlović,HR
Mikis Theodorakis,GR
Mikkey Dee,SE
Miklós Bács,HU
Miklós Bács,RO
Miklós Benedek,HU
Miklós Galla,HU
Miklós Hajdu,HU
Miklós Paizs,HU
Miklós Százados,HU
Miklós Székely B.,HU
Mila Turajlić,RS
Milan Pavlović,BA
Milan Pleština,HR
Milan Štrljić,HR
Milan Trenc,HR
Milan Trenc,
Milena Vukotic,IT
Milena Zupančič,SI
Milivoj Beader,HR
Milivoj Roš,SI
Miljenka Androić,HR
Miljenko Brlečić,HR
Millán Salcedo,ES
Milorad Kristić,RS
Milorad Kristić,HU
Milouda Chaqiq,MA
Milvia Marigliano,IT
Mimi Denissi,GR
Mimi Hillairet,
Mimi Maynard,US
Mimis Ravanis,RO
Mimma Lovoi,IT
Mimmo Calopresti,IT
Mimmo Mancini,IT
Mimmo Mignemi,IT
Mimmo Paladino,IT
Mimmo Verdesca,IT
Minnie Marx,GB
Mino Caprio,IT
Mioara Ifrim,RO
Miodrag Krivokapic,SE
Miodrag Mladenović,RS
Miou-Miou,FR
Mipo Oh,JP
Miquel Barceló,ES
Miquel Gelabert,ES
Miquel Insua,ES
Mira Banjac,RS
Mira Bosanac,HR
Mira Furlan,HR
Mira Thiel,DE
Miralem Zupčević,BA
Miran Hladnik,SI
Miran Zupanič,SI
Miranda Bell,GB
Miranda Richardson,GB
Mircea Albulescu,RO
Mircea Andreescu,RO
Mircea Baniciu,RO
Mircea Bibac,RO
Mircea Cărtărescu,RO
Mircea Diaconu,RO
Mircea Florian,RO
Mircea Geoană,RO
Mircea Rusu,RO
Mireia Ros,ES
Mireia Sentís,ES
Mireille Fargier Caruso,FR
Mireille Perrier,FR
Mirel Knez,SI
Mirela Brekalo,HR
Mirela Gorea,RO
Mirela Nicolau,
Mirela Oprișor,RO
Miriam Bliese,DE
Miriam Díaz-Aroca,ES
Miriam Jakobs,DE
Miriam Margolyes,GB
Miriam Margolyes,AU
Mirjam Korbar,SI
Mirjana Karanović,RS
Mirko Artuso,IT
Mirko Ilić,BA
Mirko Locatelli,IT
Mirko Melchiorre,IT
Mirko Pincelli,IT
Mirko Setaro,IT
Mirko Sotgiu,IT
Miro Magariños,ES
Miron Zownir,DE
Miroslav Mandić,BA
Miroslav Nemec,DE
Mirsad Tuka,BA
Mirta Ibarra,CU
Misha Kreuz,DE
Mitchell Crawford,
Mitchell Mullen,US
Mitra Tabrizian,GB
Mitra Tabrizian,IR
Mitu Misra,GB
Mladen Andrejević,RS
Mladen Dolar,SI
Mladen Vasary,SI
Mo Fini,IR
Mo Gaffney,US
Modi Barry,FR
Mohamad Malas,SY
Mohamed Djouhri,DE
Mohamed Fellag,DZ
Mohamed Fellag,FR
Mohamed Hamidi,DZ
Mohamed Majd,MA
Mohammad Ahmad,PK
Mohammad-Ali Behboudi,IR
Mohammed Lakhdar-Hamina,DZ
Moin Hussain,GB
Moira Brooker,GB
Moisés Salama,ES
Mojca Partljič,SI
Molly Forbes,GB
Mona Achache,FR
Mona Mur,DE
Mona Nicoară,RO
Moni Bordeianu,RO
Moni Moshonov,IL
Moni Ovadia,IT
Monica Assante,IT
Monica Bellucci,IT
Monica Contini,IT
Monica Dugo,IT
Monica Ghiuță,RO
Monica Gubser,CH
Monica Guerritore,IT
Mónica Randall,ES
Monica Scattini,IT
Monica Solem,UK
Monica Stan,RO
Monica von Rosen Nestler,DE
Monika Agler,DE
Monika Barth,DE
Monika Baumgartner,DE
Monika Borgmann,DE
Monika Döring,DE
Monika Gutte,DE
Monika Hansen,DE
Monika Hetterle,DE
Monika Hielscher,DE
Monika Lennartz,DE
Monika Manz,DE
Monika Steinmetz,DE
Monika Treut,DE
Monique Chaumette,FR
Monique Chemillier-Gendreau,FR
Monique Mauclair,FR
Monique Pinçon-Charlot,FR
Monique Reuter,LU
Monique Schneider,FR
Montse Bodas,ES
Montse Ribadellas,ES
Montserrat Carulla,ES
Montxo Armendáriz,ES
Monty Arnold,DE
Mordechai Rotenberg,IL
More Raca,
Morgan Bertacca,IT
Morgan Freeman,US
Morgan Matthews,GB
Morgan Spillemaecker,FR
Moritz Bleibtreu,DE
Moritz Laube,DE
Morten Harket,NO
Moshe Ivgy,IL
Mostéfa Djadjam,FR
Mouloud Achour,DZ
Moussa Maaskri,DZ
Mugdim Avdagić,BA
Mugur Mihăescu,RO
Murali Vidhyadharan,IN
Müret Isitmez,FR
Muriel Combeau,FR
Muriel Gray,UK
Muriel Montossey,FR
Muriel Robin,FR
Murielle Magellan,FR
Murray Head,GB
Murray McArthur,GB
Murray Melvin,GB
Musaab Mustafa,GB
Mustafa Nadarević,BA
Mylène Demongeot,FR
Mylène Farmer,FR
Myra McFayden,
Myriam Boyer,FR
Nabil Ayouch,FR
Nabil Ayouch,MA
Nabil Massad,EG
Nacho Álvarez,ES
Nacho Cano,ES
Nacho G. Velilla,ES
Nacho Marraco,ES
Nacho Ruipérez,ES
Nacho Serapio,ES
Nada Sweeney,US
Nadav Lapid,IL
Nadège Loiseau,FR
Nadège Trebal,FR
Nadežda Perišić-Radović,HR
Nadia Baldi,IT
Nadia Barentin,FR
Nadia Kozlowski Bourgade,FR
Nadine Alari,FR
Nadine Heinze,DE
Nadine Heinze,
Nadir Moknèche,FR
Nadir Moknèche,DZ
Nae Alexandru,RO
Nae Caranfil,RO
Naël Marandin,FR
Nafsika Guerry-Karamaounas,CH
Nahuel Lopez,DE
Nana Mouskouri,GR
Nana Neul,DE
Nana Rebhan,
Nancho Novo,ES
Nancy Allen,US
Nancy Brilli,IT
Nancy Camaldo,IT
Nancy Ozelli,US
Nancy Schimmel,US
Nando Martínez,ES
Nando Paone,IT
Nándor Holl,HU
Nándor Lőrincz,HU
Nannette Klatt,US
Nanni Moretti,IT
Nanou Garcia,FR
Nans Thomassey,FR
Nap Toader,RO
Narimane Mari,DZ
Naruna Kaplan de Macedo,FR
Nasser Memarzia,GB
Nassim Amaouche,FR
Nassima Guessoum,FR
Nassima Guessoum,DZ
Nassima Hablal,DZ
Nastassja Kinski,DE
Natalia Aspesi,IT
Natalia Bobyleva,RU
Natalia Casali,
Natalia Figueroa,ES
Natalia Sinelnikova,RU
Natalie Choquette,CA
Natalie Saracco,FR
Natalino Balasso,IT
Nataša Barbara Gračner,SI
Nataša Burger,SI
Nataša Dorčić,HR
Nataša Matjašec Rošker,SI
Natașa Raab,RO
Natasha Parry,UK
Nathalie Baye,FR
Nathalie Besançon,FR
Nathalie Boutefeu,FR
Nathalie Cerda,FR
Nathalie Delon,FR
Nathalie Marchak,FR
Nathalie Nattier,FR
Nathalie Richard,FR
Nathalie Roussel,FR
Nathan Ambrosioni,FR
Nathan Cogan,IE
Nathan Silver,US
Nathanaël Coste,FR
Nathaniel Hlimi,FR
Nathaniel Parker,GB
Natja Brunckhorst,DE
Natxo Leuza,ES
Navot Papushado,IL
Nawell Madani,BE
Nayef Rashed,GB
Ndeye Khady Sy,SN
Nebojsa Glogovac,BA
Nebojša Pop Tasić,RS
Nebojša Pop Tasić,SI
Ned Dennehy,IE
Ned Dennehy,IR
Neda Arnerić,RS
Neda Bric,SI
Neele Leana Vollmar,DE
Neele Vollmar,DE
Neelesha Barthel,DE
Neil Jones,GB
Neil Jordan,IE
Neil Marshall,GB
Neil McCaul,GB
Neil Morrissey,GB
Neithardt Riedel,DE
Nejc Gazvoda,SI
Nela Bartsch,DE
Nela Kocsis,HR
Nelė Savičenko,LT
Nella Pozzerle,IT
Nelli Szűcs,HU
Nelli Szűcs,UA
Nello Correale,IT
Nello Mascia,IT
Nelly Borgeaud,FR
Nelson George,US
Nelson Mandela,ZA
Nelu Tîrnovan,RO
Nely Reguera,ES
Nenad Cvetko,CH
Nenad Srdelić,HR
Nenad Vukelić,
Nene Grignaffini,IT
Neri Marcorè,IT
Neri Parenti,IT
Nermin Omić,BA
Nesrin Samdereli,DE
Nessim Chikhaoui,FR
Nete Mann,DE
Neus Agulló,ES
Neven Denis,FR
Neville Southall,GB
Nevio Marasović,HR
Niall Cusack,IE
Niall Johnson,GB
Niamh Cusack,IE
Niccolò Castelli,CH
Niccolò Celaia aka Younuts,IT
Niccolò Falsetti,IT
Nicholas Day,GB
Nicholas Farrell,GB
Nicholas Hytner,GB
Nicholas Jones,GB
Nicholas Le Prevost,GB
Nicholas Lumley,GB
Nicholas Rowe,GB
Nicholas Vince,DE
Nicholas Woodeson,GB
Nick Baker-Monteys,DE
Nick Broomfield,GB
Nick Cave,AU
Nick Cohen,GB
Nick Dunning,IE
Nick Hamm,GB
Nick Harvey,GB
Nick Manasseh,GB
Nick Mason,GB
Nick Moorcroft,GB
Nick Moore,GB
Nick Moran,GB
Nick Nevern,GB
Nick Nolte,US
Nick Park,GB
Nick Rhodes,GB
Nick Rowland,GB
Nick Wilder,DE
Nick Wilton,GB
Nick Winston,GB
Nicky Henson,GB
Nicky Marbot,FR
Nico Cirasola,IT
Nico Malaspina,IT
Nicodim Ungureanu,RO
Nicola Abbatangelo,IT
Nicola Barnaba,IT
Nicola Campiotti,IT
Nicola Di Pinto,IT
Nicola Graef,DE
Nicola Hens,DE
Nicola Lanza,IT
Nicola Mucci,IT
Nicola Pignataro,IT
Nicola Pistoia,IT
Nicola Prosatore,IT
Nicola Rignanese,IT
Nicola Sloane,GB
Nicola Torello,IT
Nicolae Constantin Tănase,RO
Nicolae Cristache,RO
Nicolae Mărgineanu,RO
Nicolae Radu,RO
Nicolae Urs,RO
Nicolai Niemann,DE
Nicolai Tegeler,DE
Nicolas Baby,FR
Nicolas Bary,FR
Nicolas Bazz,FR
Nicolas Bedos,FR
Nicolas Benamou,FR
Nicolas Birkenstock,FR
Nicolas Bonilauri,FR
Nicolas Boukhrief,FR
Nicolas Briançon,FR
Nicolas Brown,GB
Nicolas Castro,FR
Nicolás Combarro,ES
Nicolas Contant,FR
Nicolas Cuche,FR
Nicolas Drolc,FR
Nicolas Ferran,FR
Nicolás Gauthier,
Nicolas Gayraud,FR
Nicolas Giraud,FR
Nicolas Hulot,FR
Nicolas Klotz,FR
Nicolas Marié,FR
Nicolas Maury,FR
Nicolás Muñoz Avia,ES
Nicolás Pacheco,ES
Nicolas Pariser,FR
Nicolas Philibert,FR
Nicolas Pleskof,FR
Nicolas Réglat,FR
Nicolas Silberg,FR
Nicolas Silhol,FR
Nicolas Ubelmann,FR
Nicolas Vanier,FR
Nicolas Vaude,FR
Nicolas Wackerbarth,DE
Nicolas Wadimoff,CH
Nicole Calfan,FR
Nicole Croisille,FR
Nicole Daume,FR
Nicole De Leo,IT
Nicole Garcia,FR
Nicole Gueden,FR
Nicole Heesters,DE
Nicole Kidman,AU
Nicole Shirer,BE
Nicoletta Braschi,IT
Nicoletta Maragno,IT
Nicolette Krebitz,DE
Nicu Covaci,RO
Nicu Mihoc,RO
Nida Manzoor,GB
Nidia Telles,UY
Niels Arestrup,FR
Niels Bolbrinker,DE
Niels Laupert,DE
Niels Marquardt,DE
Nigel Barber,IE
Nigel Cross,GB
Nigel Goldsack,GB
Nigel Hastings,GB
Nigel Planer,GB
Nihal Koldaş,TR
Nikias Chryssos,DE
Nikita Petrov,RU
Niko Goršič,SI
Niko Pavlović,BA
Nikola Kojo,RS
Nikolai Leonov,RU
Nikolai Müllerschön,DE
Nikolai Vialkowitsch,
Nikolaus Paryla,AT
Niky Lauda,AT
Nile Rodgers,US
Nilo Sciarrone,IT
Nils Ole Oftebro,NO
Nils Tavernier,FR
Nimród Antal,US
Nimród Antal,HU
Nina Antonova,RU
Nina Cassian,RO
Nina Erak,HR
Nina Garcia,ES
Nina Hagen,DE
Nina Irina Roerig,DE
Nina Kastrof,UA
Nina Lagergren,SE
Nina Naboka,UA
Nina Petri,DE
Nina Robert,FR
Nina Skrbinšek,SI
Nina Stratford,GB
Nina Valič,SI
Nina Violić,HR
Nina Wels,
Nine Antico,FR
Ninetto Davoli,IT
Nini Salerno,IT
Ninni Bruschetta,IT
Nino D'Angelo,IT
Nino Frassica,IT
Nino Scardina,IT
Nirit Sommerfeld,IS
Nirmal Rishi,IN
Niseema Theillaud,FR
Nives Ivanković,HR
Noam Chomsky,US
Nobuhiro Suwa,JP
Nobuyoshi Araki,JP
Noel Clarke,GB
Noel Cleary,AU
Noël Godin,BE
Noël Simsolo,FR
Noelia Noto,AR
Noëlle Perna,FR
Noëlle Renaude,FR
Noémi Veronika Szakonyi,HU
Noémie Lefort,FR
Noémie Lvovsky,FR
Noémie Saglio,FR
Nohely Arteaga,VE
Noko,GB
Nora Agapi,RO
Nora Fingscheidt,DE
Nóra Görbe,HU
Nora Guthrie,US
Nora Haddad,ES
Nora Haddad,AD
Nora Iuga,RO
Nóra Lakos,HU
Nora Martirosyan,AM
Norbert Dickel,DE
Norbert Haberlick,FR
Norbert Hähnel,DE
Norbert Heitker,DE
Norbert Lechner,DE
Norbert Növényi,HU
Norbert Porkoláb,HU
Norberto López Amado,ES
Norberto Ramos del Val,ES
Norma Marcos,PS
Norman Giller,GB
Norman Hacker,AT
Norman Jay,GB
Norman MacArthur,
Nouari Nezzar,DZ
Nouza Skalli,MA
Nuami Dinescu,RO
Nuccio Siano,IT
Nunzia De Stefano,IT
Nunzia Esposito,IT
Nunzia Schiano,IT
Nunzio Rotondo,IT
Núria Espert,ES
Núria Feliu,ES
Nuria González,ES
Nuria Vargas Rivas,ES
Nurith Aviv,IL
Nurith Aviv,FR
Oana Pellea,RO
Oana Ștefănescu,RO
Océan,FR
Octav Chelaru,RO
Octavian Strunilă,RO
Octavian Ursulescu,RO
Octavio Guerra,ES
Octavio Lasheras,ES
Oda Thormeyer,DE
Odette Laure,FR
Odile Mallet,FR
Ödön Rubold,HU
Odon Vallet,FR
Ognjen Sviličić,HR
Olaf Burmeister,DE
Olaf Krätke,DE
Olaf Müller,DE
Olaf Neumann,DE
Olaf Scholz,DE
Olaf Schubert,DE
Olatz Beobide,ES
Olatz Ganboa,ES
Oleg Karavaichuk,RU
Oleg Stefan,UA
Oleg Tkachyov,BY
Oleg Zhukov,RU
Olegar Fedoro,RU
Olegar Fedoro,UA
Olegar Fedoro,ES
Olek Krupa,PL
Olga Delia Mateescu,RO
Olga Mansilla,ES
Olga Murray,US
Olga Osorio,ES
Olga-Nantia Valavani,GR
Olimpia Carlisi,IT
Oliver Breite,DE
Oliver Cotton,GB
Oliver Dickinson,FR
Oliver Doran,FR
Oliver Haffner,DE
Oliver Hermanus,ZA
Oliver Hirschbiegel,DE
Oliver Kalkofe,DE
Oliver Korittke,DE
Oliver Kracht,DE
Óliver Laxe,ES
Oliver Marlo,
Oliver Masucci,DE
Oliver Murray,GB
Oliver Nägele,DE
Oliver Parker,GB
Oliver Reaza,ES
Oliver Rihs,CH
Oliver Sauer,DE
Oliver Schwabe,DE
Oliver Schwehm,DE
Oliver Sechting,DE
Oliver Stone,US
Oliver Törner,DE
Oliver Törner,
Olivia Carruthers,GB
Olivia Silhavy,AT
Olivier Afonso,FR
Olivier Assayas,FR
Olivier Ayache-Vidal,FR
Olivier Azam,FR
Olivier Babinet,FR
Olivier Baroux,FR
Olivier Bohler,FR
Olivier Breitman,FR
Olivier Broche,FR
Olivier Cadiot,FR
Olivier Casas,FR
Olivier Claverie,FR
Olivier Cruveiller,FR
Olivier Dahan,FR
Olivier de Funès,FR
Olivier Delahaye,FR
Olivier Ducray,FR
Olivier Faup,FR
Olivier Goujon,FR
Olivier Gourmet,BE
Olivier Guerpillon,FR
Olivier Hémon,FR
Olivier Jahan,FR
Olivier Le Cour-Grandmaison,FR
Olivier Lejeune,FR
Olivier Loustau,FR
Olivier Marchal,FR
Olivier Megaton,FR
Olivier Nakache,FR
Olivier Pagès,FR
Olivier Pajot,FR
Olivier Panchot,FR
Olivier Perrier,FR
Olivier Peyon,FR
Olivier Py,FR
Olivier Rabourdin,FR
Olivier Saladin,FR
Olivier Treiner,FR
Olivier van der Zee,NE
Olivier Van Hoofstadt,BE
Olivier Vidal,FR
Olli Dittrich,DE
Olwen Fouéré,IE
Om Puri,IN
Omar A. Razzak,ES
Omar Marwan,FR
Omara Portuondo,CU
Ombretta Ciccarelli,IT
Ombretta Colli,IT
Omer Fast,IL
Omero Antonutti,IT
Onno Grohmann,DE
Onuț Danciu,RO
Oona-Devi Liebich,DE
Orazio Stracuzzi,IT
Orelsan,FR
Orest Syrvatka,UA
Orfeo Orlando,IT
Orhan Pamuk,TR
Orianna Girotto,SI
Oriol Grau,ES
Oriol Paulo,ES
Orlando Angius,IT
Ornella Muti,IT
Ornella Vanoni,IT
Orsetta De Rossi,IT
Orsi Nagypál,HU
Orso Maria Guerrini,IT
Orsolya Báthory,HU
Orto Ignatiussen,DK
Óscar Aibar,ES
Óscar Barberán,ES
Óscar Bernàcer,ES
Oscar Di Maio,IT
Óscar Ladoire,ES
Oscar Martínez,AR
Óscar Montón,ES
Òscar Moreno,ES
Oscar Ortega Sánchez,DE
Óscar Parra de Carrizosa,ES
Óscar Pérez,ES
Óscar Peyrou,AR
Oskar Lafontaine,DE
Oskar Roehler,DE
Oskar Santos,ES
Oskar Tejedor,ES
Osvaldo Ruggieri,IT
Oswald Aulestia,ES
Oswald Fuchs,AT
Oszkár Gáti,HU
Otar Iosseliani,GE
Otar Iosseliani,FR
Otello Cenci,IT
Oti Rodríguez Marchante,ES
Ottavia Piccolo,IT
Ottaviano Dell'Acqua,IT
Ottaviano Dell'Acqua,IT
Ottfried Fischer,DE
Ottó Ifj. Elek,HU
Otto Waalkes,DE
Ouk-sook Hur,KR
Ounie Lecomte,KR
Ounie Lecomte,FR
Oury Milshtein,FR
Ovidiu Crișan,RO
Ovidiu Cuncea,RO
Ovidiu Georgescu,RO
Ovidiu Ghiniță,RO
Ovidiu Ioanițoaia,RO
Ovidiu Lipan,RO
Ovidiu Schumacher,RO
Owen Lewis,GB
Owen Teale,GB
Oxana Moravec,RO
Oz Arshad,GB
Ozana Oancea,RO
Özay Fecht,DE
Özay Fecht,TR
Özgür Yildirim,DE
Ozzie Yue,GB
Ozzy Osbourne,GB
P. H. Moriarty,GB
Pablo Agüero,FR
Pablo Agüero,AR
Pablo Aragüés,ES
Pablo Berger,ES
Pablo Brichta,AR
Pablo Carbonell,ES
Pablo Girault,FR
Pablo Larraín,CH
Pablo Malo,ES
Pablo Maqueda,ES
Pablo Moreno,ES
Pablo Romero-Fresco,ES
Pablo Solarz,AR
Paca Gabaldón,ES
Paco Arango,ES
Paco Arango,MX
Paco Caballero,ES
Paco Cabezas,ES
Paco Casaus,ES
Paco Catalá,ES
Paco Clavel,ES
Paco Coll,ES
Paco de Lucía,ES
Paco León,ES
Paco Limón,ES
Paco Lobatón,ES
Paco Ortiz,ES
Paco Plaza,ES
Paco R. Baños,ES
Paco Revilla,ES
Paco Sagarzazu,ES
Paco Tous,ES
Paddy Considine,GB
Paddy Glynn,GB
Pakiza Baig,IN
Pál Frenák,HU
Pál Kanda,HU
Pál Lovas,HU
Pál Mácsai,HU
Pál Oberfrank,HU
Pál Sándor,HU
Pål Waaktaar,NO
Pallaruelo Gilles,FR
Palmolive,ES
Paloma Albaladejo,ES
Paloma Zapata,ES
Pam Ferris,DE
Pamela Blair,US
Pamela Field,GB
Pamela Villoresi,IT
Pameli Benham,GB
Pancho García Matienzo,ES
Pancho Varona,ES
Paola Calvo,VE
Paola Cortellesi,IT
Paola Dionisotti,IT
Paola Giannetti,IT
Paola Mazzetti,IT
Paola Pitagora,IT
Paola Quattrini,IT
Paola Randi,IT
Paola Riolo,IT
Paola Sambo,IT
Paola Scola,IT
Paola Settimini,IT
Paola Sotgiu,IT
Paola Tiziana Cruciani,IT
Paolo Angelini,IT
Paolo Balboni,IT
Paolo Bonacelli,IT
Paolo Calabresi,IT
Paolo Cevoli,IT
Paolo Conte,IT
Paolo Costella,IT
Paolo De Vita,IT
Paolo Franchi,IT
Paolo Genovese,IT
Paolo Geremei,IT
Paolo Giovannucci,IT
Paolo Graziosi,IT
Paolo Hendel,IT
Paolo Licata,IT
Paolo Lorimer,IT
Paolo Malco,IT
Paolo Mitton,IT
Paolo Pierobon,IT
Paolo Pisanu,IT
Paolo Poli,IT
Paolo Rossi,IT
Paolo Ruffini,IT
Paolo Sassanelli,IT
Paolo Sorrentino,IT
Paolo Strippoli,IT
Paolo Taviani,IT
Paolo Triestino,IT
Paolo Virzì,IT
Paolo Vita,IT
Paolo Zucca,IT
Pape Pérez,ES
Papil Panduru,RO
Pappi Corsicato,IT
Páraic Breathnach,IE
Paride Benassai,IT
Paris Zarcilla,GB
Parvin Namazi,IR
Parviz Sayyad,IR
Pascal Bernier,BE
Pascal Bonitzer,FR
Pascal Bonnelle,FR
Pascal Bourdiaux,FR
Pascal Casanova,FR
Pascal Chaumeil,FR
Pascal Demolon,FR
Pascal Elbé,FR
Pascal Elso,FR
Pascal Gaigne,ES
Pascal Greggory,FR
Pascal Humbert,FR
Pascal Légitimus,FR
Pascal Morelli,FR
Pascal Nzonzi,CD
Pascal Obadia,FR
Pascal Obispo,FR
Pascal Olmeta,FR
Pascal Plisson,FR
Pascal Praud,FR
Pascal Rabaté,FR
Pascal Tagnati,FR
Pascal Tessaud,FR
Pascal Thomas,FR
Pascal Zullino,IT
Pascale Arbillot,FR
Pascale Bodet,FR
Pascale Breton,FR
Pascale Ferran,FR
Pascale Pouzadoux,FR
Pascale Roberts,FR
Pascale Schiller,DE
Pascale Vignal,FR
Pascal-Pierre Garbarini,FR
Pasquale d'Inca,FR
Pasquale De Michele,IT
Pasquale d'Inca,FR
Pasquale Donatone,IT
Pasquale Falcone,IT
Pasquale Lillo Petrolo,IT
Pasquale Marrazzo,IT
Pasquale Plastino,IT
Pasquale Squitieri,IT
Pastora Vega,ES
Pat Bonner,IE
Pat Patterson,US
Pat Starr,US
Patakfalvi Ferenc,RO
Patakfalvi Ferenc,HU
Patch Adams,US
Patric Chiha,AT
Patrice Carmouze,FR
Patrice Coquereau,CA
Patrice Dozier,FR
Patrice Gautier,FR
Patrice Laffont,FR
Patrice Leconte,FR
Patrice Melennec,FR
Patrice-Luc Doumeyrou,FR
Patricia Barzyk,FR
Patricia Clarkson,US
Patricia Ferreira,ES
Patricia Font,ES
Patricia Franklin,GB
Patricia French,US
Patricia Hodge,GB
Patricia Malvoisin,FR
Patricia Mazuy,FR
Patricia Ortega,VE
Patricia Reyes Spíndola,MX
Patricia Viel,FR
Patricio Guzmán,CL
Patrick Alexander,
Patrick Avrane,FR
Patrick Bauchau,BE
Patrick Bergin,IE
Patrick Bonnel,FR
Patrick Bossard,FR
Patrick Bosso,FR
Patrick Bouchitey,FR
Patrick Braoudé,FR
Patrick Bruel,FR
Patrick Cassir,FR
Patrick Catalifo,FR
Patrick Chesnais,FR
Patrick d'Assumçao,FR
Patrick d'Assumçao,FR
Patrick Desbois,FR
Patrick Descamps,BE
Patrick Doyle,GB
Patrick Dross,FR
Patrick Drury,GB
Patrick Frey,CH
Patrick Godeau,FR
Patrick Godfrey,GB
Patrick Grandperret,FR
Patrick Hastert,LU
Patrick Hernandez,FR
Patrick Hongniat,FR
Patrick Imbert,FR
Patrick Jarreau,FR
Patrick Juvet,CH
Patrick Ligardes,FR
Patrick Lindner,DE
Patrick McEnroe,US
Patrick Messe,FR
Patrick Mille,FR
Patrick Moore,CA
Patrick Paroux,FR
Patrick Pelloux,FR
Patrick Pineau,FR
Patrick Poivey,FR
Patrick Poivre d'Arvor,FR
Patrick Poivre d'Arvor,FR
Patrick Préjean,FR
Patrick Puzenat,FR
Patrick Raynal,FR
Patrick Ridremont,BE
Patrick Rocca,FR
Patrick Romer,GB
Patrick Sébastien,FR
Patrick Séraudie,FR
Patrick Siegfried Zimmer,DE
Patrick Sobelman,FR
Patrick Stewart,GB
Patrick Timsit,FR
Patrick Viret,FR
Patrick-Mario Bernard,FR
Patrik Cottet-Moine,FR
Patrizia Gattaceca,FR
Patrizia La Fonte,IT
Patrizia Loreti,IT
Patrizia Pellegrino,IT
Patrizio Gioffredi,IT
Patrizio Rispo,IT
Patti Smith,US
Patty Smyth,US
Patxi Bisquert,ES
Patxi Santamaría,ES
Patxi Uriz,ES
Patxo Tellería,ES
Pau Durà,ES
Pau Faus,ES
Paul Andrew Williams,GB
Paul Antony-Barber,GB
Paul Bandey,GB
Paul Barber,GB
Paul Barge,FR
Paul Bauwens-Adenauer,DE
Paul Blain,FR
Paul Blake,GB
Paul Borne,FR
Paul Butterworth,GB
Paul Calori,FR
Paul Cassel,US
Paul Chiribuță,RO
Paul de Brancion,FR
Paul De Grauwe,BE
Paul Duddridge,GB
Paul Dugdale,GB
Paul Faßnacht,DE
Paul Fegan,GB
Paul Freeman,GB
Paul Gambaccini,US
Paul Gibson,US
Paul Gross,CA
Paul Grote,DE
Paul Guilfoyle,US
Paul Hartmann,
Paul Hipp,US
Paul Hyett,GB
Paul Jesson,GB
Paul Jesson,UK
Paul Kaye,GB
Paul Kelly,GB
Paul King,GB
Paul Kunigis,CA
Paul Lapidus,AR
Paul Lavers,GB
Paul Laverty,GB
Paul Le Person,FR
Paul Lefèvre,FR
Paul Leonard,GB
Paul Manate,FR
Paul McCartney,GB
Paul McGann,GB
Paul McGrath,IE
Paul McGuigan,GB
Paul Middleton,
Paul Mignot,FR
Paul Morrison,GB
Paul Negoescu,RO
Paul Otchakovsky-Laurens,FR
Paul Quilès,FR
Paul Reiser,US
Paul Ridley,GB
Paul Robinson,GB
Paul Rumsey,
Paul Saintillan,FR
Paul Schrader,US
Paul Shammasian,
Paul Simonon,GB
Paul Toogood,GB
Paul Urkijo Alijo,ES
Paul Vecchiali,FR
Paul Verhoeven,NL
Paul Watson,CA
Paul Whitehouse,GB
Paul Wolff-Plottegg,AT
Paula Cons,ES
Paula Knüpling,DE
Paula Ortiz,ES
Paulette Frantz,FR
Paulette Victor Lifton,US
Pauline Black,GB
Pauline Collins,GB
Paulus Manker,AT
Paulus Manker,DE
Pavel Giroud,CU
Pavel Nový,CZ
Pavle Ravnohrib,SI
Pavo Marinković,HR
Pawel Siczek,
Paz Jiménez,ES
Peace Osigbe,GB
Peadar Cox,IE
Pedro Almodóvar,ES
Pedro Álvarez-Ossorio,ES
Pedro B. Abreu,ES
Pedro Ballesteros,ES
Pedro C. Alonso,ES
Pedro Casablanc,ES
Pedro Civera,ES
Pedro Collantes,ES
Pedro Estepa Menéndez,ES
Pedro G. Romero,ES
Pedro González Bermúdez,ES
Pedro Hietanen,FI
Pedro L. Barbero,ES
Pedro Mari Sánchez,ES
Pedro Miguel Martínez,ES
Pedro Olea,ES
Pedro Pérez Rosado,ES
Pedro Ruiz,ES
Pedro Subijana,ES
Peer Jäger,DE
Peer Martiny,DE
Peio Arnáez,ES
Pei-Pei Cheng,CN
Pelé,GB
Penelope Wilton,GB
Penny Arcade,US
Penny Ryder,GB
Penny Slinger,US
Pep Anton Gómez,ES
Pep Cortés,ES
Pep Cruz,ES
Pep Jové,ES
Pep Munné,ES
Pep Ricart,ES
Pep Sais,ES
Pep Sarrà,ES
Pep Tosar,ES
Pepa López,ES
Pepe Dámaso,ES
Pepe Danquart,DE
Pepe de Lucía,ES
Pepe Mujica,UY
Pepe Quero,ES
Pepe Salas,ES
Pepe Viyuela,ES
Pepo Oliva,ES
Pepón Montero,ES
Pepón Nieto,ES
Peppe Barra,IT
Peppe Lanzetta,IT
Peppe Servillo,IT
Peppeddu Cuccu,IT
Peppino Di Capri,IT
Pepsy Romanoff,IT
Per Tofte,NO
Pere Gratacós,ES
Pere Marzo,ES
Pere Ponce,ES
Pere Puigbert,ES
Pere Solés,ES
Pere Vilà i Barceló,ES
Peret,ES
Perette Souplex,FR
Pernilla August,SE
Pero Juričić,HR
Pero Kvesić,HR
Perrine Michel,FR
Perry Benson,GB
Perry Friedman,US
Petar Janjatović,RS
Petar Mirčevski,MK
Petar Orešković,HR
Pete Jones,GB
Pete Thomas,
Pete Travis,GB
Peter Aaby,SE
Péter Albert,HU
Peter Althof,DE
Peter Altmann,DE
Péter Andorai,HU
Péter Aradi-Beöthy,HU
Peter Badstübner,DE
Péter Barbinek,HU
Péter Bartók,HU
Péter Bartók,US
Peter Benedict,CH
Péter Bergendy,HU
Peter Berthold,DE
Peter Bogdanovitch,US
Peter Bowles,GB
Péter Bozsó,HU
Peter Brachschoss,DE
Peter Bratuša,SI
Péter Bregyán,HU
Peter Brombacher,DE
Peter Capaldi,GB
Peter Carroll,AU
Peter Cattaneo,GB
Peter Charlton,GB
Peter Chelsom,GB
Peter Cieslinski,DE
Peter Claridge,
Peter Clös,DE
Peter Compton,GB
Peter Coyote,US
Peter Davison,GB
Peter Del Monte,IT
Péter Dóczy,HU
Peter Dourountzis,FR
Péter Eötvös,HU
Péter Eötvös,RO
Péter Erdei,HU
Peter Evers,DE
Péter Fazakas,HU
Peter Firth,GB
Peter Fleming,US
Peter Fonda,US
Peter Forbes,GB
Péter Forgács,HU
Peter Frampton,GB
Peter Franke,DE
Peter Gabriel,GB
Péter Galambos,HU
Peter Genkel,DE
Péter Gothár,HU
Peter Guinness,GB
Peter Guralnick,US
Péter Haás Vander,HU
Peter Handke,AT
Péter Haumann,HU
Peter Hedenström,DE
Peter Hottinger,CH
Peter Howson,GB
Peter Hyams,US
Peter Jecklin,CH
Peter Johan Hustinx,NL
Peter Jordan,DE
Peter Kaempfe,DE
Peter Kaghanovitch,CH
Peter Kahane,DE
Péter Kálloy Molnár,HU
Peter Kassovitz,FR
Peter Keller,DE
Peter Kelly,GB
Péter Kertész,HU
Péter Korbuly,HU
Peter Kremer,DE
Peter Kurth,DE
Péter Lecső,HU
Péter Linka,HU
Péter Linka,AU
Peter Lohmeyer,DE
Peter Lovšin,SI
Peter Mackie Burns,GB
Peter MacNeill,CA
Peter Macqueen,GB
Peter Maertens,DE
Peter Maffay,DE
Peter Maffay,RO
Peter Marcias,IT
Peter Marinker,GB
Peter McAllum,AU
Peter Meister,DE
Peter Mitterrutzner,IT
Peter Mlakar,SI
Peter Mullan,GB
Peter Musevski,SI
Péter Nádas,HU
Peter Nemela,
Peter Nicholson,GB
Peter Noel,HU
Peter Nottmeier,DE
Péter Ogi,HU
Peter Ott,DE
Peter Peralta,GB
Peter Pfister,DE
Peter Pogany-Wnendt,HU
Péter Politzer,HU
Peter Polycarpou,GB
Peter Popp,DE
Peter Prager,DE
Peter Rappenglück,DE
Peter Rauch,DE
Peter Reid,GB
Péter Rudolf,HU
Peter Rumpel,DE
Péter Scherer,HU
Peter Schneider,AT
Peter Schneider,DE
Peter Shilton,GB
Peter Simonischek,AT
Peter Sodann,DE
Peter Stormare,SE
Peter Stormare,US
Peter Strickland,GB
Peter Striebeck,DE
Péter Szajki,HU
Péter Szolnoki,HU
Péter Takátsy,HU
Péter Tarján,HU
Peter Thoms,DE
Peter Thorwarth,DE
Péter Trokán,HU
Péter Varsics,DE
Péter Végh,HU
Peter Webber,GB
Peter Weck,AT
Peter Whitehead,GB
Peter Wight,GB
Peter Wolf,AT
Peter-René Lüdicke,DE
Petr Herrmann,CZ
Petra Berndt,DE
Petra Kalkutschke,DE
Petra Kleinert,DE
Petra Landers,DE
Petra Lüschow,DE
Petra Marie Cammin,DE
Petra Markham,GB
Petra Martínez,ES
Petra Nadolny,DE
Petra Seeger,DE
Petra Seliškar,SI
Petra Welteroth,DE
Petra Zieser,DE
Petre Arsovski,SI
Petre Buică,RO
Petre Ciubotaru,RO
Petre Ghimbășan,RO
Pétronille Moss,FR
Phelim Kelly,IE
Phil Barney,FR
Phil Collins,GB
Phil Davis,GB
Phil Grabsky,GB
Phil Hawkins,GB
Phil Knight,US
Phil Marboeuf,FR
Phil Tippett,US
Philine Peters-Arnolds,DE
Philip Barantini,GB
Philip Groening,DE
Philip Gröning,DE
Philip Jackson,GB
Philip Jackson,UK
Philip Scheffner,DE
Philip Widmann,DE
Philipp Eichholtz,DE
Philipp Fleischmann,AT
Philipp Hartmann,
Philipp Jedicke,DE
Philipp Kadelbach,DE
Philipp Leinemann,DE
Philipp Moog,DE
Philipp Stölzl,DE
Philippa Lowthorpe,GB
Philippe Barassat,FR
Philippe Beglia,FR
Philippe Borrel,FR
Philippe Brenninkmeyer,GB
Philippe Brigaud,FR
Philippe Caroit,FR
Philippe Catoire,FR
Philippe Caubère,FR
Philippe Chevallier,FR
Philippe Claudel,FR
Philippe Collin,FR
Philippe Corti,FR
Philippe de Chauveron,FR
Philippe Dormoy,FR
Philippe du Janerand,FR
Philippe Duclos,FR
Philippe Duquesne,FR
Philippe Dusseau,FR
Philippe Faucon,FR
Philippe Fernandez,FR
Philippe Fretun,FR
Philippe Garrel,FR
Philippe Girard,FR
Philippe Godeau,FR
Philippe Grandrieux,FR
Philippe Guillard,FR
Philippe Guilloux,FR
Philippe Harel,FR
Philippe Katerine,FR
Philippe Lacheau,FR
Philippe Lacôte,CI
Philippe Laudenbach,FR
Philippe Le Guay,FR
Philippe Lefebvre,FR
Philippe Lellouche,FR
Philippe Lemaire,FR
Philippe Leroy,FR
Philippe Leroy,IT
Philippe Lespinasse,FR
Philippe Lioret,FR
Philippe Magnan,FR
Philippe Manesse,FR
Philippe Martinez,FR
Philippe Mechelen,FR
Philippe Meirieu,FR
Philippe Mercier,FR
Philippe Minyana,FR
Philippe Morier-Genoud,FR
Philippe Nahon,FR
Philippe Noiret,FR
Philippe Petit,FR
Philippe Peythieu,FR
Philippe Pollet-Villard,FR
Philippe Ramos,FR
Philippe Rebbot,FR
Philippe Résimont,BE
Philippe Rigot,FR
Philippe Rougé-Thomas,FR
Philippe Rouyer,FR
Philippe Sisbane,FR
Philippe Torreton,FR
Philippe Uchan,FR
Philippe Vieux,FR
Philippe Worms,FR
Philippine Leroy-Beaulieu,FR
Phillip Gill,GB
Phoebe Nicholls,GB
Phyllis Logan,GB
Phyllis Somerville,US
Pia Engleberth,IT
Pia Lenz,DE
Pia Marie Mann,US
Pia Velsi,IT
Pier Giorgio Bellocchio,IT
Pier Luigi Mecchia,IT
Pier Maria Cecchini,IT
Piera Degli Esposti,IT
Pieraldo Ferrante,IT
Pierce Brosnan,IE
Pierfrancesco Campanella,IT
Pierfrancesco Favino,IT
Piergiorgio Piccoli,IT
Piergiuseppe Giuffrida,IT
Piergiuseppe Zaia,IT
Pierluigi Cuomo,IT
Pierluigi Di Lallo,IT
Pierluigi Ferrandini,IT
Piero Maggiò,IT
Piero Marcialis,IT
Piero Messina,IT
Piero Pelù,IT
Pierpaolo De Sanctis,IT
Pierre Abramovici,FR
Pierre Arditi,FR
Pierre Aucaigne,FR
Pierre Aussedat,FR
Pierre Banderet,CH
Pierre Barnérias,FR
Pierre Barray,FR
Pierre Berriau,FR
Pierre Bosset,FR
Pierre Bouysset,FR
Pierre Cardin,FR
Pierre Carles,FR
Pierre Cassignard,FR
Pierre Coré,FR
Pierre Courrège,FR
Pierre Creton,FR
Pierre Curzi,CA
Pierre Daix,FR
Pierre Deny,FR
Pierre Douglas,FR
Pierre Dudan,FR
Pierre Étaix,FR
Pierre Filmon,FR
Pierre Földes,FR
Pierre Forest,FR
Pierre Gagnaire,FR
Pierre Glénat,FR
Pierre Godeau,FR
Pierre Jolivet,FR
Pierre Laur,FR
Pierre Lavenu,FR
Pierre Lemaitre,FR
Pierre Léon,FR
Pierre Londiche,FR
Pierre Meunier,FR
Pierre Michon,FR
Pierre Mondy,FR
Pierre Morel,FR
Pierre Nahon,FR
Pierre Peters-Arnolds,DE
Pierre Pézerat,FR
Pierre Pinaud,FR
Pierre Pirol,FR
Pierre Pradinas,FR
Pierre Rabhi,FR
Pierre Rambaldi,FR
Pierre Richard,FR
Pierre Salvadori,FR
Pierre Sanoussi-Bliss,DE
Pierre Santini,FR
Pierre Schoeller,FR
Pierre Sénélas,FR
Pierre Shrady,DE
Pierre Stambul,FR
Pierre Tchernia,FR
Pierre Trividic,FR
Pierre Vaneck,FR
Pierre Vernier,FR
Pierre Vial,FR
Pierre Westelynck,FR
Pierre Zellner,FR
Pierre-Alain de Garrigues,FR
Pierre-Ange Le Pogam,FR
Pierre-Antoine Hiroz,FR
Pierre-Antoine Hiroz,CH
Pierre-François Martin-Laval,FR
Pierre-Henry Salfati,FR
Pierre-Loup Rajot,FR
Pierre-Olivier Scotto,FR
Pierrette Litras,FR
Pierre-William Glenn,FR
Piet De Rycker,BE
Piet Fuchs,DE
Pietra Montercorvino,IT
Pietro Belfiore,IT
Pietro Bontempo,IT
Pietro Castellitto,IT
Pietro De Silva,IT
Pietro Ditano,ES
Pietro Ditano,IT
Pietro Laino,IT
Pietro Loprieno,IT
Pietro Marcello,IT
Pietro Parolin,IT
Pietro Ragusa,IT
Pietro Sarubbi,IT
Pietro Tamaro,IT
Pif,IT
Pilar Aguilar,ES
Pilar Aymerich,ES
Pilar Bardem,ES
Pilar Miguélez,ES
Pilar Ordóñez,ES
Pilar Palomero,ES
Pilar Pellicer,MX
Pilar Pereira,ES
Pilar Pérez Solano,ES
Pim van Lommel,NL
Pinchas Rosenberg,
Pini Mittelman,IL
Pino Ammendola,IT
Pino Calabrese,IT
Pino Caruso,IT
Pino Colizzi,IT
Pino Laface,IT
Pino Maniaci,IT
Pino Mauro,IT
Pino Quartullo,IT
Pino Tordiglione,IT
Pinuccio Sinisi,IT
Piotr J. Lewandowski,PL
Piotr Szkopiak,GB
Pippa Haywood,GB
Pippo Delbono,IT
Pippo Franco,IT
Pippo Mezzapesa,IT
Piro Milkani,AL
Piroska Molnár,HU
Piter Moreira,UY
Plácido Domingo,ES
Plantu,FR
Pol Rodríguez,ES
Pola Beck,DE
Polly Hemingway,GB
Polly Steele,GB
Polo Menárguez,ES
Pompeyo Audivert,AR
Pope Benedict XVI,DE
Popeck,FR
Porpora Marcasciano,IT
Portia Simpson Miller,JM
Prano Bailey-Bond,GB
Pravesh Kumar,GB
Predrag Bjelac,RS
Predrag Ličina,HR
Prem Chopra,IN
Primož Petkovšek,SI
Priscilla Wittman,DE
Priscilla Wittman,US
Proschat Madani,IR
Puk Grasten,DK
Pupi Avati,IT
Pushan Kripalani,IN
Put Puttipong Nakthong,
Qadji Ismayilov,AZ
Qi Zhang,
Quarxx,FR
Quentin Delcourt,FR
Quentin Dupieux,FR
Quentin Reynaud,FR
Quentin Tarantino,US
Quim Casas,ES
Quimet Pla,ES
R. D. Reid,CA
R. Niels Marquardt,US
Rabah Ameur-Zaïmeche,DZ
Rachel Tunnard,GB
Rachid Bouchareb,DZ
Rachid Djaidani,FR
Rachid Hami,FR
Rachida Brakni,FR
Rade Šerbedžija,HR
Radek Wegrzyn,PL
Radislav Jovanov Gonzo,HR
Radko Polič,SI
Radoš Bolčina,SI
Radoslava Mrkšić,HR
Radu Amzulescu,RO
Radu Bânzaru,RO
Radu Botar,RO
Radu Dragomir,RO
Radu Fetke,RO
Radu Gabrea,RO
Radu Jude,RO
Radu Mihaileanu,FR
Radu Mihaileanu,RO
Radu Muntean,RO
Radu Potcoavă,RO
Rafa Martínez,ES
Rafa Montesinos,ES
Rafa Russo,ES
Rafa Russo,AR
Rafael Álvarez 'El Brujo',ES
Rafael Calatayud,ES
Rafael Farina Issas,BR
Rafael Gordon,ES
Rafael Martín,ES
Rafael Molés,ES
Rafael Rojas,ES
Rafael Sánchez Ferlosio,ES
Rafel Ramis,ES
Raffaele Ferrante,IT
Raffaele Minichiello,IT
Raffaele Pisu,IT
Raffaella Giordano,IT
Raffaella Lebboroni,IT
Raffaella Panichi,IT
Rafi Pitts,IR
Raghunath Manet,IN
Rahela Jagrič Pirc,SI
Raimundo Amador,ES
Raimundo Heredia Heredia,ES
Raine Allen-Miller,GB
Rainer Bock,DE
Rainer Egger,AT
Rainer Ewerrien,DE
Rainer Gerlach,DE
Rainer Guldener,CH
Rainer Kaufmann,DE
Rainer Langhans,DE
Rainer Laupichler,DE
Rainer Lott,DE
Rainer Philippi,DE
Rainer Reiners,DE
Rainer Sellien,DE
Rainer Steffen,AT
Rainer Winkelvoss,DE
Raini Rodriguez,US
Raja Amari,TN
Rajit Kapoor,IN
Rajko Bundalo,HR
Rajko Grlić,HR
Rajmund Pánovics,HU
Ralf Dittrich,DE
Ralf Drexler,DE
Ralf Harster,DE
Ralf Huettner,DE
Ralf Komorr,DE
Ralf Lindermann,DE
Ralf Marschalleck,DE
Ralf Pleger,DE
Ralf Richter,DE
Ralf Rudolf Moeller,DE
Ralf Thomsen,DE
Ralf Walker,DE
Ralf Westhoff,DE
Ralph Arliss,GB
Ralph Brown,GB
Ralph Fiennes,GB
Ralph Gladitz,DE
Ralph Herforth,DE
Ralph Nader,US
Ralph Palka,DE
Ralph Riach,GB
Ralph Steadman,GB
Rambo Amadeus,ME
Rami Heuberger,IL
Ramin Yazdani,IR
Ramin Yazdani,DE
Ramiro A. Calle,ES
Ramiro Blas,ES
Ramón Agirre,ES
Ramón Barea,ES
Ramon Besa,ES
Ramon Clotet Sala,ES
Ramon Fontserè,ES
Ramón G. del Pomar,ES
Ramón Ibarra,ES
Ramón Julibert,ES
Ramon Laguarta,ES
Ramón Langa,ES
Ramón Lluís Bande,ES
Ramón Luque,ES
Ramón Merlo,ES
Ramón Salazar,ES
Ramon Térmens,ES
Ramon Tikaram,SG
Ramon Zürcher,CH
Ramona Kunze-Libnow,DE
Ramsay Gilderdale,GB
Ramzi Ben Sliman,FR
Ramzy Bedia,FR
Rana Kazkaz,FR
Randa Chahoud,DE
Randall Paul,US
Randall Wright,GB
Raniero Cantalamessa,IT
Ranulph Fiennes,GB
Raouf Ben Amor,TN
Raoul Peck,HT
Raoul Peck,FR
Raoul Trujillo,US
Raphael,ES
Raphaël Almosni,FR
Raphaël Frydman,FR
Raphaël Jacoulot,FR
Raphaël Kirgo,FR
Raphaël Mezrahi,FR
Raphaël Nadjari,FR
Raphaël Neal,FR
Raphaël Thiéry,FR
Raphaël Vital-Durand,FR
Raphaëline Goupilleau,FR
Rappel,ES
Raquel Gómez Troyano,ES
Rasmane Ouédraogo,BF
Rasmus Gerlach,DE
Ratko Mladic,BA
Raúl Capdevila Murillo,ES
Raúl Castro,CU
Raúl Cerezo,ES
Raul Cremona,IT
Raúl del Pozo,ES
Raúl Rosillo,ES
Ravil Isyanov,RU
Ray Burdis,GB
Ray Burnet,GB
Ray Cooper,GB
Ray Davies,GB
Ray Lovelock,IT
Ray Stubbs,GB
Ray Winstone,GB
Ray Wise,US
Rayhana Obermeyer,FR
Rayhana Obermeyer,DZ
Raymond Bouchard,CA
Raymond Cloutier,CA
Raymond Depardon,FR
Raymond Hosni,LB
Raymond Tarabay,LB
Răzvan Georgescu,RO
Răzvan Săvescu,RO
Răzvan Vasilescu,RO
Rebecca Basso,IT
Rebecca Zlotowski,FR
Red Ronnie,IT
Red Saunders,GB
Reed Morano,US
Reem Kherici,FR
Reem Kherici,IT
Reem Kherici,TN
Reg Wilson,GB
Regina Lamm,AR
Regina Schilling,DE
Regina Schulte am Hülse,DE
Regina Welker,DE
Reginald Philip,GB
Regine Andratschke,DE
Régine Elmaleh,FR
Regine Vergeen,DE
Régine Vial,FR
Régis Gizavo,MG
Régis Jauffret,FR
Régis Laspalès,FR
Régis Roinsard,FR
Régis Sauder,FR
Régis Wargnier,FR
Regula Imboden,CH
Rehana Rose,GB
Reijo Taipale,FI
Reimert Ravenholt,US
Reiner Heise,DE
Reiner Holzemer,DE
Reiner Kaminski,DE
Reiner Krausz,
Reiner Schöne,DE
Reinhard Günzler,DE
Reinhard Kungel,
Reinhard Mahlberg,DE
Reinhard Scheunemann,DE
Reinhardt Grossmann,DE
Reinhild Dettmer-Finke,DE
Réka Szabó,HU
Remedios Malvárez,ES
Rémi Bezançon,FR
Rémi Chayé,FR
Rémi Cotta,FR
Rémi Lange,FR
Remo Girone,IT
Remus Mărgineanu,RO
Rémusz Szikszai,RO
Rémusz Szikszai,HU
Rémy Girard,CA
Rémy Leboucq,FR
Rémy Ratynska,FR
Rémy Roubakha,FR
Renate Cyll,DE
Renate Hong,
Renate Krößner,DE
Renate Lasker-Harpprecht,DE
Renato Carpentieri,IT
Renato Cortesi,IT
Renato De Maria,IT
Renato Jenček,SI
Renato Pagliuso,IT
Renato Pozzetto,IT
Renato Sarti,IT
Renato Scarpa,IT
Renaud,FR
Renaud Cohen,FR
Renaud Fely,FR
Renaud Rutten,BE
Renaud Schaack,FR
René Böll,DE
René Féret,FR
René Frölke,DE
René Gebhardt,DE
René Koch,DE
René Letzgus,FR
René Loyon,FR
René Malleville,FR
René Mazzarino,FR
René Weller,DE
Renee Edwards,US
Renée Le Calm,FR
Renée Soutendijk,NL
Renzo Arbore,IT
Renzo Carbonera,IT
Renzo Martinelli,IT
Renzo Rossellini,IT
Reto Caduff,CH
Reza Memari,IR
Reza Naji,IR
Rhea Thönges-Stringaris,DE
Rhoda Lewis,GB
Rhys Ifans,GB
Riad Sattouf,FR
Riad Sattouf,SY
Ricardo Cavallo,FR
Ricardo Darín,AR
Ricardo Lacámara,ES
Riccardo Ferrero,IT
Riccardo Garrone,IT
Riccardo Magherini,IT
Riccardo Milani,IT
Riccardo Paoletti,IT
Riccardo Pizzuti,IT
Riccardo Polizzy Carbonelli,IT
Riccardo Rossi,IT
Riccardo Zinna,IT
Ricci Hohlt,DE
Rich Zorn,US
Richard Abibon,FR
Richard Addison,GB
Richard Anconina,FR
Richard Berry,FR
Richard Billingham,GB
Richard Bohringer,FR
Richard Bremmer,GB
Richard Campbell,GB
Richard Cant,GB
Richard Copans,FR
Richard Cordery,GB
Richard Cunningham,GB
Richard Dale,GB
Richard Darbois,FR
Richard Darbois,CA
Richard Derrington,GB
Richard Donner,US
Richard Dreyfuss,US
Richard Durden,GB
Richard E. Grant,GB
Richard Elson,GB
Richard Eyre,GB
Richard Fréchette,CA
Richard Gere,US
Richard Gordon,US
Richard Guedj,FR
Richard Heap,
Richard Hope,GB
Richard Huber,DE
Richard Johnson,GB
Richard Jutras,CA
Richard Kovitch,GB
Richard Laxton,GB
Richard Loncraine,GB
Richard McCabe,GB
Richard Minier,FR
Richard O'Brien,GB
Richard Portnow,US
Richard Ray Whitman,US
Richard Ridings,GB
Richard Roxburgh,AU
Richard Sammel,DE
Richard Syms,GB
Richard Waugh,CA
Richenda Carey,GB
Richenda Carey,UK
Richy Müller,DE
Rick Baker,US
Rick Carlisle,US
Rick Minnich,US
Rick Ostermann,DE
Rick Wakeman,GB
Rickey Portera,IT
Ricky Gardner,US
Ricky Gervais,GB
Ricky Memphis,IT
Ricky Tognazzi,IT
Ricky Tomlinson,GB
Rike Eckermann,DE
Rikki Beadle Blair,GB
Rino Barillari,IT
Rita Feldmeier,DE
Rita Gatti,IT
Rita Russek,DE
Rita Tushingham,GB
Ritesh Batra,IN
Rivka Michaeli,IS
Rob Ashford,US
Rob Brydon,GB
Rob Curry,GB
Rob Paulsen,US
Rob Sloman,GB
Robbie Coltrane,GB
Robbie Fraser,GB
Robbie Moffat,GB
Robbie Vondenhoff,
Robert Abirached,FR
Robert Alan Packard,US
Robert Alan Packard,DE
Róbert Alföldi,HU
Robert Ashby,GB
Robert Atzorn,DE
Robert B. Bruce,GB
Robert Bahar,US
Robert Bathurst,GB
Robert Blythe,GB
Robert Bohrer,DE
Róbert Bolla,HU
Robert Budreau,CA
Robert Cantarella,FR
Robert Carlyle,GB
Robert Castel,FR
Robert Cavanah,GB
Robert Černelč,SI
Robert Chandler,GB
Robert Charlebois,CA
Robert Coudray,FR
Robert Davi,US
Robert Daws,GB
Robert de Niro,US
Robert Englund,GB
Robert Eugen Popa,RO
Robert F. Spetzler,US
Robert Follet,FR
Robert Fripp,GB
Robert Gallinowski,DE
Robert Giggenbach,DE
Robert Glenister,GB
Robert Goodman,GB
Robert Guédiguian,FR
Róbert Hermann,HU
Robert Higden,CA
Robert Hirsch,FR
Robert Hossein,FR
Róbert Hrutka,HU
Robert Hunger-Bühler,CH
Robert Jay Lifton,US
Robert Knight,US
Robert Kramer,US
Róbert Lakatos,RO
Róbert Lakatos,HU
Robert LaSardo,US
Robert Lindsay,FR
Robert Llimós,ES
Robert Malley,US
Robert Meyer,DE
Robert Mika,PL
Robert Miller,
Robert Missler,DE
Robert Mullan,GB
Robert Orhel,HR
Robert Paturel,FR
Róbert Pejó,HU
Róbert Pejó,RO
Robert Pickavance,GB
Robert Plant,GB
Robert Porter Templeton,
Robert Prebil,SI
Robert Pugh,GB
Robert Redford,US
Robert Reynolds,CA
Robert Rollis,FR
Robert Royal,US
Robert Salis,FR
Robert Schwentke,DE
Robert Stadlober,AT
Robert Thalheim,DE
Róbert V. Bodnár,HU
Robert von Wroblewsky,DE
Robert Watts,GB
Robert Więckiewicz,PL
Robert Willar,FR
Robert Woods,US
Roberta Fiorentini,IT
Roberta Fossile,IT
Roberta Lena,IT
Roberta Maxwell,CA
Roberta Taylor,GB
Roberta Torre,IT
Roberta Wallach,US
Roberto Abbati,IT
Roberto Accornero,IT
Roberto Alagna,FR
Roberto Álvarez,ES
Roberto Andò,IT
Roberto Antonelli,IT
Roberto Benigni,IT
Roberto Blanco,TN
Roberto Bob Messini,IT
Roberto Bocchi,IT
Roberto Bontà Polito,IT
Roberto Bueso,ES
Roberto Cannavò,IT
Roberto Capucci,IT
Roberto Castón,ES
Roberto Citran,IT
Roberto Ciufoli,IT
Roberto Corcione,IT
Roberto D'Agostino,IT
Roberto D'Agostino,IT
Roberto De Feo,IT
Roberto De Francesco,IT
Roberto De Paolis,IT
Roberto Del Gaudio,IT
Roberto Draghetti,IT
Roberto Encinas,ES
Roberto Enríquez,ES
Roberto Faenza,IT
Roberto Frontali,IT
Roberto Gasparro,IT
Roberto Girault,MX
Roberto Herlitzka,IT
Roberto Lázaro,ES
Roberto Leal,AR
Roberto Magnifico,SI
Roberto Minervini,IT
Roberto Nobile,IT
Roberto Peroni,IT
Roberto Pruzzo,IT
Roberto Vecchioni,IT
Robi Morder,FR
Robin Campillo,FR
Robin Colvill,GB
Robin Gooch,US
Robin Herd,GB
Robin Renucci,FR
Robin Shaw,
Robin Soans,GB
Robin Sykes,FR
Robin Williams,US
Roc Lafortune,CA
Rocco Barbaro,IT
Rocco Forte,IT
Rocco Mortelliti,IT
Rocco Papaleo,IT
Rocío Martín,ES
Rocío Mesa,ES
Rocko Schamoni,DE
Rod Stewart,GB
Roddy Bogawa,US
Roddy Bogawa,JP
Roddy Doyle,IE
Rodica Mandache,RO
Rodica Negrea,RO
Rodion Ladislau Roșca,RO
Rodolfo Bisatti,IT
Rodolfo Laganà,IT
Rodolphe Burger,FR
Rodolphe Lauga,FR
Rodrig Andrisan,RO
Rodrigo Bazzano,ES
Rodrigo Cortés,ES
Rodrigo Rivas,ES
Rodrigo Sorogoyen,ES
Roger Ahston-Griffiths,GB
Roger Alborough,GB
Roger Allam,GB
Roger Andrew Taylor,GB
Roger Ashton-Griffiths,GB
Roger Carel,FR
Roger Cornillac,FR
Roger Daltrey,GB
Roger Dumas,FR
Roger Glover,GB
Roger Goldby,GB
Roger Grosrey,FR
Roger Gual,ES
Roger Huddle,
Roger Ibáñez,FR
Roger Mainwood,GB
Roger Michell,GB
Roger Mirmont,FR
Roger Moore,GB
Roger Spottiswoode,CA
Roger Taylor,GB
Roger Van Hool,BE
Roger Waters,GB
Rok Biček,SI
Roland Baier,CH
Roland Bertin,FR
Roland Blanche,FR
Roland Blum,DE
Roland Düringers,AT
Roland Florstedt,DE
Roland Geck,DE
Roland Gelhausen,DE
Roland Giraud,FR
Roland Gori,FR
Roland Hefter,DE
Roland Jahn,DE
Roland Klick,DE
Roland Koch,CH
Roland Marchisio,FR
Roland Nurier,FR
Roland Rába,HU
Roland Rappaport,FR
Roland Reber,DE
Roland Stone,UK
Roland Timsit,FR
Roland Vranik,HU
Rolando Colla,CH
Rolando Ravello,IT
Rolf Becker,DE
Rolf Berg,DE
Rolf Eden,DE
Rolf Hoppe,DE
Rolf Kanies,DE
Rolf Lambert,DE
Rolf Lassgård,SE
Rolf Peter Kahl,DE
Rolf Scheider,DE
Rolf Schmitt,DE
Rolf Schübel,DE
Rolf Zacher,DE
Roma Tomelty,GB
Romain Basset,FR
Romain Bouteille,FR
Romain Cogitore,FR
Romain Gavras,FR
Romain Goupil,FR
Romain Lévy,FR
Romain Quirot,FR
Romain Saudubois,FR
Román Gubern,ES
Roman Kuhn,DE
Roman Lochmann,DE
Roman Polanski,FR
Roman Uranjek,SI
Romane Bohringer,FR
Romane Gueret,FR
Romano Talevi,IT
Romanus Fuhrmann,DE
Romina Power,US
Romina Power,IT
Romola Garai,GB
Romolo Guerrieri,IT
Romuald Andrzej Klos,PL
Romuald Karmakar,DE
Romy Haag,NL
Romy Trajman,FR
Ron Cook,GB
Ron Donachie,GB
Ron Livingstone,US
Ron Perlman,US
Ron Scalpello,GB
Ronald Brautigam,NE
Ronald Chammah,FR
Ronald Guttman,BE
Ronald Harwood,GB
Ronald Nitschke,DE
Ronald Pickup,GB
Ronald Steckel,DE
Ronan Le Page,FR
Ronee Blakley,US
Ronnie Thompson,GB
Ronnie Wood,GB
Ronny Trocker,IT
Rony Kramer,FR
Rosa Álvarez,ES
Rosa Enskat,DE
Rosa León,ES
Rosa María Calaf,ES
Rosa Maria Sardà,ES
Rosa Márquez,ES
Rosa Montero,ES
Rosa Novell,ES
Rosa Regàs,ES
Rosa Torres Pardo,ES
Rosa Valiente,ES
Rosa Villacastín,ES
Rosa von Praunheim,LV
Rosa von Praunheim,DE
Rosalba Bologna,IT
Rosalía Omil,ES
Rosalia Porcaro,IT
Rosalina Neri,IT
Rosalind Knight,GB
Rosana Pastor,ES
Rosanna Arquette,US
Rosanna Lowe,
Rosaria De Cicco,IT
Rosaria D'Urso,IT
Rosario Errico,IT
Rosario Lara,ES
Rosario Ortega,ES
Rosario Pardo,ES
Rosario Scandura,IT
Roschdy Zem,FR
Rose Bosch,FR
Rose Philippon,FR
Roselyne de Nobili,FR
Rosemarie Trockel,DE
Rosemary Blakeley,GB
Rosemary Henderson,IE
Rosenda Monteros,MX
Rosendo Mercado,ES
Roser Aguilar,ES
Rosette,FR
Roshan Seth,GB
Roshan Seth,IN
Rosi Troyano Díaz,ES
Rosie Flores,US
Rosita Amores,ES
Ross Boyask,GB
Rossana Mortara,IT
Rossella Canaccini,IT
Rossella De Venuto,IT
Rossy de Palma,ES
Roswitha Selle,DE
Rouven Rech,
Rowan Atkinson,GB
Rowe David McClelland,GB
Roy Andersson,SE
Roy F. Baumeister,US
Roy Hodgson,GB
Roy Hudd,GB
Roy Sampson,GB
Rozália Szeleczki,HU
Rozanne Colchester,GB
Rubén Abruña,PR
Ruben Alves,FR
Rubén Blades,PA
Rubika Shah,GB
Rubin Stein,ES
Rudi Gaul,DE
Rudi Olbrich,DE
Rudi Völler,DE
Rüdiger Evers,DE
Rüdiger Götze,DE
Rüdiger Lange,DE
Rüdiger Suchsland,DE
Rüdiger Vogler,DE
Rüdiger Wendt,DE
Rudolf Kowalski,DE
Rudolf Krause,DE
Rudolf Schenker,DE
Rudolf Simek,AT
Rudolf Thome,DE
Rudolf Waldemar Brem,DE
Rudolph Ghevondyan,AM
Rudy Chernicoff,AR
Rudy Gnutti,IT
Rudy Milstein,FR
Rudy Moca,RO
Ruediger Dahlke,AT
Rufus,FR
Rufus Beck,DE
Rufus Norris,GB
Ruggero Deodato,IT
Ruggero Raimondi,IT
Rui Morrison,PT
Rupert Everett,GB
Rupert Goold,GB
Rupert Graves,GB
Rupert J. Seidel,
Rupert Jones,GB
Rupert Vansittart,GB
Rupert Wynne-James,GB
Rusell Biles,
Russell England,GB
Russell Owen,GB
Rutanya Alda,US
Rutanya Alda,LV
Rutger Hauer,NL
Ruth Bickelhaupt,DE
Ruth Dajč Perl,
Ruth Diehl,
Ruth Elkrief,MA
Ruth Elkrief,FR
Ruth McCabe,IE
Ruth Olshan,DE
Ruth Paxton,
Ruth Posner,PL
Ruth Reinecke,DE
Ruth Rosenfeld,DE
Ruth Sheen,GB
Ruxandra Ghițescu,RO
Ruxandra Zenide,RO
Ryan Andrew Hooper,GB
Ryan Hendrick,GB
Ryszard Ronczewski,PL
S.A. Halewood,
Saadia Bentaïeb,FR
Sabina Ajrula,MK
Sabina Fedeli,IT
Sabine Azéma,FR
Sabine Barth,DE
Sabine Hahn,DE
Sabine Haudepin,FR
Sabine Herpich,DE
Sabine Krayenbühl,
Sabine Kueckelmann,DE
Sabine Lamby,DE
Sabine Londault,FR
Sabine Ludwig,DE
Sabine Michel,DE
Sabine Rossbach,DE
Sabine Rückert,DE
Sabine Vitua,DE
Sabine Wackernagel,DE
Sabine Werner,DE
Sabine Winterfeldt,DE
Sabrina Gunnell,FR
Sabrina Sarabi,DE
Sabrina Van Tassel,FR
Sabrina Van Tassel,US
Sacha Bennett,GB
Sacha Bourdo,FR
Sacha Wolff,FR
Sadia Saeed,PK
Sadie Frost,GB
Sadžida Šetić,BA
Safy Nebbou,FR
Sahajak Boonthanakit,
Saïd Amadis,FR
Saïd El Mouden,MA
Salem Brahimi,FR
Salem Brahimi,DZ
Salha Nasraoui,TN
Salim Daw,IS
Salim Kechiouche,FR
Salim Shaheen,AF
Salimata Kamate,CI
Sally Harrison,GB
Sally Mortemore,GB
Sally Potter,GB
Salman Rushdie,IN
Salman Rushdie,GB
Salman Rushdie,US
Salomé,DE
Salvador Calvo,ES
Salvatore Borghese,IT
Salvatore Cantalupo,IT
Salvatore Chiosi,IT
Salvatore Cipri,IT
Salvatore Ficarra,IT
Salvatore Gabriele,IT
Salvatore La Mantia,IT
Salvatore Mereu,IT
Salvatore Misticone,IT
Salvatore Piscicelli,IT
Sam Fell,GB
Sam Garbarski,BE
Sam Hobkinson,GB
Sam Karmann,FR
Sam Kelly,GB
Sam Louwyck,BE
Sam Mendes,GB
Sam Neill,NZ
Sam Shoubber,IQ
Sam Waterston,US
Samad Zarmandili,IT
Samantha Bond,GB
Sami Bouajila,FR
Sami Frey,FR
Samia Rhaiem,TN
Samir,CH
Samir Bajrić,
Samir Guesmi,FR
Samir Nasr,DE
Samira Sedira,FR
Sammy McIlroy,GB
Samuel Benchetrit,FR
Samuel Bigiaoui,FR
Samuel Churin,FR
Samuel Collardey,FR
Samuel Domingo,ES
Samuel Finzi,DE
Samuel Gautier,FR
Samuel Jouy,FR
Samuel L. Jackson,US
Samuel Labarthe,CH
Samuel Le Bihan,FR
Samuel Maoz,IL
Samuel Ortí Martí,ES
Samuel Rondière,FR
Samuel Theis,FR
Samuel Tourneux,FR
Samuel Willenberg,IL
Samuel Willenberg,PL
Samuele Rossi,IT
Samy Naceri,FR
Samy Naceri,DZ
Samyr Hamoudi,FR
Sanda Toma,RO
Sandi Pavlin,SI
Sándor Buglya,HU
Sándor Csoma,HU
Sándor Gáspár,HU
Sandor Jesse,
Sandor Jesse,HU
Sándor Kardos,HU
Sándor Köleséri,HU
Sándor Lukács,HU
Sándor Sőth,HU
Sándor Szűcs,HU
Sándor Terhes,HU
Sándor Téri,HU
Sándor Tóth,HU
Sándor Zsótér,HU
Sándorné Tar,HU
Sandra Alberti,ES
Sandra Bullock,US
Sandra Ceccarelli,IT
Sandra Collodel,IT
Sandra Dickinson,US
Sandra Ellis Lafferty,US
Sandra García,ES
Sandra Kaudelka,DE
Sandra Milo,IT
Sandra Nettelbeck,DE
Sandra Prechtel,
Sandrine Bonnaire,FR
Sandrine Dumas,FR
Sandrine Kiberlain,FR
Sandrine Veysset,FR
Sandro Arista,IT
Sandro Dori,IT
Sandro Lombardi,IT
Sandy Martin,US
Sanja Vejnović,HR
Sanjeev Bhaskar,GB
Santi Amodeo,ES
Santi Prego,ES
Santi Rodríguez,ES
Santi Trullenque,ES
Santi Ugalde,ES
Santiago Aguilar,ES
Santiago Alvarado,ES
Santiago Amigorena,AR
Santiago Amigorena,FR
Santiago Auserón,ES
Santiago Meléndez,ES
Santiago Mitre,AR
Santiago Requejo,ES
Santiago Segura,ES
Santiago Solera,ES
Santiago Ziesmer,DE
Santiago Ziesmer,SP
Santo Pennisi,IT
Saphia Azzeddine,FR
Saphia Azzeddine,MA
Sara Alzetta,IT
Sara Bertelà,IT
Sara Driver,US
Sara Forestier,FR
Sara Hribar,HR
Sara Johnsen,NO
Sara Kern,SI
Sara Kern,AU
Sara Kestelman,GB
Sara Stewart,GB
Sara Sugarman,GB
Sarah Blaßkiewitz,DE
Sarah Boberg,DK
Sarah Camp,DE
Sarah Crowden,GB
Sarah Gavron,GB
Sarah Lancashire,GB
Sarah Leonor,FR
Sarah Suco,FR
Sarah Woodward,GB
Saralisa Volm,DE
Saroj Khan,IN
Sarolta Szabó,HU
Sarolta Zalatnay,HU
Šarūnas Bartas,LT
Saša Pavček,SI
Sasha Krane,GB
Saskia Vester,DE
Saskia Walker,DE
Sašo Đukić,SI
Sasson Gabai,IL
Satish Kumar,IN
Saturnino García,ES
Saul Dibb,GB
Sauro Ravaglia,IT
Savas Ceviz,DE
Saverio Costanzo,IT
Saverio Di Biagio,IT
Scali Delpeyrat,FR
Scott Alexander Young,NZ
Scott Bakula,US
Scott Elliott,GB
Scott Hahn,US
Scott Jaeck,US
Scott Mann,GB
Scott Michell,GB
Seamus O'Neill,GB
Sean B. Carroll,US
Sean Bean,GB
Sean Blowers,GB
Sean Buckley,GB
Sean Cronin,GB
Sean Durkin,CA
Sean Durkin,US
Sean Evans,
Sean Foley,GB
Sean Gilder,GB
Sean James Sutton,GB
Seán Kelly,IE
Sean McCormack,DE
Sean McGinley,IE
Sean Penn,US
Sean Pertwee,GB
Sebastian Dehnhardt,DE
Sebastián Haro,ES
Sebastian Heinzel,DE
Sebastian Hilger,DE
Sebastian Ko,DE
Sebastian Koch,DE
Sebastian Kowski,DE
Sebastian Niemann,DE
Sebastian Peterson,DE
Sebastian Roché,FR
Sebastian Rudolph,DE
Sebastian Schindler,DE
Sebastian Schipper,DE
Sebastian Stern,DE
Sebastian Voltmer,DE
Sebastiano d'Ayala Valva,GB
Sebastiano d'Ayala Valva,GB
Sebastiano d'Ayala Valva,IT
Sebastiano Filocamo,IT
Sebastiano Mauri,IT
Sebastiano Riso,IT
Sebastiano Rizzo,IT
Sebastiano Somma,IT
Sébastien Bailly,FR
Sébastien Betbeder,FR
Sébastien Blemon,FR
Sébastien Daguerressar,FR
Sébastien Laudenbach,FR
Sébastien Lifshitz,FR
Sébastien Maggiani,FR
Sébastien Majonchi,FR
Sébastien Marnier,FR
Sébastien Thiery,FR
Sébastien Tulard,FR
Sébastien Vanicek,FR
Secun de la Rosa,ES
Seiichiro Mise,JP
Seka Sablić,RS
Sekou A. Neblett,US
Sekou Traoré,BF
Selica Torcal,ES
Selina Cadell,GB
Selva Alemán,AR
Sema Poyraz,TR
Semra Üysallar,TR
Senka Bulić,HR
Senka Kolozova,MK
Senta Berger,AT
Sepideh Farsi,FR
Sepp Herberger,DE
Sepp Schauer,DE
Șerban Foarță,RO
Șerban Georgescu,RO
Șerban Georgevici,RO
Șerban Marinescu,RO
Serena Grandi,IT
Serge Avédikian,FR
Serge Biavan,FR
Serge Blazevic,FR
Serge Bozon,FR
Serge Dorny,BE
Serge Dupire,FR
Serge Dupire,CA
Serge Faliu,FR
Serge Feuillard,FR
Serge Frydman,FR
Serge Hazanavicius,FR
Serge Houde,CA
Serge Ioan Celebidachi,FR
Serge Ioan Celebidachi,RO
Serge Kribus,BE
Serge Larivière,BE
Serge Latouche,FR
Serge Le Péron,FR
Serge Livrozet,FR
Serge Merlin,FR
Serge Moati,FR
Serge Papagalli,FR
Serge Pey,FR
Serge Renko,FR
Serge Renou,FR
Serge Riaboukine,FR
Serge Steyer,FR
Sergei Loznitsa,UA
Sergey Grekov,RU
Sergey Russkin,PL
Serghei Niculescu-Mizil,RO
Sergi López,ES
Sergio Assisi,IT
Sergio Basile,IT
Sergio Bini Bustric,IT
Sergio Castellitto,IT
Sergio Colabona,IT
Sergio Delfino,AU
Sergio Di Pinto,IT
Sergio Dow,ES
Sergio Fiorentini,IT
Sergio Forconi,IT
Sergio Hernández,CL
Sergio Leone,IT
Sergio Manfio,IT
Sergio Misuraca,IT
Sergio Oksman,BR
Sergio Pablos,ES
Sergio Pierattini,IT
Sergio Romano,IT
Sergio Rubini,IT
Sergio Salvati,IT
Sergio Solli,IT
Sergio Stivaletti,IT
Sergio Vastano,IT
Sergio Zecca,IT
Sergiu Finiti,UA
Sergiu Finiti,MD
Sergiu Nicolaescu,RO
Sergiu Prodan,MD
Şerif Sezer,TR
Serpil Turhan,DE
Serra Yilmaz,TR
Seth Barrish,
Severin Winzenburg,
Seylan Baxter,UK
Shabana Azmi,IN
Shamim Sarif,GB
Shamsher Singh,IN
Shane MacGowan,IE
Sharon Maguire,GB
Sharon Morgan,GB
Sharon Stone,US
Sharon von Wietersheim,DE
Sharon von Wietersheim,US
Shashawnee Hall,US
Shaun Prendergast,GB
Sheila Hancock,GB
Sheila McCarthy,CA
Sheila Reid,GB
Sheila Stewart,GB
Shekhar Kapur,IN
Shel Shapiro,IT
Shelagh Gallivan,GB
Shelomo Selinger,FR
Sheridan De Myers,GB
Sherry Hormann,US
Shigeko Sugihara,
Shirel Amitay,FR
Shirel Peleg,VE
Shirin Neshat,IR
Shirley Collins,GB
Shirley Dixon,GB
Shirley Henderson,GB
Shishir Sharma,IN
Shôjirô Nishimi,JP
Shola Amoo,GB
Show-Chun Lee,TW
Shozo Awazu,JP
Shu Aiello,FR
Shulamit Adar,
Shulamit Adar,?
Siân A. Williams,
Sian Astor-Lewis,GB
Siân Phillips,GB
Sian Thomas,GB
Sibylle Berg,DE
Sibylle Brunner,CH
Sibylle Canonica,CH
Sibylle Maria Dordel,DE
Sid Ahmed Agoumi,DZ
Sid Sadowskyj,
Sidney Kean,GB
Sidse Babett Knudsen,DK
Siegfried Rosenau,DE
Siegfried W. Kernen,CH
Siegfried W. Kernen,DE
Sigfrid Monleón,ES
Sigi Zimmerschied,DE
Signe Astrup,NO
Sigourney Weaver,US
Sigrid Faltin,DE
Sigrid Hoerner,DE
Sigrun Köhler,DE
Siir Eloglu,TU
Silva Čušin,SI
Silvana Bosi,IT
Silvana Costa,IT
Silvana Fallisi,IT
Silvana Stefanini,IT
Silvano Campeggi,IT
Silverio Palacios,MX
Silvia Brunelli,IT
Silvia Carobbio,IT
Silvia Casanova,ES
Silvia Cohen,IT
Silvia Monga,IT
Silvia Munt,ES
Silvia Năstase,RO
Silvia Pinal,MX
Silvia Rey Canudo,ES
Silvia Scola,IT
Silvia Tortosa,ES
Silvie Laguna,FR
Silvio Muccino,IT
Silvio Orlando,IT
Silvio Rodríguez,CU
Silvio Soldini,IT
Silviu Oltean,RO
Silvo Božič,SI
Sim,FR
Simcha Applebaum,BY
Simon Abkarian,FR
Simón Andreu,ES
Simon Anthony,GB
Simon Bernstein,GB
Simon Blake,GB
Simon Bogojević Narath,HR
Simon Brückner,
Simon Callow,GB
Simon Chandler,GB
Simon Cox,GB
Simon Curtis,GB
Simon Davison,GB
Simon Fellows,GB
Simon Hughes,GB
Simon Hunter,GB
Simon Kunz,GB
Simon Le Bon,GB
Simon McBurney,GB
Simon Napier-Bell,GB
Simon Rieth,FR
Simon Rouby,FR
Simon Rouse,GB
Simon Rumley,GB
Simon Russell Beale,GB
Simon Schama,GB
Simon Shepherd,GB
Simon Sheridan,GB
Simon Slater,GB
Simon Sprackling,GB
Simon Stone,AU
Simon Verhoeven,DE
Simon West,GB
Simona Bondoc,RO
Simona Bosco Ruggeri,IT
Simona Izzo,IT
Simona Marchini,IT
Simona Popescu,RO
Simone Aleandri,IT
Simone Amendola,IT
Simone Andri,IT
Simone Cangelosi,IT
Simone Catania,IT
Simone Geißler,DE
Simone Godano,IT
Simone Isola,IT
Simone Petralia,IT
Simone Scafidi,IT
Simone Schettino,IT
Simone Spada,IT
Simone Tassimot,FR
Sinai Peter,IL
Sinan Akkuş,DE
Sinan Akkuş,TR
Siniša Gačić,SI
Siniša Labrović,HR
Siobhan MacGowan,IE
Siobhan Redmond,GB
Sissy Höfferer,AT
Skip Kite,GB
Sköld Peter Matthis,SE
Sky du Mont,DE
Slaven Knezović,BA
Slavica Knežević,HR
Slavko Juraga,HR
Slavoj Žižek,SI
Slavoj Žižek,RS
Slawomir Orzechowski,PL
Slim,DZ
Slimane Dazi,DZ
Slobodan Ćustić,BA
Slobodan Maksimović,BA
Slony Sow,FR
Smaïn Faïrouze,FR
Snježana Sinovčić-Šiškov,HR
Snježana Tribuson,HR
Sobo Swobodnik,DE
Sofía Quirell,ES
Solange Tonnini,IT
Soledad Becerril,ES
Soledad Gallego Díaz,ES
Soledad Osorio,ES
Soleen Yusef,IQ
Solenn Jarniou,FR
Soliman Cruz,PH
Sólveig Anspach,US
Sólveig Anspach,IS
Sonam Tseten,CN
Sonia Bergamasco,IT
Sonia Gessner,CH
Sonia Kronlund,FR
Sonia Sebastián,ES
Sonja Heiss,DE
Sonja Tarokić,HR
Sönke Wortmann,DE
Sonny Laguna,SE
Sonsoles Benedicto,ES
Sonya Winterberg,DE
Sonya Winterberg,FI
Soogi Kang,KR
Sophia Lamar,CU
Sophia Loren,FR
Sophie Arlot,FR
Sophie Audier,FR
Sophie Barthes,DE
Sophie Barthes,FR
Sophie Boudre,FR
Sophie Bredier,FR
Sophie Broustal,FR
Sophie Duez,FR
Sophie Fillières,FR
Sophie Forte,FR
Sophie Guillemin,FR
Sophie Hyde,AU
Sophie Kluge,DE
Sophie Letourneur,FR
Sophie Linnenbaum,DE
Sophie Marceau,FR
Sophie Metrich,FR
Sophie Mitrani,FR
Sophie Mounicot,FR
Sophie Robert,FR
Sophie Robinson,GB
Sophie Rois,AT
Sophie Semin,FR
Sorcha Cusack,IE
Sören Hüper,DE
Søren Malling,DK
Sorin Cociș,RO
Sorin Francu,RO
Sorin Luca,RO
Sorin Lupaşcu,RO
Sorin Marin,RO
Sorin Medeleni,RO
Sorin Mihai Vasilescu,RO
Sorin Misirianțu,RO
Sorin Tofan,RO
Sotigui Kouyaté,ML
Sou Abadi,FR
Souad Amidou,FR
Souad Faress,IE
Souad Faress,GH
Souad Faress,SY
Špela Rozin,SI
Spiro Guberina,HR
Srđan Kovačević,HR
Sreten Mokrović,HR
Srinath Samarasinghe,FR
Stan Lee,US
Stan Monstrey,BE
Stanislas Merhar,FR
Stanislav Tomić,HR
Stanislawa Celinska,PL
Stanka Macuh,SI
Stanley Townsend,IE
Stanley Tucci,GB
Stanley Tucci,US
Steeve Calvo,FR
Ștefan Buzea,RO
Stefan Colomb,FR
Ștefan Constantinescu,RO
Stefan Corinth,
Stefan Denolyubov,BG
Stefan Godin,FR
Stefan Hunstein,DE
Ștefan Iordănescu,RO
Stefan Kolosko,DE
Stefan König,
Stefan Krohmer,DE
Stefan Kurt,CH
Stefan Kurt,SE
Stefan Liberski,BE
Stefan Lochau,DE
Ștefan Mandachi,RO
Stefan Merki,CH
Ștefan Pătrașcu,RO
Stefan Preiss,DE
Stefan Preiss,
Stefan Ravasz,DE
Stefan Ruzowitzky,AT
Stefan Ruzowitzky,US
Stefan Schneider,DE
Ștefan Velniciuc,RO
Stefan Walz,CH
Stefan Weinert,DE
Stefan Westerwelle,DE
Stefania Capobianco,IT
Stefania Casini,IT
Stefania Sandrelli,IT
Stefano Abbati,IT
Stefano Altieri,IT
Stefano Amatucci,IT
Stefano Ambrogi,IT
Stefano Anselmi,IT
Stefano Boeri,IT
Stefano Calvagna,IT
Stefano Chiantini,IT
Stefano Cipani,IT
Stefano Collizzolli,IT
Stefano Consiglio,IT
Stefano Di Polito,IT
Stefano Giacomuzzi,IT
Stefano Incerti,IT
Stefano Lodovichi,IT
Stefano Masciarelli,IT
Stefano Mordini,IT
Stefano Pesce,IT
Stefano Santamato,IT
Stefano Santospago,IT
Stefano Sardo,IT
Stefano Sollima,IT
Stefano Tummolini,IT
Stefano Usardi,IT
Stefano Veneruso,IT
Stefano Vito Bicocchi,IT
Steffen König,DE
Steffen König,
Steffen Reck,
Steffen Scheumann,DE
Steffen Weinert,DE
Stelian Tănase,RO
Stelios Mainas,GR
Stelios Stavridis,GR
Stella Gonet,GB
Stella Maris Santo,AR
Stella McCusker,IR
Stella Tinbergen,DE
Stellan Skarsgård,CH
Stellan Skarsgård,SE
Stelu Enache,RO
Štěpán Altrichter,CZ
Stepan Nercessian,BR
Stéphan Archinard,FR
Stephan Balay,FR
Stephan Baumecker,DE
Stephan Benson,DE
Stephan Bergmann,AT
Stephan Bergmann,DE
Stephan Bissmeier,DE
Stéphan Castang,FR
Stephan Petrowitsch,
Stephan Plank,DE
Stephan Rick,DE
Stephan Schad,DE
Stephan Schwartz,DE
Stéphan Wojtowicz,FR
Stéphane Arnoux,FR
Stéphane Batut,FR
Stéphane Ben Lahcene,FR
Stéphane Berla,FR
Stéphane Bern,FR
Stéphane Bern,LU
Stéphane Boucher,FR
Stéphane Brizé,FR
Stéphane Cazes,FR
Stéphane De Groodt,BE
Stéphane Demoustier,FR
Stéphane Foenkinos,FR
Stéphane Freiss,FR
Stéphane Guenin,FR
Stéphane Guillon,FR
Stéphane Henon,FR
Stéphane Hessel,FR
Stéphane Kazandjian,FR
Stéphane Lévy,FR
Stéphane Manchematin,FR
Stéphane Mercurio,FR
Stéphane Meunier,FR
Stéphane Ragot,FR
Stephane Riethauser,CH
Stéphane Robelin,FR
Stéphanie Di Giusto,FR
Stéphanie Gillard,FR
Stéphanie Pillonca,FR
Stéphanie Valloatto,FR
Stephen Boxer,GB
Stephen Cookson,GB
Stephen Daldry,GB
Stephen Dillane,GB
Stephen Fingleton,GB
Stephen Frears,GB
Stephen Fry,GB
Stephen Goldblatt,US
Stephen Hawking,GB
Stephen Herbert,GB
Stephen Kijak,US
Stephen Kinzer,US
Stephen McHattie,CA
Stephen Rashbrook,GB
Stephen Rea,IE
Stephen Warbeck,GB
Stere Gulea,RO
Stevan Labudović,RS
Steve Achiepo,FR
Steve Bacic,HR
Steve Bacic,CA
Steve Bannon,US
Steve Blame,GB
Steve Blum,US
Steve Bruce,GB
Steve Buscemi,US
Steve Coogan,GB
Steve della Casa,IT
Steve Faigenbaum,FR
Steve Garti,GB
Steve Hackett,GB
Steve Hajdu,HU
Steve Huison,GB
Steve Jones,GB
Steve Kalfa,FR
Steve Karier,LU
Steve Kelly,GB
Steve McCurry,US
Steve McLean,GB
Steve Moreau,FR
Steve Oram,GB
Steve Steen,GB
Steve Stevens,US
Steven Eastwood,GB
Steven Gomez,GB
Steven Gunnell,FR
Steven Lewis Simpson,GB
Steven Nesbit,GB
Steven Pacey,GB
Steven Quale,US
Steven Rosenfield,US
Stevie Wonder,US
Stewart Alexander,GB
Stewart Sparke,GB
Stewart Sugg,GB
Stian Andersen,NO
Stig Björkman,SE
Stig Eldred,SE
Sting,GB
Stojan Matavulj,RS
Stojan Matavulj,HR
Storm Thorgerson,GB
Struan Rodger,GB
Stuart Brennan,GB
Stuart Evans,GB
Su McLaughlin,GB
Sude Dönmez,DE
Sudha Bhuchar,GB
Sue Flack,GB
Sue Johnston,GB
Sue Maund,GB
Sue Roderick,GB
Suggs,GB
Suhaib Gasmelbari,SD
Suly Röthlisberger,CH
Sunčana Zelenika Konjević,HR
Sung Hyung Cho,CN
Sung Hyung Cho,
Sunita Shirole,IN
Sunnyi Melles,CH
Sunnyi Melles,LU
Suranga Deshapriya Katugampala,IT
Suranga Deshapriya Katugampala,LK
Susan Angelini,
Susan Brickell,
Susan Brown,GB
Susan Ferenz-Schwartz,DE
Susan Ferenz-Schwartz,TR
Susan Gluth,DE
Susan Gordanshekan,DE
Susan Hampshire,GB
Susan Jameson,GB
Susan Penhaligon,GB
Susana Arbizu,FR
Susana Lastreto,UY
Susana Sotelo,ES
Susanna Bugatti,IT
Susanna della Sala,IT
Susanna Nicchiarelli,IT
Susanna White,GB
Susanna Zeltinger-Lehmköster,DE
Susanne Bohlmann,DE
Susanne Bredehöft,DE
Susanne Kröger,DE
Susanne Petz,DE
Susanne Sachße,DE
Susanne Schulz,DE
Susi Sánchez,ES
Susy Laude,IT
Suzana Borges,PT
Suzanna Hamilton,GB
Suzanne Clément,CA
Suzanne Flon,FR
Suzanne Lindon,FR
Suzanne Shepherd,US
Suzanne von Borsody,DE
Suzi Quatro,US
Suzy Cohen,FR
Svebor Mihael Jelić,HR
Sven Halfar,DE
Sven Marquardt,DE
Sven O. Hill,DE
Sven Taddicken,DE
Sven Unterwaldt Jr.,DE
Sven Wittek,DE
Sven-Eric Bechtolf,DE
Svetlana Alpers,US
Swen de Pauw,FR
Swetlana Schönfeld,DE
Swetlana Schönfeld,RU
Sybille J. Schedwill,DE
Sydne Rome,IT
Sydney Sibilia,IT
Sylke Enders,DE
Sylvain Caruso,FR
Sylvain Desclous,FR
Sylvain Labrosse,FR
Sylvain Marcel,CA
Sylvain Thirolle,FR
Sylvester Groth,DE
Sylvester McCoy,GB
Sylvestre Meinzer,FR
Sylvia Bergé,FR
Sylvia Earle,US
Sylvia Redlich,DE
Sylvia Sims,GB
Sylvie Audcoeur,FR
Sylvie Faguer,FR
Sylvie Gautier,FR
Sylvie Genty,FR
Sylvie Granotier,FR
Sylvie Gravagna,FR
Sylvie Joly,FR
Sylvie Ohayon,FR
Sylvie Testud,FR
Sylvie Vartan,FR
Szabolcs Bede-Fazekas,HU
Szabolcs Fazakas,HU
Szabolcs Fazakas,RO
Szabolcs Hajdu,HU
Szabolcs Mosonyi,HU
Szabolcs Pálfi,HU
Szabolcs Thuróczy,HU
Szilárd Bernáth,HU
Szilárd Matusik,HU
Szilvia Dallos,HU
Tacey Adams,US
Tacho González,ES
Tadashi Endo,JP
Tadashi Endo,CN
Taghi Amirani,IR
Takeshi Kitano,JP
Tali Shalom-Ezer,IL
Tama Tobias-Macht,IL
Tamara Böhning,DE
Tamara Šoletić,HR
Tamara Yatsenko,UA
Tamás Almási,HU
Tamás Andor,HU
Tamás Babos,HU
Tamás Buvári,HU
Tamás Csikány,HU
Tamás Dunai,HU
Tamás Faragó,HU
Tamás Farkas,HU
Tamás Ferkay,HU
Tamás Fodor,HU
Tamás Jakab,HU
Tamás Jordán,HU
Tamás Puskás,HU
Tamás Sághy,HU
Tamás Szalma,HU
Tamás Szirtes,HU
Tamás Varga,HU
Tamás Yvan Topolánszky,HU
Tamás Yvan Topolánszky,CH
Tamás Zákonyi S.,HU
Tamsin Greig,GB
Tania Filip,RO
Tania Sainz Martín,
Tanja Schmidbauer,DE
Tanveer Ghani,PK
Tanya Lopert,FR
Tanya Myers,GB
Tao Zhang,CN
Tapa Sudana,ID
Tara Fitzgerald,GB
Taraji P. Henson,US
Tarek Boudali,FR
Tarek Ehlail,DE
Taru Devani,PK
Tarzan Nasser,PL
Tassadit Mandi,DZ
Tatán,ES
Tatawi Ali,MA
Tatiana Iekel,RO
Tatiana Winteler,CH
Tatja Seibt,DE
Tatjana Clasing,DE
Tatjana Turanskyj,DE
Tatti Sanguineti,IT
Tatyana Markhel,BY
Tavi Colen,RO
Tawfik Bahri,FR
Tchéky Karyo,FR
Tea Vidović Dalipi,HR
Teco Celio,CH
Tedy Necula,RO
Teja Glazar,HR
Tekla Tordai,HU
Tekla Tordai,RO
Telmo Esnal,ES
Teo Teocoli,IT
Teo Uriarte,ES
Teodor Corban,RO
Teodor Zamfir,RO
Teodora Mareș,RO
Teodóra Uhrik,HU
Teodosio Barresi,IT
Tere Solà,ES
Terele Pávez,ES
Terence Davies,GB
Terence Harvey,GB
Terence Hill,IT
Terence Stamp,GB
Teresa Acerbis,IT
Teresa Berganza,ES
Teresa Calo,ES
Teresa Cerciello,IT
Teresa del Olmo,ES
Teresa Gimpera,ES
Teresa Harder,DE
Teresa Lozano,ES
Teresa Madruga,PT
Teresa Piergentili,IT
Teresa Rabal,ES
Teresa Ramón,ES
Teresa Sala,IT
Teréz Csombor,HU
Teréz Rudolf,HU
Teri Tordai,HU
Terry Abraham,GB
Terry Deary,GB
Terry George,IE
Terry Gilliam,UK
Terry Ilott,GB
Terry Jones,UK
Terry Loane,
Terry O'Neill,GB
Tessa Göttlicher,AT
Tessa Louise-Salomé,FR
Tessa Peake-Jones,GB
Tessa Pollitt,GB
Tetsuya Chiba,JP
Thaddaeus Ropac,AT
Thaís Garayp,BR
Thanos Anastopoulos,GR
The Dalai Lama,CN
Thelma Barlow,GB
Thémis Pánou,GR
Théo Court,CL
Théo Hakola,US
Theo König,DE
Théo Légitimus,FR
Theodor Denis Dinulescu,RO
Théophile Sowié,BF
Theresa Strozyk,DE
Theresa von Eltz,DE
Therese Affolter,CH
Therese Dürrenberger,CH
Therese Hämer,DE
Therese Koppe,DE
Thérèse Quentin,BE
Thérèse Quentin,FR
Thibault de Montalembert,FR
Thibault Segouin,FR
Thich Nhát Hanh,VN
Thierno Souleymane Diallo,GN
Thierry de Peretti,FR
Thierry Dechilly,FR
Thierry Demaizière,FR
Thierry Desroses,FR
Thierry Frémont,FR
Thierry Gimenez,FR
Thierry Godard,FR
Thierry Hancisse,BE
Thierry Klifa,FR
Thierry Kruger,FR
Thierry Lhermitte,FR
Thierry Nenez,FR
Thierry Obadia,FR
Thierry Poiraud,FR
Thierry Rousset,FR
Thierry Sebban,FR
Thierry Toscan,FR
Thitia Marquez,FR
Thomas Arslan,DE
Thomas Bading,DE
Thomas Balou Martin,DE
Thomas Bestvater,CH
Thomas Bidegain,FR
Thomas Bodenstein,
Thomas Bornot,FR
Thomas Brasch,UK
Thomas Cailley,FR
Thomas Chabrol,FR
Thomas Clay,GB
Thomas Dehler,DE
Thomas Elsaesser,DE
Thomas Frickel,DE
Thomas Gilou,FR
Thomas Goritzki,DE
Thomas Hardiman,GB
Thomas Heinemann,DE
Thomas Heinze,DE
Thomas Heise,DE
Thomas Hengelbrock,DE
Thomas Hermanns,DE
Thomas Hoepker,DE
Thomas Kautenburger,DE
Thomas Klügel,DE
Thomas Knauf,DE
Thomas Koebner,DE
Thomas Kollhoff,DE
Thomas Kopache,US
Thomas Kress,DE
Thomas Kretschmann,DE
Thomas Kruithof,FR
Thomas Krutmann,DE
Thomas Kügel,DE
Thomas Lacoste,FR
Thomas Langmann,FR
Thomas Lawinky,DE
Thomas Lilti,FR
Thomas Loibl,DE
Thomas Mauch,DE
Thomas Mill,DE
Thomas Napper,GB
Thomas Ngijol,FR
Thomas Oberlies,DE
Thomas Ostermeier,DE
Thomas P. Stafford,US
Thomas Petruo,DE
Thomas Riedelsheimer,DE
Thomas Rohmer,DE
Thomas Salvador,FR
Thomas Sarbacher,DE
Thomas Sauerteig,DE
Thomas Schendel,DE
Thomas Schuch,DE
Thomas Schühly,DE
Thomas Schütte,DE
Thomas Schwendemann,DE
Thomas Sieben,DE
Thomas Sjoblom,US
Thomas Sorriaux,FR
Thomas Stecher,DE
Thomas Stuber,DE
Thomas Thieme,DE
Thomas Tode,DE
Thomas Trabacchi,IT
Thomas Vincent,FR
Thomas Vinterberg,DK
Thomas von Steinaecker,DE
Thomas Wallner,
Thorsten Kirchhoff,DK
Thorsten Merten,DE
Tía Juana la del Pipa,ES
Tibor Bánóczki,HU
Tibor Czeily,HU
Tibor Dusa,HU
Tibor Felszeghy,HU
Tibor Gáspár,HU
Tibor Gazdag,HU
Tibor Kiss,HU
Tibor Mertz,HU
Tibor Pálffy,HU
Tibor Pálffy,RO
Tibor Szakács,HU
Tibor Szervét,HU
Tibor Zinner,HU
Ticky Holgado,FR
Tien Shue,FR
Tihomir Stanić,BA
Tijana Zinajić,SI
Til Schweiger,DE
Tilda Swinton,UK
Till Endemann,DE
Till Harms,DE
Till Huster,DE
Till Kleinert,DE
Till Müller-Edenborn,DE
Till Schauder,DE
Till Schauder,US
Tilly Vosburgh,GB
Tilman König,DE
Tilmann Urbach,
Tilmann Urbach,DE
Tilo Nest,DE
Tilo Prückner,DE
Tilo Schmitz,DE
Tim Ahern,US
Tim Barlow,GB
Tim Bentinck,AU
Tim Bentinck,GB
Tim Berrington,GB
Tim Burton,US
Tim Cansfield,TT
Tim Clague,GB
Tim Dünschede,DE
Tim Fehlbaum,CH
Tim J. Henley,GB
Tim Leinhard,DE
Tim McInnerny,GB
Tim McMullan,UK
Tim Pigott-Smith,GB
Tim Plester,GB
Tim Rice,GB
Tim Robbins,US
Tim Roth,UK
Tim Trachte,DE
Tim Trageser,DE
Tim van Beveren,DE
Tim Wilde,DE
Tim Woodward,GB
Timm Kröger,DE
Timo Jacobs,DE
Timon Modersohn,DE
Timothy Kirkhope,GB
Timothy Spall,GB
Tin Vodopivec,SI
Tina Femiano,IT
Tina Gorenjak,SI
Tina Gray,GB
Tina Sáinz,ES
Tina Sportolaro,FR
Tina Tempesta,IT
Tini Tüllmann,DE
Tinka Kurti,AL
Tinto Brass,IT
Tito Larriva,US
Tito Montero,ES
Tito Valverde,ES
Titusz Kovács,HU
Tiziana Foschi,IT
Tiziana Schiavarelli,IT
Tiziano Sclavi,IT
Tobe Hooper,US
Tobias Baumann,DE
Tobias Langhoff,DE
Tobias Lelle,DE
Tobias Lenel,DE
Tobias Moretti,AT
Tobias Morgenstern,DE
Tobias Streck,DE
Tobias Wiemann,DE
Tobie Nathan,FR
Tobie Nathan,EG
Toby Amies,GB
Toby Genkel,DE
Toby Jones,UK
Toby Sedgwick,GB
Toby Tobias,ZA
Togo Igawa,JP
Tom Alter,US
Tom Arnold,US
Tom Barton-Humphreys,GB
Tom Chadbon,GB
Tom Collins,IE
Tom Conti,GB
Tom Cotcher,GB
Tom Courtenay,GB
Tom Cullen,GB
Tom DiCillo,US
Tom Edmunds,GB
Tom Elliott,US
Tom Farrell,US
Tom Fernández,ES
Tom Gerhardt,DE
Tom Hanks,US
Tom Harper,GB
Tom Hooper,GB
Tom Hooper,AU
Tom Jennings,US
Tom Jones,GB
Tom Kingsley,GB
Tom MacRae,GB
Tom Novembre,FR
Tom Owen,GB
Tom Quaas,DE
Tom Robinson,GB
Tom Schönberg,
Tom Sizemore,US
Tom Skerritt,US
Tom Sommerlatte,DE
Tom Tykwer,DE
Tom Van Landuyt,BE
Tom Vogt,DE
Tom Wilkinson,UK
Tom Wilson,UK
Tom Woodruff Jr.,US
Tom Zahner,US
Tom Zahner,CH
Toma Enache,RO
Tomas Arana,US
Tomas Arana,IT
Tomás del Estal,ES
Tomas Erhart,DE
Tomáš Hodan,CZ
Tomás Ocaña,ES
Tomaso Pessina,IT
Tomatito,ES
Tomaž Gorkič,SI
Tomaž Habe,SI
Tomer Eshed,IS
Tomi Cegnar,SI
Tomi Janežič,SI
Tomislav Žaja,HR
Tommaso Bianco,IT
Tommaso Paradiso,IT
Tommaso Ragno,IT
Tommaso Rignanese,IT
Tommy Boulding,GB
Tommy Docherty,GB
Tommy Kenter,DK
Tommy Krappweis,DE
Tommy Weber,FR
Tommy Wiklund,SE
Tonči Huljić,HR
Toni Albà,ES
Toni Bertorelli,IT
Toni Bestard,ES
Toni Cruz,ES
Toni D'Angelo,IT
Toni Fuentes,ES
Toni Garrani,IT
Toni Krahl,DE
Toni Malco,IT
Toni Myers,CA
Toni Negri,IT
Toni Schmid,DE
Toni Servillo,IT
Toni Sevilla,ES
Toni Thorimbert,IT
Tonie Marshall,FR
Tonino Taiuti,IT
Tonino Zangardi,IT
Tony Antonio,ES
Tony Banks,GB
Tony Benn,GB
Tony Bennett,US
Tony Britten,GB
Tony Buchanan,US
Tony Buzan,US
Tony Carr,GB
Tony Chapman,GB
Tony Dallara,IT
Tony Gale,GB
Tony Gatlif,FR
Tony Iommi,GB
Tony Leader,
Tony Levin,US
Tony Nardi,CA
Tony O'Callaghan,GB
Tony O'Shea,GB
Tony O'Callaghan,GB
Tony Oppedisano,US
Tony Pierce-Roberts,GB
Tony Pitts,GB
Tony Plana,CU
Tony Plana,US
Tony Ramos,BR
Tony Shalhoub,US
Tony Sinclair,GB
Tony Sperandeo,IT
Tony Tammaro,IT
Tony Todd,US
Topper Headon,GB
Toquinho,BR
Tor Andreas Fagerland,NO
Tora Vasilescu,RO
Torsten Künstler,DE
Torsten Lemke,
Tosja Flaker Berce,SI
Toti Mancuso,IT
Totò Onnis,IT
Touria Benzari,FR
Toyah Willcox,GB
Traian Băsescu,RO
Tran Anh Hung,FR
Tran Anh Hung,VN
Traute Hoess,DE
Traute Lafrenz,DE
Trevor Cooper,GB
Trevor Fox,GB
Trevor Francis,GB
Trevor Hardy,GB
Trevor Laird,GB
Trevor Nelson,GB
Trevor Nunn,GB
Trey Gunn,US
Trinh Xuan Thuan,VN
Trinh Xuan Thuan,US
Trini Muñoz,ES
Trinidad Iglesias,ES
Trish Osmond,GB
Tristan Aurouet,FR
Tristan Loraine,GB
Tristan Séguéla,FR
Trpimir Jurkić,HR
Tsilla Chelton,FR
Tuccio Musumeci,IT
Tudor Botezatu,RO
Tudor Caranfil,RO
Tudor Giurgiu,RO
Tudor Platon,RO
Tudorel Filimon,RO
Tuki Jencquel,VE
Tullio Solenghi,IT
Tünde Bacskó,HU
Tünde Szalontay,HU
Tusse Silberg,SE
Tvrtko Jurić,HR
Txema Blasco,ES
Ubaydah Abu-Usayd,FR
Uberto Pasolini,IT
Udo Kier,DE
Udo Kroschwald,DE
Udo Samel,DE
Udo Schenk,DE
Udo Wachtveitl,DE
Ueli Jäggi,CH
Ufuk Genc,
Ugo Conti,IT
Ugo Frosi,IT
Ugo Gregoretti,IT
Ugo Pagliai,IT
Ugur Yücel,TR
Uisenma Borchu,MN
Ula Stöckl,DE
Ulf Johansson,SE
Uli Bauer,DE
Uli Gaulke,DE
Uli Krohm,DE
Ulla Geiger,DE
Ullabritt Horn,
Ulli Maier,AT
Ulli Smandek,
Ulrich Brendel,DE
Ulrich Gantz,DE
Ulrich Gebauer,DE
Ulrich Gregor,DE
Ulrich Kodjo Wendt,DE
Ulrich Köhler,DE
Ulrich Matthes,DE
Ulrich Noethen,DE
Ulrich Schmissat,DE
Ulrich Seidl,AT
Ulrich Staets,DE
Ulrich Tomsen,DK
Ulrich Tukur,DE
Ulrich Voß,DE
Ulrike Arnold,DE
Ulrike Barthruff,DE
Ulrike Bliefert,DE
Ulrike Franke,DE
Ulrike Grote,DE
Ulrike Hanke-Haensch,DE
Ulrike Johannson,DE
Ulrike Kriener,DE
Ulrike Krumbiegel,DE
Ulrike Ottinger,DE
Ulrike Pfeiffer,DE
Ulrike Schaz,DE
Ulrike Willenbacher,DE
Umar Bin Hassan,US
Umberto Cantoni,IT
Umberto Carteni,IT
Umberto Orsini,IT
Umberto Riccioni Carteni,IT
Umberto Sardella,IT
Umberto Smaila,IT
Umberto Spinazzola,IT
Una Stubbs,GB
Urbain Cancelier,FR
Urbano Barberini,IT
Uri Gavriel,IL
Urs Remond,DE
Urša Menart,SI
Urša Raukar,HR
Urša Raukar-Gamulin,HR
Ursela Monn,CH
Urška Hlebec,SI
Ursula Berlinghof,DE
Ursula Karusseit,PL
Ursula Macfarlane,GB
Ursula Michelis,
Ursula Werner,DE
Ursula-Rosamaria Gottert,DE
Us Conradi,DE
Uschi Glas,DE
Uta,DE
Uta Rachov,DE
Ute Lubosch,DE
Ute von Münchow-Pohl,DE
Ute Wieland,DE
Uwe Dag Berlin,DE
Uwe Janson,DE
Uwe Kosubek,DE
Uwe Lyko,DE
Uwe Mann,
Uwe Ochsenknecht,DE
Uwe Preuss,DE
Uwe Rohde,DE
Uwe Schütte,DE
Uwe Schwarz,DE
Vadim Jean,GB
Valentín Fernández-Tubau,ES
Valentin Freise,DE
Valentin Hotea,RO
Valentin Jeker,DE
Valentín Paredes,ES
Valentin Popescu,RO
Valentin Riedl,DE
Valentin Teodosiu,RO
Valentin Uritescu,RO
Valentin Urziceanu,RO
Valentin Venczel,HU
Valentin Venczel,RS
Valentina Carnelutti,IT
Valentina Gebbia,IT
Valentina Pedicini,IT
Valentina Sova,UA
Valentina Thielová,CZ
Valentina Zanella,IT
Valentino Picone,IT
Valer Dellakeza,RO
Valeria Bruni Tedeschi,FR
Valeria Cavalli,FR
Valeria Cavalli,IT
Valeria Ciangottini,IT
Valeria Fabrizi,IT
Valeria Golino,IT
Valeria Parisi,IT
Valériane de Villeneuve,FR
Valérie Bochard,FR
Valérie Bonneton,FR
Valérie Crouzet,FR
Valérie Donzelli,FR
Valérie Dréville,FR
Valérie Guillaudot,FR
Valérie Kaprinsky,FR
Valérie Karsenti,FR
Valérie Lagrange,FR
Valérie Lemercier,FR
Valérie Mairesse,FR
Valérie Müller,FR
Valérie Stroh,FR
Valérie Vogt,FR
Valerio Attanasio,IT
Valerio Binasco,IT
Valerio Boserman,IT
Valerio Esposito,IT
Valerio Mastandrea,IT
Valerio Mieli,IT
Valerio Ruiz,IT
Valerio Vestoso,IT
Valeriu Andriuță,MD
Valeriu Bâzu,RO
Valeriu Sepi,RO
Valery Tscheplanowa,RU
Valesca Peters,DE
Valeska Grisebach,DE
Vali Dániel,HU
Vali Dobrogeanu,RO
Vali Rupiță,RO
Valter Dragan,SI
Van Epperson,US
Vanda Vujanić,HR
Vandana Shiva,IN
Vanesa Benítez,ES
Vanessa Filho,FR
Vanessa Jopp,DE
Vanessa Redgrave,GB
Vanessa Van Durme,BE
Vania Leturcq,BE
Vania Vilers,FR
Vanja Bajdarova,BG
Vanja d'Alcantara,BE
Vanja Juranić,HR
Vanna Botta,IT
Varante Soudjian,FR
Vardan Petrosyan,AM
Varujan Pambuccian,RO
Varujan Pambuccian,AM
Varujan Vosganian,RO
Varujan Vosganian,AM
Vasco Mirandola,IT
Vasco Rossi,IT
Vasile Boroneanț,RO
Vasile Filipescu,RO
Vasile Muraru,RO
Vasile Oltean,RO
Vasile Popa,RO
Vasile Ursachi,RO
Vasja Klavora,SI
Vassilis Kamitsis,GR
Vauro Senesi,IT
Vedat Erincin,TR
Vedat Erincin,DE
Vedat Erincin,TU
Vedran Mlikota,HR
Vedrana Pribačić,HR
Veit Helmer,DE
Veit Stübner,DE
Venantino Venantini,IT
Venci Kostov,ES
Venci Kostov,BG
Ventura Pons,ES
Véra Belmont,FR
Vera Brückner,DE
Vera Fogwill,AR
Vera Kluth,DE
Vera Pap,HU
Vera Pescarolo,IT
Vera Valdez,BR
Vera Zima,HR
Vérane Frédiani,FR
Verena Bosshard,CH
Verena Fels,DE
Verena Paravel,FR
Verena Rendtorff,DE
Vernon Dobtcheff,FR
Verónica Forqué,ES
Verónica Mengod,ES
Veronica Pivetti,IT
Veronika Drolc,SI
Veronika Ferres,DE
Veronika Glasunowa,RS
Veronika Nowag-Jones,DE
Veronika Varga,HU
Veronika Varga,FR
Veronika von Quast,DE
Véronique Barrault,FR
Véronique Frumy,FR
Véronique Mériadec,FR
Véronique Nordey,FR
Véronique Silver,FR
Veruschka von Lehndorff,DE
Vesa Wallgren,FI
Vesna Jakić-Cestarić,HR
Vianney Lebasque,FR
Vibeke Hastrup,DN
Vicenç Altaió,ES
Vicent Tamarit,ES
Vicente del Bosque,ES
Vicente Gil,ES
Vicente Gisbert,ES
Vicente Madoz,ES
Vicente Montoto,ES
Vicente Villanueva,ES
Vicky Bodega,ES
Vicky Jewson,GB
Vicky Peña,ES
Victor Banerjee,IN
Victor Canache,RO
Victor Cârcu,RO
Victor Choulman,
Víctor Conde,ES
Víctor Erice,ES
Víctor García,ES
Víctor García León,ES
Victor Garrivier,FR
Victor Haïm,FR
Víctor Iriarte,ES
Victor Lanoux,FR
Víctor Manuel,ES
Víctor Matellano,ES
Víctor Olid,ES
Victor Purice,RO
Victor Rebengiuc,RO
Victor Saint Macary,FR
Victoria Abril,ES
Victoria Baltag,RO
Victoria Bedos,FR
Victoria Carling,UK
Victoria Chapman,GB
Victoria Cociaș,RO
Victoria Cociaș-Șerban,RO
Victòria Morell,ES
Victoria Salvador,ES
Victoria Trauttmansdorff,AT
Victoria Wicks,GB
Victoria Willing,GB
Victoria Zinny,AR
Victoria Zinny,IT
Vid Balog,HR
Vidas Petkevičius,LT
Viggo Mortensen,DK
Viktor Giacobbo,CH
Viktor Oszkár Nagy,HU
Viktor Pavel,DE
Viktor Zhusti,AL
Vili Matula,HR
Vilmar Bieri,DE
Vilmos Vajdai,HU
Vilmos Zsigmond,US
Vilmos Zsigmond,HU
Vince Gill,US
Vincent Adam Paul,US
Vincent Barré,FR
Vincent Boujon,FR
Vincent Cassel,FR
Vincent D'Onofrio,US
Vincent Dieutre,FR
Vincent D'Onofrio,US
Vincent Dubois,FR
Vincent Ebrahim,ZA
Vincent Elbaz,FR
Vincent Franklin,GB
Vincent Garenq,FR
Vincent Gérard,FR
Vincent Grass,BE
Vincent Haasser,FR
Vincent Lapize,FR
Vincent Le Port,FR
Vincent Lindon,FR
Vincent Lobelle,FR
Vincent Mariette,FR
Vincent Martin,FR
Vincent Moscato,FR
Vincent Mottez,FR
Vincent Nemeth,FR
Vincent Perez,CH
Vincent Riotta,GB
Vincent Ropion,FR
Vincent Schiavelli,US
Vincent Schmitt,FR
Vincent Winterhalter,FR
Vincent Woods,GB
Vincenza Modica,IT
Vincenzo Agostino,IT
Vincenzo Alfieri,IT
Vincenzo Bobò Cannavacciuolo,IT
Vincenzo Caiazzo,IT
Vincenzo Failla,IT
Vincenzo Galdo,IT
Vincenzo Marra,IT
Vincenzo Mollica,IT
Vincenzo Pirrotta,IT
Vincenzo Ricchiuto,IT
Vincenzo Salemme,IT
Vincenzo Stango,IT
Vinko Brešan,HR
Vinko Kraljević,BA
Vinko Möderndorfer,SI
Vinnie Jones,GB
Vintilă Mihăilescu,RO
Viola Davis,US
Violeta Haret-Popa,RO
Violeta Salama,ES
Viorel Comănici,RO
Viorel Simionescu,RO
Viorica Dăncilă,RO
Virág Zomborácz,HU
Virgil Ianțu,RO
Virgil Ogășanu,RO
Virginia Da Brescia,IT
Virginia McKenna,GB
Virginia Rogin,RO
Virginie Brac,FR
Virginie Lemoine,FR
Virginie Pradal,FR
Virginie Sauveur,FR
Virginie Schwartz,FR
Virginie Verrier,FR
Virna Lisi,IT
Visar Morina,XK
Višnja Starešina,HR
Vitalba Andrea,IT
Vitaliano Trevisan,IT
Vitalie Bichir,RO
Vitaliy Kotovitskiy,
Vithaya Pansringarm,TH
Vito Cea,IT
Vito Signorile,IT
Vittorio Cecchi Gori,IT
Vittorio Moroni,IT
Vittorio Sindoni,IT
Vittorio Storaro,IT
Vittorio Taviani,IT
Vittorio Viviani,IT
Vitus Zeplichal,AT
Viv Anderson,GB
Vivian Naefe,DE
Viviana Calò,IT
Viviana Tacchella,IT
Viviane Andereggen,CH
Viviane Blumenschein,DE
Viviane Candas,FR
Viviane Reding,LU
Vivien Goldman,GB
Vivienne Soan,GB
Vivienne Vernes,GB
Vivienne Westwood,GB
Vlad Ivanov,RO
Vlad Păunescu,RO
Vlad Rădescu,RO
Vlad Zografi,RO
Vladimir Andrić,
Vladimir Cosma,FR
Vladimir Cosma,RO
Vladimir Friedman,RU
Vladimir Găitan,RO
Vladimir Jurc,SI
Vladimir Léon,FR
Vladimir Tismăneanu,RO
Vladimir Tismăneanu,US
Vlado Gotvan Repnik,SI
Vlado Jovanovski,MK
Vlado Kreslin,SI
Vlado Novák,SI
Vlasta Ramljak,HR
Vlasta Velisavljević,RS
Vlatka Vorkapić,HR
Vlatko Dulić,RS
Vojin Perić,HR
Vojislav Brajović,RS
Vojko Anzeljc,SI
Volfango De Biasi,IT
Volker Busenbender,DE
Volker Heymann,DE
Volker Koepp,DE
Volker Ludwig,DE
Volker Marek,DE
Volker Niederfahrenhorst,DE
Volker Schaner,DE
Volker Schlöndorff,DE
Volker Spengler,DE
Volkmar Kleinert,DE
Vom,GB
Vrezj Hakobyan,
Wael Sghaier,FR
Waheed Khan,FR
Wajdi Mouawad,LB
Wajdi Mouawad,CA
Waldemar Flemming,
Waldemar Hooge,DE
Waldemar Kobus,DE
Walfriede Schmitt,DE
Walid Mattar,TN
Wallace Shawn,US
Walter Hess,CH
Walter Kreye,DE
Walter Laqueur,US
Walter Leonardi,IT
Walter Murch,US
Walter Plathe,DE
Walter Schultheiss,DE
Walter Sittler,US
Walter Sittler,DE
Walter Spitzer,PL
Walter Spitzer,FR
Walter Steffen,DE
Walter Toschi,IT
Walter van Dyk,CA
Walter Veltroni,IT
Waltraut Borchmann,DE
Wanda Ventham,GB
Warren Ellis,AU
Warren Mosler,US
Wash Westmoreland,GB
Wassyla Tamzali,DZ
Wendla Nölle,DE
Wendy Crewson,CA
Wendy Ramos,PE
Wenka von Mikulicz,DE
Werner Baumann,DE
Werner Biermeier,CH
Werner Böhnke,DE
Werner Flemming,
Werner Herzog,DE
Werner Müller,DE
Werner Nekes,DE
Werner Wilkening,
Westbam,DE
Whit Stillman,US
Wiebke Reiners,DE
Wieland Speck,DE
Wieslawa Wesolowska,DE
Wilfried Dziallas,DE
Wilfried Hochholdinger,DE
Wilfried Laule,DE
Wilfried Méance,FR
Wilfried Pucher,DE
Wilko Johnson,GB
Will Jewell,GB
Will Sharpe,GB
Willem Dafoe,US
Willem Dafoe,IT
Willem Zaeyen,IT
Willi Garth,DE
William Bourdon,FR
William Christie,US
William Christie,FR
William Chubb,GB
William Coryn,FR
William E. Badgley,GB
William Friedkin,US
William Gay,US
William H. Macy,US
William Hope,CA
William Hurt,US
William Laboury,FR
William Leymergie,FR
William Nadylam,FR
William Nicholson,GB
William Nunez,US
William Oldroyd,GB
William Picard,FR
William Shatner,CA
William Sheller,FR
William Stone,GB
William Suerinck,FR
William Sweeney,US
William Thomas,GB
William Vanderpuye,GB
William Wolff,DE
Willy Ketzer,DE
Willy Vijande,ES
Wilma Labate,IT
Wiltrud Baier,DE
Wim Wenders,DE
Wim Willaert,BE
Winfried Glatzeder,DE
Winfried Küppers,DE
Winfried Oelsner,DE
Winfried Schäfer,DE
Winifred Byanyima,UG
Wladimir Tarasjanz,DE
Wladimir Yordanoff,FR
Wojciech Pszoniak,PL
Wolf Bachofner,AT
Wolf Frass,AT
Wolf Gremm,DE
Wolf Kahler,DE
Wolf Lotter,DE
Wolf Roth,DE
Wolf v. Matzenau,DE
Wolf-Dietrich Rammler,DE
Wolf-Dietrich Sprenger,DE
Wolfgang Andrä,DE
Wolfgang Bahro,DE
Wolfgang Becker,DE
Wolfgang Beltracchi,DE
Wolfgang Beuschel,DE
Wolfgang Böhmer,DE
Wolfgang Czeczor,DE
Wolfgang Dziony,DE
Wolfgang Goymann,DE
Wolfgang Groos,DE
Wolfgang Günnewig,
Wolfgang Hosfeld,DE
Wolfgang Huber,FR
Wolfgang Hübsch,AT
Wolfgang Lippert,DE
Wolfgang M. Bauer,DE
Wolfgang Michael,DE
Wolfgang Müller,DE
Wolfgang Niedecken,DE
Wolfgang Niedecken,
Wolfgang Nossen,DE
Wolfgang Ohlhaver,DE
Wolfgang Packhäuser,DE
Wolfgang Pissors,DE
Wolfgang Pissors,FR
Wolfgang Rüter,DE
Wolfgang Schwalm,
Wolfgang Seidenberg,DE
Wolfgang Stumph,DE
Wolfgang Stumph,PL
Wolfram Hannemann,DE
Wolfram Koch,DE
Wolfram Koch,FR
Wolfram Kunkel,DE
Woody Harrelson,US
Wotan Wilke Möhring,DE
Wright King,US
Wyndham Evans,GB
Xabi Molia,FR
Xabier Elorriaga,ES
Xacio Baño,ES
Xan Cejudo,ES
Xanaë Bove,FR
Xaver Böhm,DE
Xavér Varnus,HU
Xavér Varnus,CA
Xavier Atance,ES
Xavier Beauvois,FR
Xavier Bermúdez,ES
Xavier Boulanger,FR
Xavier Capdet,ES
Xavier De Choudens,FR
Xavier de Guillebon,FR
Xavier de Lauzanne,FR
Xavier Deltell,ES
Xavier Durringer,FR
Xavier Estévez,ES
Xavier Folch,ES
Xavier Gayan,FR
Xavier Gens,FR
Xavier Giannoli,FR
Xavier Koller,CH
Xavier Ladjointe,FR
Xavier Legrand,FR
Xavier Llorens,ES
Xavier Maly,FR
Xavier Martínez-Soler,ES
Xavier Mathieu,FR
Xavier Medina Campeny,ES
Xavier Pàmies,ES
Xavier Picard,FR
Xavier-Marie Bonnot,FR
Xicu Cabanyes,ES
Ximo Solano,ES
Xing Xing Cheng,CN
Xosé Manuel Olveira 'Pico',ES
Xu Benguo,CN
Yael Reuveny,IL
Yamina Benguigui,FR
Yan Birch,SE
Yanina Lisovskaya,RU
Yanis Varoufakis,GR
Yann Arthus-Bertrand,FR
Yann Collette,FR
Yann Gonzalez,FR
Yann Gozlan,FR
Yann Le Quellec,FR
Yann Samuell,FR
Yannick Coutheron,FR
Yannick Moulin,FR
Yannick Renier,BE
Yannis Youlountas,FR
Yannis Youlountas,GR
Yasar Cetin,TK
Yasemin Samdereli,DE
Yasmin C. Rams,
Yassine Qnia,FR
Yassmine Othman,ES
Ye Ye,CN
Yehuda Almagor,IL
Yehuda Bacon,CZ
Yehuda Bacon,IL
Yen Le Van,FR
Yevgeni Sitokhin,RU
Yiyo Alonso,ES
Yoann Guillouzouic,FR
Yoann Jean-Charles,FR
Yoav Paz,IL
Yohann Charrin,FR
Yolande Folliot,FR
Yolande Moreau,BE
Yolande Zauberman,FR
Yolin François Gauvin,FR
Yony Leyser,US
Yorgo Voyagis,GR
Yorgos Lanthimos,GR
Yoshi Oida,JP
Yossi Aviram,IL
You,JP
Youri Tsouilo,RU
Youssef Chebbi,TN
Youssouf Djaoro,TD
Youth,GB
Yu Debin,CN
Yu Debin,HU
Yu Fang,GB
Yu Fengyuan,CN
Yuki Iwamoto,JP
Yussuf Abu-Warda,IL
Yvan Attal,FR
Yvan Garouel,FR
Yves Afonso,FR
Yves Baudelle,FR
Yves Beneyton,FR
Yves Caumon,FR
Yves Garric,FR
Yves Hinant,BE
Yves Hunstad,BE
Yves Jacques,CA
Yves Jeuland,FR
Yves Lambrecht,FR
Yves Pignot,FR
Yves Rénier,FR
Yves Yan,CN
Yves-Robert Viala,FR
Yvette Petit,FR
Yvon Back,FR
Yvon Chouinard,US
Yvon Crenn,FR
Yvon Le Men,FR
Yvonne Kerékgyártó,HU
Yvonnick Muller,FR
Zabou Breitman,FR
Zachary Adler,GB
Zahia Rahmani,FR
Zahir Bouzerar,DZ
Žarko Potočnjak,HR
Žarko Radić,HR
Žarko Savić,RS
Zavvo Nicolosi,IT
Zazie de Paris,FR
Zbigniew Zamachowski,PL
Zdeněk Husták,CZ
Zdeněk Krupa,CZ
Zdenko Jelčić,BA
Zed Nelson,GB
Željka Preksavec,HR
Željka Preksavec,DE
Željko Duvnjak,HR
Zeljko Ivanek,SI
Željko Konigsknecht,HR
Zema Hamidovic,?
Zeva Oelbaum,
Ziad Doueiri,LB
Žiga Saksida,SI
Žiga Virc,SI
Zijad Gračić,BA
Zijad Gračić,HR
Zinaida Dedakin,RS
Zinedine Soualem,DZ
Zinedine Soualem,FR
Zirek,
Ziska Riemann,DE
Zlatan Zuhrić,HR
Zlatan Zuhrić,BA
Zlatko Burić,HR
Zoe Berriatúa,ES
Zoé Chantre,FR
Zoi Rigopoulou,GR
Zolee Ganxsta,HU
Zoltán Barabás Kiss,HU
Zoltán Bezerédi,HU
Zoltán Csankó,HU
Zoltán Fehér,HU
Zoltán Füle,HU
Zoltán Galambos,HU
Zoltán Jancsó,HU
Zoltán Kamondi,HU
Zoltán Kásás,HU
Zoltán Kocsis,HU
Zoltan Mayer,FR
Zoltán Megyeri,HU
Zoltán Miklósy,HU
Zoltán Mucsi,HU
Zoltán Nagy,HU
Zoltan Paul,AT
Zoltan Paul,HU
Zoltán Rajkai,HU
Zoltán Rátóti,HU
Zoltán Roczó-Nagy,HU
Zoltán Schneider,HU
Zoltán Seress,HU
Zoltán Tamási,HU
Zoltán Tölgyesy,HU
Zoltán Török,HU
Zoltán Vámos,HU
Zora Rux,DE
Zoran Boukherma,FR
Zoran Đorđević,
Zoran Kostić,RS
Zoran Predin,SI
Zorion Eguileor,ES
Zrinko Ogresta,HR
Zsófia Szilágyi,HU
Zsolt Anger,HU
Zsolt Bogdán,RO
Zsolt Bogdán,HU
Zsolt Boldogkői,HU
Zsolt Körtvélyessy,HU
Zsolt Kovács,HU
Zsolt László,HU
Zsolt Pálfi,HU
Zsolt Páll,HU
Zsolt Páll,RO
Zsolt Trill,HU
Zsolt Trill,UA
Zsombor Dyga,HU
Zsuzsa Czinkóczi,HU
Zsuzsa Horváth,HU
Zsuzsa Kovács,HU
Zsuzsa Málnai,HU
Zsuzsa Száger,HU
Zsuzsa Töreky,HU
Zucchero Sugar Fornaciari,IT
Züli Aladağ,DE
Zvona Vucković,
Zvonimir Jurić,HR
Zvonimir Zoričić,HR
Zygmunt Bauman,PL
Julio Arnau Catalá,ES
Jasmina Avramović,RS
Marina Abramović,RS
Martin Weinek,AT
Molly Dineen,GB
Volker Meyer-Dabisch,DE
"Xosé Luís Bernal ""Farruco""",ES
Belén Funes,ES
Xesc Cabot,ES
Pep Garrido,ES
Teresa Vallicrosa,ES
Yeray López Portillo,ES
Aminta de Lara,ES
Imanol Rayo,ES
Ann Dowd,US
Alastair Fothergill,GB
Jonathan Hughes,GB
Keith Scholey,GB
Neus Ballús,ES
Xuaco Carballido,ES
Catherine Tate,GB
Steve Stone,GB
David Morris,GB
David Gimbernat,ES
Hossein Amini,GB
Hossein Amini,IR
Owen Gower,GB
Tamara Arias de Saavedra,ES
Jesús García Ciordia,ES
Celia Rico Clavellino,ES
Cédric Laty,FR
Cătălin Rotaru,RO
Gabi Virginia Şarga,RO
Cristina Eugenia Segura Molina,ES
Bill Condon,US
Clive Fryde,ZA
Clive Fryde,GB
Eduardo Gondell,ES
Gustavo Salmerón,ES
Harriet Sansom Harris,US
Hervé Ducroux,FR
James Kent,GB
Joss Ackland,GB
Kieran Evans,GB
Peter O'Toole,GB
Richard Ayoade,GB
Richard Raymond,GB
Samu Fuentes,ES
Simon Aboud,GB
Steven Berkoff,GB
Tom Fisher,GB
Vasni Ramos,ES
Vass Anderson,GB
Víctor Monigote,ES