film_id,nat_title,film_country,prod_share
ES2018_001,El mejor verano de mi vida,ES,MAJ
ES2018_002,La tribu,ES,MAJ
ES2018_003,Todos lo saben,ES,MAJ
ES2018_003,Todos lo saben,FR,MIN
ES2018_003,Todos lo saben,IT,MIN
ES2018_004,Ola de crímenes,ES,MAJ
ES2018_005,El reino,ES,MAJ
ES2018_005,El reino,FR,MIN
ES2018_006,Miamor perdido,ES,MAJ
ES2018_007,Tu hijo,ES,MAJ
ES2018_007,Tu hijo,FR,MIN
ES2018_008,Petra,ES,MAJ
ES2018_008,Petra,FR,MIN
ES2018_008,Petra,DK,MIN
ES2018_009,Quién te cantará,ES,MAJ
ES2018_009,Quién te cantará,FR,MIN
ES2018_010,La enfermedad del domingo,ES,MAJ
ES2018_011,Mudar la piel,ES,MAJ
ES2018_012,El silencio de otros,ES,MAJ
ES2018_012,El silencio de otros,US,MIN
ES2018_013,Mi querida cofradía,ES,MAJ
ES2018_014,El árbol de la sangre,ES,MAJ
ES2018_015,Oreina,ES,MAJ
ES2018_016,The Man Who Killed Don Quixote,ES,MAJ
ES2018_016,The Man Who Killed Don Quixote,BE,MIN
ES2018_016,The Man Who Killed Don Quixote,FR,MIN
ES2018_016,The Man Who Killed Don Quixote,PT,MIN
ES2018_016,The Man Who Killed Don Quixote,GB,MIN
ES2018_017,En las estrellas,ES,MAJ
ES2018_018,Figuras,ES,MAJ
ES2018_018,Figuras,AR,MIN
ES2018_019,Trote,ES,MAJ
ES2018_019,Trote,LT,MIN
ES2018_020,Cuando dejes de quererme,ES,MAJ
ES2018_020,Cuando dejes de quererme,AR,MIN
ES2018_021,Formentera Lady,ES,MAJ
ES2018_022,Miau,ES,MAJ
ES2018_023,Miss Dalí,ES,MAJ
ES2018_024,Sea Beasts,ES,MAJ
ES2018_025,Apocalipsis Voodoo,ES,MAJ
ES2018_026,"Escoréu, 24 d'avientu de 1937",ES,MAJ
ES2018_027,Good Bye Mister Marshall,ES,MAJ
ES2018_028,Los gigantes no existen,ES,MAJ
ES2018_028,Los gigantes no existen,GT,MIN
ES2018_029,"Director Z, el vendedor de ilusiones",ES,MAJ
ES2018_030,El pintor de Calaveras,ES,MAJ
ES2018_031,La última toma,ES,MAJ
ES2018_032,A palabra xusta,ES,MAJ
ES2018_033,"Alegría, tristeza",ES,MAJ
ES2018_033,"Alegría, tristeza",FR,MIN
ES2018_033,"Alegría, tristeza",BE,MIN
ES2018_034,Sin novedad,ES,MAJ
ES2018_035,No quiero perderte nunca,ES,MAJ
ES2018_036,El último invierno,ES,MAJ
ES2018_037,Carrasca,ES,MAJ
ES2018_038,Akemarropa,ES,MAJ
ES2018_039,Querido Fotogramas,ES,MAJ
ES2018_040,Blue Rai,ES,MAJ
ES2018_041,Doctrina El pecat original i la reinserció,ES,MAJ
ES2018_042,"Els karamazoff, a walk on the SoHo years",ES,MAJ
ES2018_043,Universal i faraona,ES,MAJ
ES2018_044,Ánimas,ES,MAJ
ES2018_044,Ánimas,BE,MIN
ES2018_045,Penélope,ES,MAJ
ES2018_045,Penélope,PL,MIN
ES2018_046,Bernarda,ES,MAJ
ES2018_047,A estación violenta,ES,MAJ
ES2018_048,Rota n' Roll,ES,MAJ
ES2018_049,I Hate New York,ES,MAJ
ES2018_050,El corazón del Teatro Real,ES,MAJ
ES2018_051,Media hora (y un epílogo),ES,MAJ
ES2018_052,El pomo azul,ES,MAJ
ES2018_053,Oh! Mammy Blue,ES,MAJ
ES2018_053,Oh! Mammy Blue,VE,MIN
ES2018_053,Oh! Mammy Blue,DE,MIN
ES2018_054,Experimento Stuka,ES,MAJ
ES2018_055,El año de la plaga,ES,MAJ
ES2018_055,El año de la plaga,MX,MIN
ES2018_055,El año de la plaga,BE,MIN
ES2018_056,Sâdhaka: la senda del yoga,ES,MAJ
ES2018_057,Lunas de Nueva York,ES,MAJ
ES2018_058,Lo posible y lo necesario,ES,MAJ
ES2018_059,Memorias de un hombre en pijama,ES,MAJ
ES2018_060,El amor y la muerte. Historia de Enrique Granados,ES,MAJ
ES2018_061,Jaulas,ES,MAJ
ES2018_062,La vida lliure,ES,MAJ
ES2018_063,Onyx: Kings of the Grail,ES,MAJ
ES2018_064,Paella Today!,ES,MAJ
ES2018_065,Desenterrando Sad Hill,ES,MAJ
ES2018_066,Face au vent,ES,MAJ
ES2018_066,Face au vent,FR,MIN
ES2018_066,Face au vent,AR,MIN
GB2018_001,Fantastic Beasts: The Crimes of Grindelwald,GB,MAJ
GB2018_001,Fantastic Beasts: The Crimes of Grindelwald,US,MIN
GB2018_002,Darkest Hour,GB,MAJ
GB2018_002,Darkest Hour,US,MIN
GB2018_003,Johnny English Strikes Again,GB,MAJ
GB2018_003,Johnny English Strikes Again,US,MIN
GB2018_003,Johnny English Strikes Again,FR,MIN
GB2018_003,Johnny English Strikes Again,CN,MIN
GB2018_004,"Three Billboards Outside Ebbing, Missouri",GB,MAJ
GB2018_004,"Three Billboards Outside Ebbing, Missouri",US,MIN
GB2018_005,King of Thieves,GB,MAJ
GB2018_006,The Guernsey Literary and Potato Peel Pie Society,GB,MAJ
GB2018_006,The Guernsey Literary and Potato Peel Pie Society,FR,MIN
GB2018_006,The Guernsey Literary and Potato Peel Pie Society,US,MIN
GB2018_007,Finding Your Feet,GB,MAJ
GB2018_008,The Children Act,GB,MAJ
GB2018_008,The Children Act,US,MIN
GB2018_009,The Wife,GB,MAJ
GB2018_009,The Wife,US,MIN
GB2018_009,The Wife,SE,MIN
GB2018_010,You Were Never Really Here,GB,MAJ
GB2018_010,You Were Never Really Here,FR,MIN
GB2018_010,You Were Never Really Here,US,MIN
GB2018_011,The Mercy,GB,MAJ
GB2018_011,The Mercy,FR,MIN
GB2018_012,Lean on Pete,GB,MAJ
GB2018_013,Island,GB,MAJ
GB2018_014,"Happy New Year, Colin Burstead",GB,MAJ
GB2018_015,Dead in a Week Or Your Money Back,GB,MAJ
GB2018_016,Tea with the Dames,GB,MAJ
GB2018_017,The Little Stranger,GB,MAJ
GB2018_017,The Little Stranger,IE,MIN
GB2018_017,The Little Stranger,FR,MIN
GB2018_018,Final Score,GB,MAJ
GB2018_019,Walk Like a Panther,GB,MAJ
GB2018_020,The Titan,GB,MAJ
GB2018_020,The Titan,ES,MIN
GB2018_020,The Titan,US,MIN
GB2018_021,Cake,GB,MAJ
GB2018_021,Cake,PK,MIN
GB2018_022,How to Talk to Girls at Parties,GB,MAJ
GB2018_022,How to Talk to Girls at Parties,US,MIN
GB2018_023,Pin Cushion,GB,MAJ
GB2018_024,Euphoria,GB,MAJ
GB2018_024,Euphoria,SE,MIN
GB2018_024,Euphoria,DE,MIN
GB2018_025,That Good Night,GB,MAJ
GB2018_025,That Good Night,PT,MIN
GB2018_026,Hansa Studios: By The Wall 1976-90,GB,MAJ
GB2018_027,Milk and Honey: The Movie,GB,MAJ
GB2018_028,The Chaperone,GB,MAJ
GB2018_028,The Chaperone,AU,MIN
GB2018_028,The Chaperone,US,MIN
GB2018_029,Kaufman's Game,GB,MAJ
GB2018_030,The Trial of Ratko Mladic,GB,MAJ
GB2018_031,Alan Hinkes: The First Briton To Climb The World's Highest Mountains,GB,MAJ
GB2018_032,Book of Monsters,GB,MAJ
GB2018_033,Await Further Instructions,GB,MAJ
GB2018_034,Sink,GB,MAJ
GB2018_035,Modern Life Is Rubbish,GB,MAJ
GB2018_036,"You, Me and Him",GB,MAJ
GB2018_037,Winter Ridge,GB,MAJ
GB2018_038,One Note at a Time,GB,MAJ
GB2018_038,One Note at a Time,US,MIN
GB2018_039,Erase and Forget,GB,MAJ
GB2018_040,Back to Berlin,GB,MAJ
GB2018_040,Back to Berlin,BG,MIN
GB2018_040,Back to Berlin,CZ,MIN
GB2018_040,Back to Berlin,DE,MIN
GB2018_040,Back to Berlin,GR,MIN
GB2018_040,Back to Berlin,HU,MIN
GB2018_040,Back to Berlin,IL,MIN
GB2018_040,Back to Berlin,PL,MIN
GB2018_040,Back to Berlin,RO,MIN
GB2018_040,Back to Berlin,SK,MIN
GB2018_041,Datsche,GB,MAJ
GB2018_042,Lies We Tell,GB,MAJ
GB2018_043,Being Blacker,GB,MAJ
GB2018_044,Waiting for You,GB,MAJ
GB2018_044,Waiting for You,FR,MIN
GB2018_045,Viking Destiny,GB,MAJ
GB2018_045,Viking Destiny,BE,MIN
GB2018_046,Scott and Sid,GB,MAJ
GB2018_047,Amá,GB,MAJ
GB2018_048,Stanley a Man of Variety,GB,MAJ
GB2018_049,Damascus Cover,GB,MAJ
GB2018_050,Vengeance,GB,MAJ
GB2018_051,New Town Utopia,GB,MAJ
GB2018_052,The Bromley Boys,GB,MAJ
GB2018_053,Together,GB,MAJ
GB2018_053,Together,US,MIN
GB2018_054,My Days of Mercy,GB,MAJ
GB2018_054,My Days of Mercy,US,MIN
GB2018_055,Kaiser: The Greatest Footballer Never to Play Football,GB,MAJ
GB2018_055,Kaiser: The Greatest Footballer Never to Play Football,BR,MIN
GB2018_056,Postcards from the 48%,GB,MAJ
GB2018_057,VS.,GB,MAJ
GB2018_058,The Spiritualist,GB,MAJ
GB2018_059,The Ballymurphy Precedent,GB,MAJ
GB2018_059,The Ballymurphy Precedent,IE,MIN
GB2018_060,Possum,GB,MAJ
GB2018_061,An Evening with Beverly Luff Linn,GB,MAJ
GB2018_061,An Evening with Beverly Luff Linn,US,MIN
GB2018_062,Surviving Christmas with the Relatives,GB,MAJ
GB2018_063,The Devil's Doorway,GB,MAJ
GB2018_064,My Life Story,GB,MAJ
GB2018_065,Postcards from London,GB,MAJ
GB2018_066,McKellen: Playing the Part,GB,MAJ
GB2018_067,The Aspern Papers,GB,MAJ
GB2018_067,The Aspern Papers,DE,MIN
GB2018_068,Blue Iguana,GB,MAJ
GB2018_069,The More You Ignore Me,GB,MAJ
GB2018_070,Agatha And the Truth Of Murder,GB,MAJ
GB2018_071,Dark River,GB,MAJ
GB2018_072,Leaning into the Wind,GB,MAJ
GB2018_072,Leaning into the Wind,DE,MIN
ES2019_001,Si yo fuera rico,ES,MAJ
ES2019_002,Mientras dure la guerra,ES,MAJ
ES2019_002,Mientras dure la guerra,AR,MIN
ES2019_003,Dolor y gloria,ES,MAJ
ES2019_003,Dolor y gloria,FR,MIN
ES2019_004,Perdiendo el Este,ES,MAJ
ES2019_005,Quien a hierro mata,ES,MAJ
ES2019_005,Quien a hierro mata,FR,MIN
ES2019_005,Quien a hierro mata,US,MIN
ES2019_006,Adiós,ES,MAJ
ES2019_007,Legado en los huesos,ES,MAJ
ES2019_007,Legado en los huesos,DE,MIN
ES2019_008,Los Rodríguez y el más allá,ES,MAJ
ES2019_009,Gente que viene y bah,ES,MAJ
ES2019_010,La pequeña Suiza,ES,MAJ
ES2019_011,Lo nunca visto,ES,MAJ
ES2019_012,Klaus,ES,MAJ
ES2019_012,Klaus,GB,MIN
ES2019_013,O que arde,ES,MAJ
ES2019_013,O que arde,FR,MIN
ES2019_013,O que arde,LU,MIN
ES2019_014,Aute Retrato,ES,MAJ
ES2019_015,Historias de nuestro cine,ES,MAJ
ES2019_016,La hija de un ladrón,ES,MAJ
ES2019_017,El hoyo,ES,MAJ
ES2019_018,El crack cero,ES,MAJ
ES2019_019,Abuelos,ES,MAJ
ES2019_020,4 latas,ES,MAJ
ES2019_021,Vivir dos veces,ES,MAJ
ES2019_022,El silencio del pantano,ES,MAJ
ES2019_023,Remember me,ES,MAJ
ES2019_023,Remember me,US,MIN
ES2019_023,Remember me,FR,MIN
ES2019_024,Salir del ropero,ES,MAJ
ES2019_025,Agur Etxebeste,ES,MAJ
ES2019_025,Agur Etxebeste,FR,MIN
ES2019_026,El precio de la risa,ES,MAJ
ES2019_027,Mario Y Los Perros,ES,MAJ
ES2019_028,"Manolo Sanlúcar, el legado",ES,MAJ
ES2019_029,Universo Pinzás,ES,MAJ
ES2019_030,Cuca (Retrato de una mujer),ES,MAJ
ES2019_031,Se prohíbe el cante,ES,MAJ
ES2019_032,Jesús López Cobos. Música En Las Manos,ES,MAJ
ES2019_033,Cordes,ES,MAJ
ES2019_034,¿Qué coño está pasando?,ES,MAJ
ES2019_035,Soñando Un Lugar,ES,MAJ
ES2019_036,Dolorosa Gioia,ES,MAJ
ES2019_037,"Beirut, la vie en rose",ES,MAJ
ES2019_038,The Invocation of Enver Simaku,ES,MAJ
ES2019_039,El brazalete de oro,ES,MAJ
ES2019_040,La felicidad de los perros,ES,MAJ
ES2019_041,Goodbye Ringo,ES,MAJ
ES2019_041,Goodbye Ringo,IT,MIN
ES2019_042,Sesión Salvaje,ES,MAJ
ES2019_042,Sesión Salvaje,MX,MIN
ES2019_043,Almost Ghosts,ES,MAJ
ES2019_044,The Chain,ES,MAJ
ES2019_044,The Chain,US,MIN
ES2019_045,Tierras Construidas,ES,MAJ
ES2019_046,City for Sale,ES,MAJ
ES2019_047,En busca del Óscar,ES,MAJ
ES2019_047,En busca del Óscar,AR,MIN
ES2019_047,En busca del Óscar,DO,MIN
ES2019_047,En busca del Óscar,US,MIN
ES2019_048,Moira,ES,MAJ
ES2019_049,Regresa El Cepa,ES,MAJ
ES2019_050,Si me borrara el viento lo que yo canto,ES,MAJ
ES2019_051,Be Happy! (the musical),ES,MAJ
ES2019_052,Love Me Not,ES,MAJ
ES2019_052,Love Me Not,MX,MIN
ES2019_053,Univers(o) Pecanins,ES,MAJ
ES2019_054,Peret: yo soy la rumba,ES,MAJ
ES2019_055,"Mujeres, de Coque Malla",ES,MAJ
ES2019_056,Basque Selfie,ES,MAJ
ES2019_057,Antonio López: apuntes del natural,ES,MAJ
ES2019_058,Enterrados,ES,MAJ
ES2019_058,Enterrados,AR,MIN
ES2019_058,Enterrados,VE,MIN
ES2019_059,Zaniki,ES,MAJ
ES2019_060,La primera cita,ES,MAJ
ES2019_061,Sense sostre,ES,MAJ
ES2019_062,Yo Galgo,ES,MAJ
ES2019_063,Boi,ES,MAJ
ES2019_064,"Yo, mi mujer y mi mujer muerta",ES,MAJ
ES2019_064,"Yo, mi mujer y mi mujer muerta",AR,MIN
ES2019_065,"522. Un gato, un chino y mi padre",ES,MAJ
ES2019_065,"522. Un gato, un chino y mi padre",PT,MIN
ES2019_066,El cuadro,ES,MAJ
ES2019_067,Ojos Negros,ES,MAJ
ES2019_068,"La defensa, por la libertad",ES,MAJ
ES2019_069,La noche de las dos lunas,ES,MAJ
ES2019_069,La noche de las dos lunas,VE,MIN
ES2019_070,Viva la vida,ES,MAJ
ES2019_071,La estrategia del pequinés,ES,MAJ
ES2019_072,"¡Ay, mi madre!",ES,MAJ
ES2019_073,Sanfelices,ES,MAJ
ES2019_074,Diecisiete,ES,MAJ
ES2019_075,Elisa y Marcela,ES,MAJ
ES2019_076,La Banda,ES,MAJ
ES2019_077,Me llamo Gennet,ES,MAJ
ES2019_078,La vida sense la Sara Amat,ES,MAJ
ES2019_079,Barcelona 1714,ES,MAJ
ES2019_080,Sordo,ES,MAJ
GB2019_001,Downton Abbey,GB,MAJ
GB2019_001,Downton Abbey,US,MIN
GB2019_001,Downton Abbey,CN,MIN
GB2019_002,Cats,GB,MAJ
GB2019_002,Cats,US,MIN
GB2019_003,Stan & Ollie,GB,MAJ
GB2019_003,Stan & Ollie,CA,MIN
GB2019_003,Stan & Ollie,US,MIN
GB2019_004,Mary Queen of Scots,GB,MAJ
GB2019_004,Mary Queen of Scots,US,MIN
GB2019_005,Judy,GB,MAJ
GB2019_005,Judy,US,MIN
GB2019_005,Judy,FR,MIN
GB2019_006,Fisherman's Friends,GB,MAJ
GB2019_007,The Kid Who Would Be King,GB,MAJ
GB2019_007,The Kid Who Would Be King,US,MIN
GB2019_008,Blinded by the Light,GB,MAJ
GB2019_008,Blinded by the Light,US,MIN
GB2019_009,Wild Rose,GB,MAJ
GB2019_009,Wild Rose,US,MIN
GB2019_009,Wild Rose,CA,MIN
GB2019_010,Red Joan,GB,MAJ
GB2019_011,Colette,GB,MAJ
GB2019_011,Colette,US,MIN
GB2019_011,Colette,HU,MIN
GB2019_012,Official Secrets,US,MAJ
GB2019_012,Official Secrets,GB,MIN
GB2019_013,The White Crow,GB,MAJ
GB2019_013,The White Crow,US,MIN
GB2019_013,The White Crow,RS,MIN
GB2019_014,Mrs Lowry and Son,GB,MAJ
GB2019_015,All Is True,GB,MAJ
GB2019_016,The Souvenir,GB,MAJ
GB2019_016,The Souvenir,US,MIN
GB2019_017,The Vanishing,GB,MAJ
GB2019_017,The Vanishing,US,MIN
GB2019_018,Vita & Virginia,GB,MAJ
GB2019_018,Vita & Virginia,IE,MIN
GB2019_019,Tucked,GB,MAJ
GB2019_020,The Street,GB,MAJ
GB2019_021,Ordinary love,GB,MAJ
GB2019_022,The Corrupted,GB,MAJ
GB2019_023,Ray & Liz,GB,MAJ
GB2019_024,Out of Blue,GB,MAJ
GB2019_024,Out of Blue,US,MIN
GB2019_025,Meeting Gorbachev,GB,MAJ
GB2019_025,Meeting Gorbachev,DE,MIN
GB2019_025,Meeting Gorbachev,US,MIN
GB2019_026,The Convent,GB,MAJ
GB2019_027,Untouchable,GB,MAJ
GB2019_028,My Zoe,GB,MAJ
GB2019_028,My Zoe,DE,MIN
GB2019_028,My Zoe,FR,MIN
GB2019_029,Art & Mind,GB,MAJ
GB2019_030,Out of Innocence,GB,MAJ
GB2019_030,Out of Innocence,IE,MIN
GB2019_031,An Accidental Studio,GB,MAJ
GB2019_032,Fanny Lye Deliver'd,GB,MAJ
GB2019_032,Fanny Lye Deliver'd,DE,MIN
GB2019_033,Fulci for Fake,GB,MAJ
GB2019_033,Fulci for Fake,IT,MIN
GB2019_034,Born a King,GB,MAJ
GB2019_034,Born a King,ES,MIN
GB2019_035,The Quiet One,GB,MAJ
GB2019_036,Division 19,GB,MAJ
GB2019_036,Division 19,US,MIN
GB2019_037,Songbird,GB,MAJ
GB2019_038,Arifa,GB,MAJ
GB2019_039,Wild Honey Pie!,GB,MAJ
GB2019_040,Ophelia,GB,MAJ
GB2019_040,Ophelia,US,MIN
GB2019_041,Crucible of the Vampire,GB,MAJ
GB2019_042,Once Upon a Time in London,GB,MAJ
GB2019_043,Invasion Planet Earth,GB,MAJ
GB2019_043,Invasion Planet Earth,FR,MIN
GB2019_044,Winterlong,GB,MAJ
GB2019_045,I Love My Mum,GB,MAJ
GB2019_046,Busby,GB,MAJ
GB2019_047,Connect,GB,MAJ
GB2019_048,The Courier,GB,MAJ
GB2019_049,The Amber Light,GB,MAJ
GB2019_050,Burning Men,GB,MAJ
GB2019_051,Steel Country,GB,MAJ
GB2019_051,Steel Country,US,MIN
GB2019_052,Dead Good,GB,MAJ
GB2019_053,Making Noise Quietly,GB,MAJ
GB2019_054,Mari,GB,MAJ
GB2019_055,Pink Wall,GB,MAJ
GB2019_056,The Big Meeting,GB,MAJ
GB2019_057,Neither Wolf Nor Dog,GB,MAJ
GB2019_057,Neither Wolf Nor Dog,US,MIN
GB2019_058,Say My Name,GB,MAJ
GB2019_059,Rise of the Footsoldier 4: Marbella,GB,MAJ
GB2019_060,The Flood,GB,MAJ
GB2019_061,London Unplugged,GB,MAJ
GB2019_062,Strike,GB,MAJ
GB2019_063,Prophecy,GB,MAJ
GB2019_063,Prophecy,US,MIN
GB2019_064,Destination: Dewsbury,GB,MAJ
GB2019_065,"Everton, Howard's Way",GB,MAJ
GB2019_066,American Woman,GB,MAJ
GB2019_066,American Woman,US,MIN
GB2019_067,Scotch: A Golden Dream,GB,MAJ
GB2019_067,Scotch: A Golden Dream,TW,MIN
GB2019_068,Tomorrow,GB,MAJ
GB2019_069,The Dirty War on the National Health Service,GB,MAJ
GB2019_070,Lost Lives,GB,MAJ
GB2019_070,Lost Lives,IE,MIN
GB2019_071,Somebody Up There Likes Me,GB,MAJ
GB2019_072,The Fight,GB,MAJ
GB2019_073,Final Ascent: The Legend of Hamish MacInnes,GB,MAJ
GB2019_074,Jellyfish,GB,MAJ
GB2019_075,Churchill and the Movie Mogul,GB,MAJ
GB2019_076,The Party's Just Beginning,GB,MAJ
GB2019_077,Puppet Master: The Littlest Reich,GB,MAJ
GB2019_077,Puppet Master: The Littlest Reich,US,MIN
GB2019_078,Serengeti Rules,GB,MAJ
GB2019_078,Serengeti Rules,US,MIN
GB2019_079,Where Hands Touch,GB,MAJ
GB2019_080,Coup 53,GB,MAJ
GB2019_080,Coup 53,IR,MIN
ES2020_001,Padre no hay más que uno 2: La llegada de la suegra,ES,MAJ
ES2020_002,Malasaña 32,ES,MAJ
ES2020_002,Malasaña 32,FR,MIN
ES2020_003,Superagente Makey,ES,MAJ
ES2020_004,La boda de Rosa,ES,MAJ
ES2020_004,La boda de Rosa,FR,MIN
ES2020_005,El plan,ES,MAJ
ES2020_006,El inconveniente,ES,MAJ
ES2020_007,Orígenes secretos,ES,MAJ
ES2020_008,Baby,ES,MAJ
ES2020_009,El arte de volver,ES,MAJ
ES2020_010,Nieva en Benidorm,ES,MAJ
ES2020_010,Nieva en Benidorm,GB,MIN
ES2020_011,El Drogas,ES,MAJ
ES2020_012,Invisibles,ES,MAJ
ES2020_013,La lista de los deseos,ES,MAJ
ES2020_014,La suite nupcial,ES,MAJ
ES2020_015,La maldición del guapo,ES,MAJ
ES2020_015,La maldición del guapo,AR,MIN
ES2020_016,Ofrenda a la tormenta,ES,MAJ
ES2020_016,Ofrenda a la tormenta,DE,MIN
ES2020_017,Lagun y la resistencia frente a ETA,ES,MAJ
ES2020_018,La última guardia,ES,MAJ
ES2020_019,No nacimos refugiados,ES,MAJ
ES2020_020,Diari de bosc,ES,MAJ
ES2020_021,"Calç blanca, negro carbón",ES,MAJ
ES2020_022,Lo perdido,ES,MAJ
ES2020_023,Una dona amb unes ales tremendes,ES,MAJ
ES2020_024,El abuelo Víctor - Víctor Manuel,ES,MAJ
ES2020_025,Amalia en el otoño,ES,MAJ
ES2020_026,Una mañana fría,ES,MAJ
ES2020_027,El que la lleva la entiende,ES,MAJ
ES2020_028,Un trabajo y una película,ES,MAJ
ES2020_029,Olea... ¡Más alto!,ES,MAJ
ES2020_030,"Los Últimos De La Mejana, Rebeldía y Esperanza",ES,MAJ
ES2020_031,El secreto de Ibosim,ES,MAJ
ES2020_032,Vampus Horror Tales,ES,MAJ
ES2020_033,Tierra de leche y miel,ES,MAJ
ES2020_034,Meseta,ES,MAJ
ES2020_035,La loba parda,ES,MAJ
ES2020_036,¿Puedes oírme?,ES,MAJ
ES2020_037,Pullman,ES,MAJ
ES2020_038,El último Arquero,ES,MAJ
ES2020_039,Rol & Rol,ES,MAJ
ES2020_040,"Marcelino, el mejor payaso del mundo",ES,MAJ
ES2020_041,Arzak since 1897,ES,MAJ
ES2020_042,2020,ES,MAJ
ES2020_043,Dear Werner,ES,MAJ
ES2020_044,Estándar,ES,MAJ
ES2020_045,Billy,ES,MAJ
ES2020_046,"El vino, el mundo y nosotros",ES,MAJ
ES2020_047,Lobster Soup,ES,MAJ
ES2020_047,Lobster Soup,IS,MIN
ES2020_047,Lobster Soup,LT,MIN
ES2020_048,La mancha negra,ES,MAJ
ES2020_049,Mi gran despedida,ES,MAJ
ES2020_050,El siglo de Galdós,ES,MAJ
ES2020_051,Antonio Machado. Los días azules,ES,MAJ
ES2020_052,A este lado del mundo,ES,MAJ
ES2020_053,Urubú,ES,MAJ
ES2020_054,Reboiras. Acción e corazón,ES,MAJ
ES2020_055,Lúa vermella,ES,MAJ
ES2020_056,Una ventana al mar,ES,MAJ
ES2020_056,Una ventana al mar,GR,MIN
ES2020_057,Los Hijos de San Luis,ES,MAJ
ES2020_058,La dona il·legal,ES,MAJ
ES2020_059,Blanco en blanco,ES,MAJ
ES2020_059,Blanco en blanco,CL,MIN
ES2020_059,Blanco en blanco,FR,MIN
ES2020_059,Blanco en blanco,DE,MIN
ES2020_060,Ons,ES,MAJ
ES2020_060,Ons,PT,MIN
ES2020_061,Ilargi Guztiak,ES,MAJ
ES2020_061,Ilargi Guztiak,FR,MIN
ES2020_062,El año del descubrimiento,ES,MAJ
ES2020_062,El año del descubrimiento,CH,MIN
ES2020_063,La isla de las mentiras,ES,MAJ
ES2020_063,La isla de las mentiras,AR,MIN
ES2020_063,La isla de las mentiras,PT,MIN
ES2020_064,Hil-Kanpaiak,ES,MAJ
ES2020_065,Lur eta Amets,ES,MAJ
ES2020_066,Palabras para un fin del mundo,ES,MAJ
ES2020_067,Un mundo normal,ES,MAJ
GB2020_001,1917,GB,MAJ
GB2020_001,1917,US,MIN
GB2020_002,Emma,GB,MAJ
GB2020_002,Emma,US,MIN
GB2020_002,Emma,CN,MIN
GB2020_003,The Personal History of David Copperfield,US,MAJ
GB2020_003,The Personal History of David Copperfield,GB,MIN
GB2020_004,Military Wives,GB,MAJ
GB2020_005,Greed,GB,MAJ
GB2020_006,The Secret Garden,GB,MAJ
GB2020_006,The Secret Garden,FR,MIN
GB2020_006,The Secret Garden,US,MIN
GB2020_006,The Secret Garden,CN,MIN
GB2020_007,Misbehaviour,GB,MAJ
GB2020_007,Misbehaviour,FR,MIN
GB2020_008,Pixie,GB,MAJ
GB2020_009,Hope Gap,GB,MAJ
GB2020_010,Summerland,GB,MAJ
GB2020_011,23 walks,GB,MAJ
GB2020_012,Come Away,GB,MAJ
GB2020_013,Love Sarah,GB,MAJ
GB2020_014,Four Kids and It,GB,MAJ
GB2020_015,The Owners,GB,MAJ
GB2020_015,The Owners,US,MIN
GB2020_015,The Owners,FR,MIN
GB2020_016,Fatman,GB,MAJ
GB2020_016,Fatman,CA,MIN
GB2020_016,Fatman,US,MIN
GB2020_017,Crock of Gold: A Few Rounds With Shane MacGowan,GB,MAJ
GB2020_017,Crock of Gold: A Few Rounds With Shane MacGowan,US,MIN
GB2020_017,Crock of Gold: A Few Rounds With Shane MacGowan,IE,MIN
GB2020_018,Rebecca,GB,MAJ
GB2020_018,Rebecca,US,MIN
GB2020_019,Being a Human Person,GB,MAJ
GB2020_019,Being a Human Person,SE,MIN
GB2020_020,Eternal Beauty,GB,MAJ
GB2020_021,American Dharma,GB,MAJ
GB2020_021,American Dharma,US,MIN
GB2020_022,Concrete Plans,GB,MAJ
GB2020_023,C.L.E.A.N.,GB,MAJ
GB2020_023,C.L.E.A.N.,HR,MIN
GB2020_023,C.L.E.A.N.,DE,MIN
GB2020_024,Villain,GB,MAJ
GB2020_025,Cordelia,GB,MAJ
GB2020_026,The Loss Adjuster,GB,MAJ
GB2020_027,Finding Jack Charlton,GB,MAJ
GB2020_027,Finding Jack Charlton,IE,MIN
GB2020_028,Perfect Strangers,GB,MAJ
GB2020_029,Show Me The Picture: The Story of Jim Marshall,GB,MAJ
GB2020_029,Show Me The Picture: The Story of Jim Marshall,US,MIN
GB2020_030,Philophobia,GB,MAJ
GB2020_031,Everything - The Real Thing Story,GB,MAJ
GB2020_032,The Man in the Hat,GB,MAJ
GB2020_033,The Runaways,GB,MAJ
GB2020_034,Idiot Prayer,GB,MAJ
GB2020_035,Mogul Mowgli,GB,MAJ
GB2020_035,Mogul Mowgli,US,MIN
GB2020_036,Calm with Horses,GB,MAJ
GB2020_036,Calm with Horses,IE,MIN
GB2020_037,Final Account,GB,MAJ
GB2020_037,Final Account,US,MIN
GB2020_038,Schemers,GB,MAJ
GB2020_039,Nomad: In the Footsteps of Bruce Chatwin,GB,MAJ
GB2020_040,David Attenborough: A Life on Our Planet,GB,MAJ
GB2020_041,Patients of a Saint,GB,MAJ
GB2020_042,The Burnt Orange Heresy,GB,MAJ
GB2020_042,The Burnt Orange Heresy,US,MIN
GB2020_042,The Burnt Orange Heresy,IT,MIN
GB2020_043,The Banishing,GB,MAJ
ES2021_001,¡A todo tren! Destino Asturias,ES,MAJ
ES2021_002,Way Down,ES,MAJ
ES2021_002,Way Down,FR,MIN
ES2021_003,Maixabel,ES,MAJ
ES2021_004,La familia perfecta,ES,MAJ
ES2021_005,García y García,ES,MAJ
ES2021_006,Mediterráneo,ES,MAJ
ES2021_006,Mediterráneo,GR,MIN
ES2021_007,Libertad,ES,MAJ
ES2021_007,Libertad,BE,MIN
ES2021_008,La vida era eso,ES,MAJ
ES2021_009,La abuela,ES,MAJ
ES2021_009,La abuela,FR,MIN
ES2021_009,La abuela,BE,MIN
ES2021_010,El Cover,ES,MAJ
ES2021_010,El Cover,PT,MIN
ES2021_011,El sustituto,ES,MAJ
ES2021_011,El sustituto,BE,MIN
ES2021_012,Sis dies corrents,ES,MAJ
ES2021_013,Un efecto óptico,ES,MAJ
ES2021_014,Viaje a alguna parte,ES,MAJ
ES2021_015,Bolante Baten Historia,FR,MAJ
ES2021_015,Bolante Baten Historia,ES,MIN
ES2021_016,Destello Bravío,ES,MAJ
ES2021_017,Poliamor para principiantes,ES,MAJ
ES2021_017,Poliamor para principiantes,FR,MIN
ES2021_018,Amanece en Calcuta,ES,MAJ
ES2021_019,El lodo,ES,MAJ
ES2021_020,100 días con la Tata,ES,MAJ
ES2021_021,Las consecuencias,ES,MAJ
ES2021_021,Las consecuencias,NL,MIN
ES2021_021,Las consecuencias,BE,MIN
ES2021_022,Nora,ES,MAJ
ES2021_022,Nora,FR,MIN
ES2021_023,Los que buscamos,ES,MAJ
ES2021_024,Making Malinche: A Documentary by Nacho Cano,ES,MAJ
ES2021_025,Clown's planet,ES,MAJ
ES2021_026,Endless Cinema,ES,MAJ
ES2021_027,"Gustau, La Transicio Al Descobert",ES,MAJ
ES2021_028,La ley del embudo,ES,MAJ
ES2021_029,Occidente,ES,MAJ
ES2021_030,Retrato de mujer blanca con pelo cano y arrugas,ES,MAJ
ES2021_031,Piel de barro,ES,MAJ
ES2021_032,Tristesse,ES,MAJ
ES2021_033,De Quijotes y semillas,ES,MAJ
ES2021_034,Entre perro y lobo,ES,MAJ
ES2021_034,Entre perro y lobo,CU,MIN
ES2021_035,Nueve Sevillas,ES,MAJ
ES2021_036,Wan Xia,ES,MAJ
ES2021_037,The Man Who Wanted to See It All,ES,MAJ
ES2021_038,Traidores,ES,MAJ
ES2021_038,Traidores,AR,MIN
ES2021_039,Los acordes de la memoria,ES,MAJ
ES2021_040,Dos,ES,MAJ
ES2021_041,Surcos,ES,MAJ
ES2021_042,Fantasía,ES,MAJ
ES2021_043,Enero,ES,MAJ
GB2021_001,No Time to Die,GB,MAJ
GB2021_001,No Time to Die,US,MIN
GB2021_002,The King's Man,GB,MAJ
GB2021_002,The King's Man,US,MIN
GB2021_003,Minamata,GB,MAJ
GB2021_003,Minamata,US,MIN
GB2021_003,Minamata,AE,MIN
GB2021_004,Last Night in Soho,GB,MAJ
GB2021_005,The Father,GB,MAJ
GB2021_005,The Father,FR,MIN
GB2021_006,A Boy Called Christmas,GB,MAJ
GB2021_006,A Boy Called Christmas,FR,MIN
GB2021_007,Supernova,GB,MAJ
GB2021_008,Boxing Day,GB,MAJ
GB2021_009,Mothering Sunday,GB,MAJ
GB2021_010,The Last Bus,GB,MAJ
GB2021_010,The Last Bus,AE,MIN
GB2021_011,Off the rails,GB,MAJ
GB2021_012,The Mauritanian,GB,MAJ
GB2021_012,The Mauritanian,US,MIN
GB2021_013,Rise of the Footsoldier: Origins,GB,MAJ
GB2021_014,To Olivia,GB,MAJ
GB2021_014,To Olivia,US,MIN
GB2021_015,Sir Alex Ferguson: Never Give In,GB,MAJ
GB2021_016,After Love,GB,MAJ
GB2021_017,Six Minutes to Midnight,GB,MAJ
GB2021_018,The Dig,GB,MAJ
GB2021_018,The Dig,US,MIN
GB2021_019,The Unforgivable,GB,MAJ
GB2021_019,The Unforgivable,DE,MIN
GB2021_019,The Unforgivable,US,MIN
GB2021_020,Mosley,GB,MAJ
GB2021_021,Dracula on Holiday,GB,MAJ
GB2021_022,The Football Monologues,GB,MAJ
GB2021_023,The United Way,GB,MAJ
GB2021_024,Everybody's Talking About Jamie,GB,MAJ
GB2021_024,Everybody's Talking About Jamie,US,MIN
GB2021_025,The Obscure Life of the Grand Duke of Corsica,GB,MAJ
GB2021_026,Great North: A Run. A River. A Region.,GB,MAJ
GB2021_027,Red Mist,GB,MAJ
GB2021_028,Almost Liverpool 8,GB,MAJ
GB2021_029,Creation Stories,GB,MAJ
GB2021_029,Creation Stories,US,MIN
GB2021_030,Twist,GB,MAJ
GB2021_030,Twist,US,MIN
GB2021_031,To Be Someone,GB,MAJ
GB2021_032,The Human Factor,GB,MAJ
GB2021_032,The Human Factor,IL,MIN
GB2021_033,The Toll,GB,MAJ
GB2021_034,Undergods,GB,MAJ
GB2021_034,Undergods,RS,MIN
GB2021_034,Undergods,BE,MIN
GB2021_034,Undergods,SE,MIN
GB2021_034,Undergods,EE,MIN
GB2021_035,Lawrence: After Arabia,GB,MAJ
GB2021_036,Men Who Sing,GB,MAJ
GB2021_036,Men Who Sing,SE,MIN
GB2021_037,The War Below,GB,MAJ
GB2021_037,The War Below,US,MIN
GB2021_038,Janine Jansen Falling for Stradivari,GB,MAJ
GB2021_039,Misha and the Wolves,GB,MAJ
GB2021_039,Misha and the Wolves,BE,MIN
GB2021_040,Bull,GB,MAJ
GB2021_041,La Cha Cha,GB,MAJ
GB2021_042,Shepherd,GB,MAJ
GB2021_043,Arsène Wenger: Invincible,GB,MAJ
GB2021_043,Arsène Wenger: Invincible,FR,MIN
GB2021_044,The Colour Room,GB,MAJ
GB2021_045,Rebel Dykes,GB,MAJ
GB2021_046,Rare Beasts,GB,MAJ
GB2021_047,Blithe Spirit,GB,MAJ
GB2021_047,Blithe Spirit,US,MIN
GB2021_047,Blithe Spirit,AU,MIN
GB2021_048,Made in Italy,GB,MAJ
GB2021_048,Made in Italy,IT,MIN
GB2021_049,The Beatles and India,GB,MAJ
GB2021_050,The Kindred,GB,MAJ
ES2022_001,Tadeo Jones 3. La tabla esmeralda,ES,MAJ
ES2022_002,Padre no hay más que uno 3,ES,MAJ
ES2022_003,As bestas,ES,MAJ
ES2022_003,As bestas,FR,MIN
ES2022_004,A todo tren 2: Ahora son ellas,ES,MAJ
ES2022_005,Los renglones torcidos de Dios,ES,MAJ
ES2022_006,Competencia oficial,ES,MAJ
ES2022_006,Competencia oficial,AR,MIN
ES2022_007,Alcarràs,ES,MAJ
ES2022_007,Alcarràs,IT,MIN
ES2022_008,El cuarto pasajero,ES,MAJ
ES2022_009,Inspector Sun y la maldición de la viuda negra,ES,MAJ
ES2022_010,Modelo 77,ES,MAJ
ES2022_011,La vida padre,ES,MAJ
ES2022_012,En los márgenes,ES,MAJ
ES2022_012,En los márgenes,BE,MIN
ES2022_013,Llenos de Gracia,ES,MAJ
ES2022_014,Historias para no contar,ES,MAJ
ES2022_015,Malnazidos,ES,MAJ
ES2022_016,Cinco lobitos,ES,MAJ
ES2022_017,Código Emperador,ES,MAJ
ES2022_017,Código Emperador,FR,MIN
ES2022_018,Irati,ES,MAJ
ES2022_018,Irati,FR,MIN
ES2022_019,13 exorcismos,ES,MAJ
ES2022_020,Canallas,ES,MAJ
ES2022_021,"Camera Café, la película",ES,MAJ
ES2022_021,"Camera Café, la película",PT,MIN
ES2022_022,El Test,ES,MAJ
ES2022_023,Pacifiction,ES,MAJ
ES2022_023,Pacifiction,FR,MIN
ES2022_023,Pacifiction,DE,MIN
ES2022_023,Pacifiction,PT,MIN
ES2022_024,Reyes contra Santa,ES,MAJ
ES2022_025,"Por los pelos, una historia de autoestima",ES,MAJ
ES2022_026,Héroes de barrio,ES,MAJ
ES2022_027,Sintiéndolo mucho,ES,MAJ
ES2022_028,Cerdita,ES,MAJ
ES2022_028,Cerdita,FR,MIN
ES2022_029,Venus,ES,MAJ
ES2022_030,Objetos,ES,MAJ
ES2022_030,Objetos,AR,MIN
ES2022_030,Objetos,DE,MIN
ES2022_031,La piel del tambor,ES,MAJ
ES2022_031,La piel del tambor,IT,MIN
ES2022_031,La piel del tambor,CO,MIN
ES2022_031,La piel del tambor,US,MIN
ES2022_032,Live Is Life,ES,MAJ
ES2022_033,Vasil,ES,MAJ
ES2022_033,Vasil,BG,MAJ
ES2022_034,Girasoles silvestres,ES,MAJ
ES2022_034,Girasoles silvestres,FR,MIN
ES2022_035,El mundo es vuestro,ES,MAJ
ES2022_036,No mires a los ojos,ES,MAJ
ES2022_036,No mires a los ojos,BE,MIN
ES2022_037,"Un año, una noche",ES,MAJ
ES2022_037,"Un año, una noche",FR,MIN
ES2022_038,Lobo Feroz,ES,MAJ
ES2022_038,Lobo Feroz,UY,MIN
ES2022_038,Lobo Feroz,AR,MIN
ES2022_039,Llegaron de noche,ES,MAJ
ES2022_039,Llegaron de noche,CO,MIN
ES2022_040,Todos lo hacen,ES,MAJ
ES2022_041,La voluntaria,ES,MAJ
ES2022_041,La voluntaria,GR,MIN
ES2022_042,El vasco,ES,MAJ
ES2022_042,El vasco,AR,MIN
ES2022_043,Unicorn Wars,ES,MAJ
ES2022_043,Unicorn Wars,FR,MIN
ES2022_044,La maniobra de la tortuga,ES,MAJ
ES2022_044,La maniobra de la tortuga,AR,MIN
ES2022_045,El beso de Dios,ES,MAJ
ES2022_046,Petra de San José,ES,MAJ
ES2022_047,La consagración de la primavera,ES,MAJ
ES2022_048,El fred que crema,ES,MAJ
ES2022_049,"Espejo, Espejo",ES,MAJ
ES2022_050,75 días,ES,MAJ
ES2022_051,La cima,ES,MAJ
ES2022_051,La cima,FR,MIN
ES2022_052,El comensal,ES,MAJ
ES2022_053,No somos nada,ES,MAJ
ES2022_053,No somos nada,PE,MIN
ES2022_054,Sin ti no puedo,ES,MAJ
ES2022_054,Sin ti no puedo,MX,MIN
ES2022_055,En otro lugar,ES,MAJ
ES2022_056,El universo de Óliver,ES,MAJ
ES2022_056,El universo de Óliver,US,MIN
ES2022_056,El universo de Óliver,RO,MIN
ES2022_057,Toscana,ES,MAJ
ES2022_058,Las paredes hablan,ES,MAJ
ES2022_059,Las cartas perdidas,ES,MAJ
ES2022_060,La jefa,ES,MAJ
ES2022_061,O Corpo Aberto,ES,MAJ
ES2022_061,O Corpo Aberto,PT,MIN
ES2022_062,Mendiak 1976,ES,MAJ
ES2022_063,En temporada baja,ES,MAJ
ES2022_064,Rainbow,ES,MAJ
ES2022_065,HollyBlood,ES,MAJ
ES2022_066,La Piedad,ES,MAJ
ES2022_066,La Piedad,AR,MIN
ES2022_067,Los Negros,ES,MAJ
ES2022_068,A las mujeres de España. María Lejárraga,ES,MAJ
ES2022_069,Sinjar,ES,MAJ
ES2022_069,Sinjar,US,MIN
ES2022_070,Pico Reja,ES,MAJ
ES2022_071,Mi vacío y yo,ES,MAJ
ES2022_072,Jacinto,ES,MAJ
ES2022_073,El que sabem,ES,MAJ
ES2022_074,La pasajera,ES,MAJ
ES2022_075,Donde acaba la memoria,ES,MAJ
ES2022_076,Edén,ES,MAJ
ES2022_077,Parias de la tierra,ES,MAJ
ES2022_078,Ciudad de la Selva. Fuxidos y guerrilleros en los montes de Casaio,ES,MAJ
ES2022_079,La paradoja de Antares,ES,MAJ
ES2022_080,Cantando en las azoteas,ES,MAJ
ES2022_080,Cantando en las azoteas,FR,MIN
ES2022_081,Viejos,ES,MAJ
ES2022_082,El radioaficionado,ES,MAJ
ES2022_083,La vida más larga,ES,MAJ
ES2022_084,"Matrioskas, Las niñas de la guerra",ES,MAJ
ES2022_084,"Matrioskas, Las niñas de la guerra",FR,MIN
ES2022_085,Nightclubbing: The Birth of Punk Rock in NYC,ES,MAJ
ES2022_086,"Tequila. Sexo, drogas y rock and roll",ES,MAJ
ES2022_087,La memoria escondida,ES,MAJ
ES2022_088,Francesca i l'Amor,ES,MAJ
ES2022_089,Oswald. El falsificador,ES,MAJ
ES2022_090,Inmotep,ES,MAJ
ES2022_091,Con los años que me quedan,ES,MAJ
ES2022_091,Con los años que me quedan,MX,MIN
ES2022_092,El crítico,ES,MAJ
ES2022_093,Me cuesta hablar de mí,ES,MAJ
ES2022_094,El color del cielo,ES,MAJ
ES2022_095,Para entrar a vivir,ES,MAJ
ES2022_096,Culpa,ES,MAJ
ES2022_097,Pijamas Espaciales,ES,MAJ
ES2022_098,Las niñas de cristal,ES,MAJ
ES2022_099,Mario Camus según el cine,ES,MAJ
ES2022_100,Sonic Fantasy,ES,MAJ
ES2022_101,Frente al Silencio,ES,MAJ
ES2022_102,Una película póstuma,ES,MAJ
ES2022_103,Vamos A Volvernos Locos,ES,MAJ
ES2022_104,Kuartk Valley,ES,MAJ
ES2022_105,El corazón de Europa,ES,MAJ
ES2022_106,El Tirabeque,ES,MAJ
ES2022_107,Controverso,ES,MAJ
ES2022_108,Mujeres sin censura,ES,MAJ
ES2022_109,La piel en llamas,ES,MAJ
ES2022_110,Film: The Living Record of Our Memory,ES,MAJ
ES2022_110,Film: The Living Record of Our Memory,CA,MIN
ES2022_111,El vent que ens mou,ES,MAJ
ES2022_112,Vilas y sus dobles,ES,MAJ
ES2022_113,El viaje de Julieta,ES,MAJ
ES2022_114,Voces de una ciudad,ES,MAJ
ES2022_115,Mi adorado Monster,ES,MAJ
ES2022_116,Veneciafrenia,ES,MAJ
ES2022_117,Karpeta Urdinak,ES,MAJ
ES2022_117,Karpeta Urdinak,FR,MIN
GB2022_001,Downton Abbey: A New Era,GB,MAJ
GB2022_001,Downton Abbey: A New Era,US,MIN
GB2022_002,Fantastic Beasts: The Secrets of Dumbledore,GB,MAJ
GB2022_002,Fantastic Beasts: The Secrets of Dumbledore,US,MIN
GB2022_003,Roald Dahl's Matilda the Musical,GB,MAJ
GB2022_003,Roald Dahl's Matilda the Musical,US,MIN
GB2022_004,The Amazing Maurice,GB,MAJ
GB2022_004,The Amazing Maurice,DE,MIN
GB2022_005,Operation Mincemeat,GB,MAJ
GB2022_005,Operation Mincemeat,US,MIN
GB2022_006,Mrs. Harris Goes to Paris,GB,MAJ
GB2022_006,Mrs. Harris Goes to Paris,FR,MIN
GB2022_006,Mrs. Harris Goes to Paris,HU,MIN
GB2022_006,Mrs. Harris Goes to Paris,CA,MIN
GB2022_006,Mrs. Harris Goes to Paris,US,MIN
GB2022_006,Mrs. Harris Goes to Paris,BE,MIN
GB2022_007,"Good Luck to You, Leo Grande",GB,MAJ
GB2022_007,"Good Luck to You, Leo Grande",US,MAJ
GB2022_008,Living,GB,MAJ
GB2022_008,Living,SE,MIN
GB2022_009,Fisherman's Friends: One and All,GB,MAJ
GB2022_010,Emily,GB,MAJ
GB2022_010,Emily,US,MIN
GB2022_011,The Railway Children Return,GB,MAJ
GB2022_012,The Lost King,GB,MAJ
GB2022_013,Fall,GB,MAJ
GB2022_013,Fall,US,MIN
GB2022_014,The Phantom of the Open,GB,MAJ
GB2022_015,The Nan Movie,GB,MAJ
GB2022_016,The Forgiven,GB,MAJ
GB2022_016,The Forgiven,US,MIN
GB2022_016,The Forgiven,CA,MIN
GB2022_017,The Estate,GB,MAJ
GB2022_018,Freedom Uncut,GB,MAJ
GB2022_018,Freedom Uncut,BS,MIN
GB2022_018,Freedom Uncut,US,MIN
GB2022_019,Brian and Charles,GB,MAJ
GB2022_020,Benediction,GB,MAJ
GB2022_020,Benediction,US,MIN
GB2022_021,The Souvenir: Part II,GB,MAJ
GB2022_021,The Souvenir: Part II,US,MIN
GB2022_022,Eric Ravilious: Drawn to War,GB,MAJ
GB2022_023,This Much I Know to Be True,GB,MAJ
GB2022_024,Elizabeth: A Portrait in Part(s),GB,MAJ
GB2022_025,My Old School,GB,MAJ
GB2022_026,True Things,GB,MAJ
GB2022_027,The Loneliest Boy in the World,GB,MAJ
GB2022_028,All My Friends Hate Me,GB,MAJ
GB2022_029,Flux Gourmet,GB,MAJ
GB2022_029,Flux Gourmet,HU,MIN
GB2022_029,Flux Gourmet,US,MIN
GB2022_030,Save the Cinema,GB,MAJ
GB2022_031,The Lady of Heaven,GB,MAJ
GB2022_032,A Bunch of Amateurs,GB,MAJ
GB2022_033,a-ha: True North,GB,MAJ
GB2022_034,McEnroe,GB,MAJ
GB2022_034,McEnroe,US,MIN
GB2022_035,The Fence,GB,MAJ
GB2022_036,Duran Duran: A Hollywood High,GB,MAJ
GB2022_037,Three Day Millionaire,GB,MAJ
GB2022_038,Rebel Dread,GB,MAJ
GB2022_039,She Will,GB,MAJ
GB2022_040,Explorer,GB,MAJ
GB2022_040,Explorer,US,MIN
GB2022_041,Amulet,GB,MAJ
GB2022_041,Amulet,AE,MIN
GB2022_042,You Won't Be Alone,GB,MAJ
GB2022_042,You Won't Be Alone,RS,MIN
GB2022_042,You Won't Be Alone,AU,MIN
GB2022_043,Long Way Back,GB,MAJ
GB2022_044,Merkel,GB,MAJ
GB2022_045,The Hermit of Treig,GB,MAJ
GB2022_046,Doineann,GB,MAJ
GB2022_046,Doineann,IE,MIN
GB2022_047,Boiling Point,GB,MAJ
GB2022_048,Burial,GB,MAJ
GB2022_049,Deus,GB,MAJ
GB2022_050,The Felling - an Epic Tale of People Power,GB,MAJ
GB2022_051,Munich: The Edge of War,GB,MAJ
GB2022_051,Munich: The Edge of War,US,MIN
GB2022_052,Maisie,GB,MAJ
GB2022_053,The Score,GB,MAJ
GB2022_054,McCurry: The Pursuit of Colour,GB,MAJ
GB2022_055,Mind-Set,GB,MAJ
GB2022_056,Gerry Anderson: A Life Uncharted,GB,MAJ
GB2022_057,Future TX,GB,MAJ
GB2022_058,Give Them Wings,GB,MAJ
GB2022_059,My Policeman,GB,MAJ
GB2022_059,My Policeman,US,MIN
GB2022_060,Dùthchas,GB,MAJ
GB2022_061,Sideshow,GB,MAJ
GB2022_062,Followers,GB,MAJ
GB2022_063,Tomorrow Morning,GB,MAJ
GB2022_064,Battle of Amritsar,GB,MAJ
GB2022_065,A Banquet,GB,MAJ
GB2022_066,Tosh,GB,MAJ
GB2022_067,Mambo Man,GB,MAJ
GB2022_067,Mambo Man,CU,MIN
GB2022_068,The Lost Girls,GB,MAJ
GB2022_069,Donna,GB,MAJ
GB2022_069,Donna,FR,MIN
GB2022_070,A Bird Flew In,GB,MAJ
GB2022_071,Lady Chatterley's Lover,GB,MAJ
GB2022_071,Lady Chatterley's Lover,US,MIN
GB2022_072,The Creeping,GB,MAJ
GB2022_073,Poison Arrows,GB,MAJ
GB2022_074,Hounded,GB,MAJ
GB2022_075,Belfast,GB,MAJ
GB2022_076,The Duke,GB,MAJ
GB2022_077,The Fire Within: A Requiem for Katia and Maurice Krafft,GB,MAJ
GB2022_077,The Fire Within: A Requiem for Katia and Maurice Krafft,CH,MIN
GB2022_077,The Fire Within: A Requiem for Katia and Maurice Krafft,US,MIN
GB2022_077,The Fire Within: A Requiem for Katia and Maurice Krafft,FR,MIN
ES2023_001,Mummies,ES,MAJ
ES2023_001,Mummies,US,MAJ
ES2023_002,Campeonex,ES,MAJ
ES2023_003,Ocho apellidos marroquís,ES,MAJ
ES2023_004,Vacaciones de verano,ES,MAJ
ES2023_005,¡Vaya vacaciones!,ES,MAJ
ES2023_006,La Navidad en sus manos,ES,MAJ
ES2023_007,El hotel de los líos. García y García 2,ES,MAJ
ES2023_008,Como Dios manda,ES,MAJ
ES2023_009,La niña de la comunión,ES,MAJ
ES2023_010,Mi soledad tiene alas,ES,MAJ
ES2023_011,El mestre que va prometre el mar,ES,MAJ
ES2023_012,20.000 especies de abejas,ES,MAJ
ES2023_013,Alimañas,ES,MAJ
ES2023_014,Todos los nombres de Dios,ES,MAJ
ES2023_015,Me he hecho viral,ES,MAJ
ES2023_015,Me he hecho viral,AR,MIN
ES2023_016,Saben aquell,ES,MAJ
ES2023_017,Cerrar los ojos,ES,MAJ
ES2023_017,Cerrar los ojos,AR,MIN
ES2023_018,El favor,ES,MAJ
ES2023_019,Mi otro Jon,ES,MAJ
ES2023_020,Te estoy amando locamente,ES,MAJ
ES2023_021,O corno,ES,MAJ
ES2023_021,O corno,PT,MIN
ES2023_021,O corno,BE,MIN
ES2023_022,Verano en rojo,ES,MAJ
ES2023_023,Los buenos modales,ES,MAJ
ES2023_024,Matria,ES,MAJ
ES2023_025,¡Salta!,ES,MAJ
ES2023_026,La ternura,ES,MAJ
ES2023_026,La ternura,DO,MIN
ES2023_027,Las buenas compañías,ES,MAJ
ES2023_028,Teresa,ES,MAJ
ES2023_029,La voz del sol,ES,MAJ
ES2023_030,They Shot the Piano Player,ES,MAJ
ES2023_030,They Shot the Piano Player,FR,MIN
ES2023_030,They Shot the Piano Player,NL,MIN
ES2023_030,They Shot the Piano Player,PT,MIN
ES2023_031,El hombre del saco,ES,MAJ
ES2023_031,El hombre del saco,UY,MIN
ES2023_032,De Caperucita a loba,ES,MAJ
ES2023_033,Els encantats,ES,MAJ
ES2023_034,Que nadie duerma,ES,MAJ
ES2023_034,Que nadie duerma,RO,MIN
ES2023_035,La sirvienta,ES,MAJ
ES2023_036,Tin & Tina,ES,MAJ
ES2023_036,Tin & Tina,US,MIN
ES2023_036,Tin & Tina,RO,MIN
ES2023_037,La novia de América,ES,MAJ
ES2023_037,La novia de América,MX,MIN
ES2023_038,La ermita,ES,MAJ
ES2023_039,Loli Tormenta,ES,MAJ
ES2023_040,Samsara,ES,MAJ
ES2023_041,Esperando a Dalí,ES,MAJ
ES2023_042,Secaderos,ES,MAJ
ES2023_043,El Cuco,ES,MAJ
ES2023_043,El Cuco,DE,MIN
ES2023_044,Si todas las puertas se cierran,ES,MAJ
ES2023_045,La desconocida,ES,MAJ
ES2023_046,La manzana de oro,ES,MAJ
ES2023_046,La manzana de oro,PT,MIN
ES2023_047,Olvido,ES,MAJ
ES2023_048,Alguien que cuide de mí,ES,MAJ
ES2023_049,Sobre todo de noche,ES,MAJ
ES2023_049,Sobre todo de noche,PT,MIN
ES2023_049,Sobre todo de noche,FR,MIN
ES2023_050,Delfines de plata,ES,MAJ
ES2023_051,Tierra de nuestras madres,ES,MAJ
ES2023_052,La Singla,ES,MAJ
ES2023_052,La Singla,DE,MIN
ES2023_053,La Fortaleza,ES,MAJ
ES2023_054,Últimas voluntades,ES,MAJ
ES2023_055,Mamacruz,ES,MAJ
ES2023_056,La espera,ES,MAJ
ES2023_057,El fantástico caso del Golem,ES,MAJ
ES2023_057,El fantástico caso del Golem,EE,MIN
ES2023_058,Kepler Sexto B,ES,MAJ
ES2023_058,Kepler Sexto B,FR,MIN
ES2023_059,O home e o can,ES,MAJ
ES2023_060,Ruta salvatge,ES,MAJ
ES2023_061,"Cante Jondo, Granada 1922",ES,MAJ
ES2023_062,Cristina García Rodero: La mirada oculta,ES,MAJ
ES2023_063,A los libros y a las mujeres canto,ES,MAJ
ES2023_064,La imatge permanent,ES,MAJ
ES2023_064,La imatge permanent,FR,MIN
ES2023_065,Desmadre incluido,ES,MAJ
ES2023_066,Caleta Palace,ES,MAJ
ES2023_067,Quan no acaba la nit,ES,MAJ
ES2023_068,Secundarias,ES,MAJ
ES2023_069,Un día Lobo López,ES,MAJ
ES2023_070,Tiempo de Zarzuela,ES,MAJ
ES2023_071,Literato,ES,MAJ
ES2023_072,Mujeres olvidadas,ES,MAJ
ES2023_073,Venus,ES,MAJ
ES2023_074,Los Saldos,ES,MAJ
ES2023_075,Liuben,ES,MAJ
ES2023_075,Liuben,BG,MIN
ES2023_076,Camino de la suerte,ES,MAJ
ES2023_077,Amanece,ES,MAJ
ES2023_078,Bidean jarraituz,ES,MAJ
ES2023_079,Semilla del son,ES,MAJ
ES2023_080,Muyeres,ES,MAJ
ES2023_081,8 años,ES,MAJ
ES2023_082,Los Caballeros de Santiago,ES,MAJ
ES2023_083,Una noche con Adela,ES,MAJ
ES2023_084,Nato 0. El origen del mal,ES,MAJ
ES2023_085,El embrujo de Quijat,ES,MAJ
ES2023_086,Toda una vida,ES,MAJ
ES2023_087,Quest,ES,MAJ
ES2023_088,Alteritats,ES,MAJ
ES2023_089,La importancia de llamarse Ernesto y la gilipollez de llamarse Eric,ES,MAJ
ES2023_090,Ganado o Desierto,ES,MAJ
ES2023_091,Quatre raons,ES,MAJ
ES2023_092,El Hogar,ES,MAJ
ES2023_093,Petricor,ES,MAJ
ES2023_094,Balas y Katanas,ES,MAJ
ES2023_095,La memoria del cine: una película sobre Fernando Méndez-Leite,ES,MAJ
ES2023_096,La última lidia,ES,MAJ
ES2023_097,Odradek,ES,MAJ
ES2023_098,Un Hogar sin Armarios,ES,MAJ
ES2023_099,Set de Dau Arnau,ES,MAJ
ES2023_100,Soy una buena persona,ES,MAJ
ES2023_101,El Amigo de Todos,ES,MAJ
ES2023_102,"Antonio Canales, bailaor",ES,MAJ
ES2023_103,Capaz o incapaz?,ES,MAJ
ES2023_104,Domingo Domingo,ES,MAJ
ES2023_104,Domingo Domingo,LT,MIN
ES2023_105,Fauna,ES,MAJ
ES2023_106,Siete Jereles,ES,MAJ
ES2023_107,Conversaciones sobre el odio,ES,MAJ
ES2023_107,Conversaciones sobre el odio,AR,MIN
ES2023_108,Juan Mariné. Un siglo de cine,ES,MAJ
ES2023_109,"Julia y Fernando, una historia de vida",ES,MAJ
ES2023_110,Y todos arderán,ES,MAJ
ES2023_111,Hilos,ES,MAJ
ES2023_112,El otro lado de la realidad,ES,MAJ
ES2023_113,Mentre siguis tu,ES,MAJ
ES2023_114,The Longest War,ES,MAJ
GB2023_001,What's Love Got to Do with It?,GB,MAJ
GB2023_002,Empire of Light,GB,MAJ
GB2023_002,Empire of Light,US,MIN
GB2023_003,The Old Oak,GB,MAJ
GB2023_003,The Old Oak,FR,MIN
GB2023_003,The Old Oak,BE,MIN
GB2023_004,The Unlikely Pilgrimage of Harold Fry,GB,MAJ
GB2023_005,The Great Escaper,GB,MAJ
GB2023_005,The Great Escaper,SE,MIN
GB2023_006,Allelujah,GB,MAJ
GB2023_007,The Son,GB,MAJ
GB2023_007,The Son,FR,MIN
GB2023_008,The Canterville Ghost,GB,MAJ
GB2023_009,Sumotherhood,GB,MAJ
GB2023_010,Mafia Mamma,GB,MAJ
GB2023_010,Mafia Mamma,IT,MIN
GB2023_010,Mafia Mamma,US,MIN
GB2023_011,Golda,GB,MAJ
GB2023_011,Golda,US,MIN
GB2023_012,Rye Lane,GB,MAJ
GB2023_013,Polite Society,GB,MAJ
GB2023_014,The Eternal Daughter,GB,MAJ
GB2023_014,The Eternal Daughter,IE,MIN
GB2023_014,The Eternal Daughter,US,MIN
GB2023_015,Rise of the Footsoldier: Vengeance,GB,MAJ
GB2023_016,Enys Men,GB,MAJ
GB2023_017,The Lesson,GB,MAJ
GB2023_017,The Lesson,DE,MIN
GB2023_018,The Piper,GB,MAJ
GB2023_018,The Piper,LV,MIN
GB2023_019,Unwelcome,GB,MAJ
GB2023_020,Squaring the Circle: The Story of Hipgnosis,GB,MAJ
GB2023_021,Bank of Dave,GB,MAJ
GB2023_022,Medusa Deluxe,GB,MAJ
GB2023_023,Typist Artist Pirate King,GB,MAJ
GB2023_024,Mad About the Boy: The Noel Coward Story,GB,MAJ
GB2023_025,Bolan's Shoes,GB,MAJ
GB2023_026,Up on the Roof,GB,MAJ
GB2023_027,And Then Come the Nightjars,GB,MAJ
GB2023_028,Little English,GB,MAJ
GB2023_029,In the Court of the Crimson King: King Crimson at 50,GB,MAJ
GB2023_030,The Last Rider,GB,MAJ
GB2023_031,Have You Got It Yet? The Story of Syd Barrett and Pink Floyd,GB,MAJ
GB2023_032,Tetris,GB,MAJ
GB2023_032,Tetris,US,MIN
GB2023_033,Y Swn,GB,MAJ
GB2023_034,My Extinction,GB,MAJ
GB2023_035,Inland,GB,MAJ
GB2023_036,I Get Knocked Down,GB,MAJ
GB2023_037,Doctor Jekyll,GB,MAJ
GB2023_038,Never Forget Tibet,GB,MAJ
GB2023_039,Winners,GB,MAJ
GB2023_040,A Clever Woman,GB,MAJ
GB2023_041,Raging Grace,GB,MAJ
GB2023_042,Sweet Sue,GB,MAJ
GB2023_043,The Laureate,GB,MAJ
GB2023_044,Billy Idol: State Line,GB,MAJ
GB2023_045,Love Without Walls,GB,MAJ
GB2023_046,A Kind of Kidnapping,GB,MAJ
GB2023_047,Wait for Me,GB,MAJ
GB2023_047,Wait for Me,IE,MIN
GB2023_048,The Other Fellow,GB,MAJ
GB2023_049,The Undertaker,GB,MAJ
GB2023_050,Big Trouble in Little India,GB,MAJ
GB2023_051,The Bystanders,GB,MAJ
GB2023_052,God's Petting You,GB,MAJ
GB2023_053,To Nowhere,GB,MAJ
GB2023_054,Golden Stripes,GB,MAJ
GB2023_055,Marooned Awakening,GB,MAJ
GB2023_056,Goldfish,GB,MAJ
GB2023_056,Goldfish,US,MIN
GB2023_056,Goldfish,IN,MIN
GB2023_057,In the Middle,GB,MAJ
GB2023_058,My One and Only,GB,MAJ
GB2023_059,Kindling,GB,MAJ
GB2023_060,The Hunting of the Snark,GB,MAJ
GB2023_061,Dario Argento: Panico,GB,MAJ
GB2023_062,Chicken Run: Dawn of the Nugget,GB,MAJ
GB2023_062,Chicken Run: Dawn of the Nugget,US,MIN
GB2023_062,Chicken Run: Dawn of the Nugget,FR,MIN
GB2023_063,Sky Peals,GB,MAJ
GB2017_001,Dunkirk,GB,MAJ
GB2017_001,Dunkirk,US,MIN
GB2017_001,Dunkirk,FR,MIN
GB2017_001,Dunkirk,NL,MIN
GB2017_002,Paddington 2,GB,MAJ
GB2017_002,Paddington 2,FR,MIN
GB2017_003,Kingsman: The Golden Circle,GB,MAJ
GB2017_003,Kingsman: The Golden Circle,US,MIN
GB2017_004,T2: Trainspotting,GB,MAJ
GB2017_005,Victoria & Abdul,GB,MAJ
GB2017_005,Victoria & Abdul,US,MIN
GB2017_005,Victoria & Abdul,CN,MIN
GB2017_006,The Death of Stalin,GB,MAJ
GB2017_006,The Death of Stalin,FR,MIN
GB2017_006,The Death of Stalin,BE,MIN
GB2017_006,The Death of Stalin,CA,MIN
GB2017_007,Viceroy's House,GB,MAJ
GB2017_007,Viceroy's House,IN,MIN
GB2017_007,Viceroy's House,SE,MIN
GB2017_008,Their Finest,GB,MAJ
GB2017_008,Their Finest,SE,MIN
GB2017_009,My Cousin Rachel,GB,MAJ
GB2017_009,My Cousin Rachel,US,MIN
GB2017_010,Churchill,GB,MAJ
GB2017_011,Hampstead,GB,MAJ
GB2017_011,Hampstead,BE,MIN
GB2017_012,47 metres down,GB,MAJ
GB2017_012,47 metres down,US,MIN
GB2017_012,47 metres down,DO,MIN
GB2017_013,The Limehouse Golem,GB,MAJ
GB2017_014,The Sense of an Ending,GB,MAJ
GB2017_015,The Party,GB,MAJ
GB2017_016,Film Stars Don't Die in Liverpool,GB,MAJ
GB2017_017,God's Own Country,GB,MAJ
GB2017_018,Jawbone,GB,MAJ
GB2017_019,Daphne,GB,MAJ
GB2018_071,Dark River,GB,MAJ
GB2018_072,Leaning into the Wind,GB,MAJ
GB2018_072,Leaning into the Wind,DE,MIN
GB2017_020,Williams,GB,MAJ
GB2017_021,Final Portrait,GB,MAJ
GB2017_021,Final Portrait,US,MIN
GB2017_022,The Time of Their Lives,GB,MAJ
GB2017_023,Stratton,GB,MAJ
GB2017_024,Mad to Be Normal,GB,MAJ
GB2017_025,The Levelling,GB,MAJ
GB2017_026,Trespass Against Us,GB,MAJ
GB2017_027,Dough,GB,MAJ
GB2017_027,Dough,HU,MIN
GB2017_028,Earth: One Amazing Day,GB,MAJ
GB2017_029,Lady Macbeth,GB,MAJ
GB2017_030,The Man Who Invented Christmas,GB,MAJ
GB2017_030,The Man Who Invented Christmas,IE,MIN
GB2017_030,The Man Who Invented Christmas,CA,MIN
GB2017_030,The Man Who Invented Christmas,US,MIN
GB2017_031,Don't Knock Twice,GB,MAJ
GB2018_073,Walk with Me,GB,MAJ
GB2017_032,Bob the Builder: Mega Machines,GB,MAJ
GB2018_074,Beast,GB,MAJ
GB2021_051,The Highway Rat,GB,MAJ
GB2017_033,The Journey,GB,MAJ
GB2017_033,The Journey,US,MIN
GB2017_034,Mindhorn,GB,MAJ
GB2017_035,Another Mother's Son,GB,MAJ
GB2017_036,Whisky Galore,GB,MAJ
GB2017_037,The Hippopotamus,GB,MAJ
GB2017_038,Black Sabbath the End of the End,GB,MAJ
GB2017_039,Letters from Baghdad,GB,MAJ
GB2017_039,Letters from Baghdad,US,MIN
GB2017_039,Letters from Baghdad,FR,MIN
GB2017_040,Tommy's Honour,GB,MAJ
GB2017_040,Tommy's Honour,US,MIN
GB2017_041,Prevenge,GB,MAJ
GB2017_042,Romans,GB,MAJ
GB2017_043,Finding Fatimah,GB,MAJ
GB2017_044,The White King,GB,MAJ
GB2017_044,The White King,DE,MIN
GB2017_044,The White King,SE,MIN
GB2017_044,The White King,HU,MIN
GB2017_045,City of Tiny Lights,GB,MAJ
GB2017_046,The Ballad of Shirley Collins,GB,MAJ
GB2017_047,Summer in the Forest,GB,MAJ
GB2017_047,Summer in the Forest,FR,MIN
GB2017_047,Summer in the Forest,PS,MIN
GB2017_048,Nature of the Beast,GB,MAJ
GB2019_082,Sea Sorrow,GB,MAJ
GB2017_049,Manolo: The Boy Who Made Shoes for Lizards,GB,MAJ
GB2017_050,Where Is Kyra?,GB,MAJ
GB2017_050,Where Is Kyra?,US,MIN
GB2017_051,The Ghoul,GB,MAJ
GB2017_052,The Stolen,GB,MAJ
GB2017_052,The Stolen,NZ,MIN
GB2017_052,The Stolen,DE,MIN
GB2018_075,Gholam,GB,MAJ
GB2018_075,Gholam,IR,MIN
GB2017_053,Kenny,GB,MAJ
GB2017_054,Eat Locals,GB,MAJ
GB2017_055,Here to Be Heard: The Story of the Slits,GB,MAJ
GB2017_056,Away,GB,MAJ
GB2017_057,A Change in the Weather,GB,MAJ
GB2017_058,Let Me Go,GB,MAJ
GB2017_058,Let Me Go,AT,MIN
GB2017_059,The Hatton Garden Job,GB,MAJ
GB2019_083,Amazon Adventure,GB,MAJ
GB2019_083,Amazon Adventure,CA,MIN
GB2019_083,Amazon Adventure,BR,MIN
GB2017_060,SHOT! The Psycho-Spiritual Mantra of Rock,GB,MAJ
GB2017_060,SHOT! The Psycho-Spiritual Mantra of Rock,US,MIN
GB2017_061,Destination Unknown,GB,MAJ
GB2017_061,Destination Unknown,AT,MIN
GB2017_061,Destination Unknown,PL,MIN
GB2017_061,Destination Unknown,US,MIN
GB2019_084,Penny Slinger: Out of the Shadows,GB,MAJ
GB2017_062,Bill Viola: The Road to St Paul's,GB,MAJ
GB2017_062,Bill Viola: The Road to St Paul's,FR,MIN
GB2017_062,Bill Viola: The Road to St Paul's,IT,MIN
GB2017_062,Bill Viola: The Road to St Paul's,US,MIN
GB2017_063,Bad Day for the Cut,GB,MAJ
GB2017_064,Kaleidoscope,GB,MAJ
GB2017_065,Beautiful Devils,GB,MAJ
GB2017_066,Dying Laughing,GB,MAJ
GB2017_067,The Marker,GB,MAJ
GB2017_068,Beside Bowie: The Mick Ronson Story,GB,MAJ
GB2017_069,My Name Is Lenny,GB,MAJ
GB2017_070,Aux,GB,MAJ
ES2017_001,Es por tu bien,ES,MAJ
ES2017_002,Toc toc,ES,MAJ
ES2017_003,El guardián invisible,ES,MAJ
ES2017_003,El guardián invisible,DE,MIN
ES2017_004,The Bookshop,ES,MAJ
ES2017_004,The Bookshop,DE,MIN
ES2017_004,The Bookshop,GB,MIN
ES2017_005,Que baje Dios y lo vea,ES,MAJ
ES2017_006,La llamada,ES,MAJ
ES2017_007,Lo que de verdad importa,ES,MAJ
ES2017_007,Lo que de verdad importa,US,MIN
ES2017_007,Lo que de verdad importa,CA,MIN
ES2017_008,Fe de etarras,ES,MAJ
ES2017_009,El bar,ES,MAJ
ES2017_009,El bar,AR,MIN
ES2017_010,No sé decir adiós,ES,MAJ
ES2017_011,Incerta glòria,ES,MAJ
ES2017_012,La Chana,ES,MAJ
ES2017_012,La Chana,IS,MIN
ES2017_012,La Chana,US,MIN
ES2017_013,"Muchos hijos, un mono y un castillo",ES,MAJ
ES2017_014,Tierra firme,ES,MAJ
ES2017_015,Saura(s),ES,MAJ
ES2017_016,Black Butterfly,ES,MAJ
ES2017_016,Black Butterfly,US,MIN
ES2017_016,Black Butterfly,IT,MIN
ES2017_017,Operación Concha,ES,MAJ
ES2017_018,La higuera de los bastardos,ES,MAJ
ES2017_019,Mil coses que faria per tu,ES,MAJ
ES2017_020,Perfectos desconocidos,ES,MAJ
ES2017_020,Perfectos desconocidos,IT,MIN
ES2017_021,Tadeo Jones 2: El secreto del Rey Midas,ES,MAJ
ES2017_022,Verónica,ES,MAJ
ES2017_023,"Thi Mai, rumbo a Vietnam",ES,MAJ
ES2017_024,The Promise,ES,MAJ
ES2017_024,The Promise,US,MIN
ES2017_025,Estiu 1993,ES,MAJ
ES2017_026,Abracadabra,ES,MAJ
ES2017_026,Abracadabra,FR,MIN
ES2017_026,Abracadabra,BE,MIN
ES2017_027,Oro,ES,MAJ
ES2017_028,Los del túnel,ES,MAJ
ES2017_029,Handia,ES,MAJ
ES2017_030,El autor,ES,MAJ
ES2017_030,El autor,MX,MIN
ES2017_031,Muse,ES,MAJ
ES2017_031,Muse,IE,MIN
ES2017_031,Muse,BE,MIN
ES2017_031,Muse,FR,MIN
ES2017_032,Red de libertad,ES,MAJ
ES2017_033,Pieles,ES,MAJ
ES2017_034,Amar,ES,MAJ
ES2018_067,Matar a Dios,ES,MAJ
ES2018_067,Matar a Dios,FR,MIN
ES2017_035,Arte al Agua - los bacaladeros de Terranova,ES,MAJ
ES2017_036,Morir,ES,MAJ
ES2017_037,Pàtria,ES,MAJ
ES2017_038,La mano invisible,ES,MAJ
ES2017_039,Sabates grosses,ES,MAJ
ES2017_040,Pasaje al amanecer,ES,MAJ
ES2017_041,Brava,ES,MAJ
ES2017_042,Garantía personal,ES,MAJ
ES2017_043,Las heridas del viento,ES,MAJ
ES2017_044,Esquece Monelos,ES,MAJ
ES2017_045,La familia - Dementia,ES,MAJ
ES2017_045,La familia - Dementia,FR,MIN
ES2017_045,La familia - Dementia,DE,MIN
ES2017_046,Llueven vacas,ES,MAJ
ES2017_047,Stop Over in Hell,ES,MAJ
ES2017_048,"Luna grande, un tango por García Lorca",ES,MAJ
ES2017_049,Bajo la Rosa,ES,MAJ
ES2017_050,Mi vida entre las hormigas,ES,MAJ
ES2017_051,Alberto García-Alix. La línea de sombra,ES,MAJ
ES2017_052,"Los Secretos, una vida a tu lado",ES,MAJ
ES2017_053,Capturar: Las 1001 novias,ES,MAJ
ES2017_054,"Pau, la força d'un silenci",ES,MAJ
ES2017_055,Cosmética Terror,ES,MAJ
ES2017_056,Donde el bosque se espesa,ES,MAJ
ES2017_057,Herederos de la bestia,ES,MAJ
ES2017_058,Alumbrar: Las 1001 novias,ES,MAJ
ES2017_059,Fátima o el Parque de la Fraternidad,ES,MAJ
ES2017_059,Fátima o el Parque de la Fraternidad,CU,MIN
ES2017_060,Cortar: Las 1001 novias,ES,MAJ
ES2017_061,Luces,ES,MAJ
ES2017_062,Yerma: Barren,ES,MAJ
ES2017_062,Yerma: Barren,GB,MIN
ES2017_063,El vientre de Europa,ES,MAJ
ES2018_068,Santoalla,ES,MAJ
ES2018_068,Santoalla,US,MIN
ES2017_064,Una función para olvidar,ES,MAJ
ES2017_065,Lesa humanitat,ES,MAJ
ES2017_066,Los pájaros no tienen vértigo,ES,MAJ
ES2017_067,Fantasia by Escribà,ES,MAJ
ES2017_068,Dream Songs,ES,MAJ
ES2017_069,El último maestro ruso,ES,MAJ
GB2016_001,Bridget Jones's Baby,GB,MAJ
GB2016_001,Bridget Jones's Baby,US,MIN
GB2016_001,Bridget Jones's Baby,FR,MIN
GB2016_002,Absolutely Fabulous: The Movie,GB,MAJ
GB2016_002,Absolutely Fabulous: The Movie,US,MIN
GB2016_003,Dad's Army,GB,MAJ
GB2016_004,Eye in the Sky,GB,MAJ
GB2016_005,David Brent: Life on the Road,GB,MAJ
GB2016_005,David Brent: Life on the Road,US,MIN
GB2016_006,Florence Foster Jenkins,GB,MAJ
GB2016_007,"I, Daniel Blake",GB,MAJ
GB2016_007,"I, Daniel Blake",FR,MIN
GB2016_007,"I, Daniel Blake",BE,MIN
GB2016_008,The Girl with All the Gifts,GB,MAJ
GB2017_071,A Quiet Passion,GB,MAJ
GB2017_071,A Quiet Passion,BE,MIN
GB2017_071,A Quiet Passion,US,MIN
GB2016_009,My feral heart,GB,MAJ
GB2016_010,Versus: The Life and Films of Ken Loach,GB,MAJ
GB2016_011,Our Kind of Traitor,GB,MAJ
GB2016_011,Our Kind of Traitor,FR,MIN
GB2016_012,Where You're Meant to be,GB,MAJ
GB2016_013,Golden Years,GB,MAJ
GB2016_014,Despite the Falling Snow,GB,MAJ
GB2016_014,Despite the Falling Snow,CA,MIN
GB2016_015,Fantastic Beasts and Where to Find Them,GB,MAJ
GB2016_015,Fantastic Beasts and Where to Find Them,US,MIN
GB2016_016,Grimsby,GB,MAJ
GB2016_016,Grimsby,US,MIN
GB2016_017,Eddie the Eagle,GB,MAJ
GB2016_017,Eddie the Eagle,US,MIN
GB2016_017,Eddie the Eagle,DE,MIN
GB2016_018,A Street Cat Named Bob,GB,MAJ
GB2016_019,Love & Friendship,GB,MAJ
GB2016_019,Love & Friendship,IE,MIN
GB2016_019,Love & Friendship,FR,MIN
GB2016_019,Love & Friendship,NL,MIN
GB2016_020,High-Rise,GB,MAJ
GB2016_020,High-Rise,BE,MIN
GB2017_072,The Autopsy of Jane Doe,GB,MAJ
GB2017_072,The Autopsy of Jane Doe,US,MIN
GB2016_021,Swallows and Amazons,GB,MAJ
GB2017_073,This Beautiful Fantastic,GB,MAJ
GB2016_022,War on Everyone,GB,MAJ
GB2016_023,Born to Be Blue,GB,MAJ
GB2016_023,Born to Be Blue,CA,MIN
GB2016_024,One More Time with Feeling,GB,MAJ
GB2016_024,One More Time with Feeling,FR,MIN
GB2016_025,Alan Bennett's Diaries,GB,MAJ
GB2016_026,Ali and Nino,GB,MAJ
GB2016_027,The Carer,GB,MAJ
GB2016_027,The Carer,HU,MIN
GB2016_028,The Ones Below,GB,MAJ
GB2016_029,Remainder,GB,MAJ
GB2016_030,Mum's List,GB,MAJ
GB2016_031,Ethel & Ernest,GB,MAJ
GB2016_031,Ethel & Ernest,LU,MIN
GB2016_032,Departure,GB,MAJ
GB2016_032,Departure,FR,MIN
GB2016_033,Revolution: New Art for a New World,GB,MAJ
GB2016_033,Revolution: New Art for a New World,RU,MIN
GB2016_034,Adult Life Skills,GB,MAJ
GB2016_035,Burn Burn Burn,GB,MAJ
GB2016_036,Starfish,GB,MAJ
GB2017_074,We Are X,GB,MAJ
GB2017_074,We Are X,US,MIN
GB2016_037,I Am Belfast,GB,MAJ
GB2016_075,The Seasons in Quincy: Four Portraits of John Berger,GB,MAJ
GB2016_038,The Last Man On The Moon,GB,MAJ
GB2016_039,The Coming War on China,GB,MAJ
GB2016_040,ChickLit,GB,MAJ
GB2016_041,Love Is Thicker Than Water,GB,MAJ
GB2016_041,Love Is Thicker Than Water,NL,MIN
GB2016_042,Mom and Me,GB,MAJ
GB2016_042,Mom and Me,IE,MIN
GB2016_043,A Plastic Ocean,GB,MAJ
GB2016_043,A Plastic Ocean,HK,MIN
GB2016_044,The Weekend,GB,MAJ
GB2016_045,The Silent Storm,GB,MAJ
GB2016_046,Attacking the Devil: Harold Evans and the Last Nazi War Crime,GB,MAJ
GB2016_047,You've Been Trumped Too,GB,MAJ
GB2016_048,Uncle Howard,GB,MAJ
GB2016_048,Uncle Howard,US,MIN
GB2016_049,100 Streets,GB,MAJ
GB2016_050,Bobby,GB,MAJ
GB2016_051,Chicken,GB,MAJ
GB2016_052,K-Shop,GB,MAJ
GB2016_053,Breaking the Bank,GB,MAJ
GB2016_054,Orthodox,GB,MAJ
GB2017_076,Detour,GB,MAJ
GB2017_076,Detour,ZA,MIN
GB2016_055,Don't Hang Up,GB,MAJ
GB2016_056,Kill Command,GB,MAJ
GB2016_057,Into the Inferno,GB,MAJ
GB2016_057,Into the Inferno,DE,MIN
GB2016_057,Into the Inferno,CA,MIN
GB2016_058,The Truth Commissioner,GB,MAJ
GB2016_059,The Darkest Universe,GB,MAJ
GB2016_060,Plan Z,GB,MAJ
GB2016_061,Gangsters Gamblers Geezers,GB,MAJ
GB2016_062,Molly Moon and the Incredible Book of Hypnotism,GB,MAJ
GB2016_063,Blood Orange,GB,MAJ
GB2016_063,Blood Orange,ES,MIN
GB2016_064,Breakdown,GB,MAJ
GB2017_077,Chosen,GB,MAJ
GB2016_065,Norfolk,GB,MAJ
ES2016_001,A Monster Calls,ES,MAJ
ES2016_001,A Monster Calls,US,MIN
ES2016_002,Cien años de perdón,ES,MAJ
ES2016_002,Cien años de perdón,FR,MIN
ES2016_002,Cien años de perdón,AR,MIN
ES2016_003,Contratiempo,ES,MAJ
ES2016_004,El hombre de las mil caras,ES,MAJ
ES2016_005,Julieta,ES,MAJ
ES2016_006,El pregón,ES,MAJ
ES2016_007,100 metros,ES,MAJ
ES2016_007,100 metros,PT,MIN
ES2016_008,Toro,ES,MAJ
ES2016_009,Que Dios nos perdone,ES,MAJ
ES2016_010,Tenemos que hablar,ES,MAJ
ES2016_011,La reina de España,ES,MAJ
ES2016_012,La corona partida,ES,MAJ
ES2016_013,María (y los demás),ES,MAJ
ES2016_014,La puerta abierta,ES,MAJ
ES2016_015,El elegido,ES,MAJ
ES2016_015,El elegido,MX,MIN
ES2016_016,Nacida para ganar,ES,MAJ
ES2016_017,Rumbos,ES,MAJ
ES2016_018,El futuro ya no es lo que era,ES,MAJ
ES2016_019,Las furias,ES,MAJ
ES2016_020,"Política, manual de instrucciones",ES,MAJ
ES2016_021,Quatretondeta,ES,MAJ
ES2016_022,Villaviciosa de al lado,ES,MAJ
ES2016_023,"Señor, dame paciencia",ES,MAJ
ES2016_024,Tini: El gran cambio de Violetta,ES,MAJ
ES2016_024,Tini: El gran cambio de Violetta,IT,MIN
ES2016_024,Tini: El gran cambio de Violetta,AR,MIN
ES2016_025,Cuerpo de élite,ES,MAJ
ES2016_026,El olivo,ES,MAJ
ES2016_026,El olivo,DE,MIN
ES2016_027,Zipi y Zape y la Isla del Capitán,ES,MAJ
ES2016_028,1898. Los últimos de Filipinas,ES,MAJ
ES2016_029,Embarazados,ES,MAJ
ES2016_030,Plan de fuga,ES,MAJ
ES2016_031,Secuestro,ES,MAJ
ES2016_032,My Bakery in Brooklyn,ES,MAJ
ES2016_032,My Bakery in Brooklyn,US,MIN
ES2016_033,Gernika,ES,MAJ
ES2016_033,Gernika,US,MIN
ES2016_034,La punta del iceberg,ES,MAJ
ES2017_070,Mimosas,ES,MAJ
ES2017_070,Mimosas,MA,MIN
ES2017_070,Mimosas,FR,MIN
ES2017_070,Mimosas,RO,MIN
ES2017_070,Mimosas,QA,MIN
ES2016_035,Pixi Post eta opari-emaileak,ES,MAJ
ES2016_035,Pixi Post eta opari-emaileak,CO,MIN
ES2016_036,El último traje,ES,MAJ
ES2016_037,Vientos de la Habana,ES,MAJ
ES2016_037,Vientos de la Habana,CU,MIN
ES2016_038,Igelak,ES,MAJ
ES2016_039,Frágil equilibrio,ES,MAJ
ES2016_040,Acantilado,ES,MAJ
ES2016_041,In the Same Boat,ES,MAJ
ES2016_042,Luz de Soledad,ES,MAJ
ES2016_043,Cerca de tu casa,ES,MAJ
ES2016_044,La isla del viento,ES,MAJ
ES2016_044,La isla del viento,AR,MIN
ES2016_045,Migas de pan,ES,MAJ
ES2016_045,Migas de pan,UY,MIN
ES2016_046,Todo es de color,ES,MAJ
ES2016_047,El tiempo de los monstruos,ES,MAJ
ES2016_048,"Oh, quina joia!",ES,MAJ
ES2016_049,Anomalous,ES,MAJ
ES2016_049,Anomalous,US,MIN
ES2016_050,Mi valle,ES,MAJ
ES2016_051,Juegos de familia,ES,MAJ
ES2016_052,Julie,ES,MAJ
ES2016_053,"Sexo, maracas y chihuahuas",ES,MAJ
ES2016_054,La millor opció,ES,MAJ
ES2016_055,Oleg y las raras artes,ES,MAJ
ES2016_056,Re-emigrantes,ES,MAJ
ES2016_057,"Joana Biarnés, una entre tots",ES,MAJ
ES2016_058,Todo mujer,ES,MAJ
ES2016_059,Bombay Goa Express,ES,MAJ
ES2016_060,249. La noche en que una becaria encontró a Emiliano Revilla,ES,MAJ
ES2016_061,Sacramento,ES,MAJ
ES2016_062,Rumba Tres: De ida y vuelta,ES,MAJ
ES2016_062,Rumba Tres: De ida y vuelta,EC,MIN
ES2016_062,Rumba Tres: De ida y vuelta,US,MIN
ES2016_063,The Second Act of Elliott Murphy,ES,MAJ
ES2016_064,La mayor locura,ES,MAJ
ES2016_065,Club de Reyes,ES,MAJ
ES2016_066,L'Ovidi: El making of de la pel·lícula que mai es va fer,ES,MAJ
ES2016_067,Playing Lecuona,ES,MAJ
ES2016_068,La Ama,ES,MAJ
ES2016_069,Bienvenido Mr. Heston,ES,MAJ
ES2016_070,"Cervantes, la búsqueda",ES,MAJ
ES2016_071,María conversa,ES,MAJ
ES2016_072,Querida Gina,ES,MAJ
ES2016_073,El manuscrito Vindel,ES,MAJ
ES2016_074,Relaxing Cup of Coffee,ES,MAJ
ES2016_075,"Matilde Coral, acariciando el aire",ES,MAJ
ES2016_076,Robert Llimós: Art i ovnis,ES,MAJ
ES2016_077,"Miguel Picazo, un cineasta extramuros",ES,MAJ
ES2016_078,7 años,ES,MAJ
ES2016_079,Earth Sutra,ES,MAJ
ES2016_079,El País con la Constitución,ES,MAJ
GB2015_001,Spectre,GB,MAJ
GB2015_001,Spectre,US,MIN
GB2015_002,Kingsman: The Secret Service,GB,MAJ
GB2015_002,Kingsman: The Secret Service,US,MIN
GB2015_003,The Second Best Marigold Exotic Hotel,GB,MAJ
GB2015_003,The Second Best Marigold Exotic Hotel,US,MIN
GB2015_004,The Lady in the Van,GB,MAJ
GB2015_005,Suffragette,GB,MAJ
GB2015_006,Brooklyn,GB,MAJ
GB2015_006,Brooklyn,IE,MIN
GB2015_006,Brooklyn,CA,MIN
GB2015_007,Woman in Gold,GB,MAJ
GB2015_007,Woman in Gold,US,MIN
GB2015_008,Mr Holmes,GB,MAJ
GB2015_008,Mr Holmes,US,MIN
GB2015_009,45 years,GB,MAJ
GB2015_010,A little chaos,GB,MAJ
GB2015_011,Sunset Song,GB,MAJ
GB2015_011,Sunset Song,LU,MIN
GB2015_012,Dark Horse,GB,MAJ
GB2015_013,Miss You Already,GB,MAJ
GB2016_065,Antigang,GB,MAJ
GB2016_065,Antigang,FR,MIN
GB2015_014,The Program,GB,MAJ
GB2015_014,The Program,FR,MIN
GB2015_015,Man Up,GB,MAJ
GB2015_015,Man Up,FR,MIN
GB2015_016,Life,GB,MAJ
GB2015_016,Life,US,MIN
GB2015_016,Life,DE,MIN
GB2015_016,Life,CA,MIN
GB2015_016,Life,AU,MIN
GB2015_017,The Legend of Barney Thomson,GB,MAJ
GB2015_017,The Legend of Barney Thomson,CA,MIN
GB2015_018,London Road,GB,MAJ
GB2015_019,Hector,GB,MAJ
GB2015_020,Catch Me Daddy,GB,MAJ
GB2015_021,Testament of Youth,GB,MAJ
GB2015_021,Testament of Youth,FR,MIN
GB2015_021,Testament of Youth,BE,MIN
GB2015_021,Testament of Youth,CA,MIN
GB2015_022,Second coming,GB,MAJ
GB2015_023,Suite Française,GB,MAJ
GB2015_023,Suite Française,FR,MIN
GB2015_023,Suite Française,BE,MIN
GB2015_023,Suite Française,CA,MIN
GB2015_024,Roger Waters: The Wall,GB,MAJ
GB2015_025,Robot Overlords,GB,MAJ
GB2015_026,Radiator,GB,MAJ
GB2016_066,The Danish Girl,GB,MAJ
GB2016_066,The Danish Girl,US,MIN
GB2016_066,The Danish Girl,BE,MIN
GB2016_066,The Danish Girl,DK,MIN
GB2016_066,The Danish Girl,DE,MIN
GB2015_027,Legend,GB,MAJ
GB2015_027,Legend,US,MIN
GB2015_027,Legend,FR,MIN
GB2015_028,Far from the Madding Crowd,GB,MAJ
GB2015_028,Far from the Madding Crowd,US,MIN
GB2015_029,Macbeth,GB,MAJ
GB2015_029,Macbeth,FR,MIN
GB2015_030,Absolutely Anything,GB,MAJ
GB2015_031,Spooks: The Greater Good,GB,MAJ
GB2015_032,A Royal Night Out,GB,MAJ
GB2015_033,Thomas & Friends: Sodor's Legend of the Lost Treasure,GB,MAJ
GB2015_034,The Falling,GB,MAJ
GB2015_035,Howl,GB,MAJ
GB2015_036,How to Change the World,GB,MAJ
GB2015_036,How to Change the World,CA,MIN
GB2015_037,A Christmas Star,GB,MAJ
GB2015_038,The D Train,GB,MAJ
GB2015_038,The D Train,US,MIN
GB2015_039,I Believe in Miracles,GB,MAJ
GB2016_067,The Survivalist,GB,MAJ
GB2015_040,Tin,GB,MAJ
GB2015_041,Amar Akbar & Tony,GB,MAJ
GB2015_042,The Ecstasy of Wilko Johnson,GB,MAJ
GB2015_043,My Nazi Legacy,GB,MAJ
GB2015_044,Nina Forever,GB,MAJ
GB2015_045,Dartmoor Killing,GB,MAJ
GB2015_046,The Honourable Rebel,GB,MAJ
GB2015_047,Filmovy dobrodruh Karel Zeman,GB,MAJ
GB2015_047,Filmovy dobrodruh Karel Zeman,JP,MIN
GB2015_047,Filmovy dobrodruh Karel Zeman,FR,MIN
GB2015_047,Filmovy dobrodruh Karel Zeman,CZ,MIN
GB2015_048,Chuck Norris vs. Communism,GB,MAJ
GB2015_048,Chuck Norris vs. Communism,RO,MIN
GB2015_048,Chuck Norris vs. Communism,DE,MIN
GB2015_049,SuperBob,GB,MAJ
GB2015_050,Honour Killing,GB,MAJ
GB2015_051,Bypass,GB,MAJ
GB2015_052,By Our Selves,GB,MAJ
GB2015_053,A Dark Reflection,GB,MAJ
GB2015_054,Still,GB,MAJ
GB2018_076,Where Do We Go From Here?,GB,MAJ
GB2015_055,Aaaaaaaah!,GB,MAJ
GB2015_056,Tales of the Grim Sleeper,GB,MAJ
GB2015_056,Tales of the Grim Sleeper,US,MIN
GB2015_057,The Last Sparks of Sundown,GB,MAJ
GB2015_058,Dreams Rewired,GB,MAJ
GB2015_058,Dreams Rewired,DE,MIN
GB2015_058,Dreams Rewired,AT,MIN
GB2015_059,Peterman,GB,MAJ
GB2015_060,The First Film,GB,MAJ
GB2015_060,The First Film,US,MIN
GB2015_060,The First Film,FR,MIN
GB2015_061,Pleasure Island,GB,MAJ
GB2015_062,Narcopolis,GB,MAJ
GB2015_063,Elstree 1976,GB,MAJ
GB2015_064,A Dozen Summers,GB,MAJ
GB2015_065,The Closer We Get,GB,MAJ
GB2015_065,The Closer We Get,ET,MIN
GB2015_066,"To Be Frank, Sinatra at 100",GB,MAJ
GB2015_067,Katherine of Alexandria,GB,MAJ
GB2015_068,Hustlers Convention,GB,MAJ
GB2015_068,Hustlers Convention,FR,MIN
GB2015_068,Hustlers Convention,US,MIN
GB2015_069,Convenience,GB,MAJ
GB2015_070,North v South,GB,MAJ
GB2015_071,Born of War,GB,MAJ
GB2015_071,Born of War,JO,MIN
GB2015_071,Born of War,CY,MIN
GB2015_072,Solitary,GB,MAJ
GB2015_072,Solitary,US,MIN
GB2015_073,Unhallowed Ground,GB,MAJ
GB2015_074,Blood Moon,GB,MAJ
GB2015_075,Residue,GB,MAJ
GB2015_076,Leading Lady,GB,MAJ
GB2015_076,Leading Lady,ZA,MIN
GB2015_077,Age of Kill,GB,MAJ
ES2015_001,Ocho apellidos catalanes,ES,MAJ
ES2015_002,Perdiendo el Norte,ES,MAJ
ES2015_003,Palmeras en la nieve,ES,MAJ
ES2015_004,Truman,ES,MAJ
ES2015_004,Truman,AR,MIN
ES2015_005,Anacleto: Agente Secreto,ES,MAJ
ES2015_006,Mi gran noche,ES,MAJ
ES2015_007,A perfect day,ES,MAJ
ES2015_008,Rey Gitano,ES,MAJ
ES2015_009,A cambio de nada,ES,MAJ
ES2015_010,La novia,ES,MAJ
ES2015_010,La novia,DE,MIN
ES2015_011,I am your father,ES,MAJ
ES2015_012,Amama,ES,MAJ
ES2015_013,Pikadero,ES,MAJ
ES2015_013,Pikadero,GB,MIN
ES2015_014,Barcelona nit d'hivern,ES,MAJ
ES2015_015,Bendita calamidad,ES,MAJ
ES2015_016,Isla Bonita,ES,MAJ
ES2015_017,Hablar,ES,MAJ
ES2015_018,Regression,ES,MAJ
ES2015_018,Regression,CA,MIN
ES2015_018,Regression,US,MIN
ES2015_019,Ahora o nunca,ES,MAJ
ES2015_020,La final,ES,MAJ
ES2015_021,Francisco - El Padre Jorge,ES,MAJ
ES2015_021,Francisco - El Padre Jorge,AR,MIN
ES2015_021,Francisco - El Padre Jorge,IT,MIN
ES2015_022,La playa de los ahogados,ES,MAJ
ES2015_023,Nadie quiere la noche,ES,MAJ
ES2015_023,Nadie quiere la noche,FR,MIN
ES2015_023,Nadie quiere la noche,BG,MIN
ES2015_024,Incidencias,ES,MAJ
ES2015_025,Summer Camp,ES,MAJ
ES2015_025,Summer Camp,US,MIN
ES2015_026,La espina de Dios,ES,MAJ
ES2015_027,L'adopció,ES,MAJ
ES2015_027,L'adopció,LT,MIN
ES2015_028,Techo y comida,ES,MAJ
ES2015_029,Un otoño sin Berlín,ES,MAJ
ES2015_030,Lejos del mar,ES,MAJ
ES2015_031,Barça Dreams,ES,MAJ
ES2015_032,B,ES,MAJ
ES2015_033,El apóstata,ES,MAJ
ES2015_033,El apóstata,FR,MIN
ES2015_033,El apóstata,UY,MIN
ES2015_034,El clan,ES,MAJ
ES2015_035,De chica en chica,ES,MAJ
ES2015_036,"Gabo, la creación de Gabriel García Márquez",ES,MAJ
ES2015_036,"Gabo, la creación de Gabriel García Márquez",US,MIN
ES2015_036,"Gabo, la creación de Gabriel García Márquez",CO,MIN
ES2015_036,"Gabo, la creación de Gabriel García Márquez",DE,MIN
ES2015_036,"Gabo, la creación de Gabriel García Márquez",GB,MIN
ES2015_037,Sicarivs: La noche y el silencio,ES,MAJ
ES2015_038,"Cola, Colita, Colassa",ES,MAJ
ES2015_039,El país del miedo,ES,MAJ
ES2015_040,Txarriboda,ES,MAJ
ES2015_041,Tercer grado,ES,MAJ
ES2015_042,Vulcania,ES,MAJ
ES2015_042,Vulcania,SE,MIN
ES2015_042,Vulcania,FR,MIN
ES2015_043,Las aventuras de Moriana,ES,MAJ
ES2015_044,El somni català,ES,MAJ
ES2015_045,Vampyres,ES,MAJ
ES2015_046,Capa Caída,ES,MAJ
ES2015_047,Rocco tiene tu nombre,ES,MAJ
ES2015_047,Rocco tiene tu nombre,IT,MIN
ES2015_048,O futebol,ES,MAJ
ES2015_048,O futebol,BR,MIN
ES2015_049,No todo es vigilia,ES,MAJ
ES2015_049,No todo es vigilia,CO,MIN
ES2015_050,Tras Nazarin: Following Nazarin,ES,MAJ
ES2015_050,Tras Nazarin: Following Nazarin,MX,MIN
ES2015_051,Cuento de verano,ES,MAJ
ES2015_052,El violín de piedra,ES,MAJ
ES2015_053,L'artèria invisible,ES,MAJ
ES2015_054,L'assaig,ES,MAJ
ES2015_055,Sacristán: delantera de gallinero,ES,MAJ
ES2015_056,El Señor Manolo,ES,MAJ
ES2015_057,Darrera la porta,ES,MAJ
ES2015_058,Queridos monstruos,ES,MAJ
GB2014_001,Mr. Turner,GB,MAJ
GB2014_001,Mr. Turner,DE,MIN
GB2014_001,Mr. Turner,FR,MIN
GB2014_002,"20,000 days on Earth",GB,MAJ
GB2014_002,"20,000 days on Earth",FR,MIN
GB2014_003,Pride,GB,MAJ
GB2014_003,Pride,FR,MIN
GB2014_004,Lilting,GB,MAJ
GB2014_005,Northern Soul,GB,MAJ
GB2014_006,Paddington,GB,MAJ
GB2014_006,Paddington,FR,MIN
GB2014_007,Hockney,GB,MAJ
GB2014_008,Belle,GB,MAJ
GB2014_009,Frank,GB,MAJ
GB2014_009,Frank,IE,MIN
GB2014_010,Night Will Fall,GB,MAJ
GB2014_011,Mrs. Brown's Boys D'Movie,GB,MAJ
GB2014_011,Mrs. Brown's Boys D'Movie,IE,MIN
GB2014_012,"Nativity 3: Dude, where's my donkey?",GB,MAJ
GB2014_013,The Two Faces of January,GB,MAJ
GB2014_013,The Two Faces of January,US,MIN
GB2014_013,The Two Faces of January,FR,MIN
GB2014_014,What We Did On Our Holiday,GB,MAJ
GB2014_015,Jimmy's Hall,GB,MAJ
GB2014_015,Jimmy's Hall,IE,MIN
GB2014_015,Jimmy's Hall,FR,MIN
GB2014_016,A Long Way Down,GB,MAJ
GB2014_016,A Long Way Down,DE,MIN
GB2014_017,My Old Lady,GB,MAJ
GB2014_017,My Old Lady,FR,MIN
GB2014_017,My Old Lady,US,MIN
GB2014_018,Get Santa,GB,MAJ
GB2014_018,Get Santa,US,MIN
GB2015_078,Trash,GB,MAJ
GB2015_078,Trash,DE,MIN
GB2015_078,Trash,BR,MIN
GB2014_019,Cuban Fury,GB,MAJ
GB2014_020,Pudsey the Dog: The Movie,GB,MAJ
GB2014_021,Effie Gray,GB,MAJ
GB2016_068,Desert Dancer,GB,MAJ
GB2014_022,The Guvnors,GB,MAJ
GB2014_023,Stilll the Enemy Within,GB,MAJ
GB2014_024,The Anomaly,GB,MAJ
GB2014_025,An Brontannas,GB,MAJ
GB2014_025,An Brontannas,IE,MIN
GB2014_026,The Double,GB,MAJ
GB2014_027,The Machine,GB,MAJ
GB2014_028,The Zero Theorem,GB,MAJ
GB2014_028,The Zero Theorem,RO,MIN
GB2014_028,The Zero Theorem,FR,MIN
GB2014_028,The Zero Theorem,US,MIN
GB2014_029,For No Good Reason,GB,MAJ
GB2014_029,For No Good Reason,US,MIN
GB2015_079,The Theory of Everything,GB,MAJ
GB2015_079,The Theory of Everything,US,MIN
GB2014_030,The Love Punch,GB,MAJ
GB2014_031,Postman Pat: The Movie,GB,MAJ
GB2014_032,Hermitage Revealed,GB,MAJ
GB2014_032,Hermitage Revealed,US,MIN
GB2014_032,Hermitage Revealed,NL,MIN
GB2014_032,Hermitage Revealed,RU,MIN
GB2014_033,Road,GB,MAJ
GB2014_033,Road,IE,MIN
GB2014_034,Ironclad: Battle for Blood,GB,MAJ
GB2014_034,Ironclad: Battle for Blood,RS,MIN
GB2014_035,Tony Benn: Will and Testament,GB,MAJ
GB2014_036,One Night in Istanbul,GB,MAJ
GB2014_037,The Possibilities Are Endless,GB,MAJ
GB2014_038,Set Fire to the Stars,GB,MAJ
GB2014_039,In Search of Chopin,GB,MAJ
GB2014_040,How We Used to Live,GB,MAJ
GB2014_041,I Am Ali,GB,MAJ
GB2014_041,I Am Ali,US,MIN
GB2014_042,Dexys: Nowhere Is Home,GB,MAJ
GB2014_043,Svengali,GB,MAJ
GB2014_044,Looking for Light: Jane Bown,GB,MAJ
GB2014_045,A Dangerous Game,GB,MAJ
GB2014_046,Believe,GB,MAJ
GB2014_047,Journey to Le Mans,GB,MAJ
GB2014_048,Back to the Garden,GB,MAJ
GB2014_049,Common People,GB,MAJ
GB2014_050,Bonobo,GB,MAJ
GB2014_051,Genesis: Together and Apart,GB,MAJ
GB2014_052,Luna,GB,MAJ
GB2014_053,The Borderlands,GB,MAJ
GB2014_054,Bette Bourne: It Goes with the Shoes,GB,MAJ
GB2014_055,Almost Married,GB,MAJ
GB2014_056,We Are the Freaks,GB,MAJ
GB2014_057,Hello Carter,GB,MAJ
GB2014_058,We Still Kill the Old Way,GB,MAJ
GB2014_059,The Last Showing,GB,MAJ
GB2014_060,Scar Tissue,GB,MAJ
GB2014_061,The Sleeping Room,GB,MAJ
ES2014_001,Negociador,ES,MAJ
ES2014_002,Torrente 5: Operación Eurovegas,ES,MAJ
ES2014_003,Carmina y amén.,ES,MAJ
ES2014_004,[REC] 4: Apocalipsis,ES,MAJ
ES2014_005,Musarañas,ES,MAJ
ES2014_005,Musarañas,FR,MIN
ES2014_006,"2 francos, 40 pesetas",ES,MAJ
ES2014_007,Las ovejas no pierden el tren,ES,MAJ
ES2014_008,Magical Girl,ES,MAJ
ES2014_008,Magical Girl,FR,MIN
ES2014_009,Loreak,ES,MAJ
ES2014_010,Justi&Cia,ES,MAJ
ES2014_011,A escondidas,ES,MAJ
ES2014_012,Anochece en la India,ES,MAJ
ES2014_012,Anochece en la India,RO,MIN
ES2014_012,Anochece en la India,SE,MIN
ES2014_012,Anochece en la India,TR,MIN
ES2014_012,Anochece en la India,IN,MIN
ES2014_013,Paco de Lucía: La búsqueda,ES,MAJ
ES2014_014,Kamikaze,ES,MAJ
ES2014_015,Solo química,ES,MAJ
ES2014_016,Lasa y Zabala,ES,MAJ
ES2014_017,Mr. Kaplan,ES,MAJ
ES2014_017,Mr. Kaplan,UY,MIN
ES2014_017,Mr. Kaplan,DE,MIN
ES2014_018,Little Galicia,ES,MAJ
ES2014_019,Fuego,ES,MAJ
ES2014_020,Murieron por encima de sus posibilidades,ES,MAJ
ES2014_021,10.000 noches en ninguna parte,ES,MAJ
ES2014_021,10.000 noches en ninguna parte,FR,MIN
ES2014_021,10.000 noches en ninguna parte,DE,MIN
ES2014_022,Another me,ES,MAJ
ES2014_022,Another me,GB,MIN
ES2014_023,Mortadelo y Filemón contra Jimmy el Cachondo,ES,MAJ
ES2014_024,"Pancho, el perro millonario",ES,MAJ
ES2014_025,Cómo sobrevivir a una despedida,ES,MAJ
ES2014_026,Sweet Home,ES,MAJ
ES2014_026,Sweet Home,PL,MIN
ES2014_027,Rastres de sàndal,ES,MAJ
ES2014_027,Rastres de sàndal,FR,MIN
ES2014_027,Rastres de sàndal,IN,MIN
ES2014_028,La ignorancia de la sangre,ES,MAJ
ES2014_029,Por un puñado de besos,ES,MAJ
ES2014_029,Por un puñado de besos,VE,MIN
ES2014_030,A Esmorga,ES,MAJ
ES2014_031,Messi,ES,MAJ
ES2014_032,Asesinos inocentes,ES,MAJ
ES2014_033,Bajo un manto de estrellas,ES,MAJ
ES2014_034,La luz con el tiempo dentro,ES,MAJ
ES2014_035,La partida,ES,MAJ
ES2014_035,La partida,CU,MIN
ES2014_036,Stella cadente,ES,MAJ
ES2014_037,Tres mentiras,ES,MAJ
ES2014_038,Pos eso,ES,MAJ
ES2014_039,Mai és tan fosc,ES,MAJ
ES2014_040,Cera,ES,MAJ
ES2014_041,Los tontos y los estúpidos,ES,MAJ
ES2014_042,Neckan,ES,MAJ
ES2014_042,Neckan,MA,MIN
ES2014_043,Sonata per a violoncel,ES,MAJ
ES2014_044,Investigación policial,ES,MAJ
ES2014_045,Historias de Lavapiés,ES,MAJ
ES2014_046,O ouro do tempo,ES,MAJ
ES2014_047,1980,ES,MAJ
ES2014_048,"Sacromonte, los sabios de la tribu",ES,MAJ
ES2014_049,Paradiso,ES,MAJ
ES2014_050,Flow,ES,MAJ
ES2014_051,Zarpazos! Un Viaje Por El Spanish Horror,ES,MAJ
ES2014_052,Asmodexia,ES,MAJ
ES2014_053,El mal del arriero,ES,MAJ
ES2014_054,L'Home del metro,ES,MAJ
ES2014_055,Haz de tu vida una obra de arte,ES,MAJ
ES2014_056,Hotel Nueva Isla,ES,MAJ
ES2014_056,Hotel Nueva Isla,CU,MIN
ES2014_057,L'últim partit. 40 anys de Johan Cruyff a Catalunya,ES,MAJ
ES2014_058,Cinema en temps de guerra,ES,MAJ
ES2014_059,La pantalla herida,ES,MAJ
ES2014_060,Huidas,ES,MAJ
ES2014_061,Mis Cármenes,ES,MAJ
ES2021_044,Madres paralelas,ES,MAJ
ES2021_045,El buen patrón,ES,MAJ
ES2021_046,Mamá o papá,ES,MAJ
ES2021_047,Pan de limón con semillas de amapola,ES,MAJ
ES2021_047,Pan de limón con semillas de amapola,LU,MIN
ES2021_048,Las leyes de la frontera,ES,MAJ
ES2021_049,Tengamos la fiesta en paz,ES,MAJ
ES2021_050,Chavalas,ES,MAJ
ES2021_051,"España, la primera globalización",ES,MAJ
ES2021_052,La hija,ES,MAJ
ES2021_053,Love Gets a Room,ES,MAJ
ES2021_053,Love Gets a Room,GB,MIN
ES2021_054,Cuidado con lo que deseas,ES,MAJ
ES2021_055,A Perfect Enemy,ES,MAJ
ES2021_055,A Perfect Enemy,DE,MIN
ES2021_055,A Perfect Enemy,FR,MIN
ES2021_056,El refugio,ES,MAJ
ES2021_056,El refugio,PE,MIN
ES2021_057,Sevillanas de Brooklyn,ES,MAJ
ES2021_058,Érase una vez en Euskadi,ES,MAJ
ES2021_059,El club del paro,ES,MAJ
ES2021_060,El año de la furia,ES,MAJ
ES2021_060,El año de la furia,AR,MIN
ES2021_060,El año de la furia,UY,MIN
ES2021_061,Ama,ES,MAJ
ES2021_062,Alegría,ES,MAJ
ES2021_062,Alegría,US,MIN
ES2021_063,Hombre muerto no sabe vivir,ES,MAJ
ES2019_081,Padre no hay más que uno,ES,MAJ
ES2019_082,Lo dejo cuando quiera,ES,MAJ
ES2019_083,Bajo el mismo techo,ES,MAJ
ES2019_084,Los Japón,ES,MAJ
ES2019_085,El silencio de la ciudad blanca,ES,MAJ
ES2019_086,Elcano y Magallanes. La primera vuelta al mundo,ES,MAJ
ES2019_087,Intemperie,ES,MAJ
ES2019_087,Intemperie,PT,MIN
ES2019_088,La influencia,ES,MAJ
ES2019_089,Litus,ES,MAJ
ES2019_090,El asesino de los caprichos,ES,MAJ
ES2019_090,El asesino de los caprichos,BE,MIN
ES2019_091,Feedback,ES,MAJ
ES2019_091,Feedback,US,MIN
ES2019_092,Antes de la quema,ES,MAJ
ES2019_093,Ventajas de viajar en tren,ES,MAJ
ES2019_093,Ventajas de viajar en tren,FR,MIN
ES2019_094,70 Binladens,ES,MAJ
ES2019_095,Madre,ES,MAJ
ES2019_095,Madre,FR,MIN
ES2019_096,7 raons per fugir,ES,MAJ
ES2018_069,Campeones,ES,MAJ
ES2018_070,Superlópez,ES,MAJ
ES2018_071,Yucatán,ES,MAJ
ES2018_072,El cuaderno de Sara,ES,MAJ
ES2018_073,El pacto,ES,MAJ
ES2018_074,Tiempo después,ES,MAJ
ES2018_074,Tiempo después,PT,MIN
ES2018_075,Down a Dark Hall,ES,MAJ
ES2018_075,Down a Dark Hall,US,MIN
ES2018_076,La sombra de la ley,ES,MAJ
ES2018_076,La sombra de la ley,FR,MIN
ES2018_077,El mundo es suyo,ES,MAJ
ES2018_078,No dormirás,ES,MAJ
ES2018_078,No dormirás,AR,MIN
ES2018_078,No dormirás,UY,MIN
ES2018_079,El aviso,ES,MAJ
ES2018_080,Las leyes de la termodinámica,ES,MAJ
ES2018_081,Errementari,ES,MAJ
ES2018_081,Errementari,FR,MIN
ES2018_082,Viaje al cuarto de una madre,ES,MAJ
ES2018_083,Black is Beltza,ES,MAJ
ES2018_084,El desentierro,ES,MAJ
ES2018_084,El desentierro,AR,MIN
ES2018_085,Bajo la piel de lobo,ES,MAJ
ES2018_086,Animales sin collar,ES,MAJ
ES2018_087,Camarón: Flamenco y revolución,ES,MAJ
ES2018_088,Dhogs,ES,MAJ
ES2018_089,Ana de día,ES,MAJ
ES2020_068,Adú,ES,MAJ
ES2020_069,Operación Camarón,ES,MAJ
ES2020_070,Hasta que la boda nos separe,ES,MAJ
ES2020_071,La Gallina Turuleca,ES,MAJ
ES2020_071,La Gallina Turuleca,AR,MIN
ES2020_072,El verano que vivimos,ES,MAJ
ES2020_073,Las niñas,ES,MAJ
ES2020_074,Voces,ES,MAJ
ES2020_075,Explota Explota,ES,MAJ
ES2020_075,Explota Explota,IT,MIN
ES2020_076,Ni de coña,ES,MAJ
ES2020_077,La vampira de Barcelona,ES,MAJ
ES2020_078,Ane,ES,MAJ
GB2021_053,The Electrical Life of Louis Wain,GB,MAJ
GB2021_053,The Electrical Life of Louis Wain,US,MIN
GB2021_054,Nowhere Special,GB,MAJ
GB2021_054,Nowhere Special,IT,MIN
GB2021_054,Nowhere Special,RO,MIN
GB2021_055,Dream Horse,GB,MAJ
GB2021_056,The Power of the Dog,GB,MAJ
GB2021_056,The Power of the Dog,CA,MIN
GB2021_056,The Power of the Dog,AU,MIN
GB2021_056,The Power of the Dog,NZ,MIN
GB2021_057,Censor,GB,MAJ
GB2020_049,Falling for Figaro,GB,MAJ
GB2020_049,Falling for Figaro,AU,MIN
GB2020_050,Stardust,GB,MAJ
GB2020_051,The Reckoning,GB,MAJ
GB2020_051,The Reckoning,US,MIN
GB2021_058,Boys from County Hell,GB,MAJ
GB2021_058,Boys from County Hell,IE,MIN
GB2021_059,Quant,GB,MAJ
GB2021_060,Surge,GB,MAJ
GB2021_061,The Nest,GB,MAJ
GB2021_061,The Nest,CA,MIN
GB2021_061,The Nest,US,MIN
GB2021_061,The Nest,IE,MIN
GB2021_062,Ammonite,GB,MAJ
GB2021_062,Ammonite,AU,MIN
GB2021_062,Ammonite,US,MIN
GB2020_044,The Rhythm Section,GB,MAJ
GB2020_044,The Rhythm Section,US,MIN
GB2020_044,The Rhythm Section,ES,MIN
GB2020_045,White Riot,GB,MAJ
GB2019_085,Rocketman,GB,MAJ
GB2019_086,Horrible Histories: The Movie - Rotten Romans,GB,MAJ
GB2020_049,Radioactive,GB,MAJ
GB2020_049,Radioactive,FR,MIN
GB2020_049,Radioactive,US,MIN
GB2020_049,Radioactive,CN,MIN
GB2020_049,Radioactive,HU,MIN
GB2019_087,The Informer,GB,MAJ
GB2019_088,StarDog and TurboCat,GB,MAJ
GB2019_089,Marianne & Leonard: Words of Love,GB,MAJ
GB2019_089,Marianne & Leonard: Words of Love,CA,MIN
GB2019_090,Sometimes Always Never,GB,MAJ
GB2019_090,Sometimes Always Never,US,MIN
GB2019_091,Animals,GB,MAJ
GB2019_091,Animals,AU,MIN
GB2019_091,Animals,IE,MIN
GB2019_092,In Fabric,GB,MAJ
GB2019_093,The Last Tree,GB,MAJ
GB2019_094,The Favourite,GB,MAJ
GB2019_094,The Favourite,US,MIN
GB2019_094,The Favourite,IE,MIN
GB2018_077,Early Man,GB,MAJ
GB2018_077,Early Man,US,MIN
GB2018_077,Early Man,FR,MIN
GB2018_078,Patrick,GB,MAJ
GB2018_079,Nativity Rocks!,GB,MAJ
GB2018_080,Mary Shelley,GB,MAJ
GB2018_080,Mary Shelley,IE,MIN
GB2018_080,Mary Shelley,LU,MIN
GB2018_081,7 Days in Entebbe,GB,MAJ
GB2018_081,7 Days in Entebbe,US,MIN
GB2018_081,7 Days in Entebbe,MT,MIN
GB2018_081,7 Days in Entebbe,FR,MIN
GB2018_082,Edie,GB,MAJ
GB2018_083,Swimming with Men,GB,MAJ
GB2018_084,Peterloo,GB,MAJ
GB2018_085,Eric Clapton: Life in 12 Bars,GB,MAJ
GB2018_086,My Generation,GB,MAJ
GB2018_087,Funny Cow,GB,MAJ
GB2018_088,The Escape,GB,MAJ
GB2018_089,In Darkness,GB,MAJ
GB2018_089,In Darkness,US,MIN
GB2018_090,"Westwood: Punk, Icon, Activist",GB,MAJ
GB2018_091,Spitfire,GB,MAJ
GB2018_092,Journeyman,GB,MAJ
GB2018_093,The Last Witness,GB,MAJ
GB2018_093,The Last Witness,PL,MIN
GB2018_094,Nae Pasaran,GB,MAJ
IT2018_001,A casa tutti bene,IT,MAJ
IT2018_002,Benedetta follia,IT,MAJ
IT2018_003,La Befana vien di notte,IT,MAJ
IT2018_003,La Befana vien di notte,ES,MIN
IT2018_004,Amici come prima,IT,MAJ
IT2018_005,Moschettieri del re: La Penultima Missione,IT,MAJ
IT2018_006,Loro 1,IT,MAJ
IT2018_006,Loro 1,FR,MIN
IT2018_007,Se son rose,IT,MAJ
IT2018_008,The Leisure Seeker,IT,MAJ
IT2018_008,The Leisure Seeker,FR,MIN
IT2018_009,Il vegetale,IT,MAJ
IT2018_010,Metti la nonna in freezer,IT,MAJ
IT2018_011,Ti presento Sofia,IT,MAJ
IT2018_012,Dogman,IT,MAJ
IT2018_012,Dogman,FR,MIN
IT2018_013,Loro 2,IT,MAJ
IT2018_013,Loro 2,FR,MIN
IT2018_014,Puoi baciare lo sposo,IT,MAJ
IT2018_015,Sono tornato,IT,MAJ
IT2018_016,Una festa esagerata,IT,MAJ
IT2018_017,Il testimone invisibile,IT,MAJ
IT2018_018,Arrivano i prof,IT,MAJ
IT2018_019,Io sono Tempesta,IT,MAJ
IT2018_020,Euforia,IT,MAJ
IT2018_021,Il vizio della speranza,IT,MAJ
IT2018_022,Io c'è,IT,MAJ
IT2018_023,Il ragazzo invisibile: Seconda generazione,IT,MAJ
IT2018_024,Notti magiche,IT,MAJ
IT2018_025,Finalmente sposi,IT,MAJ
IT2018_026,Sconnessi,IT,MAJ
IT2018_027,La fuitina sbagliata,IT,MAJ
IT2018_028,Una storia senza nome,IT,MAJ
IT2018_028,Una storia senza nome,FR,MIN
IT2018_029,Uno di famiglia,IT,MAJ
IT2018_030,Cosa fai a Capodanno?,IT,MAJ
IT2018_031,Michelangelo - Infinito,IT,MAJ
IT2018_032,Ricchi di fantasia,IT,MAJ
IT2018_033,"Santiago, Italia",IT,MAJ
IT2018_033,"Santiago, Italia",FR,MIN
IT2018_033,"Santiago, Italia",CL,MIN
IT2018_034,Sulla mia pelle. Gli ultimi sette giorni di Stefano Cucchi,IT,MAJ
IT2018_035,Lazzaro felice,IT,MAJ
IT2018_035,Lazzaro felice,CH,MIN
IT2018_035,Lazzaro felice,FR,MIN
IT2018_035,Lazzaro felice,DE,MIN
IT2018_036,Fabrizio De André: Principe libero,IT,MAJ
IT2018_037,Tu mi nascondi qualcosa,IT,MAJ
IT2018_038,Hotel Gagarin,IT,MAJ
IT2018_039,Il tuttofare,IT,MAJ
IT2018_040,Tonno spiaggiato,IT,MAJ
IT2018_041,Nome di donna,IT,MAJ
IT2018_042,La prima pietra,IT,MAJ
IT2018_043,Nobili bugie,IT,MAJ
IT2018_044,Un nemico che ti vuole bene,IT,MAJ
IT2018_044,Un nemico che ti vuole bene,CH,MIN
IT2018_045,Achille Tarallo,IT,MAJ
IT2018_046,Bob & Marys,IT,MAJ
IT2018_047,La profezia dell'armadillo,IT,MAJ
IT2018_048,Non è vero ma ci credo,IT,MAJ
IT2018_049,Hitler contro Picasso e gli altri,IT,MAJ
IT2018_049,Hitler contro Picasso e gli altri,FR,MIN
IT2018_049,Hitler contro Picasso e gli altri,DE,MIN
IT2018_050,Vengo anch'io,IT,MAJ
IT2018_051,La terra buona,IT,MAJ
IT2018_052,Tito e gli alieni,IT,MAJ
IT2018_053,La terra dell'abbastanza,IT,MAJ
IT2018_054,Si muore tutti democristiani,IT,MAJ
IT2018_055,Il bene mio,IT,MAJ
IT2018_056,Rosso Istria,IT,MAJ
IT2018_057,Figlia mia,IT,MAJ
IT2018_057,Figlia mia,DE,MIN
IT2018_057,Figlia mia,CH,MIN
IT2018_058,Una vita spericolata,IT,MAJ
IT2018_059,Malati di sesso,IT,MAJ
IT2018_060,San Valentino Stories,IT,MAJ
IT2018_061,Il mio uomo perfetto,IT,MAJ
IT2018_062,Favola,IT,MAJ
IT2018_063,Beate,IT,MAJ
IT2018_064,La Banda Grossi,IT,MAJ
IT2018_065,1938 - Diversi,IT,MAJ
IT2018_066,Ovunque proteggimi,IT,MAJ
IT2018_067,Il mio nome è Thomas,IT,MAJ
IT2018_068,Menocchio,IT,MAJ
IT2018_068,Menocchio,RO,MIN
IT2018_069,Un amore così grande,IT,MAJ
IT2018_070,In viaggio con Adele,IT,MAJ
IT2018_070,In viaggio con Adele,FR,MIN
IT2018_071,Hannah,IT,MAJ
IT2018_071,Hannah,FR,MIN
IT2018_071,Hannah,BE,MIN
IT2018_072,Manuel,IT,MAJ
IT2018_073,Youtopia,IT,MAJ
IT2018_074,Lovers: Piccolo Film Sull'amore,IT,MAJ
IT2018_075,Rabbia furiosa - Er Canaro,IT,MAJ
IT2018_076,Ci vuole un fisico,IT,MAJ
IT2018_077,Il ragazzo più felice del mondo,IT,MAJ
IT2018_078,Nato a Casal di Principe,IT,MAJ
IT2018_079,Due piccoli italiani,IT,MAJ
IT2018_080,Resina,IT,MAJ
IT2018_081,Ride,IT,MAJ
IT2018_082,Quando sarò bambino,IT,MAJ
IT2018_083,Arrivederci Saigon,IT,MAJ
IT2018_084,Un figlio a tutti i costi,IT,MAJ
IT2018_085,Saremo giovani e bellissimi,IT,MAJ
IT2018_086,Respiri,IT,MAJ
IT2018_086,Respiri,PL,MIN
IT2018_087,Edhel,IT,MAJ
IT2018_088,Isabelle,IT,MAJ
IT2018_089,Ulysses - A Dark Odyssey,IT,MAJ
IT2018_090,Era giovane e aveva gli occhi chiari,IT,MAJ
IT2018_091,Quando Corre Nuvolari,IT,MAJ
IT2018_092,Rudy Valentino,IT,MAJ
IT2018_093,Guarda in alto,IT,MAJ
IT2018_093,Guarda in alto,FR,MIN
IT2018_094,Gualtiero Marchesi: The Great Italian,IT,MAJ
IT2018_094,Gualtiero Marchesi: The Great Italian,GB,MIN
IT2018_095,Essere Gigione - L'incredibile storia di Luigi Ciaravola,IT,MAJ
IT2018_096,Blue Kids,IT,MAJ
IT2018_097,Seguimi,IT,MAJ
IT2018_097,Seguimi,ES,MIN
IT2018_098,Prigioniero della mia libertà,IT,MAJ
IT2018_099,Te lo dico pianissimo,IT,MAJ
IT2018_100,Stato di ebbrezza,IT,MAJ
IT2018_101,Pane dal Cielo,IT,MAJ
IT2018_102,Din Don - Una parrocchia in due,IT,MAJ
IT2018_103,Caina,IT,MAJ
IT2018_104,Friedkin Uncut - Un Diavolo Di Regista,IT,MAJ
IT2018_105,Cattivi & Cattivi,IT,MAJ
IT2018_106,La settima onda,IT,MAJ
IT2018_107,Storie del dormiveglia,IT,MAJ
IT2018_108,Buon lavoro,IT,MAJ
IT2018_109,Uno sguardo alla Terra,IT,MAJ
IT2018_110,Oltre la nebbia - Il mistero di Rainer Merz,IT,MAJ
IT2018_111,Vinilici - Perché il vinile ama la musica,IT,MAJ
IT2018_112,Wine to love,IT,MAJ
IT2018_113,Bogside Story,IT,MAJ
IT2019_001,Il primo Natale,IT,MAJ
IT2019_002,Pinocchio,IT,MAJ
IT2019_002,Pinocchio,FR,MIN
IT2019_002,Pinocchio,GB,MIN
IT2019_003,La dea fortuna,IT,MAJ
IT2019_004,10 giorni senza mamma,IT,MAJ
IT2019_005,Il giorno più bello del mondo,IT,MAJ
IT2019_006,L'immortale,IT,MAJ
IT2019_006,L'immortale,DE,MIN
IT2019_007,Ma cosa ci dice il cervello,IT,MAJ
IT2019_008,Il traditore,IT,MAJ
IT2019_008,Il traditore,FR,MIN
IT2019_008,Il traditore,DE,MIN
IT2019_008,Il traditore,BR,MIN
IT2019_009,Cetto c'è senzadubbiamente,IT,MAJ
IT2019_010,Non ci resta che il crimine,IT,MAJ
IT2019_011,Mio fratello rincorre i dinosauri,IT,MAJ
IT2019_012,Tutto il mio folle amore,IT,MAJ
IT2019_013,L'uomo del labirinto,IT,MAJ
IT2019_014,Domani è un altro giorno,IT,MAJ
IT2019_015,La paranza dei bambini,IT,MAJ
IT2019_016,Bentornato presidente,IT,MAJ
IT2019_017,Tutta un'altra vita,IT,MAJ
IT2019_018,L'agenzia dei bugiardi,IT,MAJ
IT2019_019,Sono solo fantasmi,IT,MAJ
IT2019_020,Modalità aereo,IT,MAJ
IT2019_021,Croce e delizia,IT,MAJ
IT2019_022,Compromessi sposi,IT,MAJ
IT2019_022,Compromessi sposi,GB,MIN
IT2019_023,Scappo a casa,IT,MAJ
IT2019_024,Il signor Diavolo,IT,MAJ
IT2019_025,Il campione,IT,MAJ
IT2019_026,Suspiria,IT,MAJ
IT2019_026,Suspiria,US,MIN
IT2019_027,Tuttapposto,IT,MAJ
IT2019_028,Se mi vuoi bene,IT,MAJ
IT2019_029,"Io, Leonardo",IT,MAJ
IT2019_030,L'uomo che comprò la luna,IT,MAJ
IT2019_030,L'uomo che comprò la luna,AL,MIN
IT2019_030,L'uomo che comprò la luna,AR,MIN
IT2019_031,Aquile Randagie,IT,MAJ
IT2019_032,5 è il numero perfetto,IT,MAJ
IT2019_032,5 è il numero perfetto,BE,MIN
IT2019_032,5 è il numero perfetto,FR,MIN
IT2019_033,Attenti al gorilla,IT,MAJ
IT2019_034,Brave ragazze,IT,MAJ
IT2019_035,Vivere,IT,MAJ
IT2019_036,La mia seconda volta,IT,MAJ
IT2019_037,#AnneFrank. Parallel Stories,IT,MAJ
IT2019_038,Genitori quasi perfetti,IT,MAJ
IT2019_039,C'è tempo,IT,MAJ
IT2019_039,C'è tempo,FR,MIN
IT2019_040,Restiamo amici,IT,MAJ
IT2019_041,Il sindaco del Rione Sanità,IT,MAJ
IT2019_042,Aspromonte - La terra degli ultimi,IT,MAJ
IT2019_043,A mano disarmata,IT,MAJ
IT2019_044,Il nido,IT,MAJ
IT2019_045,Il grande spirito,IT,MAJ
IT2019_046,Il grande salto,IT,MAJ
IT2019_047,Ricordi?,IT,MAJ
IT2019_048,Ermitage. Il potere dell'arte,IT,MAJ
IT2019_049,Dolceroma,IT,MAJ
IT2019_050,Dentro Caravaggio,IT,MAJ
IT2019_051,Appena un minuto,IT,MAJ
IT2019_052,The Prado Museum. A Collection of Wonders,IT,MAJ
IT2019_052,The Prado Museum. A Collection of Wonders,ES,MIN
IT2019_053,Bene ma non benissimo,IT,MAJ
IT2019_054,L'ospite,IT,MAJ
IT2019_054,L'ospite,CH,MIN
IT2019_054,L'ospite,FR,MIN
IT2019_055,A tor bella monaca non piove mai,IT,MAJ
IT2019_056,Dafne,IT,MAJ
IT2019_057,Effetto Domino,IT,MAJ
IT2019_057,Effetto Domino,HK,MIN
IT2019_058,Mò Vi Mento - Lira di Achille,IT,MAJ
IT2019_059,La scomparsa di mia madre,IT,MAJ
IT2019_060,Vita segreta di Maria Capasso,IT,MAJ
IT2019_061,Non Ci Resta Che Ridere,IT,MAJ
IT2019_062,Il colpo del cane,IT,MAJ
IT2019_063,Lucania,IT,MAJ
IT2019_064,Detective per Caso,IT,MAJ
IT2019_065,Walking on Water,IT,MAJ
IT2019_065,Walking on Water,DE,MIN
IT2019_065,Walking on Water,AE,MIN
IT2019_065,Walking on Water,US,MIN
IT2019_066,Drive Me Home,IT,MAJ
IT2019_067,Tutto liscio,IT,MAJ
IT2019_068,Fiore gemello,IT,MAJ
IT2019_069,Il flauto magico di Piazza Vittorio,IT,MAJ
IT2019_070,I nomi del signor Sulcic,IT,MAJ
IT2019_071,- M - Sono solo un ragazzo,IT,MAJ
IT2019_072,Ed è subito sera,IT,MAJ
IT2019_073,Nati 2 volte,IT,MAJ
IT2019_074,Il conte magico,IT,MAJ
IT2019_075,La freccia del tempo,IT,MAJ
IT2019_076,Il Giovane Pertini Combattente per la libertà,IT,MAJ
IT2019_077,Bassil'ora,IT,MAJ
IT2019_078,Nevermind,IT,MAJ
IT2019_079,Qui Non Si Muore,IT,MAJ
IT2019_080,La notte è piccola per noi,IT,MAJ
IT2019_081,"As time goes by, l'uomo che disegnava sogni",IT,MAJ
IT2019_082,"Manga do, Igort e la via del Manga",IT,MAJ
IT2019_082,"Manga do, Igort e la via del Manga",DE,MIN
IT2019_083,Metti una notte,IT,MAJ
IT2019_084,The King of Paparazzi - La vera storia,IT,MAJ
IT2019_085,La chair et le granite,IT,MAJ
IT2019_085,La chair et le granite,FR,MIN
IT2019_086,Momenti di trascurabile felicità,IT,MAJ
IT2020_001,Tolo Tolo,IT,MAJ
IT2020_002,Me contro Te - Il film: La vendetta del Signor S,IT,MAJ
IT2020_003,Odio l'estate,IT,MAJ
IT2020_004,Gli anni più belli,IT,MAJ
IT2020_005,Hammamet,IT,MAJ
IT2020_006,Figli,IT,MAJ
IT2020_007,18 regali,IT,MAJ
IT2020_008,Padrenostro,IT,MAJ
IT2020_009,Volevo nascondermi,IT,MAJ
IT2020_010,Lacci,IT,MAJ
IT2020_011,Waiting for the Barbarians,IT,MAJ
IT2020_011,Waiting for the Barbarians,US,MIN
IT2020_012,Le sorelle Macaluso,IT,MAJ
IT2020_013,Miss Marx,IT,MAJ
IT2020_013,Miss Marx,BE,MIN
IT2020_014,Non odiare,IT,MAJ
IT2020_014,Non odiare,PL,MIN
IT2020_015,Lasciami andare,IT,MAJ
IT2020_016,Lockdown all'italiana,IT,MAJ
IT2020_017,Burraco fatale,IT,MAJ
IT2020_018,Favolacce,IT,MAJ
IT2020_018,Favolacce,CH,MIN
IT2020_019,"Paolo Conte, via con me",IT,MAJ
IT2020_020,I predatori,IT,MAJ
IT2020_021,Mai per sempre,IT,MAJ
IT2020_022,Il caso Pantani - L'omicidio di un campione,IT,MAJ
IT2020_023,Villetta con ospiti,IT,MAJ
IT2020_023,Villetta con ospiti,FR,MIN
IT2020_024,Lontano lontano,IT,MAJ
IT2020_024,Lontano lontano,IT,MAJ
IT2020_025,Creators: The Past,IT,MAJ
IT2020_026,Il ladro di giorni,IT,MAJ
IT2020_027,Il grande passo,IT,MAJ
IT2020_028,Cosa sarà,IT,MAJ
IT2020_029,Assandira,IT,MAJ
IT2020_030,Il delitto Mattarella,IT,MAJ
IT2020_031,Picciridda - Con i piedi nella sabbia,IT,MAJ
IT2020_032,Ammen,IT,MAJ
IT2020_033,Gli anni amari,IT,MAJ
IT2020_034,L'agnello,IT,MAJ
IT2020_034,L'agnello,FR,MIN
IT2020_035,Siberia,IT,MAJ
IT2020_035,Siberia,DE,MIN
IT2020_035,Siberia,GR,MIN
IT2020_035,Siberia,MX,MIN
IT2020_036,Si muore solo da vivi,IT,MAJ
IT2020_037,Fellini degli spiriti,IT,MAJ
IT2020_037,Fellini degli spiriti,FR,MIN
IT2020_037,Fellini degli spiriti,BE,MIN
IT2020_038,7 ore per farti innamorare,IT,MAJ
IT2020_039,Palazzo di giustizia,IT,MAJ
IT2020_039,Palazzo di giustizia,CH,MIN
IT2020_040,Il Drago di Romagna,IT,MAJ
IT2020_040,Il Drago di Romagna,CN,MIN
IT2020_041,Il Ladro di Cardellini,IT,MAJ
IT2020_042,Sulle mie spalle,IT,MAJ
IT2020_043,La volta buona,IT,MAJ
IT2020_044,Permette? Alberto Sordi,IT,MAJ
IT2020_045,La vacanza,IT,MAJ
IT2020_046,Lo scoglio del leone,IT,MAJ
IT2020_047,Buio,IT,MAJ
IT2020_048,Nevia,IT,MAJ
IT2020_049,La Verità Su La Dolce Vita,IT,MAJ
IT2020_050,La partita,IT,MAJ
IT2020_051,Nour,IT,MAJ
IT2020_052,La Val che urla,IT,MAJ
IT2020_053,Caterina,IT,MAJ
IT2020_054,Magari Resto,IT,MAJ
IT2020_055,Tony Driver,IT,MAJ
IT2020_056,Il Regno,IT,MAJ
IT2020_057,Emilio Vedova. Dalla parte del naufragio,IT,MAJ
IT2020_058,D.N.A.: Decisamente non adatti,IT,MAJ
IT2020_059,Nessun nome nei titoli di coda,IT,MAJ
IT2020_060,Al Dio ignoto,IT,MAJ
IT2020_061,Una storia d'arte,IT,MAJ
IT2020_062,Un confine incerto,IT,MAJ
IT2020_062,Un confine incerto,DE,MIN
IT2020_063,Un eretico in corsia - a heretic in the ward,IT,MAJ
IT2020_064,Lui è mio padre,IT,MAJ
IT2020_065,Noci sonanti,IT,MAJ
IT2020_066,Aylesbury Estate,IT,MAJ
IT2020_067,La mia banda suona il pop,IT,MAJ
IT2020_068,L'incredibile storia dell'Isola delle rose,IT,MAJ
IT2020_069,La vita davanti a sé,IT,MAJ
IT2020_070,Last words,IT,MAJ
IT2020_070,Last words,FR,MIN
IT2020_071,È per il tuo bene,IT,MAJ
IT2020_072,"Da lontano, più forte",IT,MAJ
IT2021_001,Lei mi parla ancora,IT,MAJ
IT2021_002,The Rossellinis,IT,MAJ
IT2021_002,Genitori vs. Influencer,LV,MIN
IT2021_003,Alida,IT,MAJ
IT2021_003,Il cattivo poeta,ES,MIN
IT2021_004,Tutti per Uma,IT,MAJ
IT2021_005,Comedians,IT,MAJ
IT2021_005,Extraliscio - Punk da balera,FR,MIN
IT2021_006,School of mafia,IT,MAJ
IT2021_006,La terra dei figli,AT,MIN
IT2021_007,Boys,IT,MAJ
IT2021_008,Per Lucio,IT,MAJ
IT2021_009,Disco Ruin,IT,MAJ
IT2021_010,Occhi blu,IT,MAJ
IT2021_011,Marx può aspettare,IT,MAJ
IT2021_012,The truffle hunters,IT,MAJ
IT2021_013,"Pozzis, Samarcanda",IT,MAJ
IT2021_014,Me contro te il mistero della scuola incantata,IT,MAJ
IT2021_014,Il mostro della cripta,FR,MIN
IT2021_015,Free - liberi,IT,MAJ
IT2021_016,Welcome Venice,IT,MAJ
IT2021_016,Qui rido io,GR,MIN
IT2021_016,Una relazione,US,MIN
IT2021_017,Ancora più bello,IT,MAJ
IT2021_018,Il silenzio grande,IT,MAJ
IT2021_019,Tre piani,IT,MAJ
IT2021_020,Benvenuti in casa Esposito,IT,MAJ
IT2021_021,Il buco,IT,MAJ
IT2021_022,Sulla giostra,IT,MAJ
IT2021_022,I nostri fantasmi,ES,MIN
IT2021_023,Isolation,IT,MAJ
IT2021_023,Ai confini del male,FR,MIN
IT2021_024,Con tutto il cuore,IT,MAJ
IT2021_025,Il materiale emotivo,IT,MAJ
IT2021_025,Selfiemania,PL,MIN
IT2021_026,The Italian banker,IT,MAJ
IT2021_026,Bentornato papà,FR,MIN
IT2021_027,Ariaferma,IT,MAJ
IT2021_028,Marilyn ha gli occhi neri,IT,MAJ
IT2021_028,Medium,DE,MIN
IT2021_028,Upside Down,FR,MIN
IT2021_029,2 fantasmi di troppo,IT,MAJ
IT2021_030,DeAndré#DeAndré storia di un impiegato,IT,MAJ
IT2021_031,Divinazioni,IT,MAJ
IT2021_031,Una notte da dottore,BE,MIN
IT2021_031,Freaks out,GB,MIN
IT2021_031,Io sono Babbo Natale,DE,MIN
IT2021_031,Il bambino nascosto,SE,MIN
IT2021_032,Marina Cicogna - la vita e tutto il resto,IT,MAJ
IT2021_033,Napoleon - In the Name of Art,IT,MAJ
IT2021_034,Per tutta la vita,IT,MAJ
IT2021_034,Django & Django,FR,MIN
IT2021_035,Promises,IT,MAJ
IT2021_035,Querido Fidel,AT,MIN
IT2021_035,La casa rossa,RU,MIN
IT2021_035,È stata la mano di Dio,US,MIN
IT2021_036,Per horror intendo…,IT,MAJ
IT2021_037,Una famiglia mostruosa,IT,MAJ
IT2021_038,Trafficante di virus,IT,MAJ
IT2021_038,Gianni Schicchi,CH,MIN
IT2021_039,The girl in the fountain,IT,MAJ
IT2021_040,Mollo tutto e apro un chiringuito,IT,MAJ
IT2021_041,La santa piccola,IT,MAJ
IT2021_042,Lawrence,IT,MAJ
IT2021_043,I fratelli De Filippo,IT,MAJ
IT2021_044,"Caterina Caselli - Una vita, cento vite",IT,MAJ
IT2021_044,Din don - un paese in due,CH,MIN
IT2021_045,Chi ha incastrato Babbo Natale?,IT,MAJ
IT2021_046,Diabolik,IT,MAJ
IT2021_046,La sorpresa - l'eccezionale storia di Padre Marella,BE,MIN
IT2021_047,La dernière séance,IT,MAJ
IT2021_048,Supereroi,IT,MAJ
IT2021_049,7 donne e un mistero,IT,MAJ
IT2021_050,La Befana vien di notte: le origini,IT,MAJ
IT2021_051,Per tutta la vita,IT,MAJ
IT2021_052,Django & Django,IT,MAJ
IT2021_053,Promises,IT,MAJ
IT2021_054,Querido Fidel,IT,MAJ
IT2021_055,La casa rossa,IT,MAJ
IT2021_055,La casa rossa,DE,MIN
IT2021_056,È stata la mano di Dio,IT,MAJ
IT2021_057,Per horror intendo…,IT,MAJ
IT2021_058,Una famiglia mostruosa,IT,MAJ
IT2021_059,Trafficante di virus,IT,MAJ
IT2021_060,Gianni Schicchi,IT,MAJ
IT2021_061,The girl in the fountain,IT,MAJ
IT2021_061,The girl in the fountain,SE,MIN
IT2021_062,Mollo tutto e apro un chiringuito,IT,MAJ
IT2021_063,La santa piccola,IT,MAJ
IT2021_064,Lawrence,IT,MAJ
IT2021_065,I fratelli De Filippo,IT,MAJ
IT2021_066,"Caterina Caselli - Una vita, cento vite",IT,MAJ
IT2021_067,Din don - un paese in due,IT,MAJ
IT2021_068,Chi ha incastrato Babbo Natale?,IT,MAJ
IT2021_069,Diabolik,IT,MAJ
IT2021_070,La sorpresa - l'eccezionale storia di Padre Marella,IT,MAJ
IT2021_071,La dernière séance,IT,MAJ
IT2021_071,La dernière séance,FR,MIN
IT2021_072,Supereroi,IT,MAJ
IT2021_073,7 donne e un mistero,IT,MAJ
IT2021_074,La Befana vien di notte: le origini,IT,MAJ
IT2021_075,"L'acqua, l'insegna la sete",IT,MAJ
IT2021_076,The book of vision,IT,MAJ
IT2021_076,The book of vision,GB,MIN
IT2021_076,The book of vision,BE,MIN
IT2022_001,Il grande giorno,IT,MAJ
IT2022_002,La stranezza,IT,MAJ
IT2022_003,L'immensità,IT,MAJ
IT2022_003,L'immensità,FR,MIN
IT2022_004,Il colibrì,IT,MAJ
IT2022_004,Il colibrì,FR,MIN
IT2022_005,Nostalgia,IT,MAJ
IT2022_005,Nostalgia,IT,MIN
IT2022_006,Belli ciao,IT,MAJ
IT2022_007,Corro da te,IT,MAJ
IT2022_008,Siccità,IT,MAJ
IT2022_009,Vicini di casa,IT,MAJ
IT2022_010,Il sesso degli angeli,IT,MAJ
IT2022_011,Diabolik - Ginko all'attacco!,IT,MAJ
IT2022_011,Diabolik - Ginko all'attacco!,FR,MIN
IT2022_012,Il Principe di Roma,IT,MAJ
IT2022_013,Astolfo,IT,MAJ
IT2022_013,Astolfo,FR,MIN
IT2022_014,Ti mangio il cuore,IT,MAJ
IT2022_015,Esterno notte - Parte 1,IT,MAJ
IT2022_016,C'era una volta il crimine,IT,MAJ
IT2022_017,Settembre,IT,MAJ
IT2022_018,Quasi orfano,IT,MAJ
IT2022_019,Margini,IT,MAJ
IT2022_020,Esterno notte - Parte 2,IT,MAJ
IT2022_021,Tutti a bordo,IT,MAJ
IT2022_022,Alla vita (Tu choisiras la vie),IT,MAJ
IT2022_022,Alla vita (Tu choisiras la vie),FR,MIN
IT2022_023,Leonora addio,IT,MAJ
IT2022_024,Il giorno più bello,IT,MAJ
IT2022_025,La mia ombra è tua,IT,MAJ
IT2022_026,Altrimenti ci arrabbiamo,IT,MAJ
IT2022_027,Per niente al mondo,IT,MAJ
IT2022_028,Piano Piano,IT,MAJ
IT2022_029,Orlando,IT,MAJ
IT2022_029,Orlando,BE,MIN
IT2022_030,Una boccata d'aria,IT,MAJ
IT2022_031,Una femmina,IT,MAJ
IT2022_032,Gigi la legge,IT,MAJ
IT2022_032,Gigi la legge,FR,MIN
IT2022_032,Gigi la legge,BE,MIN
IT2022_033,Acqua e anice,IT,MAJ
IT2022_034,Piove,IT,MAJ
IT2022_034,Piove,BE,MIN
IT2022_035,La cena perfetta,IT,MAJ
IT2022_036,Aiuto! È Natale!,IT,MAJ
IT2022_037,Marcel!,IT,MAJ
IT2022_037,Marcel!,FR,MIN
IT2022_038,La Ballata dei Gusci Infranti,IT,MAJ
IT2022_039,Bentu,IT,MAJ
IT2022_040,The Land of Dreams,IT,MAJ
IT2022_041,Il mio amico Massimo,IT,MAJ
IT2022_042,The Christmas Show,IT,MAJ
IT2022_043,Spaccaossa,IT,MAJ
IT2022_044,La California,IT,MAJ
IT2022_045,Sposa in rosso,IT,MAJ
IT2022_046,Il Cristo in gola,IT,MAJ
IT2022_047,Vetro,IT,MAJ
IT2022_048,"Franco Zeffirelli, Conformista Ribelle",IT,MAJ
IT2022_049,Sulle nuvole,IT,MAJ
IT2022_050,The Hanging Sun Il Sole di mezzanotte,IT,MAJ
IT2022_051,Quel posto nel tempo,IT,MAJ
IT2022_052,Io lo so chi siete,IT,MAJ
IT2022_053,Takeaway,IT,MAJ
IT2022_053,Takeaway,DE,MIN
IT2022_054,Femminile Singolare,IT,MAJ
IT2022_055,The Last Ride of the Wolves,IT,MAJ
IT2022_055,The Last Ride of the Wolves,NL,MIN
IT2022_056,Amma’s Way – Un abbraccio al mondo,IT,MAJ
IT2022_057,Se fate i bravi,IT,MAJ
IT2022_058,L'angelo dei muri,IT,MAJ
IT2022_059,Il tempo rimasto,IT,MAJ
IT2022_060,Le voci sole,IT,MAJ
IT2022_061,Con chi viaggi,IT,MAJ
IT2022_062,Quattordici giorni - Una storia d'amore,IT,MAJ
IT2022_063,Il mammone,IT,MAJ
IT2022_064,Porpora,IT,MAJ
IT2022_065,L'Onda Lunga: storia extra ordinaria di un'associazione,IT,MAJ
IT2022_066,My Soul Summer,IT,MAJ
IT2022_067,Gli anni belli,IT,MAJ
IT2022_068,Last Stop before Chocolate Mountain,IT,MAJ
IT2022_068,Last Stop before Chocolate Mountain,US,MIN
IT2022_069,Er gol de Turone era bono,IT,MAJ
IT2022_070,Mindemic,IT,MAJ
IT2022_071,(Im)perfetti Criminali,IT,MAJ
IT2022_072,"Paisan, ciao",IT,MAJ
IT2022_073,Amici per la pelle,IT,MAJ
IT2022_074,Von Scerscen - Diario di un'indagine,IT,MAJ
IT2022_075,The Importance of Being an Architect,IT,MAJ
IT2022_076,La Banda del Buffardello e il manoscritto di Leonardo da Vinci,IT,MAJ
IT2022_077,I cassamortari,IT,MAJ
IT2022_077,I cassamortari,ES,MIN
IT2022_078,Din Don - Il paese dei balocchi,IT,MAJ
IT2022_079,Falla girare,IT,MAJ
IT2022_080,Troppa famiglia!,IT,MAJ
IT2022_081,Ennio,IT,MAJ
IT2022_081,Ennio,BE,MIN
IT2023_001,C'è ancora domani,IT,MAJ
IT2023_002,Io capitano,IT,MAJ
IT2023_002,Io capitano,BE,MIN
IT2023_002,Io capitano,FR,MIN
IT2023_003,Tre di troppo,IT,MAJ
IT2023_004,Santocielo,IT,MAJ
IT2023_005,Il sol dell'avvenire,IT,MAJ
IT2023_005,Il sol dell'avvenire,FR,MIN
IT2023_006,Comandante,IT,MAJ
IT2023_006,Comandante,BE,MIN
IT2023_007,L'ultima notte di Amore,IT,MAJ
IT2023_008,Tramite amicizia,IT,MAJ
IT2023_009,Grazie ragazzi,IT,MAJ
IT2023_010,Il primo giorno della mia vita,IT,MAJ
IT2023_011,Rapito,IT,MAJ
IT2023_011,Rapito,FR,MIN
IT2023_011,Rapito,DE,MIN
IT2023_012,Cento domeniche,IT,MAJ
IT2023_013,I migliori giorni,IT,MAJ
IT2023_014,L'ultima volta che siamo stati bambini,IT,MAJ
IT2023_014,L'ultima volta che siamo stati bambini,FR,MIN
IT2023_015,Il punto di rugiada,IT,MAJ
IT2023_016,Scordato,IT,MAJ
IT2023_017,Come può uno scoglio,IT,MAJ
IT2023_018,Mixed by Erry,IT,MAJ
IT2023_019,La quattordicesima domenica del tempo ordinario,IT,MAJ
IT2023_020,Volevo un figlio maschio,IT,MAJ
IT2023_021,Adagio,IT,MAJ
IT2023_022,Nata per te,IT,MAJ
IT2023_023,Il ritorno di Casanova,IT,MAJ
IT2023_024,La chimera,IT,MAJ
IT2023_024,La chimera,FR,MIN
IT2023_024,La chimera,CH,MIN
IT2023_025,I peggiori giorni,IT,MAJ
IT2023_026,Felicità,IT,MAJ
IT2023_027,Diabolik chi sei?,IT,MAJ
IT2023_028,La guerra dei nonni,IT,MAJ
IT2023_029,Quando,IT,MAJ
IT2023_030,Palazzina Laf,IT,MAJ
IT2023_031,L'ordine del tempo,IT,MAJ
IT2023_032,"Io, noi e Gaber",IT,MAJ
IT2023_033,Laggiù qualcuno mi ama,IT,MAJ
IT2023_034,Il più bel secolo della mia vita,IT,MAJ
IT2023_035,The Palace,IT,MAJ
IT2023_035,The Palace,PL,MIN
IT2023_035,The Palace,CH,MIN
IT2023_035,The Palace,FR,MIN
IT2023_036,Home Education. Le regole del male,IT,MAJ
IT2023_037,Improvvisamente a Natale mi sposo,IT,MAJ
IT2023_038,Una commedia pericolosa,IT,MAJ
IT2023_039,La primavera della mia vita,IT,MAJ
IT2023_040,Dallamericaruso. Il Concerto Perduto,IT,MAJ
IT2023_041,Delta,IT,MAJ
IT2023_042,Educazione fisica,IT,MAJ
IT2023_042,Educazione fisica,PL,MIN
IT2023_043,Io vivo altrove!,IT,MAJ
IT2023_043,Io vivo altrove!,SI,MIN
IT2023_044,Un matrimonio mostruoso,IT,MAJ
IT2023_045,Luciano Ligabue - 30 Anni in Un Giorno,IT,MAJ
IT2023_046,Cattiva coscienza,IT,MAJ
IT2023_047,Enzo Jannacci: Vengo anch'io,IT,MAJ
IT2023_048,Primadonna,IT,MAJ
IT2023_048,Primadonna,FR,MIN
IT2023_049,Hai mai avuto paura?,IT,MAJ
IT2023_050,Zucchero - Sugar Fornaciari,IT,MAJ
IT2023_051,Le mie ragazze di carta,IT,MAJ
IT2023_052,La terra delle donne,IT,MAJ
IT2023_053,Mi fanno male i capelli,IT,MAJ
IT2023_054,I pionieri,IT,MAJ
IT2023_055,Paolo Conte alla Scala: Il maestro è nell'anima,IT,MAJ
IT2023_056,Rido perché ti amo,IT,MAJ
IT2023_057,Mirabile Visione: Inferno,IT,MAJ
IT2023_058,La caccia,IT,MAJ
IT2023_058,La caccia,SK,MIN
IT2023_059,Pantafa,IT,MAJ
IT2023_059,Pantafa,AR,MIN
IT2023_060,La seconda via,IT,MAJ
IT2023_061,Come pecore in mezzo ai lupi,IT,MAJ
IT2023_062,The Ritual Killer,IT,MAJ
IT2023_063,Enigma Rol,IT,MAJ
IT2023_064,Le Terme di Terezín,IT,MAJ
IT2023_064,Le Terme di Terezín,CZ,MIN
IT2023_064,Le Terme di Terezín,SK,MIN
IT2023_065,Nina dei lupi,IT,MAJ
IT2023_066,Raffa,IT,MAJ
IT2023_067,L'invenzione della neve,IT,MAJ
IT2023_068,Billy,IT,MAJ
IT2023_069,La guerra del Tiburtino III,IT,MAJ
IT2023_070,800 Giorni,IT,MAJ
IT2023_071,Percoco - Il primo mostro d'Italia,IT,MAJ
IT2023_072,Kissing Gorbaciov,IT,MAJ
IT2023_073,Una sterminata domenica,IT,MAJ
IT2023_073,Una sterminata domenica,DE,MIN
IT2023_073,Una sterminata domenica,IE,MIN
IT2023_074,Mamma qui comando io,IT,MAJ
IT2023_074,Mamma qui comando io,ES,MIN
IT2023_075,C'è di nuovo la valigia sul letto,IT,MAJ
IT2023_076,Uomini da marciapiede,IT,MAJ
IT2023_077,Lo Sposo indeciso che non poteva o forse non voleva più uscire dal bagno,IT,MAJ
IT2023_078,Umberto Eco: La biblioteca del mondo,IT,MAJ
IT2023_079,La Divina Cometa,IT,MAJ
IT2023_080,The Honeymoon,IT,MAJ
IT2023_081,Evelyne tra le nuvole,IT,MAJ
IT2023_082,Non morirò di fame,IT,MAJ
IT2023_083,Una preghiera per Giuda,IT,MAJ
IT2023_084,Non credo in niente,IT,MAJ
IT2023_085,Codice Carla,IT,MAJ
IT2023_086,Il paese del melodramma,IT,MAJ
IT2023_087,Da grandi,IT,MAJ
IT2023_088,Amusia,IT,MAJ
IT2023_089,L'uomo che disegnò Dio,IT,MAJ
IT2023_090,Conversazioni con altre donne,IT,MAJ
IT2023_090,Conversazioni con altre donne,AR,MIN
IT2023_091,Tell It Like a Woman,IT,MAJ
IT2023_092,Ancora volano le farfalle,IT,MAJ
IT2023_093,Jeff Koons: A Private Portrait,IT,MAJ
IT2023_094,Brividi d'autore,IT,MAJ
IT2023_095,Soldato Peter,IT,MAJ
IT2023_096,Oltre il confine,IT,MAJ
IT2023_096,Oltre il confine,FR,MIN
IT2023_097,Diario di spezie,IT,MAJ
IT2023_098,Doppio passo,IT,MAJ
IT2023_099,Goffredo e l'Italia chiamò,IT,MAJ
IT2023_100,Con la grazia di un Dio,IT,MAJ
IT2023_101,Le proprietà dei metalli,IT,MAJ
IT2023_102,Amore Postatomico,IT,MAJ
IT2023_103,Noi ce la siamo cavata,IT,MAJ
IT2023_104,Guercino - Uno su Cento,IT,MAJ
IT2023_105,Il Paese dei jeans in agosto,IT,MAJ
IT2023_106,Il padrone delle note: Josquin Desprez,IT,MAJ
IT2023_106,Il padrone delle note: Josquin Desprez,BE,MIN
IT2023_107,Il meglio di te,IT,MAJ
IT2023_108,Pasolini - Cronologia di un delitto politico,IT,MAJ
IT2023_109,Double Soul,IT,MAJ
IT2023_109,Double Soul,AE,MIN
IT2023_110,Hotel Milano,IT,MAJ
IT2023_111,Christmas Thieves,IT,MAJ
IT2023_112,"Roma, santa e dannata",IT,MAJ
IT2023_113,Kill Me If You Can,IT,MAJ
IT2023_114,Amleto è mio fratello,IT,MAJ
IT2023_115,Phobia,IT,MAJ
IT2023_116,Un mondo fantastico,IT,MAJ
IT2023_117,Tramonto a Nord Ovest,IT,MAJ
IT2023_117,Tramonto a Nord Ovest,CH,MIN
IT2023_118,La chiocciola,IT,MAJ
IT2023_119,La seconda chance,IT,MAJ
IT2023_120,Next!,IT,MAJ
IT2023_121,Da domani mi alzo tardi,IT,MAJ
IT2023_122,Basilico - L'infinito è la in fondo,IT,MAJ
IT2023_123,Giorni Felici,IT,MAJ
IT2023_124,El Paraiso,IT,MAJ
IT2023_125,Anatar,IT,MAJ
IT2023_126,L'orafo,IT,MAJ
IT2023_127,La luna sott'acqua,IT,MAJ
IT2023_127,La luna sott'acqua,SI,MIN
IT2023_128,Cinque stanze,IT,MAJ
IT2023_129,Dino Meneghin: Storia di una leggenda,IT,MAJ
IT2023_130,Good Vibes,IT,MAJ
IT2023_131,Tempi Supplementari,IT,MAJ
IT2023_132,Avanzers Italian Super Heroes,IT,MAJ
IT2023_133,Daniel Pennac: Ho visto Maradona!,IT,MAJ
IT2023_133,Daniel Pennac: Ho visto Maradona!,ES,MIN
IT2023_134,L'età giusta,IT,MAJ
IT2023_135,La Montagna Incantata,IT,MAJ
IT2023_135,La Montagna Incantata,ES,MIN
IT2023_136,Senza Età,IT,MAJ
IT2023_137,À la Recherche,IT,MAJ
IT2023_137,À la Recherche,FR,MIN
IT2023_138,Volare,IT,MAJ
IT2023_139,Una gran voglia di vivere,IT,MAJ
IT2023_140,Giuseppe Garibaldi eroe leggendario,IT,MAJ
IT2023_141,Mi raccomando,IT,MAJ
IT2023_142,Sbagliando s'impara,IT,MAJ
IT2023_143,Te l'avevo detto,IT,MAJ
IT2023_144,La loggia occulta: Democrazia a rischio,IT,MAJ
IT2023_145,Uomo di fumo,IT,MAJ
IT2023_145,Uomo di fumo,MK,MIN
IT2023_146,La vera storia di Luisa Bonfanti,IT,MAJ
IT2023_147,Non sono mai tornata indietro,IT,MAJ
IT2023_148,Tic Toc,IT,MAJ
IT2023_149,Non tutto è perduto,IT,MAJ
IT2023_150,Un weekend particolare,IT,MAJ
IT2023_151,Senza malizia,IT,MAJ
IT2023_152,Prima di andare via,IT,MAJ
IT2023_152,Prima di andare via,FR,MIN
IT2023_153,The Penitent,IT,MAJ
IT2023_154,Tutti i cani muoiono soli,IT,MAJ
IT2023_155,Bassifondi,IT,MAJ
IT2023_156,La memoria del mondo,IT,MAJ
IT2023_157,Ok Boomer,IT,MAJ
IT2023_158,Careseekers - In Cerca di Cura,IT,MAJ
IT2023_159,Come le tartarughe,IT,MAJ
IT2023_160,Gli altri,IT,MAJ
IT2023_161,La festa del ritorno,IT,MAJ
IT2017_001,L'ora legale,IT,MAJ
IT2017_002,Mister Felicità,IT,MAJ
IT2017_003,Poveri ma ricchissimi,IT,MAJ
IT2017_004,Napoli velata,IT,MAJ
IT2017_005,Mamma o papà?,IT,MAJ
IT2017_006,Beata ignoranza,IT,MAJ
IT2017_007,The Place,IT,MAJ
IT2017_008,La ragazza nella nebbia,IT,MAJ
IT2017_008,La ragazza nella nebbia,DE,MIN
IT2017_008,La ragazza nella nebbia,FR,MIN
IT2017_009,Moglie e marito,IT,MAJ
IT2017_010,Natale da chef,IT,MAJ
IT2017_011,La tenerezza,IT,MAJ
IT2017_012,Gli sdraiati,IT,MAJ
IT2017_013,Fortunata,IT,MAJ
IT2017_014,Lasciati andare,IT,MAJ
IT2017_015,Terapia di coppia per amanti,IT,MAJ
IT2017_016,Rosso Istanbul,IT,MAJ
IT2017_016,Rosso Istanbul,TR,MIN
IT2017_017,Ammore e malavita,IT,MAJ
IT2017_018,Caccia al tesoro,IT,MAJ
IT2017_019,Il colore nascosto delle cose,IT,MAJ
IT2017_019,Il colore nascosto delle cose,CH,MIN
IT2017_020,Omicidio all'italiana,IT,MAJ
IT2017_021,Tutto quello che vuoi,IT,MAJ
IT2017_022,Il Premio,IT,MAJ
IT2017_022,Il Premio,DK,MIN
IT2017_023,Classe Z,IT,MAJ
IT2017_024,Questione di Karma,IT,MAJ
IT2017_025,Nove lune e mezza,IT,MAJ
IT2017_026,Finché c'è prosecco c'è speranza,IT,MAJ
IT2017_027,Gomorroide,IT,MAJ
IT2017_028,La casa di famiglia,IT,MAJ
IT2017_029,Brutti e cattivi,IT,MAJ
IT2017_029,Brutti e cattivi,BE,MIN
IT2017_029,Brutti e cattivi,FR,MIN
IT2017_030,"La verità, vi spiego, sull'amore",IT,MAJ
IT2017_031,Gatta Cenerentola,IT,MAJ
IT2017_032,Falchi,IT,MAJ
IT2017_033,L'ordine delle cose,IT,MAJ
IT2017_033,L'ordine delle cose,FR,MIN
IT2017_034,La parrucchiera,IT,MAJ
IT2017_035,Dove non ho mai abitato,IT,MAJ
IT2017_036,Piccoli crimini coniugali,IT,MAJ
IT2017_037,Amori che non sanno stare al mondo,IT,MAJ
IT2017_038,Easy,IT,MAJ
IT2017_038,Easy,UA,MIN
IT2017_039,The Startup: Accendi il tuo futuro,IT,MAJ
IT2017_040,Il padre d'Italia,IT,MAJ
IT2017_041,Pino Daniele - Il tempo resterà,IT,MAJ
IT2017_042,Vasco Modena Park: il film,IT,MAJ
IT2017_043,Il contagio,IT,MAJ
IT2017_044,Tiro libero,IT,MAJ
IT2017_045,Ovunque tu sarai,IT,MAJ
IT2017_046,I peggiori,IT,MAJ
IT2017_047,"Sole, cuore, amore",IT,MAJ
IT2017_048,L'intrusa,IT,MAJ
IT2017_048,L'intrusa,CH,MIN
IT2017_048,L'intrusa,FR,MIN
IT2017_049,L'accabadora,IT,MAJ
IT2017_049,L'accabadora,IE,MIN
IT2017_050,Cuori puri,IT,MAJ
IT2017_051,A Ciambra,IT,MAJ
IT2017_051,A Ciambra,US,MIN
IT2017_052,Ferrari 312B,IT,MAJ
IT2017_053,Sicilian Ghost Story,IT,MAJ
IT2017_053,Sicilian Ghost Story,FR,MIN
IT2017_053,Sicilian Ghost Story,CH,MIN
IT2017_054,Lasciami per sempre,IT,MAJ
IT2017_055,Orecchie,IT,MAJ
IT2017_056,The Broken Key,IT,MAJ
IT2017_057,L'equilibrio,IT,MAJ
IT2017_058,My Name Is Adil,IT,MAJ
IT2017_058,My Name Is Adil,MA,MIN
IT2017_059,La vita in comune,IT,MAJ
IT2017_060,Vieni a vivere a Napoli!,IT,MAJ
IT2017_061,"Vedete, sono uno di voi",IT,MAJ
IT2017_062,Barbiana '65: La lezione di Don Milani,IT,MAJ
IT2017_063,Piigs,IT,MAJ
IT2017_064,Malarazza: una storia di periferia,IT,MAJ
IT2017_065,Una famiglia,IT,MAJ
IT2017_066,I figli della notte,IT,MAJ
IT2017_066,I figli della notte,BE,MIN
IT2017_067,Made in China Napoletano,IT,MAJ
IT2017_068,Chi salverà le rose?,IT,MAJ
IT2017_069,Agadah,IT,MAJ
IT2017_070,Veleno,IT,MAJ
IT2017_071,Riccardo va all'inferno,IT,MAJ
IT2017_072,Gramigna,IT,MAJ
IT2017_073,Pipì Pupù e Rosmarina in Il Mistero delle Note Rapite,IT,MAJ
IT2017_073,Pipì Pupù e Rosmarina in Il Mistero delle Note Rapite,LU,MIN
IT2017_074,Le verità,IT,MAJ
IT2017_075,Gli asteroidi,IT,MAJ
IT2017_076,Maria per Roma,IT,MAJ
IT2017_077,Il figlio sospeso,IT,MAJ
IT2017_078,Il Giardino Dei Numeri,IT,MAJ
IT2017_079,Babylon Sisters,IT,MAJ
IT2017_080,Dove cadono le ombre,IT,MAJ
IT2017_081,Ferrante Fever,IT,MAJ
IT2017_082,MMA Love Never Dies,IT,MAJ
IT2017_083,Ho amici in paradiso,IT,MAJ
IT2017_084,La musica del silenzio,IT,MAJ
IT2017_085,Il vangelo secondo Mattei,IT,MAJ
IT2017_086,La mia famiglia a soqquadro,IT,MAJ
IT2017_087,E se mi comprassi una sedia?,IT,MAJ
IT2017_088,Fausto e Furio,IT,MAJ
IT2017_089,La ragazza dei miei sogni,IT,MAJ
IT2017_090,Ninna Nanna,IT,MAJ
IT2017_091,Veleni,IT,MAJ
IT2017_092,Una gita a Roma,IT,MAJ
IT2017_093,7 Giorni,IT,MAJ
IT2017_093,7 Giorni,CH,MIN
IT2017_094,Felicissime Condoglianze,IT,MAJ
IT2017_095,My Italy,IT,MAJ
IT2017_096,Per un figlio,IT,MAJ
IT2017_096,Per un figlio,LK,MIN
IT2017_097,L'amatore,IT,MAJ
IT2017_098,SFashion,IT,MAJ
IT2017_099,Il mondo di mezzo,IT,MAJ
IT2017_100,Lievito madre: Le ragazze del secolo scorso,IT,MAJ
IT2017_101,Te absolvo,IT,MAJ
IT2017_102,Il crimine non va in pensione,IT,MAJ
IT2017_103,L'Esodo,IT,MAJ
IT2017_104,Mexico! Un cinema alla riscossa,IT,MAJ
IT2017_105,Così parlò De Crescenzo,IT,MAJ
IT2017_106,Acqua di marzo,IT,MAJ
IT2017_107,The Habit of Beauty,IT,MAJ
IT2017_107,The Habit of Beauty,GB,MIN
IT2017_108,Mothers,IT,MAJ
IT2017_109,Andròn: The Black Labyrinth,IT,MAJ
IT2017_109,Andròn: The Black Labyrinth,GB,MIN
IT2017_109,Andròn: The Black Labyrinth,MT,MIN
IT2017_109,Andròn: The Black Labyrinth,CA,MIN
IT2017_110,La fuga,IT,MAJ
IT2017_111,Socialmente Pericolosi,IT,MAJ
IT2017_112,La lucida follia di Marco Ferreri,IT,MAJ
IT2017_113,Un uomo e una voce - A Beniamino Gigli,IT,MAJ
IT2017_114,Nessuno ci può giudicare,IT,MAJ
IT2016_001,Funne - le ragazze che sognavano il mare,IT,MAJ
IT2016_001,Funne - le ragazze che sognavano il mare,HR,MIN
IT2016_002,Quo vado?,IT,MAJ
IT2016_003,Perfetti sconosciuti,IT,MAJ
IT2016_004,L'abbiamo fatta grossa,IT,MAJ
IT2016_005,Poveri ma Ricchi,IT,MAJ
IT2016_006,La pazza gioia,IT,MAJ
IT2016_006,La pazza gioia,FR,MIN
IT2016_007,Lo chiamavano Jeeg Robot,IT,MAJ
IT2016_008,In guerra per amore,IT,MAJ
IT2016_009,Natale a Londra: Dio Salvi la Regina,IT,MAJ
IT2016_010,Non c'è più religione,IT,MAJ
IT2016_011,La corrispondenza,IT,MAJ
IT2016_012,Un Natale al Sud,IT,MAJ
IT2016_013,Fuga da Reuma Park,IT,MAJ
IT2016_014,Non si ruba a casa dei ladri,IT,MAJ
IT2016_015,Veloce come il vento,IT,MAJ
IT2016_016,Se mi lasci non vale,IT,MAJ
IT2016_017,La cena di Natale,IT,MAJ
IT2016_018,Tiramisù,IT,MAJ
IT2016_019,Che vuoi che sia,IT,MAJ
IT2016_020,Come diventare grandi nonostante i genitori,IT,MAJ
IT2016_021,L'estate addosso,IT,MAJ
IT2016_022,Forever Young,IT,MAJ
IT2016_023,"Vita, cuore, battito",IT,MAJ
IT2016_024,Troppo napoletano,IT,MAJ
IT2016_025,Un paese quasi perfetto,IT,MAJ
IT2016_026,Le confessioni,IT,MAJ
IT2016_026,Le confessioni,FR,MIN
IT2016_027,I babysitter,IT,MAJ
IT2016_028,Fai bei sogni,IT,MAJ
IT2016_028,Fai bei sogni,FR,MIN
IT2016_029,La verità sta in cielo,IT,MAJ
IT2016_030,Quel bravo ragazzo,IT,MAJ
IT2016_031,Al posto tuo,IT,MAJ
IT2016_032,Made in Italy: Ciao Brother,IT,MAJ
IT2016_033,Nemiche per la pelle,IT,MAJ
IT2016_034,7 minuti,IT,MAJ
IT2016_034,7 minuti,FR,MIN
IT2016_035,Onda su onda,IT,MAJ
IT2016_036,Prima di lunedì,IT,MAJ
IT2016_037,The Pills: Sempre meglio che lavorare,IT,MAJ
IT2016_038,Indivisibili,IT,MAJ
IT2016_039,La vita possibile,IT,MAJ
IT2016_039,La vita possibile,FR,MIN
IT2016_040,Tommaso,IT,MAJ
IT2016_041,La coppia dei campioni,IT,MAJ
IT2016_042,On Air: Storia di un Successo,IT,MAJ
IT2016_043,My Father Jack,IT,MAJ
IT2016_044,Questi giorni,IT,MAJ
IT2016_045,La pelle dell'orso,IT,MAJ
IT2016_046,Come saltano i pesci,IT,MAJ
IT2016_047,Mi rifaccio il trullo,IT,MAJ
IT2016_048,La macchinazione,IT,MAJ
IT2016_048,La macchinazione,FR,MIN
IT2016_049,Astro Samantha,IT,MAJ
IT2016_050,Pericle il nero,IT,MAJ
IT2016_051,Leonardo da Vinci - Il genio a Milano,IT,MAJ
IT2016_052,Milionari,IT,MAJ
IT2016_053,Bianco di Babbudoiu,IT,MAJ
IT2016_054,La stoffa dei sogni,IT,MAJ
IT2016_055,Ustica,IT,MAJ
IT2016_055,Ustica,BE,MIN
IT2016_056,L'Universale,IT,MAJ
IT2016_057,La ragazza del mondo,IT,MAJ
IT2016_057,La ragazza del mondo,FR,MIN
IT2016_058,Le ultime cose,IT,MAJ
IT2016_058,Le ultime cose,CH,MIN
IT2016_058,Le ultime cose,FR,MIN
IT2016_059,L'ultima spiaggia,IT,MAJ
IT2016_059,L'ultima spiaggia,GR,MIN
IT2016_059,L'ultima spiaggia,FR,MIN
IT2016_060,Fräulein: una fiaba d'inverno,IT,MAJ
IT2016_061,Il fiume ha sempre ragione,IT,MAJ
IT2016_062,Con tutto l'amore che ho,IT,MAJ
IT2016_063,Seconda primavera,IT,MAJ
IT2016_064,La buona uscita,IT,MAJ
IT2016_065,Antonia.,IT,MAJ
IT2016_065,Antonia.,GR,MIN
IT2016_066,Abbraccialo per me,IT,MAJ
IT2016_067,Ridendo e scherzando - Ritratto di un regista all'italiana,IT,MAJ
IT2016_068,Il Ragazzo Della Giudecca,IT,MAJ
IT2016_069,Senza lasciare traccia,IT,MAJ
IT2016_070,Liberami,IT,MAJ
IT2016_070,Liberami,FR,MIN
IT2016_071,Oscar,IT,MAJ
IT2016_072,L'età d'oro,IT,MAJ
IT2016_073,Infernet,IT,MAJ
IT2016_074,Banat - Il viaggio,IT,MAJ
IT2016_074,Banat - Il viaggio,RO,MIN
IT2016_074,Banat - Il viaggio,BG,MIN
IT2016_074,Banat - Il viaggio,MK,MIN
IT2016_075,S Is for Stanley,IT,MAJ
IT2016_076,Attesa e cambiamenti,IT,MAJ
IT2016_077,Porno & Libertà,IT,MAJ
IT2016_078,Assolo,IT,MAJ
IT2016_079,Ab urbe coacta,IT,MAJ
IT2016_080,A pugni chiusi,IT,MAJ
IT2016_081,Due euro l'ora,IT,MAJ
IT2016_082,In bici senza sella,IT,MAJ
IT2016_083,Tre giorni dopo,IT,MAJ
IT2016_083,Tre giorni dopo,AR,MIN
IT2016_084,Una nobile causa,IT,MAJ
IT2016_085,Bozzetto non troppo,IT,MAJ
IT2016_086,La notte non fa più paura,IT,MAJ
IT2016_087,Mia madre fa l'attrice,IT,MAJ
IT2016_088,Cronaca di una passione,IT,MAJ
IT2016_089,La Sindrome di Antonio,IT,MAJ
IT2016_090,Una diecimilalire,IT,MAJ
IT2016_091,Racconto Calabrese,IT,MAJ
IT2016_092,Montedoro,IT,MAJ
IT2016_093,Fratelli di Sangue,IT,MAJ
IT2016_094,L'amore rubato,IT,MAJ
IT2016_095,Cristian e Palletta contro tutti,IT,MAJ
IT2016_096,Il camionista,IT,MAJ
IT2016_097,Ritmo sbilenco - Un filmino su Elio e le Storie Tese,IT,MAJ
IT2016_098,La grande Rabbia,IT,MAJ
IT2016_099,Oggi insieme domani anche: Film partecipato,IT,MAJ
IT2016_100,Che cos'è l'amore?,IT,MAJ
IT2016_101,"Si vis pacem, para bellum",IT,MAJ
IT2016_102,Un nuovo giorno,IT,MAJ
IT2016_103,80 Voglia di te,IT,MAJ
IT2016_104,Una carezza di vento,IT,MAJ
IT2016_105,Obce cialo,IT,MAJ
IT2016_105,Obce cialo,RO,MIN
IT2016_105,Obce cialo,PL,MIN
IT2016_106,"Alfredo Bini, ospite inatteso",IT,MAJ
IT2016_107,L'altro Adamo,IT,MAJ
IT2016_108,Il profumo del tempo delle favole,IT,MAJ
IT2015_001,Si accettano miracoli,IT,MAJ
IT2015_002,Natale col boss,IT,MAJ
IT2015_003,Vacanze ai Caraibi,IT,MAJ
IT2015_004,Youth - la giovinezza,IT,MAJ
IT2015_004,Youth - la giovinezza,FR,MIN
IT2015_004,Youth - la giovinezza,GB,MIN
IT2015_004,Youth - la giovinezza,CH,MIN
IT2015_005,Ma che bella sorpresa,IT,MAJ
IT2015_006,Suburra,IT,MAJ
IT2015_006,Suburra,FR,MIN
IT2015_007,Belli di papà,IT,MAJ
IT2015_008,Se Dio vuole,IT,MAJ
IT2015_009,Noi e la Giulia,IT,MAJ
IT2015_010,Italiano medio,IT,MAJ
IT2015_011,Chiamatemi Francesco - Il Papa della gente,IT,MAJ
IT2015_012,Mia madre,IT,MAJ
IT2015_012,Mia madre,FR,MIN
IT2015_013,Matrimonio al Sud,IT,MAJ
IT2015_014,Io che amo solo te,IT,MAJ
IT2015_015,Nessuno si salva da solo,IT,MAJ
IT2015_016,Il racconto dei racconti,IT,MAJ
IT2015_016,Il racconto dei racconti,FR,MIN
IT2015_017,Il nome del figlio,IT,MAJ
IT2015_018,Sei mai stata sulla luna?,IT,MAJ
IT2015_019,Gli ultimi saranno ultimi,IT,MAJ
IT2015_020,Latin Lover,IT,MAJ
IT2015_021,Io e lei,IT,MAJ
IT2015_022,Tutte lo vogliono,IT,MAJ
IT2015_023,Loro chi?,IT,MAJ
IT2015_024,La scelta,IT,MAJ
IT2015_025,La felicità è un sistema complesso,IT,MAJ
IT2015_026,Non essere cattivo,IT,MAJ
IT2015_027,Maraviglioso Boccaccio,IT,MAJ
IT2015_027,Maraviglioso Boccaccio,FR,MIN
IT2015_028,Alaska,IT,MAJ
IT2015_028,Alaska,FR,MIN
IT2015_029,Dobbiamo parlare,IT,MAJ
IT2015_030,Ho ucciso Napoleone,IT,MAJ
IT2015_031,Italo,IT,MAJ
IT2015_032,Le leggi del desiderio,IT,MAJ
IT2015_033,Per amor vostro,IT,MAJ
IT2015_034,Hungry Hearts,IT,MAJ
IT2015_035,L'attesa,IT,MAJ
IT2015_035,L'attesa,FR,MIN
IT2015_036,Sangue del mio sangue,IT,MAJ
IT2015_036,Sangue del mio sangue,FR,MIN
IT2015_036,Sangue del mio sangue,CH,MIN
IT2015_037,A Napoli non piove mai,IT,MAJ
IT2015_038,Soldato semplice,IT,MAJ
IT2015_039,In fondo al bosco,IT,MAJ
IT2015_040,Tempo instabile con probabili schiarite,IT,MAJ
IT2015_041,Uno per tutti,IT,MAJ
IT2015_042,Babbo Natale non viene da Nord,IT,MAJ
IT2015_043,Ci devo pensare,IT,MAJ
IT2015_044,Vergine giurata,IT,MAJ
IT2015_044,Vergine giurata,CH,MIN
IT2015_044,Vergine giurata,AL,MIN
IT2015_044,Vergine giurata,DE,MIN
IT2015_045,A Bigger Splash,IT,MAJ
IT2015_046,The Repairman,IT,MAJ
IT2015_046,The Repairman,GB,MIN
IT2015_047,La prima luce,IT,MAJ
IT2015_048,Pitza e datteri,IT,MAJ
IT2015_049,Il Bacio Azzurro,IT,MAJ
IT2015_050,Il solengo,IT,MAJ
IT2015_051,Between Sisters,IT,MAJ
IT2015_052,Uno anzi due,IT,MAJ
IT2015_053,La prima volta (di mia figlia),IT,MAJ
IT2015_054,Iqbal - Bambini senza paura,IT,MAJ
IT2015_054,Iqbal - Bambini senza paura,FR,MIN
IT2015_055,Leoni,IT,MAJ
IT2015_056,In un posto bellissimo,IT,MAJ
IT2015_057,Un posto sicuro,IT,MAJ
IT2015_058,L'amour ne pardonne pas,IT,MAJ
IT2015_058,L'amour ne pardonne pas,FR,MIN
IT2015_059,Una Meravigliosa Stagione Fallimentare,IT,MAJ
IT2015_060,Dancing with Maria,IT,MAJ
IT2015_060,Dancing with Maria,SI,MIN
IT2015_060,Dancing with Maria,SL,MIN
IT2015_061,Viva la sposa,IT,MAJ
IT2015_061,Viva la sposa,FR,MIN
IT2015_061,Viva la sposa,BE,MIN
IT2015_062,Le frise ignoranti,IT,MAJ
IT2015_063,Pecore in erba,IT,MAJ
IT2015_064,Mirafiori Lunapark,IT,MAJ
IT2015_065,One More Day,IT,MAJ
IT2015_066,Banana,IT,MAJ
IT2015_067,Una storia sbagliata,IT,MAJ
IT2015_068,Cloro,IT,MAJ
IT2015_069,Storie sospese,IT,MAJ
IT2015_070,Ameluk,IT,MAJ
IT2015_071,Ultima Fermata,IT,MAJ
IT2015_072,Senza Lucio,IT,MAJ
IT2015_073,Effetti Indesiderati,IT,MAJ
IT2015_074,Rosso Mille Miglia,IT,MAJ
IT2015_075,"Io, Arlecchino",IT,MAJ
IT2015_076,Patria,IT,MAJ
IT2015_077,Basta poco,IT,MAJ
IT2015_078,Janara,IT,MAJ
IT2015_079,Le Badanti,IT,MAJ
IT2015_079,Le Badanti,MY,MIN
IT2015_080,Bolgia totale,IT,MAJ
IT2015_081,Mauro c'ha da fare,IT,MAJ
IT2015_082,Né Giulietta né Romeo,IT,MAJ
IT2015_083,Noi siamo Francesco,IT,MAJ
IT2015_084,La voce,IT,MAJ
IT2015_085,Meno male è Lunedì,IT,MAJ
IT2015_086,Leone nel basilico,IT,MAJ
IT2015_087,Fuori dal coro,IT,MAJ
IT2015_088,Nessuno siamo perfetti,IT,MAJ
IT2015_089,Cain,IT,MAJ
IT2015_090,Fuorigioco,IT,MAJ
IT2015_091,Dietro gli occhiali bianchi,IT,MAJ
IT2015_092,L'ospite,IT,MAJ
IT2015_093,L'equilibrio del cucchiaino,IT,MAJ
IT2015_094,L'orologio di Monaco,IT,MAJ
IT2015_095,Terra,IT,MAJ
IT2014_001,Rada,IT,MAJ
IT2014_002,Una nobile rivoluzione,IT,MAJ
IT2014_003,"Il ricco, il povero e il maggiordomo",IT,MAJ
IT2014_004,Un boss in salotto,IT,MAJ
IT2014_005,Sotto una buona stella,IT,MAJ
IT2014_006,Andiamo a quel paese,IT,MAJ
IT2014_007,Il giovane favoloso,IT,MAJ
IT2014_008,La scuola più bella del mondo,IT,MAJ
IT2014_009,Il capitale umano,IT,MAJ
IT2014_009,Il capitale umano,FR,MIN
IT2014_010,Scusate se esisto!,IT,MAJ
IT2014_011,Allacciate le cinture,IT,MAJ
IT2014_012,Il ragazzo invisibile,IT,MAJ
IT2014_012,Il ragazzo invisibile,FR,MIN
IT2014_013,Smetto quando voglio,IT,MAJ
IT2014_014,... E fuori nevica!,IT,MAJ
IT2014_015,Confusi e felici,IT,MAJ
IT2014_016,Ma tu di che segno 6?,IT,MAJ
IT2014_017,Una donna per amica,IT,MAJ
IT2014_018,Un fidanzato per mia moglie,IT,MAJ
IT2014_019,Ogni maledetto Natale,IT,MAJ
IT2014_020,Sapore di te,IT,MAJ
IT2014_021,Un matrimonio da favola,IT,MAJ
IT2014_022,Soap Opera,IT,MAJ
IT2014_023,La sedia della felicità,IT,MAJ
IT2014_024,La gente che sta bene,IT,MAJ
IT2014_025,Le meraviglie,IT,MAJ
IT2014_025,Le meraviglie,CH,MIN
IT2014_025,Le meraviglie,DE,MIN
IT2014_026,Anime nere,IT,MAJ
IT2014_026,Anime nere,FR,MIN
IT2014_027,I nostri ragazzi,IT,MAJ
IT2014_028,Perez.,IT,MAJ
IT2014_029,Song 'e Napule,IT,MAJ
IT2014_030,Ti ricordi di me?,IT,MAJ
IT2014_031,Un ragazzo d'oro,IT,MAJ
IT2014_032,La mossa del pinguino,IT,MAJ
IT2014_033,La buca,IT,MAJ
IT2014_033,La buca,CH,MIN
IT2014_033,La buca,FR,MIN
IT2014_034,Maldamore,IT,MAJ
IT2014_035,Anita B.,IT,MAJ
IT2014_035,Anita B.,HU,MIN
IT2014_035,Anita B.,CZ,MIN
IT2014_036,Noi 4,IT,MAJ
IT2014_037,Ti sposo ma non troppo,IT,MAJ
IT2014_038,Ambo,IT,MAJ
IT2014_039,Buoni a nulla,IT,MAJ
IT2014_040,In grazia di Dio,IT,MAJ
IT2014_041,Cuccioli - Il paese del vento,IT,MAJ
IT2014_042,Pane e burlesque,IT,MAJ
IT2014_043,La nostra terra,IT,MAJ
IT2014_044,Belluscone. Una storia siciliana,IT,MAJ
IT2014_045,Il venditore di medicine,IT,MAJ
IT2014_045,Il venditore di medicine,FR,MIN
IT2014_046,Senza nessuna pietà,IT,MAJ
IT2014_047,Arance & martello,IT,MAJ
IT2014_048,Se chiudo gli occhi non sono più qui,IT,MAJ
IT2014_049,La luna su Torino,IT,MAJ
IT2014_050,Piccola patria,IT,MAJ
IT2014_051,2047 - Sights of Death,IT,MAJ
IT2014_052,Mio papà,IT,MAJ
IT2014_053,Più buio di mezzanotte,IT,MAJ
IT2014_054,Incompresa,IT,MAJ
IT2014_054,Incompresa,FR,MIN
IT2014_055,Francesco da Buenos Aires,IT,MAJ
IT2014_056,Take Five,IT,MAJ
IT2014_057,Il mondo fino in fondo,IT,MAJ
IT2014_058,Il pretore,IT,MAJ
IT2014_059,Perfidia,IT,MAJ
IT2014_060,Il leone di vetro,IT,MAJ
IT2014_061,La moglie del sarto,IT,MAJ
IT2014_062,Il Mistero di Dante,IT,MAJ
IT2014_062,Il Mistero di Dante,GB,MIN
IT2014_062,Il Mistero di Dante,US,MIN
IT2014_062,Il Mistero di Dante,FR,MIN
IT2014_063,Il segreto di Italia,IT,MAJ
IT2014_064,Felice chi è diverso,IT,MAJ
IT2014_065,Nessuno mi pettina bene come il vento,IT,MAJ
IT2014_066,Fuoristrada,IT,MAJ
IT2014_067,La legge è uguale per tutti... forse,IT,MAJ
IT2014_068,Zio Angelo e i tempi moderni,IT,MAJ
IT2014_069,Vacanz...Ieri Oggi E Domani,IT,MAJ
IT2014_070,Racconti d'amore,IT,MAJ
IT2014_071,Io rom romantica,IT,MAJ
IT2014_072,Ore diciotto in punto,IT,MAJ
IT2014_073,Vinodentro,IT,MAJ
IT2014_074,Nottetempo,IT,MAJ
IT2014_075,La zuppa del demonio,IT,MAJ
IT2014_076,La foresta di ghiaccio,IT,MAJ
IT2014_077,Il treno va a Mosca,IT,MAJ
IT2014_077,Il treno va a Mosca,GB,MIN
IT2014_078,La Banda dei Supereroi,IT,MAJ
IT2014_079,Sogni di gloria,IT,MAJ
IT2014_080,Controra,IT,MAJ
IT2014_080,Controra,IE,MIN
IT2014_081,La Matricola,IT,MAJ
IT2014_082,La madre,IT,MAJ
IT2014_083,Sarà un paese,IT,MAJ
IT2014_083,Sarà un paese,GB,MIN
IT2014_083,Sarà un paese,DE,MIN
IT2014_083,Sarà un paese,ES,MIN
IT2014_083,Sarà un paese,GR,MIN
IT2014_084,Presto farà giorno,IT,MAJ
IT2014_085,L'estate sta finendo,IT,MAJ
IT2014_086,Maicol Jecson,IT,MAJ
IT2014_087,Ritual - Una storia psicomagica,IT,MAJ
IT2014_088,Sangue,IT,MAJ
IT2014_088,Sangue,CH,MIN
IT2014_089,"La storia di Cino, il bambino che attraversò la montagna",IT,MAJ
IT2014_089,"La storia di Cino, il bambino che attraversò la montagna",FR,MIN
IT2014_090,Ragazze a mano armata,IT,MAJ
IT2014_091,In viaggio con Cecilia,IT,MAJ
IT2014_092,Tutte le storie di Piera,IT,MAJ
FR2023_001,Tirailleurs,FR,MAJ
FR2023_001,Tirailleurs,SN,MIN
FR2023_002,Cet été-là,FR,MAJ
FR2023_002,Cet été-là,BE,MIN
FR2023_003,16 ans,FR,MAJ
FR2023_003,16 ans,BE,MIN
FR2023_004,Etugen,FR,MAJ
FR2023_005,Mes chers espions,FR,MAJ
FR2023_006,Les Cyclades,FR,MAJ
FR2023_006,Les Cyclades,GR,MIN
FR2023_006,Les Cyclades,BE,MIN
FR2023_007,Les Cadors,FR,MAJ
FR2023_008,L'Envol,FR,MAJ
FR2023_008,L'Envol,IT,MIN
FR2023_008,L'Envol,DE,MIN
FR2023_009,Grand Marin,FR,MAJ
FR2023_009,Grand Marin,IS,MIN
FR2023_009,Grand Marin,BE,MIN
FR2023_009,Grand Marin,RU,MIN
FR2023_010,De Humani Corporis Fabrica,FR,MAJ
FR2023_010,De Humani Corporis Fabrica,CH,MIN
FR2023_010,De Humani Corporis Fabrica,US,MIN
FR2023_011,Ma ville demain,FR,MAJ
FR2023_012,Swing Rendez-vous,FR,MAJ
FR2023_012,Swing Rendez-vous,US,MIN
FR2023_013,La Guerre des Lulus,FR,MAJ
FR2023_014,Le Clan,FR,MAJ
FR2023_015,Youssef Salem a du succès,FR,MAJ
FR2023_016,Brillantes,FR,MAJ
FR2023_017,Le Chant des vivants,FR,MAJ
FR2023_018,Mon vieux,FR,MAJ
FR2023_019,Pattie et la colère de Poséidon,FR,MAJ
FR2023_020,Vaincre ou mourir,FR,MAJ
FR2023_021,Divertimento,FR,MAJ
FR2023_022,Interdit aux chiens et aux Italiens,FR,MAJ
FR2023_022,Interdit aux chiens et aux Italiens,IT,MIN
FR2023_022,Interdit aux chiens et aux Italiens,CH,MIN
FR2023_022,Interdit aux chiens et aux Italiens,PT,MIN
FR2023_023,Un petit miracle,FR,MAJ
FR2023_024,Retour à Séoul,FR,MAJ
FR2023_024,Retour à Séoul,DE,MIN
FR2023_024,Retour à Séoul,BE,MIN
FR2023_024,Retour à Séoul,KR,MIN
FR2023_024,Retour à Séoul,RO,MIN
FR2023_024,Retour à Séoul,KH,MIN
FR2023_024,Retour à Séoul,QA,MIN
FR2023_025,Neneh Superstar,FR,MAJ
FR2023_026,"Ashkal, l'enquête de Tunis",FR,MAJ
FR2023_026,"Ashkal, l'enquête de Tunis",TN,MIN
FR2023_027,Quitte pour la peur,FR,MAJ
FR2023_028,Astérix & Obélix : L'Empire du Milieu,FR,MAJ
FR2023_029,La Montagne,FR,MAJ
FR2023_030,Un petit frère,FR,MAJ
FR2023_031,Des garçons de province,FR,MAJ
FR2023_032,Droit dans les yeux,FR,MAJ
FR2023_033,Alibi.com 2,FR,MAJ
FR2023_034,"Zodi & Tehu, frères du désert",FR,MAJ
FR2023_035,Les Têtes givrées,FR,MAJ
FR2023_035,Les Têtes givrées,BE,MIN
FR2023_036,La Grande Magie,FR,MAJ
FR2023_037,Pour la France,FR,MAJ
FR2023_037,Pour la France,TW,MIN
FR2023_038,Tant que le soleil frappe,FR,MAJ
FR2023_039,La Ferme à Gégé,FR,MAJ
FR2023_040,Astrakan,FR,MAJ
FR2023_041,Un homme heureux,FR,MAJ
FR2023_042,Juste ciel !,FR,MAJ
FR2023_043,Le Grand Cirque,FR,MAJ
FR2023_043,Le Grand Cirque,BE,MIN
FR2023_044,L'Astronaute,FR,MAJ
FR2023_045,Le Marchand de sable,FR,MAJ
FR2023_046,Les Choses simples,FR,MAJ
FR2023_047,À la belle étoile,FR,MAJ
FR2023_048,Arrête avec tes mensonges,FR,MAJ
FR2023_049,Chevalier noir,FR,MAJ
FR2023_049,Chevalier noir,DE,MIN
FR2023_049,Chevalier noir,IT,MIN
FR2023_049,Chevalier noir,IR,MIN
FR2023_050,Last Dance,FR,MAJ
FR2023_051,Slava Ukraini,FR,MAJ
FR2023_052,Les Petites Victoires,FR,MAJ
FR2023_053,La Syndicaliste,FR,MAJ
FR2023_053,La Syndicaliste,DE,MIN
FR2023_054,Goutte d'or,FR,MAJ
FR2023_055,Mon crime,FR,MAJ
FR2023_056,En plein feu,FR,MAJ
FR2023_056,En plein feu,BE,MIN
FR2023_057,Christophe définitivement,FR,MAJ
FR2023_058,Toi non plus tu n'as rien vu,FR,MAJ
FR2023_059,Comme une actrice,FR,MAJ
FR2023_060,En toute liberté - Une radio pour la paix,FR,MAJ
FR2023_061,Femme de mère en fille,FR,MAJ
FR2023_062,Paysans du ciel à la terre,FR,MAJ
FR2023_063,Sage-homme,FR,MAJ
FR2023_064,La Chambre des merveilles,FR,MAJ
FR2023_065,Bienveillance paysanne,FR,MAJ
FR2023_066,À pas aveugles,FR,MAJ
FR2023_066,À pas aveugles,DE,MIN
FR2023_067,Le Monde d'après 2,FR,MAJ
FR2023_068,Sur les chemins noirs,FR,MAJ
FR2023_069,De grandes espérances,FR,MAJ
FR2023_070,Dalva,FR,MAJ
FR2023_070,Dalva,BE,MIN
FR2023_071,Atlantic Bar,FR,MAJ
FR2023_072,"Saules aveugles, femme endormie",FR,MAJ
FR2023_072,"Saules aveugles, femme endormie",LU,MIN
FR2023_072,"Saules aveugles, femme endormie",CA,MIN
FR2023_072,"Saules aveugles, femme endormie",NL,MIN
FR2023_073,Je verrai toujours vos visages,FR,MAJ
FR2023_074,Bonne Conduite,FR,MAJ
FR2023_075,Apaches,FR,MAJ
FR2023_076,Voyages en Italie,FR,MAJ
FR2023_077,Les Trois Mousquetaires : D'Artagnan,FR,MAJ
FR2023_078,"Mon chat et moi, la grande aventure de Rroû",FR,MAJ
FR2023_078,"Mon chat et moi, la grande aventure de Rroû",CH,MIN
FR2023_079,L'Établi,FR,MAJ
FR2023_079,L'Établi,BE,MIN
FR2023_080,C'est mon homme,FR,MAJ
FR2023_080,C'est mon homme,BE,MIN
FR2023_081,Normale,FR,MAJ
FR2023_081,Normale,BE,MIN
FR2023_082,À mon seul désir,FR,MAJ
FR2023_083,10 jours encore sans maman,FR,MAJ
FR2023_084,Les Complices,FR,MAJ
FR2023_084,Les Complices,BE,MIN
FR2023_085,Les Âmes soeurs,FR,MAJ
FR2023_086,Une histoire d'amour,FR,MAJ
FR2023_087,Alma Viva,FR,MAJ
FR2023_087,Alma Viva,PT,MIN
FR2023_087,Alma Viva,BE,MIN
FR2023_088,"L'Automne à Pyongyang, un portrait de Claude Lanzmann",FR,MAJ
FR2023_089,Alegria Séfarade,FR,MAJ
FR2023_090,La Vie pour de vrai,FR,MAJ
FR2023_090,La Vie pour de vrai,BE,MIN
FR2023_091,Sur l'Adamant,FR,MAJ
FR2023_091,Sur l'Adamant,JP,MIN
FR2023_092,La Plus Belle pour aller danser,FR,MAJ
FR2023_093,Chien de la casse,FR,MAJ
FR2023_094,Avant l'effondrement,FR,MAJ
FR2023_095,Notre tout petit petit mariage,FR,MAJ
FR2023_096,Le Jeune Imam,FR,MAJ
FR2023_097,Quand tu seras grand,FR,MAJ
FR2023_098,Ma langue au chat,FR,MAJ
FR2023_098,Ma langue au chat,BE,MIN
FR2023_099,L'Amitié,FR,MAJ
FR2023_100,C'est normal !,FR,MAJ
FR2023_101,Pour l'honneur,FR,MAJ
FR2023_102,La Marginale,FR,MAJ
FR2023_103,Disco Boy,FR,MAJ
FR2023_103,Disco Boy,IT,MIN
FR2023_103,Disco Boy,BE,MIN
FR2023_104,La Gravité,FR,MAJ
FR2023_105,Nos cérémonies,FR,MAJ
FR2023_106,Le Principal,FR,MAJ
FR2023_107,Hawaii,FR,MAJ
FR2023_108,Le Cours de la vie,FR,MAJ
FR2023_109,La Fille d'Albino Rodrigue,FR,MAJ
FR2023_110,The Wild One,FR,MAJ
FR2023_111,"La Révole nature, de la vigne au verre",FR,MAJ
FR2023_112,"On a eu la journée, bonsoir",FR,MAJ
FR2023_113,Jeanne du Barry,FR,MAJ
FR2023_114,Umami,FR,MAJ
FR2023_114,Umami,JP,MIN
FR2023_115,L'Homme debout,FR,MAJ
FR2023_116,Monsieur Constant,FR,MAJ
FR2023_117,L'Amour et les Forêts,FR,MAJ
FR2023_118,L'Île rouge,FR,MAJ
FR2023_118,L'Île rouge,BE,MIN
FR2023_118,L'Île rouge,MG,MIN
FR2023_119,Invincible été,FR,MAJ
FR2023_120,De l'eau jaillit le feu,FR,MAJ
FR2023_121,Aux masques citoyennes,FR,MAJ
FR2023_122,Des mains en or,FR,MAJ
FR2023_123,Wahou !,FR,MAJ
FR2023_124,Marinette,FR,MAJ
FR2023_125,Sexygénaires,FR,MAJ
FR2023_126,Le Processus de paix,FR,MAJ
FR2023_127,Fifi,FR,MAJ
FR2023_128,Stars at Noon,FR,MAJ
FR2023_129,Magnificat,FR,MAJ
FR2023_130,38°5 quai des Orfèvres,FR,MAJ
FR2023_131,La Fille et le Garçon,FR,MAJ
FR2023_132,Les Vengeances de Maître Poutifard,FR,MAJ
FR2023_132,Les Vengeances de Maître Poutifard,BE,MIN
FR2023_133,Farang,FR,MAJ
FR2023_134,Passages,FR,MAJ
FR2023_134,Passages,DE,MIN
FR2023_135,La Sirène,FR,MAJ
FR2023_135,La Sirène,DE,MIN
FR2023_135,La Sirène,LU,MIN
FR2023_135,La Sirène,BE,MIN
FR2023_136,"Miraculous, le film",FR,MAJ
FR2023_137,Une nuit,FR,MAJ
FR2023_138,"Cléo, Melvil et moi",FR,MAJ
FR2023_139,Au cimetière de la pellicule,FR,MAJ
FR2023_139,Au cimetière de la pellicule,SN,MIN
FR2023_139,Au cimetière de la pellicule,SA,MIN
FR2023_139,Au cimetière de la pellicule,GN,MIN
FR2023_140,Les Algues vertes,FR,MAJ
FR2023_141,Le Retour,FR,MAJ
FR2023_142,Petit Jésus,FR,MAJ
FR2023_142,Petit Jésus,CA,MIN
FR2023_143,Entre nous,FR,MAJ
FR2023_144,Sous le tapis,FR,MAJ
FR2023_145,Les Déguns 2,FR,MAJ
FR2023_146,Sur la branche,FR,MAJ
FR2023_146,Sur la branche,BE,MIN
FR2023_147,Un hiver en été,FR,MAJ
FR2023_148,Les Blagues de Toto 2 - Classe verte,FR,MAJ
FR2023_148,Les Blagues de Toto 2 - Classe verte,BE,MIN
FR2023_149,Yannick,FR,MAJ
FR2023_150,Veuillez nous excuser pour la gêne occasionnée,FR,MAJ
FR2023_151,La Voie royale,FR,MAJ
FR2023_151,La Voie royale,CH,MIN
FR2023_152,Un coup de maître,FR,MAJ
FR2023_152,Un coup de maître,BE,MIN
FR2023_153,Les As de la Jungle 2 : Opération tour du monde,FR,MAJ
FR2023_154,La Bête dans la jungle,FR,MAJ
FR2023_154,La Bête dans la jungle,BE,MIN
FR2023_154,La Bête dans la jungle,AT,MIN
FR2023_155,Anatomie d'une chute,FR,MAJ
FR2023_156,Super-bourrés,FR,MAJ
FR2023_157,"Toni, en famille",FR,MAJ
FR2023_158,Visions,FR,MAJ
FR2023_159,Le Gang des bois du temple,FR,MAJ
FR2023_160,Un métier sérieux,FR,MAJ
FR2023_161,Le Livre des solutions,FR,MAJ
FR2023_162,L'Été dernier,FR,MAJ
FR2023_163,Les Secrets de la princesse de Cadignan,FR,MAJ
FR2023_164,La Petite,FR,MAJ
FR2023_164,La Petite,BE,MIN
FR2023_165,Comme une louve,FR,MAJ
FR2023_166,Mise au vert,FR,MAJ
FR2023_167,Le Procès Goldman,FR,MAJ
FR2023_168,Dogman,FR,MAJ
FR2023_169,Nouveau Départ,FR,MAJ
FR2023_170,Poisson rouge,FR,MAJ
FR2023_171,Au Clemenceau,FR,MAJ
FR2023_172,"Self-Fiction, Self-Migration",FR,MAJ
FR2023_173,Le Règne animal,FR,MAJ
FR2023_174,Bernadette,FR,MAJ
FR2023_175,L'air de la mer rend libre,FR,MAJ
FR2023_176,Notre corps,FR,MAJ
FR2023_177,Des idées de génie ?,FR,MAJ
FR2023_178,Le Consentement,FR,MAJ
FR2023_178,Le Consentement,BE,MIN
FR2023_179,Marie-Line et son juge,FR,MAJ
FR2023_180,La Fiancée du poète,FR,MAJ
FR2023_180,La Fiancée du poète,BE,MIN
FR2023_181,Nina et le secret du hérisson,FR,MAJ
FR2023_182,Le Ravissement,FR,MAJ
FR2023_183,Une année difficile,FR,MAJ
FR2023_184,Linda veut du poulet !,FR,MAJ
FR2023_184,Linda veut du poulet !,IT,MIN
FR2023_185,Sacerdoce,FR,MAJ
FR2023_186,Un prince,FR,MAJ
FR2023_187,3 jours max,FR,MAJ
FR2023_188,Second Tour,FR,MAJ
FR2023_189,Chambre 999,FR,MAJ
FR2023_190,Flo,FR,MAJ
FR2023_191,Inestimable,FR,MAJ
FR2023_192,Le Théorème de Marguerite,FR,MAJ
FR2023_192,Le Théorème de Marguerite,CH,MIN
FR2023_193,Monsieur le maire,FR,MAJ
FR2023_194,L'Abbé Pierre : Une vie de combat,FR,MAJ
FR2023_195,La Passion de Dodin Bouffant,FR,MAJ
FR2023_196,Par la fenêtre ou par la porte,FR,MAJ
FR2023_197,Comme par magie,FR,MAJ
FR2023_198,Et la fête continue !,FR,MAJ
FR2023_198,Et la fête continue !,IT,MIN
FR2023_199,Little Girl Blue,FR,MAJ
FR2023_199,Little Girl Blue,BE,MIN
FR2023_200,Le Petit Blond de la Casbah,FR,MAJ
FR2023_201,Vincent doit mourir,FR,MAJ
FR2023_201,Vincent doit mourir,BE,MIN
FR2023_202,Gueules noires,FR,MAJ
FR2023_203,Ricardo et la Peinture,FR,MAJ
FR2023_203,Ricardo et la Peinture,CH,MIN
FR2023_204,Avant que les flammes ne s'éteignent,FR,MAJ
FR2023_205,Mars Express,FR,MAJ
FR2023_206,Je ne suis pas un héros,FR,MAJ
FR2023_207,L'Arche de Noé,FR,MAJ
FR2023_208,La Vénus d'argent,FR,MAJ
FR2023_209,Le Monde d'après 3,FR,MAJ
FR2023_210,Le Poireau perpétuel,FR,MAJ
FR2023_211,La Tresse,FR,MAJ
FR2023_211,La Tresse,CA,MIN
FR2023_211,La Tresse,IT,MIN
FR2023_212,Le Temps d'aimer,FR,MAJ
FR2023_212,Le Temps d'aimer,BE,MIN
FR2023_213,Noël joyeux,FR,MAJ
FR2023_214,Batiment 5,FR,MAJ
FR2023_214,Batiment 5,BE,MIN
FR2023_215,L'Enfant du paradis,FR,MAJ
FR2023_216,Les Trois Mousquetaires : Milady,FR,MAJ
FR2023_217,Les Inséparables,FR,MAJ
FR2023_217,Les Inséparables,ES,MIN
FR2023_217,Les Inséparables,BE,MIN
FR2023_218,Rue des dames,FR,MAJ
FR2023_219,"À jamais les premiers, l'histoire d'un rêve étoilé",FR,MAJ
FR2023_220,Chasse gardée,FR,MAJ
FR2023_221,Jeff Panacloc : À la poursuite de Jean-Marc,FR,MAJ
FR2023_222,La Fille de son père,FR,MAJ
FR2023_223,Ma France à moi,FR,MAJ
FR2023_224,Menus-plaisirs - Les Troisgros,FR,MAJ
FR2023_224,Menus-plaisirs - Les Troisgros,US,MIN
FR2023_225,Pour ton mariage,FR,MAJ
FR2023_226,Les Segpa au ski,FR,MAJ
FR2023_227,Une affaire d'honneur,FR,MAJ
FR2023_228,Vermines,FR,MAJ
FR2023_229,5 hectares,FR,MAJ
FR2023_230,Ardéchois paysans montagnards,FR,MAJ
FR2023_231,Miracles,FR,MAJ
FR2023_232,"Respire, souris, vis",FR,MAJ
FR2023_233,Des cailloux dans la chaussure,FR,MAJ
FR2023_234,Secrets toxiques,FR,MAJ
FR2023_235,La Colonne infernale,FR,MAJ
FR2023_236,Une seule chair,FR,MAJ
FR2023_237,"Jeanne Malivel, un soleil se lève",FR,MAJ
FR2023_238,Le Jardin de la laiterie,FR,MAJ
FR2023_239,"Bizi naizeno, je danserai la vie",FR,MAJ
FR2023_240,Sortie des ombres,FR,MAJ
FR2023_240,Sortie des ombres,PL,MIN
FR2023_241,C’est une belle carte postale…,FR,MAJ
FR2023_242,"Notre part sauvage, la controverse du loup",FR,MAJ
FR2023_243,Autant que faire se peut,FR,MAJ
FR2023_244,Graines de Coron,FR,MAJ
FR2023_245,En marche vers l'effondrement !,FR,MAJ
FR2023_246,Passages,FR,MAJ
FR2023_247,Les Artisans de la voix : les coulisses du doublage français,FR,MAJ
FR2023_248,Fanzinat,FR,MAJ
FR2023_249,Casa Susanna,FR,MAJ
FR2023_249,Casa Susanna,US,MIN
FR2022_001,Twist à Bamako,FR,MAJ
FR2022_001,Twist à Bamako,CA,MIN
FR2022_001,Twist à Bamako,SN,MIN
FR2022_002,Adieu Monsieur Haffmann,FR,MAJ
FR2022_002,Adieu Monsieur Haffmann,BE,MIN
FR2022_003,Jane par Charlotte,FR,MAJ
FR2022_003,Jane par Charlotte,GB,MIN
FR2022_003,Jane par Charlotte,JP,MIN
FR2022_004,Le Cygne des héros,FR,MAJ
FR2022_005,Ouistreham,FR,MAJ
FR2022_006,Placés,FR,MAJ
FR2022_007,Sans toi,FR,MAJ
FR2022_008,"Eurídice, là-bas...",FR,MAJ
FR2022_008,"Eurídice, là-bas...",UY,MIN
FR2022_009,Hors du monde,FR,MAJ
FR2022_010,L'amour c'est mieux que la vie,FR,MAJ
FR2022_011,La Place d'une autre,FR,MAJ
FR2022_012,"Michael Cimino, un mirage américain",FR,MAJ
FR2022_013,Rumba la vie,FR,MAJ
FR2022_013,Rumba la vie,BE,MIN
FR2022_014,Tendre et Saignant,FR,MAJ
FR2022_014,Tendre et Saignant,BE,MIN
FR2022_015,Adieu Paris,FR,MAJ
FR2022_015,Adieu Paris,BE,MIN
FR2022_016,Les Promesses,FR,MAJ
FR2022_017,Presque,FR,MAJ
FR2022_017,Presque,CH,MIN
FR2022_018,Une jeune fille qui va bien,FR,MAJ
FR2022_019,Arthur Rambo,FR,MAJ
FR2022_020,H6,FR,MAJ
FR2022_021,Les Jeunes Amants,FR,MAJ
FR2022_021,Les Jeunes Amants,BE,MIN
FR2022_022,Les voisins de mes voisins sont mes voisins,FR,MAJ
FR2022_023,Super-héros malgré lui,FR,MAJ
FR2022_024,Enquête sur un scandale d'État,FR,MAJ
FR2022_025,Golda Maria,FR,MAJ
FR2022_026,L'Horizon,FR,MAJ
FR2022_027,PS : La diPSarition ?,FR,MAJ
FR2022_028,Les Vedettes,FR,MAJ
FR2022_029,Vous ne désirez que moi,FR,MAJ
FR2022_030,After Blue (Paradis sale),FR,MAJ
FR2022_031,King,FR,MAJ
FR2022_031,King,BE,MIN
FR2022_032,La Vraie Famille,FR,MAJ
FR2022_033,Maison de retraite,FR,MAJ
FR2022_033,Maison de retraite,CH,MIN
FR2022_034,Nous,FR,MAJ
FR2022_035,Un autre monde,FR,MAJ
FR2022_036,Compagnons,FR,MAJ
FR2022_036,Compagnons,BE,MIN
FR2022_037,Ils sont vivants,FR,MAJ
FR2022_038,Maigret,FR,MAJ
FR2022_038,Maigret,BE,MIN
FR2022_039,Selon la police,FR,MAJ
FR2022_040,Zaï Zaï Zaï Zaï,FR,MAJ
FR2022_040,Zaï Zaï Zaï Zaï,BE,MIN
FR2022_041,Down in Paris,FR,MAJ
FR2022_042,Robuste,FR,MAJ
FR2022_042,Robuste,BE,MIN
FR2022_043,Viens je t'emmène,FR,MAJ
FR2022_043,Viens je t'emmène,BE,MIN
FR2022_044,À demain mon amour,FR,MAJ
FR2022_045,Goliath,FR,MAJ
FR2022_045,Goliath,BE,MIN
FR2022_046,La Campagne de France,FR,MAJ
FR2022_047,Ma nuit,FR,MAJ
FR2022_047,Ma nuit,BE,MIN
FR2022_048,Murder Party,FR,MAJ
FR2022_049,Permis de construire,FR,MAJ
FR2022_050,À plein temps,FR,MAJ
FR2022_051,Alors on danse,FR,MAJ
FR2022_052,Entre les vagues,FR,MAJ
FR2022_053,Funambules,FR,MAJ
FR2022_054,Notre-Dame brûle,FR,MAJ
FR2022_054,Notre-Dame brûle,IT,MIN
FR2022_055,Trois fois rien,FR,MAJ
FR2022_055,Trois fois rien,CA,MIN
FR2022_056,Bruno Reidal,FR,MAJ
FR2022_057,De nos frères blessés,FR,MAJ
FR2022_057,De nos frères blessés,BE,MIN
FR2022_057,De nos frères blessés,DZ,MIN
FR2022_058,La Brigade,FR,MAJ
FR2022_059,Le Temps des secrets,FR,MAJ
FR2022_060,Seule la Terre est éternelle,FR,MAJ
FR2022_061,Une mère,FR,MAJ
FR2022_062,En corps,FR,MAJ
FR2022_062,En corps,BE,MIN
FR2022_062,En corps,NL,MIN
FR2022_063,Le Monde d'hier,FR,MAJ
FR2022_064,À la folie,FR,MAJ
FR2022_065,En même temps,FR,MAJ
FR2022_066,Mon héroïne,FR,MAJ
FR2022_067,Qu'est-ce qu'on a tous fait au bon Dieu ?,FR,MAJ
FR2022_067,Qu'est-ce qu'on a tous fait au bon Dieu ?,BE,MIN
FR2022_068,À l'ombre des filles,FR,MAJ
FR2022_068,À l'ombre des filles,BE,MIN
FR2022_069,Les Gagnants,FR,MAJ
FR2022_070,Vortex,FR,MAJ
FR2022_070,Vortex,BE,MIN
FR2022_070,Vortex,MC,MIN
FR2022_071,Et j'aime à la fureur,FR,MAJ
FR2022_072,I Comete,FR,MAJ
FR2022_073,L'Hypothèse démocratique - une histoire basque,FR,MAJ
FR2022_074,Le Monde après nous,FR,MAJ
FR2022_075,Les Sans-dents,FR,MAJ
FR2022_076,Années 20,FR,MAJ
FR2022_077,Le Médecin imaginaire,FR,MAJ
FR2022_077,Le Médecin imaginaire,BE,MIN
FR2022_078,Sentinelle sud,FR,MAJ
FR2022_079,Les Passagers de la nuit,FR,MAJ
FR2022_080,Ténor,FR,MAJ
FR2022_081,Cœurs vaillants,FR,MAJ
FR2022_081,Cœurs vaillants,BE,MIN
FR2022_082,Les Folies Fermières,FR,MAJ
FR2022_083,On sourit pour la photo,FR,MAJ
FR2022_084,Tom,FR,MAJ
FR2022_084,Tom,BE,MIN
FR2022_085,J'adore ce que vous faites,FR,MAJ
FR2022_086,La Fabrique des pandémies,FR,MAJ
FR2022_087,Van Gogh in Love,FR,MAJ
FR2022_088,Frère et Sœur,FR,MAJ
FR2022_089,Don Juan,FR,MAJ
FR2022_089,Don Juan,BE,MIN
FR2022_090,Ça tourne à Saint-Pierre et Miquelon,FR,MAJ
FR2022_090,Ça tourne à Saint-Pierre et Miquelon,CA,MIN
FR2022_091,C'est magnifique !,FR,MAJ
FR2022_092,"Roland Gori, une époque sans esprit",FR,MAJ
FR2022_093,Champagne !,FR,MAJ
FR2022_094,"Mizrahim, les oubliés de la Terre Promise",FR,MAJ
FR2022_094,"Mizrahim, les oubliés de la Terre Promise",IL,MIN
FR2022_095,Petite Fleur,FR,MAJ
FR2022_095,Petite Fleur,AR,MIN
FR2022_095,Petite Fleur,ES,MIN
FR2022_095,Petite Fleur,BE,MIN
FR2022_096,Incroyable mais vrai,FR,MAJ
FR2022_096,Incroyable mais vrai,BE,MIN
FR2022_097,Mon amour,FR,MAJ
FR2022_098,L'Homme parfait,FR,MAJ
FR2022_099,Le Divorce de mes marrants,FR,MAJ
FR2022_099,Le Divorce de mes marrants,BE,MIN
FR2022_099,Le Divorce de mes marrants,US,MIN
FR2022_100,Les Goûts et les Couleurs,FR,MAJ
FR2022_101,En roue libre,FR,MAJ
FR2022_102,Irréductible,FR,MAJ
FR2022_103,Mastemah,FR,MAJ
FR2022_103,Mastemah,BE,MIN
FR2022_104,I Love Greece,FR,MAJ
FR2022_105,Peter von Kant,FR,MAJ
FR2022_105,Peter von Kant,BE,MIN
FR2022_106,Ducobu Président !,FR,MAJ
FR2022_106,Ducobu Président !,BE,MIN
FR2022_107,La Nuit du 12,FR,MAJ
FR2022_107,La Nuit du 12,BE,MIN
FR2022_108,Menteur,FR,MAJ
FR2022_109,Joyeuse retraite ! 2,FR,MAJ
FR2022_110,Magdala,FR,MAJ
FR2022_111,L'Année du requin,FR,MAJ
FR2022_112,La Très Très Grande Classe,FR,MAJ
FR2022_112,La Très Très Grande Classe,BE,MIN
FR2022_113,Les Vieux Fourneaux 2 : Bons pour l'asile,FR,MAJ
FR2022_114,Les Volets verts,FR,MAJ
FR2022_114,Les Volets verts,BE,MIN
FR2022_115,Avec amour et acharnement,FR,MAJ
FR2022_116,La Dégustation,FR,MAJ
FR2022_117,La Page blanche,FR,MAJ
FR2022_118,Les Cinq Diables,FR,MAJ
FR2022_119,Kompromat,FR,MAJ
FR2022_120,Le Tigre et le Président,FR,MAJ
FR2022_120,Le Tigre et le Président,BE,MIN
FR2022_121,Tout le monde aime Jeanne,FR,MAJ
FR2022_121,Tout le monde aime Jeanne,PT,MIN
FR2022_122,Walden,FR,MAJ
FR2022_123,À propos de Joan,FR,MAJ
FR2022_123,À propos de Joan,DE,MIN
FR2022_123,À propos de Joan,IE,MIN
FR2022_124,Canailles,FR,MAJ
FR2022_125,Citoyen d'honneur,FR,MAJ
FR2022_126,Tout fout le camp,FR,MAJ
FR2022_127,Transe,FR,MAJ
FR2022_127,Transe,ES,MIN
FR2022_127,Transe,IT,MIN
FR2022_128,L'Ombre de Goya par Jean-Claude Carrière,FR,MAJ
FR2022_128,L'Ombre de Goya par Jean-Claude Carrière,ES,MIN
FR2022_128,L'Ombre de Goya par Jean-Claude Carrière,PT,MIN
FR2022_129,Les Enfants des autres,FR,MAJ
FR2022_130,Les Secrets de mon père,FR,MAJ
FR2022_130,Les Secrets de mon père,BE,MIN
FR2022_131,Une belle course,FR,MAJ
FR2022_131,Une belle course,BE,MIN
FR2022_132,Jumeaux mais pas trop,FR,MAJ
FR2022_133,La Cour des Miracles,FR,MAJ
FR2022_134,Le Sixième Enfant,FR,MAJ
FR2022_135,Maria rêve,FR,MAJ
FR2022_136,Vacances,FR,MAJ
FR2022_137,Être prof,FR,MAJ
FR2022_137,Être prof,US,MIN
FR2022_138,L'Origine du mal,FR,MAJ
FR2022_138,L'Origine du mal,CA,MIN
FR2022_139,La Combattante,FR,MAJ
FR2022_139,La Combattante,BE,MIN
FR2022_140,Novembre,FR,MAJ
FR2022_141,Un beau matin,FR,MAJ
FR2022_141,Un beau matin,DE,MIN
FR2022_141,Un beau matin,GB,MIN
FR2022_142,Une femme de notre temps,FR,MAJ
FR2022_143,L'Innocent,FR,MAJ
FR2022_144,Le Petit Nicolas: Qu'est-ce qu'on attend pour être heureux ?,FR,MAJ
FR2022_144,Le Petit Nicolas: Qu'est-ce qu'on attend pour être heureux ?,LU,MIN
FR2022_145,Les Harkis,FR,MAJ
FR2022_145,Les Harkis,BE,MIN
FR2022_146,"Simone, le voyage du siècle",FR,MAJ
FR2022_147,Temps morts,FR,MAJ
FR2022_148,Belle et Sébastien : Nouvelle génération,FR,MAJ
FR2022_149,Le Nouveau Jouet,FR,MAJ
FR2022_150,"Le Pharaon, le Sauvage et la Princesse",FR,MAJ
FR2022_150,"Le Pharaon, le Sauvage et la Princesse",BE,MIN
FR2022_151,Reprise en main,FR,MAJ
FR2022_152,Bowling Saturne,FR,MAJ
FR2022_152,Bowling Saturne,BE,MIN
FR2022_153,L'école est à nous,FR,MAJ
FR2022_154,Plancha,FR,MAJ
FR2022_155,Super Z,FR,MAJ
FR2022_156,Mascarade,FR,MAJ
FR2022_157,Arvor de 2 à 5,FR,MAJ
FR2022_158,Jacky Caillou,FR,MAJ
FR2022_159,Couleurs de l'incendie,FR,MAJ
FR2022_159,Couleurs de l'incendie,BE,MIN
FR2022_160,Heureux les fêlés,FR,MAJ
FR2022_161,Les Lendemains de veille,FR,MAJ
FR2022_162,Pétaouchnok,FR,MAJ
FR2022_163,Trois Nuits par semaine,FR,MAJ
FR2022_164,Du crépitement sous les néons,FR,MAJ
FR2022_165,La Maison,FR,MAJ
FR2022_166,Le Défi de Noël,FR,MAJ
FR2022_167,Les Amandiers,FR,MAJ
FR2022_167,Les Amandiers,IT,MIN
FR2022_168,Les Engagés,FR,MAJ
FR2022_169,Les Femmes du square,FR,MAJ
FR2022_170,Plus que jamais,FR,MAJ
FR2022_170,Plus que jamais,DE,MIN
FR2022_170,Plus que jamais,LU,MIN
FR2022_170,Plus que jamais,NO,MIN
FR2022_171,Reste un peu,FR,MAJ
FR2022_172,Une comédie romantique,FR,MAJ
FR2022_173,Les Miens,FR,MAJ
FR2022_174,Mauvaises Filles,FR,MAJ
FR2022_175,Saint Omer,FR,MAJ
FR2022_176,Annie colère,FR,MAJ
FR2022_177,Fumer fait tousser,FR,MAJ
FR2022_178,Le Lycéen,FR,MAJ
FR2022_179,Le Torrent,FR,MAJ
FR2022_180,Les Pires,FR,MAJ
FR2022_181,Maestro(s),FR,MAJ
FR2022_181,Maestro(s),BE,MIN
FR2022_182,Nos frangins,FR,MAJ
FR2022_182,Nos frangins,DZ,MIN
FR2022_183,Ernest et Célestine : Le voyage en Charabie,FR,MAJ
FR2022_183,Ernest et Célestine : Le voyage en Charabie,LU,MIN
FR2022_184,Les Années Super-8,FR,MAJ
FR2022_185,Le Parfum vert,FR,MAJ
FR2022_185,Le Parfum vert,BE,MIN
FR2022_186,Le Petit Piaf,FR,MAJ
FR2022_187,Le Tourbillon de la vie,FR,MAJ
FR2022_188,Tempête,FR,MAJ
FR2022_188,Tempête,CA,MIN
FR2022_189,Choeur de rockers,FR,MAJ
FR2022_190,La Passagère,FR,MAJ
FR2022_191,Par coeurs,FR,MAJ
FR2021_001,Envole-moi,FR,MAJ
FR2021_001,Envole-moi,IT,MIN
FR2021_002,L'Étreinte,FR,MAJ
FR2021_003,Le Dernier Voyage,FR,MIN
FR2021_004,Mandibules,FR,MAJ
FR2021_005,Le Grand Secret du lien,FR,MAJ
FR2021_006,Si le vent tombe,FR,MAJ
FR2021_006,Si le vent tombe,AM,MIN
FR2021_006,Si le vent tombe,BE,MIN
FR2021_007,Vers la bataille,FR,MAJ
FR2021_007,Vers la bataille,CO,MIN
FR2021_008,Chacun chez soi,FR,MAJ
FR2021_009,Des hommes,FR,MAJ
FR2021_009,Des hommes,BE,MIN
FR2021_010,Playlist,FR,MAJ
FR2021_011,Villa Caprice,FR,MAJ
FR2021_011,Villa Caprice,BE,MIN
FR2021_012,May B,FR,MAJ
FR2021_013,L'Instant présent,FR,MAJ
FR2021_014,Le Discours,FR,MAJ
FR2021_014,Le Discours,BE,MIN
FR2021_015,Vaurien,FR,MAJ
FR2021_016,5ème Set,FR,MAJ
FR2021_017,La Nuée,FR,MAJ
FR2021_018,Les 2 Alfred,FR,MAJ
FR2021_019,Seize Printemps,FR,MAJ
FR2021_020,Un tour chez ma fille,FR,MAJ
FR2021_021,Gagarine,FR,MAJ
FR2021_022,Ibrahim,FR,MAJ
FR2021_023,Opération Portugal,FR,MAJ
FR2021_024,Tokyo Shaking,FR,MAJ
FR2021_024,Tokyo Shaking,BE,MIN
FR2021_025,La Fine Fleur,FR,MAJ
FR2021_026,Le Sens de la famille,FR,MAJ
FR2021_026,Le Sens de la famille,BE,MIN
FR2021_027,Présidents,FR,MAJ
FR2021_028,Soeurs,FR,MAJ
FR2021_028,Soeurs,DZ,MIN
FR2021_029,Sous le ciel d'Alice,FR,MAJ
FR2021_030,Teddy,FR,MAJ
FR2021_031,The Deep House,FR,MAJ
FR2021_031,The Deep House,BE,MIN
FR2021_032,Benedetta,FR,MAJ
FR2021_032,Benedetta,BE,MIN
FR2021_032,Benedetta,NL,MIN
FR2021_033,Bergman Island,FR,MAJ
FR2021_033,Bergman Island,BE,MIN
FR2021_033,Bergman Island,DE,MIN
FR2021_033,Bergman Island,SE,MIN
FR2021_033,Bergman Island,MX,MIN
FR2021_034,Frères d'arme,FR,MAJ
FR2021_035,Mystère à Saint-Tropez,FR,MAJ
FR2021_035,Mystère à Saint-Tropez,BE,MIN
FR2021_036,Titane,FR,MAJ
FR2021_036,Titane,BE,MIN
FR2021_037,Gunpowder Milkshake,FR,MAJ
FR2021_037,Gunpowder Milkshake,DE,MIN
FR2021_037,Gunpowder Milkshake,US,MIN
FR2021_038,Kaamelott - Premier volet,FR,MAJ
FR2021_039,"Onoda, 10 000 nuits dans la jungle",FR,MAJ
FR2021_039,"Onoda, 10 000 nuits dans la jungle",DE,MIN
FR2021_039,"Onoda, 10 000 nuits dans la jungle",BE,MIN
FR2021_039,"Onoda, 10 000 nuits dans la jungle",IT,MIN
FR2021_039,"Onoda, 10 000 nuits dans la jungle",JP,MIN
FR2021_040,C'est la vie,FR,MAJ
FR2021_040,C'est la vie,BE,MIN
FR2021_041,Les Sorcières de l'Orient,FR,MAJ
FR2021_042,Profession du père,FR,MAJ
FR2021_043,Le Tour du monde en 80 jours,FR,MAJ
FR2021_043,Le Tour du monde en 80 jours,BE,MIN
FR2021_044,De bas étage,FR,MAJ
FR2021_045,Messe basse,FR,MAJ
FR2021_046,OSS 117 : Alerte rouge en Afrique noire,FR,MAJ
FR2021_047,C'est quoi ce papy ?!,FR,MAJ
FR2021_048,Passion simple,FR,MAJ
FR2021_048,Passion simple,BE,MIN
FR2021_049,Pil,FR,MAJ
FR2021_050,Rouge,FR,MAJ
FR2021_050,Rouge,BE,MIN
FR2021_051,Attention au départ,FR,MAJ
FR2021_051,Attention au départ,BE,MIN
FR2021_052,BAC Nord,FR,MAJ
FR2021_053,Les Fantasmes,FR,MAJ
FR2021_054,Louloute,FR,MAJ
FR2021_055,Fragile,FR,MAJ
FR2021_056,La Terre des hommes,FR,MAJ
FR2021_057,Gogo,FR,MAJ
FR2021_058,Laila in Haifa,FR,MAJ
FR2021_058,Laila in Haifa,IL,MIN
FR2021_059,"Le Fils de l'épicière, le maire, le village et le monde",FR,MAJ
FR2021_059,"Le Fils de l'épicière, le maire, le village et le monde",BE,MIN
FR2021_060,Un triomphe,FR,MAJ
FR2021_061,Boîte noire,FR,MAJ
FR2021_062,Délicieux,FR,MAJ
FR2021_062,Délicieux,BE,MIN
FR2021_063,La Nuit des rois,FR,MAJ
FR2021_063,La Nuit des rois,CA,MIN
FR2021_063,La Nuit des rois,CI,MIN
FR2021_064,La Vie de château,FR,MAJ
FR2021_065,Les Méchants,FR,MAJ
FR2021_066,L'Origine du monde,FR,MAJ
FR2021_066,L'Origine du monde,BE,MIN
FR2021_067,La Ferme qui soigne - Agroécologie et médecines,FR,MAJ
FR2021_068,Les Amours d'Anaïs,FR,MAJ
FR2021_069,Pourris gâtés,FR,MAJ
FR2021_070,La Troisième Guerre,FR,MAJ
FR2021_071,"Là, où le temps s'est arrêté",FR,MAJ
FR2021_072,Tout s'est bien passé,FR,MAJ
FR2021_073,Cette musique ne joue pour personne,FR,MAJ
FR2021_073,Cette musique ne joue pour personne,BE,MIN
FR2021_074,En route pour le milliard,FR,MAJ
FR2021_074,En route pour le milliard,QA,MIN
FR2021_074,En route pour le milliard,BE,MIN
FR2021_075,Eugénie Grandet,FR,MAJ
FR2021_075,Eugénie Grandet,GB,MIN
FR2021_075,Eugénie Grandet,BE,MIN
FR2021_076,Guermantes,FR,MAJ
FR2021_077,J'ai aimé vivre là,FR,MAJ
FR2021_078,La Traversée,FR,MAJ
FR2021_078,La Traversée,CZ,MIN
FR2021_078,La Traversée,DE,MIN
FR2021_079,Gaza mon amour,FR,MAJ
FR2021_079,Gaza mon amour,DE,MIN
FR2021_079,Gaza mon amour,PT,MIN
FR2021_079,Gaza mon amour,PS,MIN
FR2021_079,Gaza mon amour,QA,MIN
FR2021_080,Le Kiosque,FR,MAJ
FR2021_081,Tralala,FR,MAJ
FR2021_082,Debout les femmes !,FR,MAJ
FR2021_083,Eiffel,FR,MAJ
FR2021_083,Eiffel,DE,MIN
FR2021_084,L'Homme de la cave,FR,MAJ
FR2021_085,Le Loup et le Lion,FR,MAJ
FR2021_085,Le Loup et le Lion,CA,MIN
FR2021_086,"Le Poète illuminé, Germain Nouveau (1851-1920)",FR,MAJ
FR2021_087,Le Traducteur,FR,MAJ
FR2021_087,Le Traducteur,CH,MIN
FR2021_087,Le Traducteur,BE,MIN
FR2021_087,Le Traducteur,SY,MIN
FR2021_087,Le Traducteur,US,MIN
FR2021_088,À la vie,FR,MAJ
FR2021_089,Illusions perdues,FR,MAJ
FR2021_089,Illusions perdues,BE,MIN
FR2021_090,Le Trésor du petit Nicolas,FR,MAJ
FR2021_090,Le Trésor du petit Nicolas,BE,MIN
FR2021_091,Les Héroïques,FR,MAJ
FR2021_092,"Spectre: Sanity, Madness & the Family",FR,MAJ
FR2021_093,Tonton Manu,FR,MAJ
FR2021_094,Tout nous sourit,FR,MAJ
FR2021_094,Tout nous sourit,BE,MIN
FR2021_095,La Fracture,FR,MAJ
FR2021_096,Lui,FR,MAJ
FR2021_096,Lui,BE,MIN
FR2021_097,Albatros,FR,MAJ
FR2021_097,Albatros,BE,MIN
FR2021_098,"Les Olympiades, Paris 13e",FR,MAJ
FR2021_099,My Son,FR,MAJ
FR2021_099,My Son,GB,MIN
FR2021_099,My Son,DE,MIN
FR2021_100,Pingouin et Goëland et leurs 500 petits,FR,MAJ
FR2021_101,Si on chantait,FR,MAJ
FR2021_102,A Good Man,FR,MAJ
FR2021_102,A Good Man,BE,MIN
FR2021_103,Aline,FR,MAJ
FR2021_103,Aline,CA,MIN
FR2021_104,Entre deux trains,FR,MAJ
FR2021_105,Haute Couture,FR,MAJ
FR2021_106,Marcher sur l'eau,FR,MAJ
FR2021_106,Marcher sur l'eau,BE,MIN
FR2021_107,Partir ?,FR,MAJ
FR2021_107,Partir ?,CM,MIN
FR2021_108,Les Bodin's en Thaïlande,FR,MAJ
FR2021_109,On est fait pour s'entendre,FR,MAJ
FR2021_110,Oranges sanguines,FR,MAJ
FR2021_111,Retourner à Sölöz,FR,MAJ
FR2021_112,De son vivant,FR,MAJ
FR2021_112,De son vivant,BE,MIN
FR2021_113,Mon fils Malik,FR,MAJ
FR2021_114,La Grande Aventure du Cirque Plume,FR,MAJ
FR2021_115,La Pièce rapportée,FR,MAJ
FR2021_116,Les Choses humaines,FR,MAJ
FR2021_117,Maman pleut des cordes,FR,MAJ
FR2021_118,Les rêves ne meurent jamais,FR,MAJ
FR2021_119,Au cœur du bois,FR,MAJ
FR2021_120,Les Tuche 4,FR,MAJ
FR2021_121,Lingui,FR,MAJ
FR2021_121,Lingui,DE,MIN
FR2021_121,Lingui,BE,MIN
FR2021_121,Lingui,TD,MIN
FR2021_122,Rose,FR,MAJ
FR2021_123,Une femme du monde,FR,MAJ
FR2021_124,Mes très chers enfants,FR,MAJ
FR2021_125,Mystère,FR,MAJ
FR2021_126,Noël et sa mère,FR,MAJ
FR2021_127,Madeleine Collins,FR,MAJ
FR2021_127,Madeleine Collins,BE,MIN
FR2021_127,Madeleine Collins,CH,MIN
FR2021_128,Mince alors 2 !,FR,MAJ
FR2021_129,Le Test,FR,MAJ
FR2021_130,Tromperie,FR,MAJ
FR2020_001,Les Vétos,FR,MAJ
FR2020_002,Play,FR,MAJ
FR2020_003,Sol,FR,MAJ
FR2020_004,Merveilles à Montfermeil,FR,MAJ
FR2020_005,L'Autre,FR,MAJ
FR2020_006,Une belle équipe,FR,MAJ
FR2020_007,Selfie,FR,MAJ
FR2020_008,Je ne rêve que de vous,FR,MAJ
FR2020_009,Douze Mille,FR,MAJ
FR2020_010,Je voudrais que quelqu'un m'attende quelque part,FR,MAJ
FR2020_011,Qu'un sang impur...,FR,MAJ
FR2020_012,Pygmalionnes,FR,MAJ
FR2020_013,L'Affaire Marvin,FR,MAJ
FR2020_014,Le Lion,FR,MAJ
FR2020_014,Le Lion,BE,MIN
FR2020_015,Les Traducteurs,FR,MAJ
FR2020_015,Les Traducteurs,BE,MIN
FR2020_016,L'Esprit de famille,FR,MAJ
FR2020_017,Cuban Network,FR,MAJ
FR2020_017,Cuban Network,ES,MIN
FR2020_017,Cuban Network,BE,MIN
FR2020_018,Revenir,FR,MAJ
FR2020_019,Les Mélancolies de Sade,FR,MAJ
FR2020_020,Ducobu 3,FR,MAJ
FR2020_020,Ducobu 3,BE,MIN
FR2020_021,#jesuislà,FR,MAJ
FR2020_021,#jesuislà,BE,MIN
FR2020_022,Notre-Dame du Nil,FR,MAJ
FR2020_022,Notre-Dame du Nil,BE,MIN
FR2020_022,Notre-Dame du Nil,MC,MIN
FR2020_022,Notre-Dame du Nil,RW,MIN
FR2020_023,Soumaya,FR,MAJ
FR2020_024,J'ai retrouvé Christian B.,FR,MAJ
FR2020_025,Le Prince oublié,FR,MAJ
FR2020_025,Le Prince oublié,BE,MIN
FR2020_026,Un divan à Tunis,FR,MAJ
FR2020_026,Un divan à Tunis,TN,MIN
FR2020_027,La Fille au bracelet,FR,MAJ
FR2020_027,La Fille au bracelet,BE,MIN
FR2020_028,Deux,FR,MAJ
FR2020_028,Deux,LU,MIN
FR2020_028,Deux,BE,MIN
FR2020_029,10 jours sans maman,FR,MAJ
FR2020_030,Amare Amaro,FR,MAJ
FR2020_030,Amare Amaro,IT,MIN
FR2020_031,Lucky,FR,MAJ
FR2020_031,Lucky,BE,MIN
FR2020_032,Mine de rien,FR,MAJ
FR2020_033,Mes jours de gloire,FR,MAJ
FR2020_034,L'État sauvage,FR,MAJ
FR2020_034,L'État sauvage,CA,MIN
FR2020_034,L'État sauvage,BE,MIN
FR2020_035,Chut... !,FR,MAJ
FR2020_036,De Gaulle,FR,MAJ
FR2020_037,Papi Sitter,FR,MAJ
FR2020_038,Woman,FR,MAJ
FR2020_039,La Bonne Épouse,FR,MAJ
FR2020_039,La Bonne Épouse,BE,MIN
FR2020_040,Une sirène à Paris,FR,MAJ
FR2020_040,Une sirène à Paris,BE,MIN
FR2020_041,Les Visages de la victoire,FR,MAJ
FR2020_042,Les Parfums,FR,MAJ
FR2020_043,Tout simplement noir,FR,MAJ
FR2020_044,Divorce Club,FR,MAJ
FR2020_045,Été 85,FR,MAJ
FR2020_045,Été 85,BE,MIN
FR2020_046,L'Aventure des Marguerite,FR,MAJ
FR2020_047,Le Sel des larmes,FR,MAJ
FR2020_047,Le Sel des larmes,CH,MIN
FR2020_048,La Nuit venue,FR,MAJ
FR2020_049,"Les Grands Voisins, la cité rêvée",FR,MAJ
FR2020_050,T'as pécho ?,FR,MAJ
FR2020_051,Terrible Jungle,FR,MAJ
FR2020_052,L'Oiseau de paradis,FR,MAJ
FR2020_052,L'Oiseau de paradis,PF,MIN
FR2020_053,Les Blagues de Toto,FR,MAJ
FR2020_053,Les Blagues de Toto,LU,MIN
FR2020_053,Les Blagues de Toto,BE,MIN
FR2020_054,Just Kids,FR,MAJ
FR2020_054,Just Kids,CH,MIN
FR2020_055,Voir le jour,FR,MAJ
FR2020_056,Belle-fille,FR,MAJ
FR2020_057,Mignonnes,FR,MAJ
FR2020_058,Effacer l'historique,FR,MAJ
FR2020_058,Effacer l'historique,BE,MIN
FR2020_059,Une barque sur l'océan,FR,MAJ
FR2020_060,Poissonsexe,FR,MAJ
FR2020_060,Poissonsexe,BE,MIN
FR2020_061,La Daronne,FR,MAJ
FR2020_062,Le Bonheur des uns...,FR,MAJ
FR2020_063,Un soupçon d'amour,FR,MAJ
FR2020_064,Cyril contre Goliath,FR,MAJ
FR2020_065,Le Fantôme de Laurent Terzieff,FR,MAJ
FR2020_066,Antoinette dans les Cévennes,FR,MAJ
FR2020_066,Antoinette dans les Cévennes,BE,MIN
FR2020_067,"Les Choses qu'on dit, les choses qu'on fait",FR,MAJ
FR2020_068,J'irai mourir dans les Carpates,FR,MAJ
FR2020_069,Africa Mia,FR,MAJ
FR2020_070,Trio,FR,MAJ
FR2020_070,Trio,RO,MIN
FR2020_071,Les Apparences,FR,MAJ
FR2020_071,Les Apparences,BE,MIN
FR2020_072,Boutchou,FR,MAJ
FR2020_073,Éléonore,FR,MAJ
FR2020_074,Mon cousin,FR,MAJ
FR2020_074,Mon cousin,BE,MIN
FR2020_075,Josep,FR,MAJ
FR2020_075,Josep,ES,MIN
FR2020_075,Josep,BE,MIN
FR2020_076,Un pays qui se tient sage,FR,MAJ
FR2020_077,À coeur battant,FR,MAJ
FR2020_077,À coeur battant,IL,MIN
FR2020_078,Les héros ne meurent jamais,FR,MAJ
FR2020_078,Les héros ne meurent jamais,BE,MIN
FR2020_078,Les héros ne meurent jamais,BA,MIN
FR2020_079,Ma chère famille,FR,MAJ
FR2020_080,L'Enfant rêvé,FR,MAJ
FR2020_081,La Puissance de l'arbre,FR,MAJ
FR2020_082,30 jours max,FR,MAJ
FR2020_083,Les Équilibristes,FR,MAJ
FR2020_084,Princesse Europe,FR,MAJ
FR2020_085,Adieu les cons,FR,MAJ
FR2020_086,Poly,FR,MAJ
FR2020_086,Poly,BE,MIN
FR2020_087,Petit Vampire,FR,MAJ
FR2020_087,Petit Vampire,BE,MIN
FR2020_088,Miss,FR,MAJ
FR2020_088,Miss,BE,MIN
FR2020_089,Le Feu sacré,FR,MAJ
FR2020_090,Pas en mon nom !,FR,MAJ
FR2020_091,ADN,FR,MAJ
FR2020_091,ADN,DZ,MIN
FR2020_092,Sous les étoiles de Paris,FR,MAJ
FR2020_092,Sous les étoiles de Paris,BE,MIN
FR2020_093,Garçon chiffon,FR,MAJ
FR2020_094,Contre vents et marées,FR,MAJ
FR2020_095,Forte,FR,MAJ
FR2020_096,Humilitas,FR,MAJ
FR2020_097,Les Rivières,FR,MAJ
FR2020_097,Les Rivières,VN,MIN
FR2020_097,Les Rivières,ES,MIN
FR2020_098,La Vertu des impondérables,FR,MAJ
FR2020_099,Un pas vers vous dans l'Allier,FR,MAJ
FR2020_100,Changer le monde,FR,MAJ
FR2020_101,Ni les femmes ni la terre !,FR,MAJ
FR2020_102,Les Belles Dames,FR,MAJ
FR2020_103,Homo Botanicus,FR,MAJ
FR2020_103,Homo Botanicus,CO,MIN
FR2019_001,Premières Vacances,FR,MAJ
FR2019_002,Un beau voyou,FR,MAJ
FR2019_003,Les Invisibles,FR,MAJ
FR2019_004,Edmond,FR,MAJ
FR2019_004,Edmond,BE,MIN
FR2019_005,L'Heure de la sortie,FR,MAJ
FR2019_006,"Jean Vanier, le sacrement de la tendresse",FR,MAJ
FR2019_007,Comme elle vient,FR,MAJ
FR2019_008,L'Incroyable Histoire du facteur Cheval,FR,MAJ
FR2019_008,L'Incroyable Histoire du facteur Cheval,BE,MIN
FR2019_009,Doubles Vies,FR,MAJ
FR2019_010,Holy Lands,FR,MAJ
FR2019_010,Holy Lands,BE,MIN
FR2019_011,Une jeunesse dorée,FR,MAJ
FR2019_011,Une jeunesse dorée,BE,MIN
FR2019_012,Le Phallus et le Néant,FR,MAJ
FR2019_013,Chemins de travers,FR,MAJ
FR2019_014,Yao,FR,MAJ
FR2019_015,L'Ordre des médecins,FR,MAJ
FR2019_015,L'Ordre des médecins,BE,MIN
FR2019_016,Les Petits Flocons,FR,MAJ
FR2019_017,Ma vie avec James Dean,FR,MAJ
FR2019_018,Alien Crystal Palace,FR,MAJ
FR2019_019,Un berger et deux perchés à l'Élysée ?,FR,MAJ
FR2019_020,Qu'est-ce qu'on a encore fait au bon Dieu ?,FR,MAJ
FR2019_021,Les Estivants,FR,MAJ
FR2019_021,Les Estivants,IT,MIN
FR2019_022,À cause des filles.. ?,FR,MAJ
FR2019_023,Pearl,FR,MAJ
FR2019_023,Pearl,CH,MIN
FR2019_024,"Fahavalo, Madagascar 1947",FR,MAJ
FR2019_024,"Fahavalo, Madagascar 1947",BE,MIN
FR2019_024,"Fahavalo, Madagascar 1947",QA,MIN
FR2019_025,L'Amour debout,FR,MAJ
FR2019_026,Le Premier Mouvement de l'immobile,FR,MAJ
FR2019_027,Nicky Larson et le parfum de Cupidon,FR,MAJ
FR2019_028,Une intime conviction,FR,MAJ
FR2019_028,Une intime conviction,BE,MIN
FR2019_029,Tout ce qu'il me reste de la révolution,FR,MAJ
FR2019_030,La Dernière Folie de Claire Darling,FR,MAJ
FR2019_031,All Inclusive,FR,MAJ
FR2019_031,All Inclusive,BE,MIN
FR2019_032,Deux Fils,FR,MAJ
FR2019_033,Les Drapeaux de papier,FR,MAJ
FR2019_034,"Moi, maman, ma mère et moi",FR,MAJ
FR2019_035,Le Chant du loup,FR,MAJ
FR2019_036,Grâce à Dieu,FR,MAJ
FR2019_036,Grâce à Dieu,BE,MIN
FR2019_037,Black Snake : La légende du serpent noir,FR,MAJ
FR2019_038,La Liberté,FR,MAJ
FR2019_039,Rencontrer mon père,FR,MAJ
FR2019_040,Jusqu'ici tout va bien,FR,MAJ
FR2019_040,Jusqu'ici tout va bien,BE,MIN
FR2019_041,Celle que vous croyez,FR,MAJ
FR2019_041,Celle que vous croyez,BE,MIN
FR2019_042,Wardi,FR,MAJ
FR2019_042,Wardi,SE,MIN
FR2019_042,Wardi,NO,MIN
FR2019_043,Le Mystère Henri Pick,FR,MAJ
FR2019_043,Le Mystère Henri Pick,BE,MIN
FR2019_044,Damien veut changer le monde,FR,MAJ
FR2019_045,Exfiltrés,FR,MAJ
FR2019_046,Nos vies formidables,FR,MAJ
FR2019_047,Maguy Marin : L'urgence d'agir,FR,MAJ
FR2019_048,Bêtes blondes,FR,MAJ
FR2019_048,Bêtes blondes,CH,MIN
FR2019_049,On ment toujours à ceux qu'on aime,FR,MAJ
FR2019_050,Rebelles,FR,MAJ
FR2019_051,Mon bébé,FR,MAJ
FR2019_051,Mon bébé,BE,MIN
FR2019_052,Convoi exceptionnel,FR,MAJ
FR2019_052,Convoi exceptionnel,BE,MIN
FR2019_053,Depuis Mediapart,FR,MAJ
FR2019_054,Un lien qui nous élève,FR,MAJ
FR2019_055,Qui m'aime me suive !,FR,MAJ
FR2019_056,Dernier Amour,FR,MAJ
FR2019_057,M,FR,MAJ
FR2019_058,Leur souffle,FR,MAJ
FR2019_059,Let's Dance,FR,MAJ
FR2019_059,Let's Dance,BE,MIN
FR2019_060,Synonymes,FR,MAJ
FR2019_060,Synonymes,IL,MIN
FR2019_060,Synonymes,DE,MIN
FR2019_061,D'Agata limite(s),FR,MAJ
FR2019_062,"Le Jeûne, à la croisée des chemins",FR,MAJ
FR2019_063,Chamboultout,FR,MAJ
FR2019_063,Chamboultout,BE,MIN
FR2019_064,Mon inconnue,FR,MAJ
FR2019_064,Mon inconnue,BE,MIN
FR2019_065,La Lutte des classes,FR,MAJ
FR2019_066,J'veux du soleil,FR,MAJ
FR2019_067,Les Arbres remarquables - Un patrimoine à protéger,FR,MAJ
FR2019_068,Des gens bien,FR,MAJ
FR2019_069,"Tanguy, le retour",FR,MAJ
FR2019_070,Blanche comme neige,FR,MAJ
FR2019_071,Les Grands Squelettes,FR,MAJ
FR2019_072,Just a Gigolo,FR,MAJ
FR2019_073,Raoul Taburin,FR,MAJ
FR2019_073,Raoul Taburin,BE,MIN
FR2019_074,Le Cercle des petits philosophes,FR,MAJ
FR2019_075,Première Campagne,FR,MAJ
FR2019_076,"Fanon hier, aujourd'hui",FR,MAJ
FR2019_076,"Fanon hier, aujourd'hui",DZ,MIN
FR2019_077,L'Adieu à la nuit,FR,MAJ
FR2019_077,L'Adieu à la nuit,DE,MIN
FR2019_078,Mais vous êtes fous,FR,MAJ
FR2019_079,Victor et Célia,FR,MAJ
FR2019_080,L'Esprit des lieux,FR,MAJ
FR2019_081,Je vois rouge,FR,MAJ
FR2019_082,Nous finirons ensemble,FR,MAJ
FR2019_082,Nous finirons ensemble,BE,MIN
FR2019_083,"68, mon père et les clous",FR,MAJ
FR2019_084,Le Choc du futur,FR,MAJ
FR2019_085,Les Crevettes pailletées,FR,MAJ
FR2019_086,Lourdes,FR,MAJ
FR2019_087,À coeur d'avocats,FR,MAJ
FR2019_088,UltravoKal,FR,MAJ
FR2019_088,UltravoKal,BE,MIN
FR2019_089,Cold Blood Legacy : La mémoire du sang,FR,MAJ
FR2019_089,Cold Blood Legacy : La mémoire du sang,UA,MIN
FR2019_089,Cold Blood Legacy : La mémoire du sang,BE,MIN
FR2019_090,Swing Time in Limousin,FR,MAJ
FR2019_091,"Norilsk, l'étreinte de glace",FR,MAJ
FR2019_092,Les Chinois et Moi,FR,MAJ
FR2019_093,Tous les dieux du ciel,FR,MAJ
FR2019_094,Les Plus Belles Années d'une vie,FR,MAJ
FR2019_095,Château Pékin,FR,MAJ
FR2019_096,Il était une fois Hamlet et Ophélie à Shanghai…,FR,MAJ
FR2019_097,Venise n'est pas en Italie,FR,MAJ
FR2019_097,Venise n'est pas en Italie,BE,MIN
FR2019_098,Ni une ni deux,FR,MAJ
FR2019_099,Le Fils,FR,MAJ
FR2019_099,Le Fils,RU,MIN
FR2019_100,Et je choisis de vivre,FR,MAJ
FR2019_101,L'Autre Continent,FR,MAJ
FR2019_102,Être vivant et le savoir,FR,MAJ
FR2019_103,Salauds de pauvres,FR,MAJ
FR2019_104,Palmyre,FR,MAJ
FR2019_104,Palmyre,CH,MIN
FR2019_104,Palmyre,LB,MIN
FR2019_105,Le Chant de la couleuvre,FR,MAJ
FR2019_106,Roxane,FR,MAJ
FR2019_107,Lune de miel,FR,MAJ
FR2019_108,"Permaculture, la voie de l'autonomie",FR,MAJ
FR2019_109,Cyrano et la Petite Valise,FR,MAJ
FR2019_110,Beaux-parents,FR,MAJ
FR2019_111,Le Daim,FR,MAJ
FR2019_112,Nevada,FR,MAJ
FR2019_112,Nevada,BE,MIN
FR2019_113,Porte sans clef,FR,MAJ
FR2019_114,"Les Frenchmen, les premiers super-héros français",FR,MAJ
FR2019_115,"Bernard Natan, le fantôme de la rue Francoeur",FR,MAJ
FR2019_116,Made in China,FR,MAJ
FR2019_117,Yves,FR,MAJ
FR2019_118,Je la rencontrerai,FR,MAJ
FR2019_119,Des ados pas comme il faut,FR,MAJ
FR2019_120,Ibiza,FR,MAJ
FR2019_120,Ibiza,BE,MIN
FR2019_121,Quand on crie au loup,FR,MAJ
FR2019_122,Haut les filles,FR,MAJ
FR2019_123,Pauvre Georges !,FR,MAJ
FR2019_123,Pauvre Georges !,CA,MIN
FR2019_123,Pauvre Georges !,BE,MIN
FR2019_124,Dario Argento : Soupirs dans un corridor lointain,FR,MAJ
FR2019_125,Artistes de la vie,FR,MAJ
FR2019_126,Anna,FR,MAJ
FR2019_126,Anna,US,MIN
FR2019_127,Premier de la classe,FR,MAJ
FR2019_127,Premier de la classe,BE,MIN
FR2019_128,Inna de Yard - The Soul of Jamaica,FR,MAJ
FR2019_129,Sur la peau,FR,MAJ
FR2019_130,Persona non grata,FR,MAJ
FR2019_131,100 kilos d'étoiles,FR,MAJ
FR2019_132,Navajo Songline,FR,MAJ
FR2019_133,La Source,FR,MAJ
FR2019_133,La Source,BE,MIN
FR2019_134,Sun,FR,MAJ
FR2019_135,L'Étincelle : une histoire des luttes LGBT+,FR,MAJ
FR2019_136,Mon frère,FR,MAJ
FR2019_137,Rêves de jeunesse,FR,MAJ
FR2019_137,Rêves de jeunesse,PT,MIN
FR2019_138,C'est quoi cette mamie ?!,FR,MAJ
FR2019_138,C'est quoi cette mamie ?!,BE,MIN
FR2019_139,Perdrix,FR,MAJ
FR2019_140,Je promets d'être sage,FR,MAJ
FR2019_141,Thalasso,FR,MAJ
FR2019_142,Ma famille et le loup,FR,MAJ
FR2019_143,Frankie,FR,MAJ
FR2019_143,Frankie,PT,MIN
FR2019_144,Vif-Argent,FR,MAJ
FR2019_145,Inséparables,FR,MAJ
FR2019_146,Fête de famille,FR,MAJ
FR2019_147,Les Hirondelles de Kaboul,FR,MAJ
FR2019_147,Les Hirondelles de Kaboul,LU,MIN
FR2019_147,Les Hirondelles de Kaboul,CH,MIN
FR2019_148,Fourmi,FR,MAJ
FR2019_148,Fourmi,BE,MIN
FR2019_149,Andy,FR,MAJ
FR2019_150,Liberté,FR,MAJ
FR2019_150,Liberté,PT,MIN
FR2019_150,Liberté,ES,MIN
FR2019_150,Liberté,DE,MIN
FR2019_151,Deux moi,FR,MAJ
FR2019_151,Deux moi,BE,MIN
FR2019_152,Jeanne,FR,MAJ
FR2019_153,On va tout péter,FR,MAJ
FR2019_154,Ça marche !?,FR,MAJ
FR2019_155,Trois Jours et une vie,FR,MAJ
FR2019_155,Trois Jours et une vie,BE,MIN
FR2019_156,Au nom de la terre,FR,MAJ
FR2019_156,Au nom de la terre,BE,MIN
FR2019_157,Le Dindon,FR,MAJ
FR2019_157,Le Dindon,BE,MIN
FR2019_158,De cendres et de braises,FR,MAJ
FR2019_159,Alice et le Maire,FR,MAJ
FR2019_159,Alice et le Maire,BE,MIN
FR2019_160,J'irai où tu iras,FR,MAJ
FR2019_161,Bonjour le monde,FR,MAJ
FR2019_162,"Psychomagie, un art pour guérir",FR,MAJ
FR2019_163,Le Regard de Charles,FR,MAJ
FR2019_164,"Vous êtes jeunes, vous êtes beaux",FR,MAJ
FR2019_165,Donne-moi des ailes,FR,MAJ
FR2019_165,Donne-moi des ailes,NO,MIN
FR2019_166,Chambre 212,FR,MAJ
FR2019_166,Chambre 212,BE,MIN
FR2019_166,Chambre 212,LU,MIN
FR2019_167,La Fameuse Invasion des ours en Sicile,FR,MAJ
FR2019_167,La Fameuse Invasion des ours en Sicile,IT,MIN
FR2019_168,Soeurs d'armes,FR,MAJ
FR2019_168,Soeurs d'armes,IT,MIN
FR2019_168,Soeurs d'armes,BE,MIN
FR2019_169,Betty Marcusfeld,FR,MAJ
FR2019_170,Fahim,FR,MAJ
FR2019_171,La vérité si je mens ! Les débuts,FR,MAJ
FR2019_172,Camille,FR,MAJ
FR2019_173,L'Angle mort,FR,MAJ
FR2019_174,Hors normes,FR,MAJ
FR2019_174,Hors normes,BE,MIN
FR2019_175,"Les Municipaux, trop c'est trop",FR,MAJ
FR2019_176,L'Âcre Parfum des immortelles,FR,MAJ
FR2019_177,"Thanatos, l'ultime passage",FR,MAJ
FR2019_178,La Cordillère des songes,FR,MAJ
FR2019_179,Debout sur la montagne,FR,MAJ
FR2019_180,Je prends ta peine,FR,MAJ
FR2019_181,La Belle Époque,FR,MAJ
FR2019_181,La Belle Époque,BE,MIN
FR2019_182,J'ai perdu mon corps,FR,MAJ
FR2019_183,Adults in the Room,FR,MAJ
FR2019_183,Adults in the Room,GR,MIN
FR2019_184,Place des Victoires,FR,MAJ
FR2019_185,Le Char et l'Olivier - Une autre histoire de la Palestine,FR,MAJ
FR2019_186,Vitis Prohibita,FR,MAJ
FR2019_187,J'accuse,FR,MAJ
FR2019_187,J'accuse,IT,MIN
FR2019_188,Rendre la justice,FR,MAJ
FR2019_189,Prendre soin,FR,MAJ
FR2019_190,Océan,FR,MAJ
FR2019_191,Le Bel Été,FR,MAJ
FR2019_192,L'Âme du vin,FR,MAJ
FR2019_193,J'aimerais qu'il reste quelque chose,FR,MAJ
FR2019_194,Graines de ronds-points,FR,MAJ
FR2019_195,Le Roi d'ici,FR,MAJ
FR2019_196,Joyeuse retraite !,FR,MAJ
FR2019_197,Les Éblouis,FR,MAJ
FR2019_198,Nouvelle Cordée,FR,MAJ
FR2019_199,Terminal Sud,FR,MAJ
FR2019_200,Les Enfants d'Isadora,FR,MAJ
FR2019_200,Les Enfants d'Isadora,KR,MIN
FR2019_201,La Passion de Marie Madeleine,FR,MAJ
FR2019_202,Gloria Mundi,FR,MAJ
FR2019_202,Gloria Mundi,IT,MIN
FR2019_203,Chanson douce,FR,MAJ
FR2019_204,Proxima,FR,MAJ
FR2019_204,Proxima,DE,MIN
FR2019_205,Toute ressemblance,FR,MAJ
FR2019_206,Le meilleur reste à venir,FR,MAJ
FR2019_206,Le meilleur reste à venir,BE,MIN
FR2019_207,It Must Be Heaven,FR,MAJ
FR2019_207,It Must Be Heaven,DE,MIN
FR2019_207,It Must Be Heaven,CA,MIN
FR2019_207,It Must Be Heaven,TR,MIN
FR2019_208,Le Voyage du prince,FR,MAJ
FR2019_208,Le Voyage du prince,LU,MIN
FR2019_209,Seules les bêtes,FR,MAJ
FR2019_209,Seules les bêtes,DE,MIN
FR2019_210,Souviens-toi de ton futur,FR,MAJ
FR2019_211,Ceux qui nous restent (Chronique d'un cinéma en lutte),FR,MAJ
FR2019_212,Les Reines de la nuit,FR,MAJ
FR2019_213,Docteur ?,FR,MAJ
FR2019_214,Les Envoûtés,FR,MAJ
FR2019_215,Le Choix d'Ali,FR,MAJ
FR2019_215,Le Choix d'Ali,BE,MIN
FR2019_216,Notre Dame,FR,MAJ
FR2019_216,Notre Dame,BE,MIN
FR2019_217,Talking About Trees,FR,MAJ
FR2019_217,Talking About Trees,TD,MIN
FR2019_217,Talking About Trees,SD,MIN
FR2019_217,Talking About Trees,DE,MIN
FR2019_217,Talking About Trees,QA,MIN
FR2019_218,Paroles de bandits,FR,MAJ
FR2019_219,Rendez-vous chez les Malawas,FR,MAJ
FR2019_219,Rendez-vous chez les Malawas,BE,MIN
FR2019_220,La Vérité,FR,MAJ
FR2019_220,La Vérité,JP,MIN
FR2019_221,La Sainte Famille,FR,MAJ
FR2019_222,Bienvenue les vers de terre,FR,MAJ
FR2019_223,Basta Capital,FR,MAJ
FR2019_224,Homéopathie : une autre voie,FR,MAJ
FR2019_225,Mon incroyable 93,FR,MAJ
FR2019_226,La Bataille du libre,FR,MAJ
FR2019_227,"L'École de la vie, une génération pour tout changer",FR,MAJ
FR2019_228,Main basse sur l'énergie,FR,MAJ
FR2019_229,"Au Nicaragua, on m'appelle... Chepito",FR,MAJ
FR2019_230,Girls with Balls,FR,MAJ
FR2019_230,Girls with Balls,BE,MIN
FR2019_231,Mens,FR,MAJ
FR2019_232,L'Échappée,FR,MAJ
FR2019_233,Le Temps d'une valse,FR,MAJ
FR2019_234,Parlons utopie,FR,MAJ
FR2019_235,Phil Tippett : Mad Dreams and Monsters,FR,MAJ
FR2019_236,Chjami è Rispondi,FR,MAJ
FR2018_001,Burn Out,FR,MAJ
FR2018_001,Burn Out,BR,MIN
FR2018_002,Le lion est mort ce soir,FR,MAJ
FR2018_003,Normandie nue,FR,MAJ
FR2018_004,La Monnaie de leur pièce,FR,MAJ
FR2018_005,Si tu voyais son coeur,FR,MAJ
FR2018_006,Que le diable nous emporte,FR,MAJ
FR2018_007,"Une aventure théâtrale, 30 ans de décentralisation",FR,MAJ
FR2018_008,Brillantissime,FR,MAJ
FR2018_008,Brillantissime,BR,MIN
FR2018_009,Ami-ami,FR,MAJ
FR2018_010,La Surface de réparation,FR,MAJ
FR2018_011,La Douleur,FR,MAJ
FR2018_011,La Douleur,BR,MIN
FR2018_011,La Douleur,CH,MIN
FR2018_012,"Jean Douchet, l'enfant agité",FR,MAJ
FR2018_013,Les Tuche 3,FR,MAJ
FR2018_014,L'Insulte,FR,MAJ
FR2018_014,L'Insulte,LB,MIN
FR2018_015,Sparring,FR,MAJ
FR2018_016,Etre plutôt qu'avoir : à l'école autrement,FR,MAJ
FR2018_017,Voyoucratie,FR,MAJ
FR2018_018,Jusqu'à la garde,FR,MAJ
FR2018_019,"Ni juge, ni soumise",FR,MAJ
FR2018_019,"Ni juge, ni soumise",BR,MIN
FR2018_020,Revenge,FR,MAJ
FR2018_020,Revenge,BR,MIN
FR2018_021,The Ride - La chevauchée,FR,MAJ
FR2018_022,Atelier de conversation,FR,MAJ
FR2018_022,Atelier de conversation,AT,MIN
FR2018_022,Atelier de conversation,LI,MIN
FR2018_023,La Sculpture vivante,FR,MAJ
FR2018_024,"Belle et Sébastien 3, le dernier chapitre",FR,MAJ
FR2018_025,Le Retour du Héros,FR,MAJ
FR2018_025,Le Retour du Héros,BR,MIN
FR2018_026,L'Apparition,FR,MAJ
FR2018_026,L'Apparition,BE,
FR2018_026,L'Apparition,JO,MIN
FR2018_027,Bravo virtuose,FR,MAJ
FR2018_027,Bravo virtuose,BR,MIN
FR2018_027,Bravo virtuose,AM,MIN
FR2018_028,4 histoires fantastiques,FR,MAJ
FR2018_029,Le Crime des anges,FR,MAJ
FR2018_030,Les Aventures de Spirou et Fantasio,FR,MAJ
FR2018_030,Les Aventures de Spirou et Fantasio,BR,MIN
FR2018_031,L'Insoumis,FR,MAJ
FR2018_032,Corps étranger,FR,MAJ
FR2018_032,Corps étranger,TN,MIN
FR2018_033,La Ch'tite Famille,FR,MAJ
FR2018_033,La Ch'tite Famille,BE,MIN
FR2018_034,Les Garçons sauvages,FR,MAJ
FR2018_035,La fête est finie,FR,MAJ
FR2018_036,L'Amour des hommes,FR,MAJ
FR2018_036,L'Amour des hommes,TN,MIN
FR2018_037,Trait de vie,FR,MAJ
FR2018_038,"Madame Mills, une voisine si parfaite",FR,MAJ
FR2018_039,Eva,FR,MAJ
FR2018_039,Eva,BE,MIN
FR2018_040,La nuit a dévoré le monde,FR,MAJ
FR2018_041,Signer,FR,MAJ
FR2018_042,Féminin plurielles,FR,MAJ
FR2018_043,Tout le monde debout,FR,MAJ
FR2018_043,Tout le monde debout,BE,MIN
FR2018_044,La Belle et la Belle,FR,MAJ
FR2018_045,America,FR,MAJ
FR2018_046,Chien,FR,MAJ
FR2018_046,Chien,BE,MIN
FR2018_047,Un dénommé Homme-Plume,FR,MAJ
FR2018_048,Blanche Rhapsodie - Mémoire de théâtre,FR,MAJ
FR2018_049,La Finale,FR,MAJ
FR2018_049,La Finale,BE,MIN
FR2018_050,La Prière,FR,MAJ
FR2018_051,"Mektoub, My Love : Canto Uno",FR,MAJ
FR2018_051,"Mektoub, My Love : Canto Uno",IT,MIN
FR2018_052,Après la guerre,FR,MAJ
FR2018_052,Après la guerre,IT,MIN
FR2018_053,"Auzat l'Auvergnat, un village en mouvement",FR,MAJ
FR2018_054,9 doigts,FR,MAJ
FR2018_054,9 doigts,PT,MIN
FR2018_055,Vincent & moi,FR,MAJ
FR2018_056,Serge Pey et la boîte aux lettres du cimetière,FR,MAJ
FR2018_057,Pas comme lui,FR,MAJ
FR2018_058,Croc-Blanc,FR,MAJ
FR2018_058,Croc-Blanc,LU,MIN
FR2018_058,Croc-Blanc,US,MIN
FR2018_059,"Les dents, pipi et au lit",FR,MAJ
FR2018_060,Le Collier rouge,FR,MAJ
FR2018_060,Le Collier rouge,BR,MIN
FR2018_061,Madame Hyde,FR,MAJ
FR2018_061,Madame Hyde,BR,MIN
FR2018_062,Vent du Nord,FR,MAJ
FR2018_062,Vent du Nord,TN,MIN
FR2018_062,Vent du Nord,BE,MIN
FR2018_063,Carnivores,FR,MAJ
FR2018_063,Carnivores,BE,MIN
FR2018_064,Après l'ombre,FR,MAJ
FR2018_065,Gaston Lagaffe,FR,MAJ
FR2018_065,Gaston Lagaffe,BE,MIN
FR2018_066,Dans la brume,FR,MAJ
FR2018_066,Dans la brume,CA,MIN
FR2018_067,Nul homme n'est une île,FR,MAJ
FR2018_068,Taxi 5,FR,MAJ
FR2018_069,On a 20 ans pour changer le monde,FR,MAJ
FR2018_070,Luna,FR,MAJ
FR2018_071,Du soleil dans mes yeux,FR,MAJ
FR2018_072,Lutine,FR,MAJ
FR2018_073,Larguées,FR,MAJ
FR2018_074,Love Addict,FR,MAJ
FR2018_075,Place publique,FR,MAJ
FR2018_076,Mes provinciales,FR,MAJ
FR2018_077,"Jean Ziegler, l'optimisme de la volonté",FR,MAJ
FR2018_077,"Jean Ziegler, l'optimisme de la volonté",CH,MIN
FR2018_078,Allons enfants,FR,MAJ
FR2018_079,"Les Municipaux, ces héros",FR,MAJ
FR2018_080,Amoureux de ma femme,FR,MAJ
FR2018_081,Comme des rois,FR,MAJ
FR2018_082,Comme des garçons,FR,MAJ
FR2018_083,"Cornélius, le meunier hurlant",FR,MAJ
FR2018_083,"Cornélius, le meunier hurlant",BE,MIN
FR2018_084,"Nous, les intranquilles",FR,MAJ
FR2018_085,Monsieur Je-Sais-Tout,FR,MAJ
FR2018_086,Abdel et la Comtesse,FR,MAJ
FR2018_087,"Armonía, Franco et mon grand-père",FR,MAJ
FR2018_087,"Armonía, Franco et mon grand-père",ES,MIN
FR2018_088,"Plaire, aimer et courir vite",FR,MAJ
FR2018_089,En guerre,FR,MAJ
FR2018_090,Et mon coeur transparent,FR,MAJ
FR2018_091,La Fête des mères,FR,MAJ
FR2018_092,Mutafukaz,FR,MAJ
FR2018_092,Mutafukaz,JP,MIN
FR2018_093,Le ciel étoilé au-dessus de ma tête,FR,MAJ
FR2018_094,Demi-soeurs,FR,MAJ
FR2018_094,Demi-soeurs,BE,MIN
FR2018_095,L'Extraordinaire Voyage du fakir,FR,MAJ
FR2018_095,L'Extraordinaire Voyage du fakir,BE,MIN
FR2018_095,L'Extraordinaire Voyage du fakir,IN,MIN
FR2018_095,L'Extraordinaire Voyage du fakir,US,MIN
FR2018_095,L'Extraordinaire Voyage du fakir,SG,MIN
FR2018_096,Je vais mieux,FR,MAJ
FR2018_097,Train de vies ou les Voyages d'Angélique,FR,MAJ
FR2018_098,Les Sept Déserteurs ou la Guerre en vrac,FR,MAJ
FR2018_099,La Naissance de Narcisse,FR,MAJ
FR2018_100,Volontaire,FR,MAJ
FR2018_101,La Légende,FR,MAJ
FR2018_102,Comment tuer sa mère,FR,MAJ
FR2018_103,Le Doudou,FR,MAJ
FR2018_104,Bécassine !,FR,MAJ
FR2018_105,"Jericó, le vol infini des jours",FR,MAJ
FR2018_105,"Jericó, le vol infini des jours",CO,MIN
FR2018_106,Une prière avant l'aube,FR,MAJ
FR2018_107,"Kuzola, le chant des racines",FR,MAJ
FR2018_108,Un couteau dans le coeur,FR,MAJ
FR2018_108,Un couteau dans le coeur,MX,MIN
FR2018_108,Un couteau dans le coeur,CH,MIN
FR2018_109,À 2 heures de Paris,FR,MAJ
FR2018_110,Tamara Vol. 2,FR,MAJ
FR2018_111,Au poste !,FR,MAJ
FR2018_112,Joueurs,FR,MAJ
FR2018_113,L'Île au trésor,FR,MAJ
FR2018_114,Mes frères,FR,MAJ
FR2018_115,Un village dans le vent,FR,MAJ
FR2018_116,Femmes du chaos vénézuélien,FR,MAJ
FR2018_116,Femmes du chaos vénézuélien,VE,MIN
FR2018_117,L'école est finie,FR,MAJ
FR2018_117,L'école est finie,BE,MIN
FR2018_118,Christ(Off),FR,MAJ
FR2018_118,Christ(Off),BE,MIN
FR2018_119,Moi et le Che,FR,MAJ
FR2018_120,Ma reum,FR,MAJ
FR2018_120,Ma reum,BE,MIN
FR2018_121,Fleuve noir,FR,MAJ
FR2018_121,Fleuve noir,BE,MIN
FR2018_122,Paul Sanchez est revenu !,FR,MAJ
FR2018_122,Paul Sanchez est revenu !,BE,MIN
FR2018_123,Roulez jeunesse,FR,MAJ
FR2018_124,Vierges,FR,MAJ
FR2018_124,Vierges,IL,MIN
FR2018_124,Vierges,BE,MIN
FR2018_125,C'est qui cette fille ?,FR,MAJ
FR2018_125,C'est qui cette fille ?,US,MIN
FR2018_126,Les Versets de l'oubli,FR,MAJ
FR2018_126,Les Versets de l'oubli,DE,MIN
FR2018_126,Les Versets de l'oubli,NL,MIN
FR2018_126,Les Versets de l'oubli,CL,MIN
FR2018_127,"Neuilly sa mère, sa mère !",FR,MAJ
FR2018_128,Le monde est à toi,FR,MAJ
FR2018_129,Il se passe quelque chose,FR,MAJ
FR2018_130,Alive in France,FR,MAJ
FR2018_131,Les Vieux Fourneaux,FR,MAJ
FR2018_132,Lukas,FR,MAJ
FR2018_132,Lukas,BE,MIN
FR2018_133,Caniba,FR,MAJ
FR2018_134,Guy,FR,MAJ
FR2018_135,Bonhomme,FR,MAJ
FR2018_136,Braqueurs d'élite,FR,MAJ
FR2018_136,Braqueurs d'élite,DE,MIN
FR2018_136,Braqueurs d'élite,US,MIN
FR2018_137,Photo de famille,FR,MAJ
FR2018_138,Sofia,FR,MAJ
FR2018_138,Sofia,QA,MIN
FR2018_138,Sofia,BE,MIN
FR2018_139,Les Déguns,FR,MAJ
FR2018_140,J'ai perdu Albert,FR,MAJ
FR2018_140,J'ai perdu Albert,BE,MIN
FR2018_141,Le Grand Perdu,FR,MAJ
FR2018_142,Les Frères Sisters,FR,MAJ
FR2018_142,Les Frères Sisters,ES,MIN
FR2018_142,Les Frères Sisters,RO,MIN
FR2018_142,Les Frères Sisters,US,MIN
FR2018_142,Les Frères Sisters,BE,MIN
FR2018_143,Le Poulain,FR,MAJ
FR2018_144,L'amour est une fête,FR,MAJ
FR2018_144,L'amour est une fête,BE,MIN
FR2018_145,Vaurien,FR,MAJ
FR2018_146,I Feel Good,FR,MAJ
FR2018_147,Un peuple et son roi,FR,MAJ
FR2018_147,Un peuple et son roi,BE,MIN
FR2018_148,Hostile,FR,MAJ
FR2018_149,Journal d'un disparu,FR,MAJ
FR2018_150,Alad'2,FR,MAJ
FR2018_151,Frères ennemis,FR,MAJ
FR2018_152,En mille morceaux,FR,MAJ
FR2018_153,Une fois comme jamais,FR,MAJ
FR2018_154,Dilili à Paris,FR,MAJ
FR2018_154,Dilili à Paris,DE,MIN
FR2018_154,Dilili à Paris,BE,MIN
FR2018_155,Voyez comme on danse,FR,MAJ
FR2018_156,L'Amour flou,FR,MAJ
FR2018_157,Grande-Synthe - La Ville où tout se joue,FR,MAJ
FR2018_158,Tazzeka,FR,MAJ
FR2018_158,Tazzeka,MA,MIN
FR2018_159,Le Jeu,FR,MAJ
FR2018_159,Le Jeu,BE,MIN
FR2018_160,Le Flic de Belleville,FR,MAJ
FR2018_161,Six portraits XL 1: Léon et Guillaume,FR,MAJ
FR2018_162,Les Illettrées,FR,MAJ
FR2018_163,Le Grand Bain,FR,MAJ
FR2018_164,Chacun pour tous,FR,MAJ
FR2018_165,Le Grand Bal,FR,MAJ
FR2018_166,Black Indians,FR,MAJ
FR2018_167,On l'appelait Roda,FR,MAJ
FR2018_168,Un homme pressé,FR,MAJ
FR2018_169,Un amour impossible,FR,MAJ
FR2018_169,Un amour impossible,BE,MIN
FR2018_170,Kursk,FR,MAJ
FR2018_170,Kursk,BE,MIN
FR2018_170,Kursk,LU,MIN
FR2018_170,Kursk,RO,MIN
FR2018_170,Kursk,CA,MIN
FR2018_170,Kursk,US,MIN
FR2018_171,Les Chatouilles,FR,MAJ
FR2018_172,"André Robillard, en compagnie",FR,MAJ
FR2018_173,Mauvaises Herbes,FR,MAJ
FR2018_173,Mauvaises Herbes,BE,MIN
FR2018_174,Amanda,FR,MAJ
FR2018_175,Les Bonnes Intentions,FR,MAJ
FR2018_176,Les Filles du soleil,FR,MAJ
FR2018_176,Les Filles du soleil,BE,MIN
FR2018_176,Les Filles du soleil,GE,MIN
FR2018_176,Les Filles du soleil,CH,MIN
FR2018_177,#Moscou-Royan,FR,MAJ
FR2018_178,Sauver ou Périr,FR,MAJ
FR2018_179,Lola et ses frères,FR,MAJ
FR2018_180,Frig,FR,MAJ
FR2018_181,Astérix : Le secret de la potion magique,FR,MAJ
FR2018_181,Astérix : Le secret de la potion magique,BE,MIN
FR2018_182,Pupille,FR,MAJ
FR2018_182,Pupille,BE,MIN
FR2018_183,Ma mère est folle,FR,MAJ
FR2018_183,Ma mère est folle,BE,MIN
FR2018_184,Les Confins du monde,FR,MAJ
FR2018_185,Monsieur,FR,MAJ
FR2018_186,"Le Sous-bois des insensés, une traversée avec Jean Oury",FR,MAJ
FR2018_187,Rémi sans famille,FR,MAJ
FR2018_188,Pachamama,FR,MAJ
FR2018_188,Pachamama,LE,MIN
FR2018_188,Pachamama,CA,MIN
FR2018_189,Nous les coyotes,FR,MAJ
FR2018_189,Nous les coyotes,US,MIN
FR2018_190,L'Empereur de Paris,FR,MAJ
FR2018_191,Le Gendre de ma vie,FR,MAJ
FR2018_192,Maya,FR,MAJ
FR2018_192,Maya,DE,MIN
FR2018_193,Mia et le Lion Blanc,FR,MAJ
FR2018_193,Mia et le Lion Blanc,DE,MIN
FR2018_193,Mia et le Lion Blanc,ZA,MIN
FR2018_194,Au bout des doigts,FR,MAJ
FR2018_194,Au bout des doigts,BE,MIN
FR2018_195,L'Homme fidèle,FR,MAJ
FR2018_196,Good,FR,MAJ
FR2018_197,Meltem,FR,MAJ
FR2018_197,Meltem,GR,MIN
FR2018_198,Régénération,FR,MAJ
FR2018_199,L'Amour et la Révolution,FR,MAJ
FR2018_200,C'est quoi le bonheur pour vous ?,FR,MAJ
FR2018_201,Un long été brûlant en Palestine,FR,MAJ
FR2018_202,L'Histoire d'un homme hors normes,FR,MAJ
FR2018_203,Maternité secrète,FR,MAJ
FR2018_204,La liberté si je veux !,FR,MAJ
FR2018_205,Gens des blés,FR,MAJ
FR2018_206,"Makach Moukil, nos identités",FR,MAJ
FR2018_207,"Yohen, l'univers dans un bol",FR,MAJ
FR2018_207,"Yohen, l'univers dans un bol",JP,MIN
FR2018_207,"Yohen, l'univers dans un bol",CH,MIN
FR2017_001,La Vallée des loups,FR,MAJ
FR2017_002,Primaire,FR,MAJ
FR2017_003,Mes trésors,FR,MAJ
FR2017_004,Dalida,FR,MAJ
FR2017_005,La Mécanique de l'ombre,FR,MAJ
FR2017_006,Ouvert la nuit,FR,MAJ
FR2017_007,Jamais contente,FR,MAJ
FR2017_008,Le Divan de Staline,FR,MAJ
FR2017_008,Le Divan de Staline,PT,MIN
FR2017_008,Le Divan de Staline,RU,MIN
FR2017_009,Un jour mon prince,FR,MAJ
FR2017_010,Il a déjà tes yeux,PT,MAJ
FR2017_011,Un sac de billes,RU,MAJ
FR2017_012,Corniche Kennedy,FR,MAJ
FR2017_013,Fleur de tonnerre,FR,MAJ
FR2017_013,Fleur de tonnerre,BE,MIN
FR2017_014,"La Cigale, le Corbeau et les Poulets",FR,MAJ
FR2017_015,Belle Dormant,FR,MAJ
FR2017_015,Belle Dormant,ES,MIN
FR2017_016,Vivere,FR,MAJ
FR2017_017,L'Ascension,FR,MAJ
FR2017_018,RAID dingue,FR,MAJ
FR2017_018,RAID dingue,BE,MIN
FR2017_019,Sahara,FR,MAJ
FR2017_019,Sahara,CA,MIN
FR2017_020,Cruel,FR,MAJ
FR2017_021,Un Paese di Calabria,FR,MAJ
FR2017_021,Un Paese di Calabria,IT,MIN
FR2017_021,Un Paese di Calabria,CH,MIN
FR2017_022,Le Concours,FR,MAJ
FR2017_023,Nous nous marierons,FR,MAJ
FR2017_024,Alibi.com,FR,MAJ
FR2017_025,Rock'n Roll,FR,MAJ
FR2017_026,Dans la forêt,FR,MAJ
FR2017_026,Dans la forêt,SE,MIN
FR2017_027,L'Indomptée,FR,MAJ
FR2017_028,L'Histoire d'une mère,FR,MAJ
FR2017_029,"Des amours, désamour",FR,MAJ
FR2017_030,Chez nous,FR,MAJ
FR2017_030,Chez nous,BE,MIN
FR2017_031,Si j'étais un homme,FR,MAJ
FR2017_031,Si j'étais un homme,BE,MIN
FR2017_032,Les Derniers Parisiens,FR,MAJ
FR2017_033,De sas en sas,FR,MAJ
FR2017_034,La DorMeuse Duval,FR,MAJ
FR2017_035,Seule... mais pas trop!,FR,MAJ
FR2017_036,"0,2",FR,MAJ
FR2017_037,Patients,FR,MAJ
FR2017_038,Sous peine d'innocence,FR,MAJ
FR2017_038,Sous peine d'innocence,BE,MIN
FR2017_038,Sous peine d'innocence,CH,MIN
FR2017_039,Monsieur & Madame Adelman,FR,MAJ
FR2017_039,Monsieur & Madame Adelman,BE,MIN
FR2017_040,La Confession,FR,MAJ
FR2017_041,Miss Sloane,FR,MAJ
FR2017_041,Miss Sloane,US,MIN
FR2017_042,De plus belle,FR,MAJ
FR2017_042,De plus belle,BE,MIN
FR2017_043,Baby Phone,FR,MAJ
FR2017_044,Paris pieds nus,FR,MAJ
FR2017_044,Paris pieds nus,BE,MIN
FR2017_045,Le Secret de la chambre noire,FR,MAJ
FR2017_045,Le Secret de la chambre noire,BE,MIN
FR2017_045,Le Secret de la chambre noire,JP,MIN
FR2017_046,Les poètes sont encore vivants,FR,MAJ
FR2017_047,L'Embarras du choix,FR,MAJ
FR2017_048,Chacun sa vie,FR,MAJ
FR2017_049,Grave,FR,MAJ
FR2017_049,Grave,BE,MIN
FR2017_050,Jours de France,FR,MAJ
FR2017_051,Vénéneuses,FR,MAJ
FR2017_052,Sage Femme,FR,MAJ
FR2017_053,Going to Brazil,FR,MAJ
FR2017_054,"1336 jours, des hauts, débats, mais debout",FR,MAJ
FR2017_055,Gangsterdam,FR,MAJ
FR2017_055,Gangsterdam,NL,MIN
FR2017_056,"Telle mère, telle fille",FR,MAJ
FR2017_057,Pris de court,FR,MAJ
FR2017_058,Paris la blanche,FR,MAJ
FR2017_059,La Rage du Démon,FR,MAJ
FR2017_059,La Rage du Démon,HR,MIN
FR2017_059,La Rage du Démon,US,MIN
FR2017_060,À bras ouverts,FR,MAJ
FR2017_060,À bras ouverts,BE,MIN
FR2017_061,Corporate,FR,MAJ
FR2017_062,Massilia Sound System : Le film,FR,MAJ
FR2017_063,Boule & Bill 2,FR,MAJ
FR2017_063,Boule & Bill 2,BE,MIN
FR2017_064,C'est beau la vie quand on y pense,FR,MAJ
FR2017_065,Un profil pour deux,FR,MAJ
FR2017_065,Un profil pour deux,AT,MIN
FR2017_065,Un profil pour deux,BE,MIN
FR2017_065,Un profil pour deux,DE,MIN
FR2017_066,Bienvenue au Gondwana,FR,MAJ
FR2017_066,Bienvenue au Gondwana,CI,MIN
FR2017_067,Mauvais Élèves,FR,MAJ
FR2017_068,Sous le même toit,FR,MAJ
FR2017_069,Cessez-le-feu,FR,MAJ
FR2017_069,Cessez-le-feu,BE,MIN
FR2017_070,Django,FR,MAJ
FR2017_071,Aurore,FR,MAJ
FR2017_072,Jour J,FR,MAJ
FR2017_073,À mon âge je me cache encore pour fumer,FR,MAJ
FR2017_073,À mon âge je me cache encore pour fumer,GR,MIN
FR2017_073,À mon âge je me cache encore pour fumer,DZ,MIN
FR2017_074,La Papesse Jeanne,FR,MAJ
FR2017_075,La Morsure des Dieux,FR,MAJ
FR2017_076,De toutes mes forces,FR,MAJ
FR2017_077,Les Pieds sur terre,FR,MAJ
FR2017_078,Vive la crise !,FR,MAJ
FR2017_079,Souffler plus fort que la mer,FR,MAJ
FR2017_080,Soleils,FR,MAJ
FR2017_081,Les Fantômes d'Ismaël,FR,MAJ
FR2017_082,Venise sous la neige,FR,MAJ
FR2017_083,Sélection officielle,FR,MAJ
FR2017_084,Rodin,FR,MAJ
FR2017_084,Rodin,BE,MIN
FR2017_084,Rodin,US,MIN
FR2017_085,Le Cri des fourmis,FR,MAJ
FR2017_085,Le Cri des fourmis,UY,MIN
FR2017_086,L'Amant double,FR,MAJ
FR2017_086,L'Amant double,BE,MIN
FR2017_087,Marie-Francine,FR,MAJ
FR2017_087,Marie-Francine,BE,MIN
FR2017_088,L'Amant d'un jour,FR,MAJ
FR2017_089,Drôles d'oiseaux,FR,MAJ
FR2017_090,HHhH,FR,MAJ
FR2017_090,HHhH,GB,MIN
FR2017_090,HHhH,BE,MIN
FR2017_090,HHhH,US,MIN
FR2017_091,Comment j'ai rencontré mon père,FR,MAJ
FR2017_091,Comment j'ai rencontré mon père,BE,MIN
FR2017_092,Ce qui nous lie,FR,MAJ
FR2017_093,Nos patriotes,FR,MAJ
FR2017_093,Nos patriotes,BE,MIN
FR2017_094,Nothingwood,FR,MAJ
FR2017_094,Nothingwood,DE,MIN
FR2017_095,Wùlu,FR,MAJ
FR2017_095,Wùlu,SN,MIN
FR2017_096,L'Assiette de mon voisin,FR,MAJ
FR2017_097,Le Grand Méchant Renard et autres contes...,FR,MAJ
FR2017_097,Le Grand Méchant Renard et autres contes...,BE,MIN
FR2017_098,Les Ex,FR,MAJ
FR2017_099,Bad Buzz,FR,MAJ
FR2017_099,Bad Buzz,BE,MIN
FR2017_100,Songs for Madagascar,FR,MAJ
FR2017_100,Songs for Madagascar,GB,MIN
FR2017_101,Macadam Popcorn,FR,MAJ
FR2017_102,Mon poussin,FR,MAJ
FR2017_103,"Visages, villages",FR,MAJ
FR2017_104,Cherchez la femme,FR,MAJ
FR2017_105,Grand Froid,FR,MAJ
FR2017_105,Grand Froid,BE,MIN
FR2017_105,Grand Froid,PL,MIN
FR2017_106,Wallay,FR,MAJ
FR2017_106,Wallay,BF,MIN
FR2017_107,Loue-moi !,FR,MAJ
FR2017_108,Embrasse-moi !,FR,MAJ
FR2017_109,À la recherche des femmes chefs,FR,MAJ
FR2017_110,Mission Pays basque,FR,MAJ
FR2017_111,Sales Gosses,FR,MAJ
FR2017_112,Valerian et la Cité des mille planètes,FR,MAJ
FR2017_112,Valerian et la Cité des mille planètes,CN,MIN
FR2017_112,Valerian et la Cité des mille planètes,US,MIN
FR2017_112,Valerian et la Cité des mille planètes,DE,MIN
FR2017_112,Valerian et la Cité des mille planètes,AE,MIN
FR2017_113,Les As de la jungle,FR,MAJ
FR2017_114,Crash Test Aglaé,FR,MAJ
FR2017_115,Chouquette,FR,MAJ
FR2017_116,Rattrapage,FR,MAJ
FR2017_116,Rattrapage,BE,MIN
FR2017_117,Lola Pater,FR,MAJ
FR2017_117,Lola Pater,BE,MIN
FR2017_118,Djam,FR,MAJ
FR2017_119,La Vie de château,FR,MAJ
FR2017_120,Overdrive,FR,MAJ
FR2017_120,Overdrive,BE,MIN
FR2017_120,Overdrive,US,MIN
FR2017_121,Une femme douce,FR,MAJ
FR2017_121,Une femme douce,DE,MIN
FR2017_121,Une femme douce,RU,MIN
FR2017_121,Une femme douce,LT,MIN
FR2017_121,Une femme douce,NL,MIN
FR2017_121,Une femme douce,UA,MIN
FR2017_121,Une femme douce,LV,MIN
FR2017_122,Mort à Sarajevo,FR,MAJ
FR2017_122,Mort à Sarajevo,BA,MIN
FR2017_123,Petit Paysan,FR,MAJ
FR2017_124,Bonne Pomme,FR,MAJ
FR2017_124,Bonne Pomme,BE,MIN
FR2017_125,Ôtez-moi d'un doute,FR,MAJ
FR2017_125,Ôtez-moi d'un doute,BE,MIN
FR2017_126,Barbara,FR,MAJ
FR2017_127,Dans les pas de Trisha Brown,FR,MAJ
FR2017_128,Napalm,FR,MAJ
FR2017_129,Les Grands Esprits,FR,MAJ
FR2017_130,Le Redoutable,FR,MAJ
FR2017_131,Nos années folles,FR,MAJ
FR2017_132,Laurent et Safi,FR,MAJ
FR2017_133,L'un dans l'autre,FR,MAJ
FR2017_134,Gauguin - Voyage de Tahiti,FR,MAJ
FR2017_135,La Mort se mérite - Digressions avec Serge Livrozet,FR,MAJ
FR2017_136,Le Petit Spirou,FR,MAJ
FR2017_136,Le Petit Spirou,BE,MIN
FR2017_136,Le Petit Spirou,LU,MIN
FR2017_137,Un beau soleil intérieur,FR,MAJ
FR2017_137,Un beau soleil intérieur,BE,MIN
FR2017_138,Le Jeune Karl Marx,FR,MAJ
FR2017_138,Le Jeune Karl Marx,BE,MIN
FR2017_138,Le Jeune Karl Marx,DE,MIN
FR2017_139,Money,FR,MAJ
FR2017_140,Espèces menacées,FR,MAJ
FR2017_140,Espèces menacées,BE,MIN
FR2017_141,Le Sens de la fête,FR,MAJ
FR2017_141,Le Sens de la fête,CA,MIN
FR2017_141,Le Sens de la fête,BE,MIN
FR2017_142,Happy End,FR,MAJ
FR2017_142,Happy End,AT,MIN
FR2017_142,Happy End,DE,MIN
FR2017_143,"Latifa, le coeur au combat",FR,MAJ
FR2017_144,"Va, Toto !",FR,MAJ
FR2017_145,L'École buissonnière,FR,MAJ
FR2017_146,Coexister,FR,MAJ
FR2017_147,Numéro une,FR,MAJ
FR2017_148,La Quête d'Alain Ducasse,FR,MAJ
FR2017_149,Les Nouvelles Aventures de Cendrillon,FR,MAJ
FR2017_150,Knock,FR,MAJ
FR2017_150,Knock,BE,MIN
FR2017_151,Zombillénium,FR,MAJ
FR2017_151,Zombillénium,BE,MIN
FR2017_152,"Corbier, des traces dans la mémoire des masses",FR,MAJ
FR2017_153,Votez pour moi !,FR,MAJ
FR2017_154,Épouse-moi mon pote,FR,MAJ
FR2017_155,Au revoir là-haut,FR,MAJ
FR2017_155,Au revoir là-haut,CA,MIN
FR2017_156,Sans adieu,FR,MAJ
FR2017_157,Des bobines et des hommes,FR,MAJ
FR2017_158,Mémoires d'un condamné,FR,MAJ
FR2017_159,Ton coeur est plus noir que la nuit,FR,MAJ
FR2017_160,Carbone,FR,MAJ
FR2017_160,Carbone,BE,MIN
FR2017_161,Daddy Cool,FR,MAJ
FR2017_162,Jeune Femme,FR,MAJ
FR2017_163,D'après une histoire vraie,FR,MAJ
FR2017_163,D'après une histoire vraie,BE,MIN
FR2017_163,D'après une histoire vraie,PL,MIN
FR2017_164,La Bombe et Nous,FR,MAJ
FR2017_165,Jalouse,FR,MAJ
FR2017_166,Tout nous sépare,FR,MAJ
FR2017_167,La Mélodie,FR,MAJ
FR2017_168,En attendant les hirondelles,FR,MAJ
FR2017_168,En attendant les hirondelles,DZ,MIN
FR2017_168,En attendant les hirondelles,DE,MIN
FR2017_169,We Blew It,FR,MAJ
FR2017_170,Les Sentinelles,FR,MAJ
FR2017_171,Docteur Jack,FR,MAJ
FR2017_172,Maryline,FR,MAJ
FR2017_172,Maryline,BE,MIN
FR2017_173,M,FR,MAJ
FR2017_174,Diane a les épaules,FR,MAJ
FR2017_175,Par instinct,FR,MAJ
FR2017_175,Par instinct,MA,MIN
FR2017_176,Le Semeur,FR,MAJ
FR2017_176,Le Semeur,BE,MIN
FR2017_177,Simon et Théodore,FR,MAJ
FR2017_178,L'Ombre de Vénus,FR,MAJ
FR2017_179,Le Brio,FR,MAJ
FR2017_179,Le Brio,BE,MIN
FR2017_180,Marvin ou la Belle Éducation,FR,MAJ
FR2017_181,Madame,FR,MAJ
FR2017_182,L'Œil du cyclone,FR,MAJ
FR2017_182,L'Œil du cyclone,BF,MIN
FR2017_183,C'est tout pour moi,FR,MAJ
FR2017_183,C'est tout pour moi,BE,MIN
FR2017_184,La Villa,FR,MAJ
FR2017_185,12 jours,FR,MAJ
FR2017_186,Plonger,FR,MAJ
FR2017_187,Éditeur,FR,MAJ
FR2017_188,Santa & Cie,FR,MAJ
FR2017_188,Santa & Cie,BE,MIN
FR2017_189,Les Gardiennes,FR,MAJ
FR2017_189,Les Gardiennes,CH,MIN
FR2017_190,"Stars 80, la suite",FR,MAJ
FR2017_191,La Deuxième Étoile,FR,MAJ
FR2017_192,Drôles de petites bêtes,FR,MAJ
FR2017_192,Drôles de petites bêtes,LU,MIN
FR2017_193,Soleil battant,FR,MAJ
FR2017_193,Soleil battant,PT,MIN
FR2017_194,Enseignez à vivre ! Edgar Morin et l'éducation innovante,FR,MAJ
FR2017_195,La Promesse de l'aube,FR,MAJ
FR2017_196,Garde alternée,FR,MAJ
FR2017_197,Tout là-haut,FR,MAJ
FR2017_198,Nuit de grève,FR,MAJ
FR2017_199,Momo,FR,MAJ
FR2017_199,Momo,BE,MIN
FR2017_200,Le Rire de Madame Lin,FR,MAJ
FR2017_200,Le Rire de Madame Lin,HK,MIN
FR2017_200,Le Rire de Madame Lin,CN,MIN
FR2017_201,À l'air libre,FR,MAJ
FR2017_202,"L'Aluminium, les Vaccins et les Deux Lapins",FR,MAJ
FR2017_203,"Cuba, rouges années",FR,MAJ
FR2017_204,Semences du futur,FR,MAJ
FR2017_205,Le Plaisir du désordre,FR,MAJ
FR2017_205,Le Plaisir du désordre,BE,MIN
FR2017_206,"Au jour le jour, à la nuit la nuit",FR,MAJ
FR2017_207,"Sylvie Ouellet, au-delà du miroir",FR,MAJ
FR2016_001,Arrêtez-moi là,FR,MAJ
FR2016_002,La Fille du patron,FR,MAJ
FR2016_003,Je vous souhaite d'être follement aimée,FR,MAJ
FR2016_004,"Dakar, ta nostalgie",FR,MAJ
FR2016_005,Arrête ton cinéma !,FR,MAJ
FR2016_006,Mon maître d'école,FR,MAJ
FR2016_007,Gaz de France,FR,MAJ
FR2016_008,Paris-Willouby,FR,MAJ
FR2016_009,Je veux être actrice,FR,MAJ
FR2016_009,Je veux être actrice,BE,MIN
FR2016_010,Encore heureux,FR,MAJ
FR2016_011,Tout en haut du monde,FR,MAJ
FR2016_011,Tout en haut du monde,DK,MIN
FR2016_012,Les Filles au Moyen Âge,FR,MAJ
FR2016_013,Contre-pouvoirs,FR,MAJ
FR2016_013,Contre-pouvoirs,DZ,MIN
FR2016_014,Koan de Printemps,FR,MAJ
FR2016_014,Koan de Printemps,KR,MIN
FR2016_014,Koan de Printemps,VN,MIN
FR2016_015,Le Chanteur,FR,MAJ
FR2016_016,Les Tuche 2 - Le rêve américain,FR,MAJ
FR2016_017,Chocolat,FR,MAJ
FR2016_018,Dofus - Livre 1 : Julith,FR,MAJ
FR2016_019,La Marcheuse,FR,MAJ
FR2016_020,Joséphine s'arrondit,FR,MAJ
FR2016_021,Les Innocentes,FR,MAJ
FR2016_021,Les Innocentes,PL,MIN
FR2016_022,La Tour 2 contrôle infernale,FR,MAJ
FR2016_022,La Tour 2 contrôle infernale,BE,MIN
FR2016_023,Peur de rien,FR,MAJ
FR2016_024,Faut savoir se contenter de beaucoup,FR,MAJ
FR2016_025,La Vache,FR,MAJ
FR2016_026,Amis publics,FR,MAJ
FR2016_027,Les Naufragés,FR,MAJ
FR2016_027,Les Naufragés,BE,MIN
FR2016_028,Ce sentiment de l'été,FR,MAJ
FR2016_028,Ce sentiment de l'été,DE,MIN
FR2016_029,Sur le plancher des vaches,FR,MAJ
FR2016_030,Merci patron !,FR,MAJ
FR2016_030,Merci patron !,BE,MIN
FR2016_031,Tempête,FR,MAJ
FR2016_032,Le Silence et la Douleur,FR,MAJ
FR2016_033,Saint Amour,FR,MAJ
FR2016_033,Saint Amour,BE,MIN
FR2016_034,Éperdument,FR,MAJ
FR2016_034,Éperdument,BE,MIN
FR2016_035,Moonwalkers,FR,MAJ
FR2016_035,Moonwalkers,BE,MIN
FR2016_036,Un vrai faussaire,FR,MAJ
FR2016_037,"Deux Rémi, deux",FR,MAJ
FR2016_038,"Un marchand, des artistes et des collectionneurs",FR,MAJ
FR2016_039,Dieumerci !,FR,MAJ
FR2016_040,Des nouvelles de la planète Mars,FR,MAJ
FR2016_040,Des nouvelles de la planète Mars,BE,MIN
FR2016_041,Louis-Ferdinand Céline,FR,MAJ
FR2016_041,Louis-Ferdinand Céline,BE,MIN
FR2016_042,Suite armoricaine,FR,MAJ
FR2016_043,C'est l'amour,FR,MAJ
FR2016_044,Pseudonym,FR,MAJ
FR2016_045,Ex-TAZ Citizen Ca$h,FR,MAJ
FR2016_046,Marseille,FR,MAJ
FR2016_047,Au nom de ma fille,FR,MAJ
FR2016_047,Au nom de ma fille,DE,MIN
FR2016_048,Les Ogres,FR,MAJ
FR2016_049,Le Divan du monde,FR,MAJ
FR2016_050,Le Chant du merle,FR,MAJ
FR2016_051,Médecin de campagne,FR,MAJ
FR2016_052,Rosalie Blum,FR,MAJ
FR2016_053,La Dream Team,FR,MAJ
FR2016_054,Comme des lions,FR,MAJ
FR2016_054,Comme des lions,BE,MIN
FR2016_055,Five,FR,MAJ
FR2016_056,Good Luck Algeria,FR,MAJ
FR2016_056,Good Luck Algeria,BE,MIN
FR2016_057,Le Cœur régulier,FR,MAJ
FR2016_057,Le Cœur régulier,CA,MIN
FR2016_057,Le Cœur régulier,BE,MIN
FR2016_058,Les Visiteurs : La Révolution,FR,MAJ
FR2016_058,Les Visiteurs : La Révolution,BE,MIN
FR2016_058,Les Visiteurs : La Révolution,CZ,MIN
FR2016_059,Le Fantôme de Canterville,FR,MAJ
FR2016_059,Le Fantôme de Canterville,BE,MIN
FR2016_060,L'Avenir,FR,MAJ
FR2016_060,L'Avenir,DE,MIN
FR2016_061,Sky,FR,MAJ
FR2016_061,Sky,DE,MIN
FR2016_062,La Sociologue et l'Ourson,FR,MAJ
FR2016_063,"Laurette 1942, une volontaire au camp du Récébédou",FR,MAJ
FR2016_064,Tout pour être heureux,FR,MAJ
FR2016_065,Marie et les Naufragés,FR,MAJ
FR2016_066,Fui banquero (j'étais banquier),FR,MAJ
FR2016_067,Adopte un veuf,FR,MAJ
FR2016_068,Les Malheurs de Sophie,FR,MAJ
FR2016_069,Le Potager de mon grand-père,FR,MAJ
FR2016_070,Le Fils de Joseph,FR,MAJ
FR2016_070,Le Fils de Joseph,BE,MIN
FR2016_071,D'une pierre deux coups,FR,MAJ
FR2016_072,Parfum de printemps,FR,MAJ
FR2016_072,Parfum de printemps,LB,MIN
FR2016_073,Blind Sun,FR,MAJ
FR2016_073,Blind Sun,GR,MIN
FR2016_074,Les Habitants,FR,MAJ
FR2016_075,Mobile Étoile,FR,MAJ
FR2016_075,Mobile Étoile,CA,MIN
FR2016_076,West Coast,FR,MAJ
FR2016_077,10949 femmes,FR,MAJ
FR2016_078,Un homme à la hauteur,FR,MAJ
FR2016_079,Braqueurs,FR,MAJ
FR2016_080,Vendeur,FR,MAJ
FR2016_081,L'Homme-fumée,FR,MAJ
FR2016_082,"Tout, tout de suite",FR,MAJ
FR2016_082,"Tout, tout de suite",BE,MIN
FR2016_082,"Tout, tout de suite",LU,MIN
FR2016_082,"Tout, tout de suite",CI,MIN
FR2016_083,Ma Loute,FR,MAJ
FR2016_083,Ma Loute,DE,MIN
FR2016_084,André et les Martiens,FR,MAJ
FR2016_085,Elle,FR,MAJ
FR2016_085,Elle,DE,MIN
FR2016_085,Elle,BE,MIN
FR2016_086,L'Origine de la violence,FR,MAJ
FR2016_086,L'Origine de la violence,DE,MIN
FR2016_087,Retour chez ma mère,FR,MAJ
FR2016_088,Ils sont partout,FR,MAJ
FR2016_088,Ils sont partout,BE,MIN
FR2016_089,L'Intérêt général et Moi,FR,MAJ
FR2016_090,Bienvenue à Marly-Gomont,FR,MAJ
FR2016_090,Bienvenue à Marly-Gomont,BE,MIN
FR2016_091,La Nouvelle Vie de Paul Sneijder,FR,MAJ
FR2016_091,La Nouvelle Vie de Paul Sneijder,CA,MIN
FR2016_092,Vicky,FR,MAJ
FR2016_093,Diamant noir,FR,MAJ
FR2016_093,Diamant noir,BE,MIN
FR2016_094,Celui qu'on attendait,FR,MAJ
FR2016_094,Celui qu'on attendait,AM,MIN
FR2016_095,Peshmerga,FR,MAJ
FR2016_095,Peshmerga,IQ,MIN
FR2016_096,600 euros,FR,MAJ
FR2016_097,Madres de los dioses,FR,MAJ
FR2016_097,Madres de los dioses,AR,MIN
FR2016_098,Autour de Maïr,FR,MAJ
FR2016_098,Autour de Maïr,CA,MIN
FR2016_099,L'Idéal,FR,MAJ
FR2016_100,La Loi de la jungle,FR,MAJ
FR2016_101,Un homme d'État,FR,MAJ
FR2016_102,Tout de suite maintenant,FR,MAJ
FR2016_102,Tout de suite maintenant,BE,MIN
FR2016_102,Tout de suite maintenant,LU,MIN
FR2016_103,Le Secret des banquises,FR,MAJ
FR2016_104,La Forêt de Quinconces,FR,MAJ
FR2016_105,Parcours d'amour,FR,MAJ
FR2016_105,Parcours d'amour,DE,MIN
FR2016_106,Futur antérieur,FR,MAJ
FR2016_107,Camping 3,FR,MAJ
FR2016_107,Camping 3,BE,MIN
FR2016_108,Cosmodrama,FR,MAJ
FR2016_109,Sur quel pied danser,FR,MAJ
FR2016_110,Hibou,FR,MAJ
FR2016_111,Malgré la nuit,FR,MAJ
FR2016_111,Malgré la nuit,CA,MIN
FR2016_112,Débarquement immédiat !,FR,MAJ
FR2016_113,Juillet Août,FR,MAJ
FR2016_114,Parenthèse,FR,MAJ
FR2016_115,À tous les vents du ciel,FR,MAJ
FR2016_115,À tous les vents du ciel,ZA,MIN
FR2016_116,Ma vie de chat,FR,MAJ
FR2016_116,Ma vie de chat,CN,MIN
FR2016_116,Ma vie de chat,CA,MIN
FR2016_117,Ma révolution,FR,MAJ
FR2016_118,C'est quoi cette famille ?!,FR,MAJ
FR2016_118,C'est quoi cette famille ?!,BE,MIN
FR2016_119,Moka,FR,MAJ
FR2016_119,Moka,CH,MIN
FR2016_120,Rester vertical,FR,MAJ
FR2016_121,Le Correspondant,FR,MAJ
FR2016_121,Le Correspondant,BE,MIN
FR2016_122,Un petit boulot,FR,MAJ
FR2016_122,Un petit boulot,BE,MIN
FR2016_123,Le Fils de Jean,FR,MAJ
FR2016_123,Le Fils de Jean,CA,MIN
FR2016_124,Blood Father,FR,MAJ
FR2016_125,Nocturama,FR,MAJ
FR2016_125,Nocturama,DE,MIN
FR2016_125,Nocturama,BE,MIN
FR2016_126,Frantz,FR,MAJ
FR2016_126,Frantz,DE,MIN
FR2016_127,Éternité,FR,MAJ
FR2016_127,Éternité,BE,MIN
FR2016_128,Jeunesse,FR,MAJ
FR2016_128,Jeunesse,PT,MIN
FR2016_129,Victoria,FR,MAJ
FR2016_130,Toril,FR,MAJ
FR2016_131,Le Pantin,FR,MAJ
FR2016_132,Cézanne et Moi,FR,MAJ
FR2016_133,Radin !,FR,MAJ
FR2016_134,La Danseuse,FR,MAJ
FR2016_134,La Danseuse,BE,MIN
FR2016_134,La Danseuse,CZ,MIN
FR2016_135,Le ciel attendra,FR,MAJ
FR2016_136,Chouf,FR,MAJ
FR2016_137,Mercenaire,FR,MAJ
FR2016_138,Le Cancre,FR,MAJ
FR2016_139,Vino Veritas,FR,MAJ
FR2016_140,L'Odyssée,FR,MAJ
FR2016_140,L'Odyssée,BE,MIN
FR2016_141,Voyage à travers le cinéma français,FR,MAJ
FR2016_142,La Pièce : Les derniers seront les premiers,FR,MAJ
FR2016_143,Fin de jour,FR,MAJ
FR2016_144,Brice 3,FR,MAJ
FR2016_145,Mal de pierres,FR,MAJ
FR2016_145,Mal de pierres,BE,MIN
FR2016_145,Mal de pierres,CA,MIN
FR2016_146,Apnée,FR,MAJ
FR2016_147,Willy 1er,FR,MAJ
FR2016_148,Tamara,FR,MAJ
FR2016_148,Tamara,BE,MIN
FR2016_149,Le Mystère Jérôme Bosch,FR,MAJ
FR2016_149,Le Mystère Jérôme Bosch,ES,MIN
FR2016_150,La Bataille de Florange,FR,MAJ
FR2016_151,Réparer les vivants,FR,MAJ
FR2016_151,Réparer les vivants,BE,MIN
FR2016_152,La Folle Histoire de Max et Léon,FR,MAJ
FR2016_152,La Folle Histoire de Max et Léon,BE,MIN
FR2016_153,La Mort de Louis XIV,FR,MAJ
FR2016_153,La Mort de Louis XIV,ES,MIN
FR2016_153,La Mort de Louis XIV,PT,MIN
FR2016_154,Ma famille t'adore déjà,FR,MAJ
FR2016_154,Ma famille t'adore déjà,BE,MIN
FR2016_155,L'Histoire de l'amour,FR,MAJ
FR2016_155,L'Histoire de l'amour,CA,MIN
FR2016_155,L'Histoire de l'amour,RO,MIN
FR2016_155,L'Histoire de l'amour,US,MIN
FR2016_156,La Sociale,FR,MAJ
FR2016_157,Maman a tort,FR,MAJ
FR2016_157,Maman a tort,BE,MIN
FR2016_158,L'Invitation,FR,MAJ
FR2016_159,Les Beaux Jours d'Aranjuez,FR,MAJ
FR2016_159,Les Beaux Jours d'Aranjuez,DE,MIN
FR2016_159,Les Beaux Jours d'Aranjuez,PT,MIN
FR2016_160,Mon père en grand,FR,MAJ
FR2016_161,Les Têtes de l'emploi,FR,MAJ
FR2016_162,Le Petit Locataire,FR,MAJ
FR2016_163,"Polina, danser sa vie",FR,MAJ
FR2016_164,Tour de France,FR,MAJ
FR2016_165,Close Encounters with Vilmos Zsigmond,FR,MAJ
FR2016_166,La Fille de Brest,FR,MAJ
FR2016_167,Une vie,FR,MAJ
FR2016_167,Une vie,BE,MIN
FR2016_168,Louise en hiver,FR,MAJ
FR2016_168,Louise en hiver,CA,MIN
FR2016_169,Arès,FR,MAJ
FR2016_170,Qu'est-ce qu'on attend ?,FR,MAJ
FR2016_171,Le Voyage au Groenland,FR,MAJ
FR2016_172,Les Enfants de la chance,FR,MAJ
FR2016_173,Le Gang des Antillais,FR,MAJ
FR2016_174,La Fine Équipe,FR,MAJ
FR2016_175,Rocco,FR,MAJ
FR2016_176,Demain tout commence,FR,MAJ
FR2016_176,Demain tout commence,GB,MIN
FR2016_177,Papa ou maman 2,FR,MAJ
FR2016_177,Papa ou maman 2,BE,MIN
FR2016_178,Carole Matthieu,FR,MAJ
FR2016_179,Algérie du possible,FR,MAJ
FR2016_180,Ballerina,FR,MAJ
FR2016_180,Ballerina,CA,MIN
FR2016_181,La Jeune Fille sans mains,FR,MAJ
FR2016_182,À fond,FR,MAJ
FR2016_182,À fond,MK,MIN
FR2016_183,Père fils thérapie !,FR,MAJ
FR2016_183,Père fils thérapie !,CA,MIN
FR2016_184,Le Cœur en braille,FR,MAJ
FR2016_184,Le Cœur en braille,BE,MIN
FR2016_185,L'Ami - François d'Assise et ses frères,FR,MAJ
FR2016_185,L'Ami - François d'Assise et ses frères,IT,MIN
FR2016_185,L'Ami - François d'Assise et ses frères,BE,MIN
FR2016_186,Maintenant ils peuvent venir,FR,MAJ
FR2016_186,Maintenant ils peuvent venir,DZ,MIN
FR2016_187,Flâneries buxoises,FR,MAJ
FR2016_188,La Nueva Medellín,FR,MAJ
FR2016_189,Le Complexe de Frankenstein,FR,MAJ
FR2015_001,L'Affaire SK1,FR,MAJ
FR2015_002,Chic !,FR,MAJ
FR2015_003,La Rançon de la gloire,FR,MAJ
FR2015_003,La Rançon de la gloire,CH,MIN
FR2015_003,La Rançon de la gloire,BE,MIN
FR2015_004,Valentin Valentin,FR,MAJ
FR2015_005,Les Souvenirs,FR,MAJ
FR2015_005,Les Souvenirs,BE,MIN
FR2015_006,Loin des hommes,FR,MAJ
FR2015_007,Sous X,FR,MAJ
FR2015_008,The Smell of Us,FR,MAJ
FR2015_009,Bébé tigre,FR,MAJ
FR2015_010,Dos à la mer,FR,MAJ
FR2015_011,Taken 3,FR,MAJ
FR2015_012,Discount,FR,MAJ
FR2015_013,108 Rois-Démons,FR,MAJ
FR2015_013,108 Rois-Démons,LU,MIN
FR2015_013,108 Rois-Démons,BE,MIN
FR2015_013,108 Rois-Démons,CN,MIN
FR2015_014,Rendez-vous à Atlit,FR,MAJ
FR2015_014,Rendez-vous à Atlit,IL,MIN
FR2015_015,"Léa, un ange dans ma maison",FR,MAJ
FR2015_016,La Sonate des spectres,FR,MAJ
FR2015_017,Toute première fois,FR,MAJ
FR2015_018,En quête de sens,FR,MAJ
FR2015_019,Les Nuits d'été,FR,MAJ
FR2015_020,Nuits blanches sur la jetée,FR,MAJ
FR2015_021,"Gus, petit oiseau, grand voyage",FR,MAJ
FR2015_021,"Gus, petit oiseau, grand voyage",BE,MIN
FR2015_022,Les Jours venus,FR,MAJ
FR2015_023,Pitchipoï,FR,MAJ
FR2015_024,Le Paradis de Sandra,FR,MAJ
FR2015_025,Un village presque parfait,FR,MAJ
FR2015_026,L'Enquête,FR,MAJ
FR2015_026,L'Enquête,LU,MIN
FR2015_026,L'Enquête,BE,MIN
FR2015_027,Casting sauvage,FR,MAJ
FR2015_028,Bis,FR,MAJ
FR2015_029,Réalité,FR,MAJ
FR2015_029,Réalité,BE,MIN
FR2015_029,Réalité,US,MIN
FR2015_030,La Duchesse de Varsovie,FR,MAJ
FR2015_031,À 14 ans,FR,MAJ
FR2015_032,Bien de chez nous,FR,MAJ
FR2015_033,L'Art de la fugue,FR,MAJ
FR2015_034,La Vie des gens,FR,MAJ
FR2015_035,Horsehead,FR,MAJ
FR2015_036,Ma mère et mon père (Annem ve Babam),FR,MAJ
FR2015_037,Un homme idéal,FR,MAJ
FR2015_038,Anton Tchékhov 1890,FR,MAJ
FR2015_039,L'Antiquaire,FR,MAJ
FR2015_040,Indésirables,FR,MAJ
FR2015_041,Louise,FR,MAJ
FR2015_042,Voyage en Chine,FR,MAJ
FR2015_043,À trois on y va,FR,MAJ
FR2015_043,À trois on y va,BE,MIN
FR2015_044,La Sapienza,FR,MAJ
FR2015_044,La Sapienza,IT,MIN
FR2015_045,300 hommes,FR,MAJ
FR2015_046,Un amour,FR,MAJ
FR2015_047,Journal d'une femme de chambre,FR,MAJ
FR2015_047,Journal d'une femme de chambre,BE,MIN
FR2015_048,Les Châteaux de sable,FR,MAJ
FR2015_049,"Compostelle, le chemin de la vie",FR,MAJ
FR2015_049,"Compostelle, le chemin de la vie",CH,MIN
FR2015_049,"Compostelle, le chemin de la vie",ES,MIN
FR2015_050,Arnaud fait son deuxième film,FR,MAJ
FR2015_051,Vivant !,FR,MAJ
FR2015_052,Pourquoi j'ai pas mangé mon père,FR,MAJ
FR2015_052,Pourquoi j'ai pas mangé mon père,IT,MIN
FR2015_052,Pourquoi j'ai pas mangé mon père,BE,MIN
FR2015_052,Pourquoi j'ai pas mangé mon père,CN,MIN
FR2015_053,Jamais de la vie,FR,MAJ
FR2015_053,Jamais de la vie,BE,MIN
FR2015_054,L'Astragale,FR,MAJ
FR2015_055,Histoire de Judas,FR,MAJ
FR2015_056,Loba,FR,MAJ
FR2015_056,Loba,ES,MIN
FR2015_057,En équilibre,FR,MAJ
FR2015_058,"Robin des Bois, la véritable histoire",FR,MAJ
FR2015_059,Les Gorilles,FR,MAJ
FR2015_060,Entre amis,FR,MAJ
FR2015_061,Caprice,FR,MAJ
FR2015_062,Le Dos rouge,FR,MAJ
FR2015_063,"Connasse, princesse des coeurs",FR,MAJ
FR2015_063,"Connasse, princesse des coeurs",BE,MIN
FR2015_064,Nos femmes,FR,MAJ
FR2015_065,"Howard Zinn, une histoire populaire américaine",FR,MAJ
FR2015_066,On est vivants,FR,MAJ
FR2015_066,On est vivants,BE,MIN
FR2015_067,"Edgar Morin, chronique d'un regard",FR,MAJ
FR2015_068,"Un peu, beaucoup, aveuglément !",FR,MAJ
FR2015_069,Le Talent de mes amis,FR,MAJ
FR2015_070,Ladygrey,FR,MAJ
FR2015_070,Ladygrey,BE,MIN
FR2015_070,Ladygrey,AZ,MIN
FR2015_071,La Tête haute,FR,MAJ
FR2015_072,La Cité muette,FR,MAJ
FR2015_073,La Loi du marché,FR,MAJ
FR2015_074,Trois souvenirs de ma jeunesse,FR,MAJ
FR2015_075,L'Ombre des femmes,FR,MAJ
FR2015_075,L'Ombre des femmes,CH,MIN
FR2015_076,Neiges d'automne,FR,MAJ
FR2015_077,On voulait tout casser,FR,MAJ
FR2015_078,Qui c'est les plus forts ?,FR,MAJ
FR2015_079,Graziella,FR,MAJ
FR2015_080,Parole de kamikaze,FR,MAJ
FR2015_081,Comme un avion,FR,MAJ
FR2015_082,Un Français,FR,MAJ
FR2015_083,Mustang,FR,MAJ
FR2015_083,Mustang,DE,MIN
FR2015_083,Mustang,TR,MIN
FR2015_084,Valley of Love,FR,MAJ
FR2015_084,Valley of Love,BE,MIN
FR2015_085,La Résistance de l'air,FR,MAJ
FR2015_085,La Résistance de l'air,BE,MIN
FR2015_086,L'Échappée belle,FR,MAJ
FR2015_087,"Cavanna, jusqu'à l'ultime seconde, j'écrirai",FR,MAJ
FR2015_088,Des pierres en ce jardin,FR,MAJ
FR2015_089,Les Compagnons de la Pomponette,FR,MAJ
FR2015_090,Tu es si jolie ce soir,FR,MAJ
FR2015_091,Un moment d'égarement,FR,MAJ
FR2015_091,Un moment d'égarement,BE,MIN
FR2015_092,Gunman,FR,MAJ
FR2015_092,Gunman,GB,MIN
FR2015_092,Gunman,ES,MIN
FR2015_092,Gunman,US,MIN
FR2015_093,Une mère,FR,MAJ
FR2015_094,A Love You,FR,MAJ
FR2015_095,L'Année prochaine,FR,MAJ
FR2015_095,L'Année prochaine,BE,MIN
FR2015_096,Les profs 2,FR,MAJ
FR2015_097,Microbe et Gasoil,FR,MAJ
FR2015_098,Le Combat ordinaire,FR,MAJ
FR2015_099,Nos futurs,FR,MAJ
FR2015_100,Les Bêtises,FR,MAJ
FR2015_101,Des Apaches,FR,MAJ
FR2015_102,Le Petit Prince,FR,MAJ
FR2015_102,Le Petit Prince,US,MIN
FR2015_103,Les Chaises musicales,FR,MAJ
FR2015_104,Papa Lumière,FR,MAJ
FR2015_105,La Dame dans l'auto avec des lunettes et un fusil,FR,MAJ
FR2015_105,La Dame dans l'auto avec des lunettes et un fusil,BE,MIN
FR2015_106,Floride,FR,MAJ
FR2015_107,Coup de chaud,FR,MAJ
FR2015_107,Coup de chaud,BE,MIN
FR2015_108,Une famille à louer,FR,MAJ
FR2015_108,Une famille à louer,BE,MIN
FR2015_109,La Belle Saison,FR,MAJ
FR2015_109,La Belle Saison,BE,MIN
FR2015_110,Dheepan,FR,MAJ
FR2015_111,La Volante,FR,MAJ
FR2015_111,La Volante,LU,MIN
FR2015_111,La Volante,BE,MIN
FR2015_112,Je lutte donc je suis,FR,MAJ
FR2015_113,Human,FR,MAJ
FR2015_114,Marguerite,FR,MAJ
FR2015_114,Marguerite,CZ,MIN
FR2015_114,Marguerite,BE,MIN
FR2015_115,Much Loved,FR,MAJ
FR2015_115,Much Loved,MA,MIN
FR2015_116,Fou d'amour,FR,MAJ
FR2015_117,Le Grand Tout,FR,MAJ
FR2015_118,Premiers Crus,FR,MAJ
FR2015_119,Boomerang,FR,MAJ
FR2015_120,Une enfance,FR,MAJ
FR2015_121,Les Rois du monde,FR,MAJ
FR2015_122,Brooklyn,FR,MAJ
FR2015_123,L'Odeur de la mandarine,FR,MAJ
FR2015_124,Je suis à vous tout de suite,FR,MAJ
FR2015_125,Un début prometteur,FR,MAJ
FR2015_125,Un début prometteur,BE,MIN
FR2015_126,"Marcel Conche, la nature d'un philosophe",FR,MAJ
FR2015_127,"Edmond, un portrait de Baudoin",FR,MAJ
FR2015_128,Quand je ne dors pas,FR,MAJ
FR2015_129,L'Étudiante et Monsieur Henri,FR,MAJ
FR2015_130,Asphalte,FR,MAJ
FR2015_131,Même pas peur !,FR,MAJ
FR2015_132,Qui a tué Ali Ziri ?,FR,MAJ
FR2015_133,Fever,FR,MAJ
FR2015_134,Les Nouvelles Aventures d'Aladin,FR,MAJ
FR2015_134,Les Nouvelles Aventures d'Aladin,BE,MIN
FR2015_135,"Mune, le gardien de la lune",FR,MAJ
FR2015_136,Belles Familles,FR,MAJ
FR2015_137,Phantom Boy,FR,MAJ
FR2015_137,Phantom Boy,BE,MIN
FR2015_138,La Forme des îles,FR,MAJ
FR2015_139,Mon roi,FR,MAJ
FR2015_140,Adama,FR,MAJ
FR2015_141,La Glace et le Ciel,FR,MAJ
FR2015_142,Lamia,FR,MAJ
FR2015_142,Lamia,LB,MIN
FR2015_143,Terra di i Turmenti,FR,MAJ
FR2015_144,Lolo,FR,MAJ
FR2015_145,Le Bouton de nacre,FR,MAJ
FR2015_145,Le Bouton de nacre,ES,MIN
FR2015_145,Le Bouton de nacre,CA,MIN
FR2015_145,Le Bouton de nacre,BE,MIN
FR2015_146,Le Caravage,FR,MAJ
FR2015_147,Nous trois ou rien,FR,MAJ
FR2015_148,La Dernière Leçon,FR,MAJ
FR2015_149,"En mai, fais ce qu'il te plaît",FR,MAJ
FR2015_150,Avril et le Monde truqué,FR,MAJ
FR2015_151,La Clarté,FR,MAJ
FR2015_152,L'Odyssée de l'empathie,FR,MAJ
FR2015_153,Ange et Gabrielle,FR,MAJ
FR2015_154,Une histoire de fou,FR,MAJ
FR2015_155,Le Dernier Continent,FR,MAJ
FR2015_156,Le Feu sacré,FR,MAJ
FR2015_157,La Fille et le Fleuve,FR,MAJ
FR2015_158,L'Hermine,FR,MAJ
FR2015_159,Je suis un soldat,FR,MAJ
FR2015_159,Je suis un soldat,BE,MIN
FR2015_160,Vingt et une nuits avec Pattie,FR,MAJ
FR2015_161,Les Cowboys,FR,MAJ
FR2015_161,Les Cowboys,BE,MIN
FR2015_162,The Other Side,FR,MAJ
FR2015_162,The Other Side,IT,MIN
FR2015_163,La Vie pure,FR,MAJ
FR2015_163,La Vie pure,GF,MIN
FR2015_163,La Vie pure,GN,MIN
FR2015_164,Chant d'hiver,FR,MAJ
FR2015_164,Chant d'hiver,GE,MIN
FR2015_165,Babysitting 2,FR,MAJ
FR2015_166,Demain,FR,MAJ
FR2015_167,Marguerite et Julien,FR,MAJ
FR2015_168,Orlando Ferito,FR,MAJ
FR2015_168,Orlando Ferito,IT,MIN
FR2015_169,"Belle et Sébastien, l'aventure continue",FR,MAJ
FR2015_170,Un + une,FR,MAJ
FR2015_171,Comment c'est loin,FR,MAJ
FR2015_172,Cosmos,FR,MAJ
FR2015_172,Cosmos,PT,MIN
FR2015_173,Le Goût des merveilles,FR,MAJ
FR2015_174,La Vie très privée de Monsieur Sim,FR,MAJ
FR2015_175,Le Grand Jeu,FR,MAJ
FR2015_176,Le Dernier Jour d'Yitzhak Rabin,FR,MAJ
FR2015_176,Le Dernier Jour d'Yitzhak Rabin,IL,MIN
FR2015_177,L'Humour à mort,FR,MAJ
FR2015_178,L'Engagement 1.0,FR,MAJ
FR2015_179,Le Grand Partage,FR,MAJ
FR2015_179,Le Grand Partage,DE,MIN
FR2015_180,Pension complète,FR,MAJ
FR2015_180,Pension complète,BE,MIN
FR2015_181,Je compte sur vous,FR,MAJ
FR2015_182,Shanghai-Belleville,FR,MAJ
FR2015_183,Ta mère !,FR,MAJ
FR2015_184,Compañeras,FR,MAJ
FR2015_185,Cette lumière n'est pas celle du soleil,FR,MAJ
FR2015_186,Demokratia,FR,MAJ
FR2015_187,Notre créativité oubliée !,FR,MAJ
FR2015_188,"Gilbert Espinasse, agriculteur de conscience",FR,MAJ
FR2015_189,"Les Ombres, un conte familial",FR,MAJ
FR2014_001,Jamais le premier soir,FR,MAJ
FR2014_002,Yves Saint Laurent,FR,MAJ
FR2014_002,Yves Saint Laurent,BE,MIN
FR2014_003,Cadences obstinées,FR,MAJ
FR2014_003,Cadences obstinées,PT,MIN
FR2014_004,À coup sûr,FR,MAJ
FR2014_005,Passer l'hiver,FR,MAJ
FR2014_006,Lulu femme nue,FR,MAJ
FR2014_007,Prêt à tout,FR,MAJ
FR2014_008,Belle comme la femme d'un autre,FR,MAJ
FR2014_008,Belle comme la femme d'un autre,BE,MIN
FR2014_008,Belle comme la femme d'un autre,LU,MIN
FR2014_009,Une autre vie,FR,MAJ
FR2014_010,Le Jeu de la vérité,FR,MAJ
FR2014_011,Afrik'aïoli,FR,MAJ
FR2014_011,Afrik'aïoli,SN,MIN
FR2014_012,Les Enfants rouges,FR,MAJ
FR2014_013,Le cinéma français se porte bien,FR,MAJ
FR2014_014,Jacky au royaume des filles,FR,MAJ
FR2014_015,Tonnerre,FR,MAJ
FR2014_016,Démocratie Zéro6,FR,MAJ
FR2014_017,Jack et la mécanique du coeur,FR,MAJ
FR2014_017,Jack et la mécanique du coeur,BE,MIN
FR2014_018,Mea culpa,FR,MAJ
FR2014_019,Un beau dimanche,FR,MAJ
FR2014_020,La Fabuleuse Histoire de Monsieur Riquet,FR,MAJ
FR2014_021,Le Casse des casses,FR,MAJ
FR2014_022,"Les Trois Frères, le retour",FR,MAJ
FR2014_023,La Belle et la Bête,FR,MAJ
FR2014_023,La Belle et la Bête,DE,MIN
FR2014_024,Tante Hilda !,FR,MAJ
FR2014_024,Tante Hilda !,LU,MIN
FR2014_025,Abus de faiblesse,FR,MAJ
FR2014_025,Abus de faiblesse,BE,MIN
FR2014_026,Macadam Baby,FR,MAJ
FR2014_027,Le Crocodile du Botswanga,FR,MAJ
FR2014_028,L'Expérience Blocher,FR,MAJ
FR2014_028,L'Expérience Blocher,CH,MIN
FR2014_029,Y a des limites,FR,MAJ
FR2014_030,Supercondriaque,FR,MAJ
FR2014_030,Supercondriaque,BE,MIN
FR2014_031,Week-ends,FR,MAJ
FR2014_032,Je reviendrai comme un enfant,FR,MAJ
FR2014_033,Goal of the Dead,FR,MAJ
FR2014_034,Diplomatie,FR,MAJ
FR2014_034,Diplomatie,DE,MIN
FR2014_035,N'importe qui,FR,MAJ
FR2014_036,Arrête ou je continue,FR,MAJ
FR2014_037,Se battre,FR,MAJ
FR2014_038,Parce que j'étais peintre,FR,MAJ
FR2014_038,Parce que j'étais peintre,DE,MIN
FR2014_039,L'Instinct de résistance,FR,MAJ
FR2014_040,Fiston,FR,MAJ
FR2014_041,Braddock America,FR,MAJ
FR2014_042,La Pièce manquante,FR,MAJ
FR2014_043,Dors mon lapin,FR,MAJ
FR2014_044,"Chalvet, la conquête de la dignité",FR,MAJ
FR2014_044,"Chalvet, la conquête de la dignité",MQ,MIN
FR2014_045,De toutes nos forces,FR,MAJ
FR2014_045,De toutes nos forces,BE,MIN
FR2014_046,"Aimer, Boire et Chanter",FR,MAJ
FR2014_047,Les Gazelles,FR,MAJ
FR2014_048,El impenetrable,FR,MAJ
FR2014_048,El impenetrable,AR,MIN
FR2014_049,Avis de mistral,FR,MAJ
FR2014_050,"Salaud, on t'aime",FR,MAJ
FR2014_051,La Crème de la crème,FR,MAJ
FR2014_052,Eastern Boys,FR,MAJ
FR2014_053,No gazaran,FR,MAJ
FR2014_053,No gazaran,US,MIN
FR2014_053,No gazaran,CA,MIN
FR2014_053,No gazaran,BG,MIN
FR2014_053,No gazaran,BE,MIN
FR2014_054,La Braconne,FR,MAJ
FR2014_055,Les Yeux jaunes des crocodiles,FR,MAJ
FR2014_055,Les Yeux jaunes des crocodiles,ES,MIN
FR2014_056,La Belle Vie,FR,MAJ
FR2014_057,Tout est permis,FR,MAJ
FR2014_058,Qu'est-ce qu'on a fait au Bon Dieu ?,FR,MAJ
FR2014_059,Babysitting,FR,MAJ
FR2014_060,Une promesse,FR,MAJ
FR2014_060,Une promesse,BE,MIN
FR2014_061,Les Chèvres de ma mère,FR,MAJ
FR2014_062,Rencontres,FR,MAJ
FR2014_063,Une rencontre,FR,MAJ
FR2014_064,Dans la cour,FR,MAJ
FR2014_065,96 heures,FR,MAJ
FR2014_066,Les 3 vies du chevalier,FR,MAJ
FR2014_067,Un voyage,FR,MAJ
FR2014_068,Je m'appelle Hmmm...,FR,MAJ
FR2014_069,Barbecue,FR,MAJ
FR2014_070,Pas son genre,FR,MAJ
FR2014_070,Pas son genre,BE,MIN
FR2014_071,Le Dernier Diamant,FR,MAJ
FR2014_071,Le Dernier Diamant,LU,MIN
FR2014_071,Le Dernier Diamant,BE,MIN
FR2014_072,"24 jours, la vérité sur l'affaire Ilan Halimi",FR,MAJ
FR2014_073,Conversation animée avec Noam Chomsky,FR,MAJ
FR2014_074,Une lettre ne s'écrit pas,FR,MAJ
FR2014_075,Libre et assoupi,FR,MAJ
FR2014_076,La Voie de l'ennemi,FR,MAJ
FR2014_076,La Voie de l'ennemi,US,MIN
FR2014_076,La Voie de l'ennemi,BE,MIN
FR2014_076,La Voie de l'ennemi,DZ,MIN
FR2014_077,De guerre lasse,FR,MAJ
FR2014_078,Ne pas s'avouer vaincu,FR,MAJ
FR2014_079,Grace de Monaco,FR,MAJ
FR2014_079,Grace de Monaco,BE,MIN
FR2014_079,Grace de Monaco,IT,MIN
FR2014_079,Grace de Monaco,US,MIN
FR2014_079,Grace de Monaco,CH,MIN
FR2014_080,Kidon,FR,MAJ
FR2014_080,Kidon,IL,MIN
FR2014_081,Amour sur place ou à emporter,FR,MAJ
FR2014_082,La Liste de mes envies,FR,MAJ
FR2014_083,Caricaturistes - Fantassins de la démocratie,FR,MAJ
FR2014_083,Caricaturistes - Fantassins de la démocratie,BE,MIN
FR2014_083,Caricaturistes - Fantassins de la démocratie,IT,MIN
FR2014_084,Sous les jupes des filles,FR,MAJ
FR2014_085,Bird People,FR,MAJ
FR2014_086,Tristesse Club,FR,MAJ
FR2014_087,La Mante religieuse,FR,MAJ
FR2014_088,La Ritournelle,FR,MAJ
FR2014_089,Sarajéviens,FR,MAJ
FR2014_090,Au fil d'Ariane,FR,MAJ
FR2014_091,On a failli être amies,FR,MAJ
FR2014_092,L'Ex de ma vie,FR,MAJ
FR2014_092,L'Ex de ma vie,IT,MIN
FR2014_093,Les Vacances du petit Nicolas,FR,MAJ
FR2014_094,Du goudron et des plumes,FR,MAJ
FR2014_094,Du goudron et des plumes,DE,MIN
FR2014_095,City of Dreams,FR,MAJ
FR2014_096,Fastlife,FR,MAJ
FR2014_097,L'Homme qu'on aimait trop,FR,MAJ
FR2014_098,Ablations,FR,MAJ
FR2014_098,Ablations,BE,MIN
FR2014_099,Le Mystère des jonquilles,FR,MAJ
FR2014_100,Les Francis,FR,MAJ
FR2014_101,Maestro,FR,MAJ
FR2014_102,Loup-Garou,FR,MAJ
FR2014_103,Hasta mañana,FR,MAJ
FR2014_104,Lucy,FR,MAJ
FR2014_105,Colt 45,FR,MAJ
FR2014_105,Colt 45,BE,MIN
FR2014_106,Ana Arabia,FR,MAJ
FR2014_106,Ana Arabia,IL,MIN
FR2014_107,Le Beau Monde,FR,MAJ
FR2014_108,La Dune,FR,MAJ
FR2014_108,La Dune,IL,MIN
FR2014_109,Le Grand Homme,FR,MAJ
FR2014_110,Les Combattants,FR,MAJ
FR2014_111,Sils Maria,FR,MAJ
FR2014_111,Sils Maria,DE,MIN
FR2014_111,Sils Maria,CH,MIN
FR2014_112,Des lendemains qui chantent,FR,MAJ
FR2014_113,Party Girl,FR,MAJ
FR2014_114,Hippocrate,FR,MAJ
FR2014_115,Maintenant ou jamais,FR,MAJ
FR2014_115,Maintenant ou jamais,BE,MIN
FR2014_116,Boys Like Us,FR,MAJ
FR2014_116,Boys Like Us,AT,MIN
FR2014_117,"Irina, la mallette rouge",FR,MAJ
FR2014_118,Gemma Bovery,FR,MAJ
FR2014_119,Near Death Experience,FR,MAJ
FR2014_120,Les gens du Monde,FR,MAJ
FR2014_121,"A.D.N., l'âme de la terre",FR,MAJ
FR2014_121,"A.D.N., l'âme de la terre",TN,MIN
FR2014_122,So Long,FR,MAJ
FR2014_123,Bon rétablissment !,FR,MAJ
FR2014_124,3 Cœurs,FR,MAJ
FR2014_124,3 Cœurs,DE,MIN
FR2014_124,3 Cœurs,BE,MIN
FR2014_125,Estherka,FR,MAJ
FR2014_126,Elle l'adore,FR,MAJ
FR2014_127,Saint Laurent,FR,MAJ
FR2014_127,Saint Laurent,BE,MIN
FR2014_128,Brèves de comptoir,FR,MAJ
FR2014_129,Flore,FR,MAJ
FR2014_130,Tu veux... ou tu veux pas ?,FR,MAJ
FR2014_130,Tu veux... ou tu veux pas ?,BE,MIN
FR2014_131,Bodybuilder,FR,MAJ
FR2014_132,Le Temps de quelques jours,FR,MAJ
FR2014_133,Casse,FR,MAJ
FR2014_134,Lou ! Journal infime,FR,MAJ
FR2014_134,Lou ! Journal infime,BE,MIN
FR2014_135,Le Paradis,FR,MAJ
FR2014_136,Heritage Fight,FR,MAJ
FR2014_136,Heritage Fight,AU,MIN
FR2014_137,Samba,FR,MAJ
FR2014_138,Le Sel de la Terre,FR,MAJ
FR2014_138,Le Sel de la Terre,BR,MIN
FR2014_138,Le Sel de la Terre,IT,MIN
FR2014_139,White Bird,FR,MAJ
FR2014_139,White Bird,US,MIN
FR2014_140,¡G.A.R.I.!,FR,MAJ
FR2014_141,Le Grimoire d'Arkandias,FR,MAJ
FR2014_141,Le Grimoire d'Arkandias,BE,MIN
FR2014_142,On a marché sur Bangkok,FR,MAJ
FR2014_143,Lili Rose,FR,MAJ
FR2014_144,Patria obscura,FR,MAJ
FR2014_145,Fils de,FR,MAJ
FR2014_146,Félix et les Loups,FR,MAJ
FR2014_147,Les Filles d'Eve et du Serpent,FR,MAJ
FR2014_148,Une nouvelle amie,FR,MAJ
FR2014_149,La prochaine fois je viserai le coeur,FR,MAJ
FR2014_150,Marie Heurtin,FR,MAJ
FR2014_151,Qui vive,FR,MAJ
FR2014_152,Un illustre inconnu,FR,MAJ
FR2014_153,M et le 3ème secret,FR,MAJ
FR2014_154,Eden,FR,MAJ
FR2014_155,L'Oranais,FR,MAJ
FR2014_155,L'Oranais,DZ,MIN
FR2014_156,Casanova Variations,FR,MAJ
FR2014_156,Casanova Variations,AT,MIN
FR2014_156,Casanova Variations,DE,MIN
FR2014_157,Calomnies,FR,MAJ
FR2014_158,Astérix : Le domaine des dieux,FR,MAJ
FR2014_158,Astérix : Le domaine des dieux,BE,MIN
FR2014_159,À la vie,FR,MAJ
FR2014_160,The Search,FR,MAJ
FR2014_161,Tiens-toi droite,FR,MAJ
FR2014_161,Tiens-toi droite,BE,MIN
FR2014_162,La French,FR,MAJ
FR2014_162,La French,BE,MIN
FR2014_163,Les Héritiers,FR,MAJ
FR2014_164,Repas de famille,FR,MAJ
FR2014_165,Ceci est mon corps,FR,MAJ
FR2014_166,Benoît Brisefer : Les Taxis rouges,FR,MAJ
FR2014_166,Benoît Brisefer : Les Taxis rouges,BE,MIN
FR2014_167,Le Temps des aveux,FR,MAJ
FR2014_167,Le Temps des aveux,BE,MIN
FR2014_167,Le Temps des aveux,KH,MIN
FR2014_168,Terre battue,FR,MAJ
FR2014_168,Terre battue,BE,MIN
FR2014_169,Zouzou,FR,MAJ
FR2014_170,Une heure de tranquillité,FR,MAJ
FR2014_171,Mon amie Victoria,FR,MAJ
FR2014_171,Mon amie Victoria,BE,MIN
FR2014_172,Pasolini,FR,MAJ
FR2014_172,Pasolini,IT,MIN
FR2014_172,Pasolini,BE,MIN
FR2014_173,Nina Simone Love Sorceress... Forever,FR,MAJ
FR2014_174,Monstrum,FR,MAJ
FR2014_175,Sur les toits,FR,MAJ
FR2014_176,Les Vieilles Bobines,FR,MAJ
FR2014_177,"Sauf ici, peut-être",FR,MAJ
FR2014_178,Les Balles du 14 juillet 1953,FR,MAJ
RO2021_001,,RO,MAJ
RO2021_001,,LU,MIN
RO2021_001,,CZ,MIN
RO2021_001,,HR,MIN
RO2021_001,,CH,MIN
RO2021_001,,GB,MIN
RO2021_002,,RO,MAJ
RO2021_003,,RO,MAJ
RO2021_004,,RO,MAJ
RO2021_005,,RO,MAJ
RO2021_006,,RO,MAJ
RO2021_007,,RO,MAJ
RO2021_008,,RO,MAJ
RO2021_009,,RO,MAJ
RO2021_010,,RO,MAJ
RO2021_010,,US,MIN
RO2021_011,,RO,MAJ
RO2021_012,,RO,MAJ
RO2021_012,,BE,MIN
RO2021_013,,RO,MAJ
RO2021_014,,RO,MAJ
RO2021_015,,RO,MAJ
RO2021_015,,US,MIN
RO2021_016,,RO,MAJ
RO2021_016,,SE,MIN
RO2021_017,,RO,MAJ
RO2021_018,,RO,MAJ
RO2021_019,,RO,MAJ
RO2022_001,,RO,MAJ
RO2022_002,,RO,MAJ
RO2022_002,,DE,MIN
RO2022_002,,RS,MIN
RO2022_003,,RO,MAJ
RO2022_004,,RO,MAJ
RO2022_004,,BG,MIN
RO2022_004,,RS,MIN
RO2022_005,,RO,MAJ
RO2022_006,,RO,MAJ
RO2022_007,,RO,MAJ
RO2022_008,,RO,MAJ
RO2022_009,,RO,MAJ
RO2022_010,,RO,MAJ
RO2022_011,,RO,MAJ
RO2022_012,,RO,MAJ
RO2022_013,,RO,MAJ
RO2022_014,,RO,MAJ
RO2022_015,,RO,MAJ
RO2022_016,,RO,MAJ
RO2022_016,,FR,MIN
RO2022_016,,BE,MIN
RO2022_017,,RO,MAJ
RO2022_017,,HU,MIN
RO2022_018,,RO,MAJ
RO2022_019,,RO,MAJ
RO2022_020,,RO,MAJ
RO2022_020,,CZ,MIN
RO2022_021,,RO,MAJ
RO2022_021,,FR,MIN
RO2022_022,,RO,MAJ
RO2022_023,,RO,MAJ
RO2022_023,,CZ,MIN
RO2022_023,,LV,MIN
RO2022_024,,RO,MAJ
RO2022_025,,RO,MAJ
RO2022_026,,RO,MAJ
RO2022_026,,BG,MIN
RO2022_027,,RO,MAJ
RO2022_027,,BG,MIN
RO2022_027,,SE,MIN
RO2022_027,,DE,MIN
RO2022_028,,RO,MAJ
RO2022_029,,RO,MAJ
RO2022_029,,FR,MIN
RO2022_030,,RO,MAJ
RO2022_031,,RO,MAJ
RO2022_031,,HU,MIN
RO2022_032,,RO,MAJ
RO2022_033,,RO,MAJ
RO2022_034,,RO,MAJ
RO2022_035,,RO,MAJ
RO2022_036,,RO,MAJ
RO2022_037,,RO,MAJ
RO2022_037,,SK,MIN
RO2022_038,,RO,MAJ
RO2022_039,,RO,MAJ
RO2022_040,,RO,MAJ
RO2022_041,,RO,MAJ
RO2020_001,,RO,MAJ
RO2020_002,,RO,MAJ
RO2020_002,,LU,MIN
RO2020_002,,DE,MIN
RO2020_003,,RO,MAJ
RO2020_004,,RO,MAJ
RO2020_005,,RO,MAJ
RO2020_006,,RO,MAJ
RO2020_006,,RS,MIN
RO2020_007,,RO,MAJ
RO2020_008,,RO,MAJ
RO2020_008,,CZ,MIN
RO2020_009,,RO,MAJ
RO2020_010,,RO,MAJ
RO2019_001,,RO,MAJ
RO2019_002,,RO,MAJ
RO2019_003,,RO,MAJ
RO2019_004,,RO,MAJ
RO2019_004,,FR,MIN
RO2019_004,,DE,MIN
RO2019_004,,SE,MIN
RO2019_005,,RO,MAJ
RO2019_005,,ES,MIN
RO2019_005,,CZ,MIN
RO2019_006,,RO,MAJ
RO2019_007,,RO,MAJ
RO2019_007,,US,MIN
RO2019_008,,RO,MAJ
RO2019_009,,RO,MAJ
RO2019_010,,RO,MAJ
RO2019_011,,RO,MAJ
RO2019_012,,RO,MAJ
RO2019_013,,RO,MAJ
RO2019_014,,RO,MAJ
RO2019_015,,RO,MAJ
RO2019_016,,RO,MAJ
RO2019_017,,RO,MAJ
RO2019_018,,RO,MAJ
RO2019_019,,RO,MAJ
RO2019_020,,RO,MAJ
RO2019_021,,RO,MAJ
RO2019_021,,DE,MIN
RO2019_021,,CZ,MIN
RO2019_021,,BG,MIN
RO2019_021,,FR,MIN
RO2018_001,,RO,MAJ
RO2018_002,,RO,MAJ
RO2018_002,,GB,MIN
RO2018_003,,RO,MAJ
RO2018_004,,RO,MAJ
RO2018_005,,RO,MAJ
RO2018_005,,CZ,MIN
RO2018_005,,FR,MIN
RO2018_005,,BG,MIN
RO2018_006,,RO,MAJ
RO2018_006,,FR,MIN
RO2018_007,,RO,MAJ
RO2018_008,,RO,MAJ
RO2018_009,,RO,MAJ
RO2018_009,,RS,MIN
RO2018_009,,BE,MIN
RO2018_010,,RO,MAJ
RO2018_010,,CA,MIN
RO2018_010,,DE,MIN
RO2018_010,,SE,MIN
RO2018_011,,RO,MAJ
RO2018_012,,RO,MAJ
RO2018_012,,FR,MIN
RO2018_013,,RO,MAJ
RO2018_014,,RO,MAJ
RO2018_014,,PL,MIN
RO2018_015,,RO,MAJ
RO2018_016,,RO,MAJ
RO2018_017,,RO,MAJ
RO2017_001,,RO,MAJ
RO2017_002,,RO,MAJ
RO2017_003,,RO,MAJ
RO2017_004,,RO,MAJ
RO2017_004,,BG,MIN
RO2017_004,,HU,MIN
RO2017_005,,RO,MAJ
RO2017_005,,DE,MIN
RO2017_005,,FR,MIN
RO2017_006,,RO,MAJ
RO2017_007,,RO,MAJ
RO2017_008,,RO,MAJ
RO2017_008,,FR,MIN
RO2017_009,,RO,MAJ
RO2017_010,,RO,MAJ
RO2017_011,,RO,MAJ
RO2017_012,,RO,MAJ
RO2017_013,,RO,MAJ
RO2017_014,,RO,MAJ
RO2017_015,,RO,MAJ
RO2017_016,,RO,MAJ
RO2017_017,,RO,MAJ
RO2017_018,,RO,MAJ
RO2017_019,,RO,MAJ
RO2017_020,,RO,MAJ
RO2017_020,,CY,MIN
RO2017_021,,RO,MAJ
RO2017_022,,RO,MAJ
RO2017_023,,RO,MAJ
RO2017_024,,RO,MAJ
RO2016_001,,RO,MAJ
RO2016_002,,RO,MAJ
RO2016_002,,FR,MIN
RO2016_002,,BE,MIN
RO2016_003,,RO,MAJ
RO2016_003,,FR,MIN
RO2016_003,,HR,MIN
RO2016_003,,MK,MIN
RO2016_004,,RO,MAJ
RO2016_004,,FR,MIN
RO2016_004,,BG,MIN
RO2016_004,,QA,MIN
RO2016_005,,RO,MAJ
RO2016_005,,PL,MIN
RO2016_005,,FR,MIN
RO2016_006,,RO,MAJ
RO2016_007,,RO,MAJ
RO2016_008,,RO,MAJ
RO2016_008,,DE,MIN
RO2016_009,,RO,MAJ
RO2016_010,,RO,MAJ
RO2016_010,,LT,MIN
RO2016_010,,MD,MIN
RO2016_011,,RO,MAJ
RO2016_011,,SE,MIN
RO2016_011,,IT,MIN
RO2016_012,,RO,MAJ
RO2016_012,,CZ,MIN
RO2016_013,,RO,MAJ
RO2016_014,,RO,MAJ
RO2016_015,,RO,MAJ
RO2016_015,,CH,MIN
RO2016_016,,RO,MAJ
RO2016_017,,RO,MAJ
RO2016_018,,RO,MAJ
RO2016_019,,RO,MAJ
RO2016_020,,RO,MAJ
RO2015_001,,RO,MAJ
RO2015_001,,BG,MIN
RO2015_001,,CZ,MIN
RO2015_001,,FR,MIN
RO2015_002,,RO,MAJ
RO2015_002,,BG,MIN
RO2015_002,,HU,MIN
RO2015_003,,RO,MAJ
RO2015_004,,RO,MAJ
RO2015_005,,RO,MAJ
RO2015_005,,FR,MIN
RO2015_006,,RO,MAJ
RO2015_007,,RO,MAJ
RO2015_008,,RO,MAJ
RO2015_008,,FR,MIN
RO2015_008,,DE,MIN
RO2015_008,,SE,MIN
RO2015_009,,RO,MAJ
RO2015_010,,RO,MAJ
RO2015_011,,RO,MAJ
RO2015_012,,RO,MAJ
RO2015_012,,PL,MIN
RO2015_012,,FR,MIN
RO2015_013,,RO,MAJ
RO2014_001,,RO,MAJ
RO2014_002,,RO,MAJ
RO2014_003,,RO,MAJ
RO2014_004,,RO,MAJ
RO2014_004,,US,MIN
RO2014_004,,IT,MIN
RO2014_004,,PL,MIN
RO2014_004,,FR,MIN
RO2014_005,,RO,MAJ
RO2014_006,,RO,MAJ
RO2014_007,,RO,MAJ
RO2014_008,,RO,MAJ
RO2014_009,,RO,MAJ
RO2014_010,,RO,MAJ
RO2014_011,,RO,MAJ
RO2014_012,,RO,MAJ
RO2014_013,,RO,MAJ
RO2014_014,,RO,MAJ
RO2023_001,,RO,MAJ
RO2023_002,,RO,MAJ
RO2023_003,,RO,MAJ
RO2023_004,,RO,MAJ
RO2023_005,,RO,MAJ
RO2023_006,,RO,MAJ
RO2023_006,,MD,MIN
RO2023_007,,RO,MAJ
RO2023_007,,HU,MIN
RO2023_008,,RO,MAJ
RO2023_009,,RO,MAJ
RO2023_010,,RO,MAJ
RO2023_010,,LU,MIN
RO2023_011,,RO,MAJ
RO2023_012,,RO,MAJ
RO2023_012,,LU,MIN
RO2023_012,,FR,MIN
RO2023_012,,HR,MIN
RO2023_013,,RO,MAJ
RO2023_014,,RO,MAJ
RO2023_015,,RO,MAJ
RO2023_015,,MD,MIN
RO2023_015,,FR,MIN
RO2023_016,,RO,MAJ
RO2023_016,,FR,MIN
RO2023_016,,BG,MIN
RO2023_016,,GR,MIN
RO2023_016,,CZ,MIN
RO2023_017,,RO,MAJ
RO2023_017,,FR,MIN
RO2023_017,,GR,MIN
RO2023_018,,RO,MAJ
RO2023_019,,RO,MAJ
RO2023_020,,RO,MAJ
RO2023_021,,RO,MAJ
RO2023_022,,RO,MAJ
RO2023_023,,RO,MAJ
RO2023_024,,RO,MAJ
RO2023_025,,RO,MAJ
RO2023_026,,RO,MAJ
RO2023_026,,US,MIN
RO2023_027,,RO,MAJ
RO2023_028,,RO,MAJ
RO2023_028,,CZ,MIN
RO2023_029,,RO,MAJ
RO2023_030,,RO,MAJ
RO2023_031,,RO,MAJ
RO2023_032,,RO,MAJ
RO2023_033,,RO,MAJ
RO2023_034,,RO,MAJ
RO2023_035,,RO,MAJ
RO2023_036,,RO,MAJ
RO2014_015,,RO,MAJ
RO2014_015,,FR,MIN
RO2019_022,,RO,MAJ
RO2016_021,,RO,MAJ
RO2016_022,,RO,MAJ
RO2017_025,,RO,MAJ
RO2014_016,,RO,MAJ
RO2014_017,,RO,MAJ
HU2022_001,,HU,MAJ
HU2022_002,,HU,MAJ
HU2022_003,,HU,MAJ
HU2022_004,,HU,MAJ
HU2022_005,,HU,MAJ
HU2022_006,,HU,MAJ
HU2022_007,,HU,MAJ
HU2022_008,,HU,MAJ
HU2022_009,,HU,MAJ
HU2022_010,,HU,MAJ
HU2022_011,,HU,MAJ
HU2022_012,,HU,MAJ
HU2022_013,,HU,MAJ
HU2022_014,,HU,MAJ
HU2022_015,,HU,MAJ
HU2022_016,,HU,MAJ
HU2022_016,,DE,MIN
HU2022_017,,HU,MAJ
HU2022_018,,HU,MAJ
HU2022_018,,RO,MIN
HU2022_019,,HU,MAJ
HU2022_019,,SK,MIN
HU2022_020,,HU,MAJ
HU2022_021,,HU,MAJ
HU2022_022,,HU,MAJ
HU2022_023,,HU,MAJ
HU2022_024,,HU,MAJ
HU2022_025,,HU,MAJ
HU2022_026,,HU,MAJ
HU2022_027,,HU,MAJ
HU2022_028,,HU,MAJ
HU2022_029,,HU,MAJ
HU2021_001,,HU,MAJ
HU2021_002,,HU,MAJ
HU2021_003,,HU,MAJ
HU2021_004,,HU,MAJ
HU2021_005,,HU,MAJ
HU2021_006,,HU,MAJ
HU2021_007,,HU,MAJ
HU2021_008,,HU,MAJ
HU2021_008,,DE,MIN
HU2021_008,,IT,MIN
HU2021_009,,HU,MAJ
HU2021_010,,HU,MAJ
HU2021_011,,HU,MAJ
HU2021_011,,SK,MIN
HU2021_012,,HU,MAJ
HU2021_013,,HU,MAJ
HU2021_014,,HU,MAJ
HU2021_015,,HU,MAJ
HU2021_016,,HU,MAJ
HU2021_017,,HU,MAJ
HU2021_017,,RO,MIN
HU2021_018,,HU,MAJ
HU2021_019,,HU,MAJ
HU2021_020,,HU,MAJ
HU2021_021,,HU,MAJ
HU2021_022,,HU,MAJ
HU2021_023,,HU,MAJ
HU2021_024,,HU,MAJ
HU2021_025,,HU,MAJ
HU2020_001,,HU,MAJ
HU2020_002,,HU,MAJ
HU2020_003,,HU,MAJ
HU2020_004,,HU,MAJ
HU2020_005,,HU,MAJ
HU2020_006,,HU,MAJ
HU2020_007,,HU,MAJ
HU2020_008,,HU,MAJ
HU2020_009,,HU,MAJ
HU2020_010,,HU,MAJ
HU2020_011,,HU,MAJ
HU2020_012,,HU,MAJ
HU2020_013,,HU,MAJ
HU2019_001,,HU,MAJ
HU2019_002,,HU,MAJ
HU2019_003,,HU,MAJ
HU2019_004,,HU,MAJ
HU2019_005,,HU,MAJ
HU2019_006,,HU,MAJ
HU2019_007,,HU,MAJ
HU2019_008,,HU,MAJ
HU2019_009,,HU,MAJ
HU2019_010,,HU,MAJ
HU2019_011,,HU,MAJ
HU2019_012,,HU,MAJ
HU2019_013,,HU,MAJ
HU2019_014,,HU,MAJ
HU2019_015,,HU,MAJ
HU2019_016,,HU,MAJ
HU2019_017,,HU,MAJ
HU2019_018,,HU,MAJ
HU2019_019,,HU,MAJ
HU2019_019,,CA,MIN
HU2019_019,,CZ,MIN
HU2019_019,,DE,MIN
HU2019_020,,HU,MAJ
HU2019_021,,HU,MAJ
HU2019_022,,HU,MAJ
HU2018_001,,HU,MAJ
HU2018_002,,HU,MAJ
HU2018_003,,HU,MAJ
HU2018_004,,HU,MAJ
HU2018_005,,HU,MAJ
HU2018_006,,HU,MAJ
HU2018_006,,FR,MIN
HU2018_007,,HU,MAJ
HU2018_008,,HU,MAJ
HU2018_009,,HU,MAJ
HU2018_010,,HU,MAJ
HU2018_011,,HU,MAJ
HU2018_012,,HU,MAJ
HU2018_013,,HU,MAJ
HU2018_014,,HU,MAJ
HU2018_015,,HU,MAJ
HU2018_015,,GB,MIN
HU2018_016,,HU,MAJ
HU2018_017,,HU,MAJ
HU2018_017,,FR,MIN
HU2018_017,,NL,MIN
HU2018_017,,MA,MIN
HU2018_017,,SE,MIN
HU2018_017,,DE,MIN
HU2018_018,,HU,MAJ
HU2018_019,,HU,MAJ
HU2018_020,,HU,MAJ
HU2018_021,,HU,MAJ
HU2018_022,,HU,MAJ
HU2018_023,,HU,MAJ
HU2018_024,,HU,MAJ
HU2018_024,,RO,MIN
HU2018_025,,HU,MAJ
HU2017_001,,HU,MAJ
HU2017_002,,HU,MAJ
HU2017_003,,HU,MAJ
HU2017_004,,HU,MAJ
HU2017_005,,HU,MAJ
HU2017_006,,HU,MAJ
HU2017_007,,HU,MAJ
HU2017_008,,HU,MAJ
HU2017_009,,HU,MAJ
HU2017_010,,HU,MAJ
HU2017_011,,HU,MAJ
HU2017_011,,DE,MIN
HU2017_011,,FR,MIN
HU2017_012,,HU,MAJ
HU2017_013,,HU,MAJ
HU2017_014,,HU,MAJ
HU2017_015,,HU,MAJ
HU2017_015,,GR,MIN
HU2017_015,,FR,MIN
HU2017_015,,DE,MIN
HU2017_016,,HU,MAJ
HU2017_017,,HU,MAJ
HU2017_018,,HU,MAJ
HU2017_019,,HU,MAJ
HU2017_020,,HU,MAJ
HU2017_021,,HU,MAJ
HU2017_022,,HU,MAJ
HU2017_023,,HU,MAJ
HU2017_024,,HU,MAJ
HU2016_001,,HU,MAJ
HU2016_002,,HU,MAJ
HU2016_003,,HU,MAJ
HU2016_004,,HU,MAJ
HU2016_005,,HU,MAJ
HU2016_006,,HU,MAJ
HU2016_007,,HU,MAJ
HU2016_007,,HU,MAJ
HU2016_008,,HU,MAJ
HU2016_009,,HU,MAJ
HU2016_010,,HU,MAJ
HU2016_011,,HU,MAJ
HU2016_012,,HU,MAJ
HU2016_013,,HU,MAJ
HU2016_013,,CZ,MIN
HU2016_013,,DE,MIN
HU2016_014,,HU,MAJ
HU2016_015,,HU,MAJ
HU2016_016,,HU,MAJ
HU2015_001,,HU,MAJ
HU2015_001,,US,MIN
HU2015_001,,FR,MIN
HU2015_001,,IL,MIN
HU2015_001,,BA,MIN
HU2015_002,,HU,MAJ
HU2015_003,,HU,MAJ
HU2015_004,,HU,MAJ
HU2015_004,,DE,MIN
HU2015_004,,BG,MIN
HU2015_005,,HU,MAJ
HU2015_006,,HU,MAJ
HU2015_007,,HU,MAJ
HU2015_008,,HU,MAJ
HU2015_009,,HU,MAJ
HU2015_009,,DE,MIN
HU2015_010,,HU,MAJ
HU2015_011,,HU,MAJ
HU2015_012,,HU,MAJ
HU2015_013,,HU,MAJ
HU2015_014,,HU,MAJ
HU2015_015,,HU,MAJ
HU2015_016,,HU,MAJ
HU2015_017,,HU,MAJ
HU2015_018,,HU,MAJ
HU2015_018,,CZ,MIN
HU2015_018,,HR,MIN
HU2015_019,,HU,MAJ
HU2014_001,,HU,MAJ
HU2014_002,,HU,MAJ
HU2014_003,,HU,MAJ
HU2014_004,,HU,MAJ
HU2014_004,,SE,MIN
HU2014_005,,HU,MAJ
HU2014_006,,HU,MAJ
HU2014_007,,HU,MAJ
HU2014_007,,KR,MIN
HU2014_007,,FR,MIN
HU2014_008,,HU,MAJ
HU2014_009,,HU,MAJ
HU2014_010,,HU,MAJ
HU2014_011,,HU,MAJ
HU2014_011,,DE,MIN
HU2014_012,,HU,MAJ
HU2014_013,,HU,MAJ
HU2014_013,,SK,MIN
HU2014_014,,HU,MAJ
HU2014_015,,HU,MAJ
HU2014_015,,HU,MIN
HU2014_016,,HU,MAJ
HU2023_001,,HU,MAJ
HU2023_002,,HU,MAJ
HU2023_003,,HU,MAJ
HU2023_003,,SK,MIN
HU2023_004,,HU,MAJ
HU2023_005,,HU,MAJ
HU2023_006,,HU,MAJ
HU2023_007,,HU,MAJ
HU2023_008,,HU,MAJ
HU2023_009,,HU,MAJ
HU2023_010,,HU,MAJ
HU2023_010,,SK,MIN
HU2023_011,,HU,MAJ
HU2023_012,,HU,MAJ
HU2023_012,,VN,MIN
HU2023_013,,HU,MAJ
HU2023_014,,HU,MAJ
HU2023_015,,HU,MAJ
HU2023_016,,HU,MAJ
HU2023_017,,HU,MAJ
HU2023_018,,HU,MAJ
HU2023_019,,HU,MAJ
HU2023_020,,HU,MAJ
HU2023_021,,HU,MAJ
HU2023_022,,HU,MAJ
HU2023_023,,HU,MAJ
HU2023_024,,HU,MAJ
HU2023_025,,HU,MAJ
HU2023_026,,HU,MAJ
HU2023_027,,HU,MAJ
HU2023_028,,HU,MAJ
HU2021_026,,HU,MAJ
HU2018_026,,HU,MAJ
HU2019_023,,HU,MAJ
HU2019_024,,HU,MAJ
HU2016_017,,HU,MAJ
HU2015_019,,HU,MAJ
DE2017_001,Ein Haus in Ninh Hoa,DE,MAJ
DE2017_001,Ein Haus in Ninh Hoa,VN,MIN
DE2017_002,Ritter Rost 2: Das Schrottkomplott,DE,MAJ
DE2017_003,Die Hölle,DE,MAJ
DE2017_003,Die Hölle,AT,MIN
DE2017_004,Shot in the Dark,DE,MAJ
DE2017_005,Mein Blind Date mit dem Leben,DE,MAJ
DE2017_006,Wendy,DE,MAJ
DE2017_007,Kundschafter des Friedens,DE,MAJ
DE2017_008,Violently Happy,DE,MAJ
DE2017_009,Bibi & Tina: Tohuwabohu total,DE,MAJ
DE2017_010,Timm Thaler oder das verkaufte Lachen,DE,MAJ
DE2017_011,From Business to Being,DE,MAJ
DE2017_012,Erzähl es niemandem!,DE,MAJ
DE2017_013,Volt,DE,MAJ
DE2017_013,Volt,FR,MIN
DE2017_014,"Schatz, nimm Du sie!",DE,MAJ
DE2017_015,Enklava,DE,MAJ
DE2017_015,Enklava,RS,MIN
DE2017_016,Die Gabe zu Heilen,DE,MAJ
DE2017_017,Offline - Das Leben ist kein Bonuslevel,DE,MAJ
DE2017_018,Europa - ein Kontinent als Beute,DE,MAJ
DE2017_019,Marija,DE,MAJ
DE2017_019,Marija,CH,MIN
DE2017_020,Original Copy,DE,MAJ
DE2017_021,For all the World to see,DE,MAJ
DE2017_021,For all the World to see,BD,MIN
DE2017_021,For all the World to see,BJ,MIN
DE2017_021,For all the World to see,CD,MIN
DE2017_022,Die Häschenschule: Jagd nach dem goldenen Ei,DE,MAJ
DE2017_023,Happy,DE,MAJ
DE2017_024,Los Veganeros 2,DE,MAJ
DE2017_025,Zwischen den Jahren,DE,MAJ
DE2017_026,Orientierungslosigkeit ist kein Verbrechen,DE,MAJ
DE2017_027,Alles gut,DE,MAJ
DE2017_028,Der Hund begraben,DE,MAJ
DE2017_029,Von Bananenbäumen träumen,DE,MAJ
DE2017_030,Zazy,DE,MAJ
DE2017_030,Zazy,IT,MIN
DE2017_031,Es war einmal in Deutschland...,DE,MAJ
DE2017_031,Es war einmal in Deutschland...,LU,MIN
DE2017_031,Es war einmal in Deutschland...,BE,MIN
DE2017_032,Ü100,DE,MAJ
DE2017_033,Conni und Co 2 - Das Geheimnis des T-Rex,DE,MAJ
DE2017_034,Happy Burnout,DE,MAJ
DE2017_035,Beat Beat Heart,DE,MAJ
DE2017_036,Hey Bunny,DE,MAJ
DE2017_037,Einsamkeit und Sex und Mitleid,DE,MAJ
DE2017_038,Trockenschwimmen,DE,MAJ
DE2017_039,Little Bird's Big Adventure,DE,MAJ
DE2017_039,Little Bird's Big Adventure,BE,MIN
DE2017_039,Little Bird's Big Adventure,LU,MIN
DE2017_039,Little Bird's Big Adventure,NO,MIN
DE2017_040,Return to Montauk,DE,MAJ
DE2017_040,Return to Montauk,IE,MIN
DE2017_040,Return to Montauk,FR,MIN
DE2017_041,Denk ich an Deutschland in der Nacht,DE,MAJ
DE2017_042,Fahr Ma Obi Am Wasser,DE,MAJ
DE2017_043,Fünf Sterne,DE,MAJ
DE2017_044,Beuys,DE,MAJ
DE2017_045,You'll Never Walk Alone - Die Geschichte eines Songs,DE,MAJ
DE2017_046,Borderland Blues,DE,MAJ
DE2017_046,Borderland Blues,US,MIN
DE2017_047,Hanni & Nanni: Mehr als beste Freunde,DE,MAJ
DE2017_048,Die Reste meines Lebens,DE,MAJ
DE2017_049,Rosemari,DE,MAJ
DE2017_049,Rosemari,DK,MIN
DE2017_049,Rosemari,NO,MIN
DE2017_050,In Zeiten des abnehmenden Lichts,DE,MAJ
DE2017_051,Code of Survival,DE,MAJ
DE2017_052,Deportation Class,DE,MAJ
DE2017_052,Deportation Class,AL,MIN
DE2017_053,Timeswings - Hanne Darbovens Kunst,DE,MAJ
DE2017_054,Plan B: Scheiß auf Plan A,DE,MAJ
DE2017_055,Selbstkritik eines bürgerlichen Hundes,DE,MAJ
DE2017_056,Die vergessene Armee,DE,MAJ
DE2017_057,"Mann im Spagat: Pace, Cowboy, Pace",DE,MAJ
DE2017_058,Maria Mafiosi,DE,MAJ
DE2017_059,Sommerfest,DE,MAJ
DE2017_060,Axolotl Overkill,DE,MAJ
DE2017_061,Mein wunderbares West-Berlin,DE,MAJ
DE2017_062,Dries,DE,MAJ
DE2017_062,Dries,BE,MIN
DE2017_063,Das Pubertier,DE,MAJ
DE2017_064,Auf der anderen Seite ist das Gras viel grüner,DE,MAJ
DE2017_065,Einmal bitte alles,DE,MAJ
DE2017_066,Ostwind 3: Aufbruch nach Ora,DE,MAJ
DE2017_067,Die Guten Feinde,DE,MAJ
DE2017_068,Grießnockerlaffäre,DE,MAJ
DE2017_069,Helle Nächte,DE,MAJ
DE2017_069,Helle Nächte,NO,MIN
DE2017_070,Atomin paluu,DE,MAJ
DE2017_070,Atomin paluu,FI,MIN
DE2017_071,Die Hannas,DE,MAJ
DE2017_072,Bullyparade: Der Film,DE,MAJ
DE2017_073,Happy Family,DE,MAJ
DE2017_073,Happy Family,GB,MIN
DE2017_074,Western,DE,MAJ
DE2017_074,Western,BG,MIN
DE2017_074,Western,AT,MIN
DE2017_075,Einsteins Nichten,DE,MAJ
DE2017_076,Jugend ohne Gott,DE,MAJ
DE2017_077,Magical Mystery oder die Rückkehr des Karl Schmidt,DE,MAJ
DE2017_078,Haus Ohne Dach,DE,MAJ
DE2017_078,Haus Ohne Dach,IQ,MIN
DE2017_078,Haus Ohne Dach,QA,MIN
DE2017_079,Die Pfefferkörner und der Fluch des Schwarzen Königs,DE,MAJ
DE2017_080,Das schaffen wir schon,DE,MAJ
DE2017_081,Revolution of Sound: Tangerine Dream,DE,MAJ
DE2017_082,High Society,DE,MAJ
DE2017_083,Leanders letzte Reise,DE,MAJ
DE2017_084,Rock My Heart,DE,MAJ
DE2017_085,Conny Plank - The Potential of Noise,DE,MAJ
DE2017_086,Macho Man 2,DE,MAJ
DE2017_087,Wann endlich küsst Du mich?,DE,MAJ
DE2017_088,Unter deutschen Betten,DE,MAJ
DE2017_089,Vorwärts immer!,DE,MAJ
DE2017_090,Pre-Crime,DE,MAJ
DE2017_091,Schumanns Bargespräche,DE,MAJ
DE2017_092,Die Einsiedler,DE,MAJ
DE2017_092,Die Einsiedler,AT,MIN
DE2017_093,Es war einmal Indianerland,DE,MAJ
DE2017_094,Die Unsichtbaren,DE,MAJ
DE2017_095,Casting,DE,MAJ
DE2017_096,The Misandrists,DE,MAJ
DE2017_097,Hexe Lillis eingesacktes Weihnachtsfest,DE,MAJ
DE2017_098,Simpel,DE,MAJ
DE2017_099,Werner Nekes - Der Wandler zwischen den Bildern,DE,MAJ
DE2017_100,Fikkefuchs,DE,MAJ
DE2017_101,Wer war Hitler,DE,MAJ
DE2017_102,Silly: Frei von Angst,DE,MAJ
DE2017_103,Aus dem Nichts,DE,MAJ
DE2017_103,Aus dem Nichts,FR,MIN
DE2017_104,Überleben in Neukölln,DE,MAJ
DE2017_105,Whatever Happens,DE,MAJ
DE2017_106,Der Mann aus dem Eis,DE,MAJ
DE2017_106,Der Mann aus dem Eis,IT,MIN
DE2017_106,Der Mann aus dem Eis,AT,MIN
DE2017_107,Burg Schreckenstein II - Küssen (nicht) verboten,DE,MAJ
DE2017_108,Forget About Nick,DE,MAJ
DE2017_109,Sum1,DE,MAJ
DE2017_110,Queercore: How to Punk a Revolution,DE,MAJ
DE2017_111,Sisters! Share everything,DE,MAJ
DE2017_112,Dieses bescheuerte Herz,DE,MAJ
DE2017_113,Laible und Frisch: Do goht dr Doig,DE,MAJ
DE2016_001,Friend Request,DE,MAJ
DE2016_002,Familie Haben,DE,MAJ
DE2016_003,Neukölln Wind,DE,MAJ
DE2016_004,Gut zu Vögeln,DE,MAJ
DE2016_005,Die dunkle Seite des Mondes,DE,MAJ
DE2016_005,Die dunkle Seite des Mondes,LU,MIN
DE2016_006,Iraqi Odyssey,DE,MAJ
DE2016_006,Iraqi Odyssey,CH,MIN
DE2016_006,Iraqi Odyssey,AE,MIN
DE2016_006,Iraqi Odyssey,IQ,MIN
DE2016_007,Bibi & Tina: Mädchen gegen Jungs,DE,MAJ
DE2016_008,Hello I Am David!,DE,MAJ
DE2016_008,Hello I Am David!,SE,MIN
DE2016_008,Hello I Am David!,AT,MIN
DE2016_009,Alaaf You,DE,MAJ
DE2016_010,Das Wetter in geschlossenen Räumen,DE,MAJ
DE2016_011,Ein Atem,DE,MAJ
DE2016_011,Ein Atem,GR,MIN
DE2016_012,Uns geht es gut,DE,MAJ
DE2016_013,Family Business,DE,MAJ
DE2016_014,Tetarti 04:45,DE,MAJ
DE2016_014,Tetarti 04:45,GR,MIN
DE2016_014,Tetarti 04:45,IL,MIN
DE2016_015,Grenzbock,DE,MAJ
DE2016_016,Sibylle,DE,MAJ
DE2016_017,Antons Fest,DE,MAJ
DE2016_018,Die Wilden Kerle 6 - Die Legende lebt,DE,MAJ
DE2016_019,"Feuer bewahren, nicht Asche anbeten",DE,MAJ
DE2016_019,"Feuer bewahren, nicht Asche anbeten",CH,MIN
DE2016_020,Colonia,DE,MAJ
DE2016_020,Colonia,FR,MIN
DE2016_020,Colonia,LU,MIN
DE2016_021,Trash Detective,DE,MAJ
DE2016_022,Der Kuaför aus der Keupstraße,DE,MAJ
DE2016_023,Als wir die Zukunft waren,DE,MAJ
DE2016_024,Der geilste Tag,DE,MAJ
DE2016_025,Das Tagebuch der Anne Frank,DE,MAJ
DE2016_026,Landstück,DE,MAJ
DE2016_027,Babai,DE,MAJ
DE2016_027,Babai,XK,MIN
DE2016_027,Babai,MK,MIN
DE2016_027,Babai,FR,MIN
DE2016_028,No Land's Song,DE,MAJ
DE2016_028,No Land's Song,FR,MIN
DE2016_028,No Land's Song,IR,MIN
DE2016_029,Grüße aus Fukushima,DE,MAJ
DE2016_030,Herbert,DE,MAJ
DE2016_031,Kein Zickenfox,DE,MAJ
DE2016_032,Bach in Brazil,DE,MAJ
DE2016_032,Bach in Brazil,BR,MIN
DE2016_033,Langes Echo,DE,MAJ
DE2016_034,Chamissos Schatten,DE,MAJ
DE2016_034,Chamissos Schatten,AT,MIN
DE2016_034,Chamissos Schatten,CH,MIN
DE2016_035,Lee Scratch Perry's Vision of Paradise,DE,MAJ
DE2016_035,Lee Scratch Perry's Vision of Paradise,GB,MIN
DE2016_035,Lee Scratch Perry's Vision of Paradise,CH,MIN
DE2016_035,Lee Scratch Perry's Vision of Paradise,JM,MIN
DE2016_035,Lee Scratch Perry's Vision of Paradise,ET,MIN
DE2016_036,Cafe Waldluft,DE,MAJ
DE2016_037,Anhedonia,DE,MAJ
DE2016_038,Gestrandet,DE,MAJ
DE2016_039,Rabbi Wolff,DE,MAJ
DE2016_040,Fritz Lang,DE,MAJ
DE2016_041,"Rico, Oskar und der Diebstahlstein",DE,MAJ
DE2016_042,A Hologram for the King,DE,MAJ
DE2016_042,A Hologram for the King,US,MIN
DE2016_043,Wer hat Angst vor Sibylle Berg?,DE,MAJ
DE2016_044,Schrotten!,DE,MAJ
DE2016_045,Mannheim - Neurosen zwischen Rhein und Neckar,DE,MAJ
DE2016_046,Frauen,DE,MAJ
DE2016_047,Desire Will Set You Free,DE,MAJ
DE2016_048,Mängelexemplar,DE,MAJ
DE2016_049,Happy Hour,DE,MAJ
DE2016_049,Happy Hour,IE,MIN
DE2016_050,Die Prüfung,DE,MAJ
DE2016_051,Ente gut!,DE,MAJ
DE2016_052,Der Nachtmahr,DE,MAJ
DE2016_053,Urmila: My Memory is My Power,DE,MAJ
DE2016_053,Urmila: My Memory is My Power,NO,MIN
DE2016_053,Urmila: My Memory is My Power,NP,MIN
DE2016_054,Stefan Zweig: Farewell to Europe,DE,MAJ
DE2016_054,Stefan Zweig: Farewell to Europe,AT,MIN
DE2016_054,Stefan Zweig: Farewell to Europe,FR,MIN
DE2016_055,Seitenwechsel,DE,MAJ
DE2016_056,Agnes,DE,MAJ
DE2016_057,Elsterglanz und der Schlüssel für die Weibersauna,DE,MAJ
DE2016_058,Hannas schlafende Hunde,DE,MAJ
DE2016_058,Hannas schlafende Hunde,AT,MIN
DE2016_059,Rockabilly Requiem,DE,MAJ
DE2016_060,Wanja,DE,MAJ
DE2016_061,Schau mich nicht so an,DE,MAJ
DE2016_061,Schau mich nicht so an,MN,MIN
DE2016_062,Die Frau mit der Kamera - Portrait der Fotografin Abisag Tüllmann,DE,MAJ
DE2016_063,Treppe Aufwärts,DE,MAJ
DE2016_064,God of Happiness,DE,MAJ
DE2016_064,God of Happiness,FR,MIN
DE2016_064,God of Happiness,GE,MIN
DE2016_065,Lou Andreas-Salomé,DE,MAJ
DE2016_065,Lou Andreas-Salomé,IT,MIN
DE2016_065,Lou Andreas-Salomé,AT,MIN
DE2016_066,Milhemet 90 Hadakot,DE,MAJ
DE2016_066,Milhemet 90 Hadakot,PT,MIN
DE2016_066,Milhemet 90 Hadakot,IL,MIN
DE2016_067,Mich kriegt Ihr nicht!,DE,MAJ
DE2016_068,Meier Müller Schmidt,DE,MAJ
DE2016_069,Smaragdgrün,DE,MAJ
DE2016_070,Stadtlandliebe,DE,MAJ
DE2016_071,Ferien,DE,MAJ
DE2016_072,Toni Erdmann,DE,MAJ
DE2016_072,Toni Erdmann,AT,MIN
DE2016_072,Toni Erdmann,CH,MIN
DE2016_073,Mullewapp - Eine schöne Schweinerei,DE,MAJ
DE2016_073,Mullewapp - Eine schöne Schweinerei,LU,MIN
DE2016_074,My Brothers and Sisters in the North,DE,MAJ
DE2016_074,My Brothers and Sisters in the North,KP,MIN
DE2016_075,Schweinskopf al dente,DE,MAJ
DE2016_076,El Viaje - Ein Musikfilm mit Rodrigo González,DE,MAJ
DE2016_077,Conni & Co.,DE,MAJ
DE2016_078,"Antonio, ihm schmeckt's nicht!",DE,MAJ
DE2016_079,Krieg und Spiele,DE,MAJ
DE2016_080,Looping,DE,MAJ
DE2016_081,König Laurin,DE,MAJ
DE2016_082,Fado,DE,MAJ
DE2016_082,Fado,PT,MIN
DE2016_083,Timebreakers - auf der Suche nach dem geheimnisvollen Heidekristall,DE,MAJ
DE2016_084,Männertag,DE,MAJ
DE2016_085,Nellys Abenteuer,DE,MAJ
DE2016_086,Tschick,DE,MAJ
DE2016_087,SMS für Dich,DE,MAJ
DE2016_088,Thank You for Calling,DE,MAJ
DE2016_088,Thank You for Calling,AT,MIN
DE2016_089,Das Geständnis,DE,MAJ
DE2016_090,Rudolf Thome - Überall Blumen,DE,MAJ
DE2016_091,24 Wochen,DE,MAJ
DE2016_092,Nebel im August,DE,MAJ
DE2016_093,Die letzte Sau,DE,MAJ
DE2016_094,LenaLove,DE,MAJ
DE2016_095,Kommen Rührgeräte in den Himmel? Ein Film über Nachhaltigkeit,DE,MAJ
DE2016_096,Eine unerhörte Frau,DE,MAJ
DE2016_097,Auf Einmal,DE,MAJ
DE2016_097,Auf Einmal,NL,MIN
DE2016_098,Jonathan,DE,MAJ
DE2016_099,Verrückt nach Fixi,DE,MAJ
DE2016_100,Die Welt der Wunderlichs,DE,MAJ
DE2016_100,Die Welt der Wunderlichs,CH,MIN
DE2016_101,Monkey King,DE,MAJ
DE2016_102,Weiße Ritter,DE,MAJ
DE2016_103,Burg Schreckenstein,DE,MAJ
DE2016_104,Schwester Weiß,DE,MAJ
DE2016_105,Gleißendes Glück,DE,MAJ
DE2016_106,Ostfriesisch für Anfänger,DE,MAJ
DE2016_107,Nirgendwo,DE,MAJ
DE2016_108,Allein gegen die Zeit - Der Film,DE,MAJ
DE2016_109,Haymatloz - Exil in der Türkei,DE,MAJ
DE2016_110,Das Versprechen,DE,MAJ
DE2016_110,Das Versprechen,GB,MIN
DE2016_110,Das Versprechen,DK,MIN
DE2016_110,Das Versprechen,SE,MIN
DE2016_110,Das Versprechen,NL,MIN
DE2016_111,Transit Havana,DE,MAJ
DE2016_111,Transit Havana,NL,MIN
DE2016_111,Transit Havana,CU,MIN
DE2016_112,Willkommen bei den Hartmanns,DE,MAJ
DE2016_113,Pettersson und Findus 2 - Das schönste Weihnachten überhaupt,DE,MAJ
DE2016_114,Die Mitte der Welt,DE,MAJ
DE2016_114,Die Mitte der Welt,AT,MIN
DE2016_115,"Peter Handke: Bin im Wald. Kann sein, dass ich mich verspäte...",DE,MAJ
DE2016_116,Manche hatten Krokodile,DE,MAJ
DE2016_117,Soy Nero,DE,MAJ
DE2016_117,Soy Nero,FR,MIN
DE2016_117,Soy Nero,US,MIN
DE2016_117,Soy Nero,MX,MIN
DE2016_118,The Florence Foster Jenkins Story,DE,MAJ
DE2016_119,Wir sind die Flut,DE,MAJ
DE2016_120,Der Ost-Komplex,DE,MAJ
DE2016_121,Radio Heimat,DE,MAJ
DE2016_122,Wir sind Juden aus Breslau,DE,MAJ
DE2016_123,Alone in Berlin,DE,MAJ
DE2016_123,Alone in Berlin,FR,MIN
DE2016_123,Alone in Berlin,GB,MIN
DE2016_124,Die Reise mit Vater,DE,MAJ
DE2016_124,Die Reise mit Vater,SE,MIN
DE2016_124,Die Reise mit Vater,HU,MIN
DE2016_124,Die Reise mit Vater,RO,MIN
DE2016_125,Im Namen der Tiere,DE,MAJ
DE2016_126,Continuity,DE,MAJ
DE2016_127,Marie Curie,DE,MAJ
DE2016_127,Marie Curie,FR,MIN
DE2016_127,Marie Curie,PL,MIN
DE2016_128,Die Hände meiner Mutter,DE,MAJ
DE2016_129,Die Vampirschwestern 3,DE,MAJ
DE2016_130,Schubert in Love: Vater werden ist,DE,MAJ
DE2016_131,Paula,DE,MAJ
DE2015_001,Ich will mich nicht künstlich aufregen,DE,MAJ
DE2015_002,Frau Müller muss weg!,DE,MAJ
DE2015_003,Hells Angel - Unter Brüdern,DE,MAJ
DE2015_004,Top Girl oder La déformation professionnelle,DE,MAJ
DE2015_005,3 Türken & ein Baby,DE,MAJ
DE2015_006,Wir sind jung. Wir sind stark.,DE,MAJ
DE2015_007,Fünf Freunde 4,DE,MAJ
DE2015_008,Da muss Mann durch,DE,MAJ
DE2015_009,Anderswo,DE,MAJ
DE2015_010,Die letzten Gigolos,DE,MAJ
DE2015_011,Los Ángeles,DE,MAJ
DE2015_012,Bonne Nuit Papa,DE,MAJ
DE2015_012,Bonne Nuit Papa,KH,MIN
DE2015_013,300 Worte Deutsch,DE,MAJ
DE2015_014,Wer rettet wen? - Die Krise als Geschäftsmodell auf Kosten von Demokratie und sozialer Sicherheit,DE,MAJ
DE2015_014,Wer rettet wen? - Die Krise als Geschäftsmodell auf Kosten von Demokratie und sozialer Sicherheit,AU,MIN
DE2015_014,Wer rettet wen? - Die Krise als Geschäftsmodell auf Kosten von Demokratie und sozialer Sicherheit,GR,MIN
DE2015_014,Wer rettet wen? - Die Krise als Geschäftsmodell auf Kosten von Demokratie und sozialer Sicherheit,IS,MIN
DE2015_014,Wer rettet wen? - Die Krise als Geschäftsmodell auf Kosten von Demokratie und sozialer Sicherheit,IE,MIN
DE2015_014,Wer rettet wen? - Die Krise als Geschäftsmodell auf Kosten von Demokratie und sozialer Sicherheit,ES,MIN
DE2015_014,Wer rettet wen? - Die Krise als Geschäftsmodell auf Kosten von Demokratie und sozialer Sicherheit,US,MIN
DE2015_015,Traumfrauen,DE,MAJ
DE2015_016,Wem gehört die Stadt - Bürger in Bewegung,DE,MAJ
DE2015_017,Als wir träumten,DE,MAJ
DE2015_017,Als wir träumten,FR,MIN
DE2015_018,Stopping,DE,MAJ
DE2015_019,bestefreunde,DE,MAJ
DE2015_020,Pepe Mujica - Lektionen eines Erdklumpens,DE,MAJ
DE2015_021,Willkommen auf Deutsch,DE,MAJ
DE2015_022,Schattenwald,DE,MAJ
DE2015_023,Von jetzt an kein Zurück,DE,MAJ
DE2015_023,Von jetzt an kein Zurück,AT,MIN
DE2015_024,Poeten des Tanzes - Die Sacharoffs,DE,MAJ
DE2015_025,Der Nanny,DE,MAJ
DE2015_026,Tod den Hippies!! Es lebe der Punk!,DE,MAJ
DE2015_027,Verfehlung,DE,MAJ
DE2015_028,Forever and a Day: Scorpions,DE,MAJ
DE2015_029,Von glücklichen Schafen,DE,MAJ
DE2015_030,Gespensterjäger,DE,MAJ
DE2015_030,Gespensterjäger,AT,MIN
DE2015_030,Gespensterjäger,IE,MIN
DE2015_031,Every Thing Will Be Fine,DE,MAJ
DE2015_031,Every Thing Will Be Fine,CA,MIN
DE2015_031,Every Thing Will Be Fine,FR,MIN
DE2015_031,Every Thing Will Be Fine,SE,MIN
DE2015_032,Mara und der Feuerbringer,DE,MAJ
DE2015_033,Halbe Brüder,DE,MAJ
DE2015_034,Szenario,DE,MAJ
DE2015_035,Elser,DE,MAJ
DE2015_036,Winnetous Sohn,DE,MAJ
DE2015_037,Dessau Dancers,DE,MAJ
DE2015_038,Mülheim - Texas: Helge Schneider hier und dort,DE,MAJ
DE2015_038,Mülheim - Texas: Helge Schneider hier und dort,ES,MIN
DE2015_039,Härte,DE,MAJ
DE2015_040,Striche ziehen,DE,MAJ
DE2015_041,Fassbinder,DE,MAJ
DE2015_042,Die abhandene Welt,DE,MAJ
DE2015_043,Hedi Schneider steckt fest,DE,MAJ
DE2015_043,Hedi Schneider steckt fest,NO,MIN
DE2015_044,The Forecaster,DE,MAJ
DE2015_044,The Forecaster,US,MIN
DE2015_045,Reuber,DE,MAJ
DE2015_046,Die Widerständen: Also machen wir das weiter ...,DE,MAJ
DE2015_047,Ostwind 2,DE,MAJ
DE2015_048,La buena vida,DE,MAJ
DE2015_048,La buena vida,CH,MIN
DE2015_049,Silentium - Vom Leben im Kloster,DE,MAJ
DE2015_050,Abschussfahrt,DE,MAJ
DE2015_051,Dancing Arabs,DE,MAJ
DE2015_051,Dancing Arabs,FR,MIN
DE2015_051,Dancing Arabs,IL,MIN
DE2015_052,B-Movie: Lust & Sound in West-Berlin 1979-1989,DE,MAJ
DE2015_053,Mädchen im Eis,DE,MAJ
DE2015_053,Mädchen im Eis,RU,MIN
DE2015_054,Lost in Karastan,DE,MAJ
DE2015_054,Lost in Karastan,GB,MIN
DE2015_054,Lost in Karastan,GE,MIN
DE2015_054,Lost in Karastan,FR,MIN
DE2015_055,Von Caligari zu Hitler: Das deutsche Kino im Zeitalter der Massen,DE,MAJ
DE2015_056,Das Zimmermädchen Lynn,DE,MAJ
DE2015_057,Amok,DE,MAJ
DE2015_058,Hirschen,DE,MAJ
DE2015_059,Nice Places to Die,DE,MAJ
DE2015_059,Nice Places to Die,PH,MIN
DE2015_059,Nice Places to Die,ID,MIN
DE2015_059,Nice Places to Die,EG,MIN
DE2015_059,Nice Places to Die,AR,MIN
DE2015_059,Nice Places to Die,SR,MIN
DE2015_060,Nachthelle,DE,MAJ
DE2015_061,"Rico, Oskar und das Herzgebreche",DE,MAJ
DE2015_062,Victoria,DE,MAJ
DE2015_063,Das dunkle Gen,DE,MAJ
DE2015_063,Das dunkle Gen,CH,MIN
DE2015_064,Was heißt hier Ende?,DE,MAJ
DE2015_065,Die Lügen der Sieger,DE,MAJ
DE2015_065,Die Lügen der Sieger,FR,MIN
DE2015_066,Täterätää - Die Kirche bleibt im Dorf 2,DE,MAJ
DE2015_067,Freistatt,DE,MAJ
DE2015_068,Atlantic.,DE,MAJ
DE2015_068,Atlantic.,BE,MIN
DE2015_068,Atlantic.,NL,MIN
DE2015_068,Atlantic.,MA,MIN
DE2015_068,Atlantic.,FR,MIN
DE2015_069,"Verliebt, verlobt, verloren",DE,MAJ
DE2015_070,Das fehlende Grau,DE,MAJ
DE2015_071,Marry Me!,DE,MAJ
DE2015_072,Kafkas Der Bau,DE,MAJ
DE2015_073,Heil,DE,MAJ
DE2015_074,Desaster,DE,MAJ
DE2015_075,Kartoffelsalat,DE,MAJ
DE2015_076,Becks letzter Sommer,DE,MAJ
DE2015_076,Becks letzter Sommer,TR,MIN
DE2015_076,Becks letzter Sommer,HU,MIN
DE2015_076,Becks letzter Sommer,CH,MIN
DE2015_076,Becks letzter Sommer,RO,MIN
DE2015_077,I Am Here,DE,MAJ
DE2015_077,I Am Here,DK,MIN
DE2015_078,Ooops! Noah is Gone...,DE,MAJ
DE2015_078,Ooops! Noah is Gone...,BE,MIN
DE2015_078,Ooops! Noah is Gone...,LU,MIN
DE2015_078,Ooops! Noah is Gone...,IE,MIN
DE2015_079,About a Girl,DE,MAJ
DE2015_080,Coconut Hero,DE,MAJ
DE2015_080,Coconut Hero,CA,MIN
DE2015_081,Toilet Stories,DE,MAJ
DE2015_082,Liebe mich!,DE,MAJ
DE2015_083,Der kleine Rabe Socke - Das große Rennen,DE,MAJ
DE2015_084,Taxi,DE,MAJ
DE2015_085,L'Chaim!: To Life!,DE,MAJ
DE2015_085,L'Chaim!: To Life!,NL,MIN
DE2015_085,L'Chaim!: To Life!,IL,MIN
DE2015_085,L'Chaim!: To Life!,FR,MIN
DE2015_085,L'Chaim!: To Life!,BE,MIN
DE2015_086,Die Kleinen und die Bösen,DE,MAJ
DE2015_087,Gotthard Graubner - Farb-Raum-Körper,DE,MAJ
DE2015_088,Engelbecken,DE,MAJ
DE2015_088,Engelbecken,HU,MIN
DE2015_089,Der Kuckuck und der Esel,DE,MAJ
DE2015_090,Fack ju Göhte 2,DE,MAJ
DE2015_091,Voll Paula!,DE,MAJ
DE2015_092,Tango Pasión,DE,MAJ
DE2015_093,Schmidts Katze,DE,MAJ
DE2015_094,Der Staat gegen Fritz Bauer,DE,MAJ
DE2015_095,Wunder der Lebenskraft,DE,MAJ
DE2015_096,"Arbeit macht das Leben süß, Faulheit stärkt die Glieder",DE,MAJ
DE2015_097,True Love Ways,DE,MAJ
DE2015_098,Er ist wieder da,DE,MAJ
DE2015_099,"Kleine Ziege, sturer Bock",DE,MAJ
DE2015_100,Nicht schon wieder Rudi!,DE,MAJ
DE2015_100,Nicht schon wieder Rudi!,AT,MIN
DE2015_101,Homesick,DE,MAJ
DE2015_101,Homesick,AT,MIN
DE2015_102,Familienfest,DE,MAJ
DE2015_103,Rettet Raffi!,DE,MAJ
DE2015_104,Hördur - Zwischen den Welten,DE,MAJ
DE2015_105,Macho Man,DE,MAJ
DE2015_106,Birds & People - Ganz verrückt auf Vögel,DE,MAJ
DE2015_107,Stung,DE,MAJ
DE2015_107,Stung,US,MIN
DE2015_108,Todos están muertos,DE,MAJ
DE2015_108,Todos están muertos,MX,MIN
DE2015_108,Todos están muertos,ES,MIN
DE2015_109,Erich Mielke - Meister der Angst,DE,MAJ
DE2015_110,Die Hälfte der Stadt,DE,MAJ
DE2015_111,Schmitke,DE,MAJ
DE2015_111,Schmitke,CZ,MIN
DE2015_112,Der kleine Ritter Trenk,DE,MAJ
DE2015_113,Law Not War,DE,MAJ
DE2015_114,Democracy: Im Rausch der Daten,DE,MAJ
DE2015_114,Democracy: Im Rausch der Daten,FR,MIN
DE2015_114,Democracy: Im Rausch der Daten,IT,MIN
DE2015_114,Democracy: Im Rausch der Daten,BE,MIN
DE2015_115,Alki Alki,DE,MAJ
DE2015_116,Herr von Bohlen privat,DE,MAJ
DE2015_117,Hasret,DE,MAJ
DE2015_118,Highway to Hellas,DE,MAJ
DE2015_119,4 Könige,DE,MAJ
DE2015_120,Black Tape,DE,MAJ
DE2015_121,Aus dem Abseits,DE,MAJ
DE2015_122,Die Geschichte vom Astronauten,DE,MAJ
DE2015_123,Si-o-se Pol,DE,MAJ
DE2015_124,Heidi,DE,MAJ
DE2015_124,Heidi,CH,MIN
DE2015_125,"Hilfe, ich hab meine Lehrerin geschrumpft",DE,MAJ
DE2015_125,"Hilfe, ich hab meine Lehrerin geschrumpft",AT,MIN
DE2015_126,Madame Bovary,DE,MAJ
DE2015_126,Madame Bovary,BE,MIN
DE2015_126,Madame Bovary,US,MIN
DE2015_127,Bruder vor Luder,DE,MAJ
DE2015_128,Ich bin dann mal weg,DE,MAJ
DE2014_001,Das merkwürdige Kätzchen,DE,MAJ
DE2014_002,Über das Meer,DE,MAJ
DE2014_003,Das radikal Böse,DE,MAJ
DE2014_003,Das radikal Böse,AT,MIN
DE2014_004,Fünf Freunde 3,DE,MAJ
DE2014_005,Nicht mein Tag,DE,MAJ
DE2014_006,Hannas Reise,DE,MAJ
DE2014_006,Hannas Reise,IL,MIN
DE2014_007,Der blinde Fleck,DE,MAJ
DE2014_008,Illusion,DE,MAJ
DE2014_009,Crashkurs,DE,MAJ
DE2014_010,Nordstrand,DE,MAJ
DE2014_011,Staudamm,DE,MAJ
DE2014_012,Vaterfreuden,DE,MAJ
DE2014_013,Und Äktschn!,DE,MAJ
DE2014_013,Und Äktschn!,AT,MIN
DE2014_014,Meine Schwestern,DE,MAJ
DE2014_014,Meine Schwestern,FR,MIN
DE2014_015,Und morgen mittag bin ich tot,DE,MAJ
DE2014_016,Lovely Louise,DE,MAJ
DE2014_016,Lovely Louise,CH,MIN
DE2014_016,Lovely Louise,ES,MIN
DE2014_017,Dead,DE,MAJ
DE2014_018,Stromberg - Der Film,DE,MAJ
DE2014_019,Bibi & Tina - Der Film,DE,MAJ
DE2014_020,Alles Inklusive,DE,MAJ
DE2014_021,Beltracchi: The Art of Forgery,DE,MAJ
DE2014_022,Verbotene Filme,DE,MAJ
DE2014_023,Mitgift,DE,MAJ
DE2014_024,Der Tropfen - Ein Roadmovie,DE,MAJ
DE2014_025,"Pettersson und Findus - Kleiner Quälgeist, große Freundschaft",DE,MAJ
DE2014_026,Transmitting,DE,MAJ
DE2014_027,Mittsommernachtstango,DE,MAJ
DE2014_027,Mittsommernachtstango,AR,MIN
DE2014_027,Mittsommernachtstango,FI,MIN
DE2014_028,Kreuzweg,DE,MAJ
DE2014_029,Die Frau des Polizisten,DE,MAJ
DE2014_030,Lagerfeuer,DE,MAJ
DE2014_031,Banklady,DE,MAJ
DE2014_032,Zwischen Welten,DE,MAJ
DE2014_033,Im Dreieck,DE,MAJ
DE2014_034,Union fürs Leben,DE,MAJ
DE2014_035,"Heye Shalom, Peter Schwarz",DE,MAJ
DE2014_036,Stiller Sommer,DE,MAJ
DE2014_037,Lauf Junge lauf,DE,MAJ
DE2014_037,Lauf Junge lauf,FR,MIN
DE2014_038,Die schwarzen Brüder,DE,MAJ
DE2014_038,Die schwarzen Brüder,CH,MIN
DE2014_039,Miss Sixty,DE,MAJ
DE2014_040,Irre sind männlich,DE,MAJ
DE2014_041,Vergiss mein Ich,DE,MAJ
DE2014_042,Die Er­fin­dung der Liebe,DE,MAJ
DE2014_042,Die Er­fin­dung der Liebe,LU,MIN
DE2014_043,Summer of Dreams,DE,MAJ
DE2014_044,Hinterdupfing,DE,MAJ
DE2014_045,Über-Ich und Du,DE,MAJ
DE2014_045,Über-Ich und Du,CH,MIN
DE2014_045,Über-Ich und Du,AT,MIN
DE2014_046,Der letzte Mentsch,DE,MAJ
DE2014_046,Der letzte Mentsch,CH,MIN
DE2014_046,Der letzte Mentsch,FR,MIN
DE2014_047,Stereo,DE,MAJ
DE2014_048,Die Wirklichkeit kommt,DE,MAJ
DE2014_049,Zeit der Kannibalen,DE,MAJ
DE2014_050,Kathedralen der Kultur,DE,MAJ
DE2014_050,Kathedralen der Kultur,US,MIN
DE2014_050,Kathedralen der Kultur,NO,MIN
DE2014_050,Kathedralen der Kultur,RU,MIN
DE2014_050,Kathedralen der Kultur,FR,MIN
DE2014_051,Welcome Goodbye!,DE,MAJ
DE2014_052,Vom Ordnen der Dinge,DE,MAJ
DE2014_053,Willkommen bei Habib,DE,MAJ
DE2014_054,Sieniawka,DE,MAJ
DE2014_054,Sieniawka,PL,MIN
DE2014_055,Harms,DE,MAJ
DE2014_056,Still,DE,MAJ
DE2014_057,Lupu,DE,MAJ
DE2014_057,Lupu,RO,MIN
DE2014_058,Beste Chance,DE,MAJ
DE2014_059,Nebenwege,DE,MAJ
DE2014_060,Millionen,DE,MAJ
DE2014_061,"Rico, Oskar und die Tieferschatten",DE,MAJ
DE2014_062,Wir sind die Neuen,DE,MAJ
DE2014_063,Der Schmetterlingsjäger - 37 Karteikarten zu Nabokov,DE,MAJ
DE2014_063,Der Schmetterlingsjäger - 37 Karteikarten zu Nabokov,CH,MIN
DE2014_064,Wacken 3D,DE,MAJ
DE2014_065,Die geliebten Schwestern,DE,MAJ
DE2014_065,Die geliebten Schwestern,AT,MIN
DE2014_065,Die geliebten Schwestern,CH,MIN
DE2014_066,Die Innere Zone,DE,MAJ
DE2014_067,Freiland,DE,MAJ
DE2014_068,Saphirblau,DE,MAJ
DE2014_069,Hector and the Search for Happiness,DE,MAJ
DE2014_069,Hector and the Search for Happiness,CA,MIN
DE2014_069,Hector and the Search for Happiness,GB,MIN
DE2014_069,Hector and the Search for Happiness,ZA,MIN
DE2014_070,Besser als nix,DE,MAJ
DE2014_071,Göttliche Lage - Eine Stadt erfindet sich neu,DE,MAJ
DE2014_072,Patriotinnen (Patriots & Poets)/ Drei Heldinnen auf der Suche nach Heimat,DE,MAJ
DE2014_073,Wolfskinder,DE,MAJ
DE2014_074,Doktorspiele,DE,MAJ
DE2014_075,Lola auf der Erbse,DE,MAJ
DE2014_076,Ohne Dich,DE,MAJ
DE2014_077,Amma und Appa,DE,MAJ
DE2014_078,Maya the Bee Movie,DE,MAJ
DE2014_078,Maya the Bee Movie,AU,MIN
DE2014_079,Lügen und andere Wahrheiten,DE,MAJ
DE2014_080,Song from the Forest,DE,MAJ
DE2014_080,Song from the Forest,US,MIN
DE2014_080,Song from the Forest,CF,MIN
DE2014_081,Töchter,DE,MAJ
DE2014_082,Nowitzki: Der perfekte Wurf,DE,MAJ
DE2014_083,Schönefeld Boulevard,DE,MAJ
DE2014_084,Who Am I - Kein System ist sicher,DE,MAJ
DE2014_085,Der 7bte Zwerg,DE,MAJ
DE2014_086,Phoenix,DE,MAJ
DE2014_086,Phoenix,PL,MIN
DE2014_087,Im Krieg - Der 1. Weltkrieg in 3D,DE,MAJ
DE2014_088,Anderson,DE,MAJ
DE2014_089,Männerhort,DE,MAJ
DE2014_090,Planet Deutschland - 300 Millionen Jahre,DE,MAJ
DE2014_091,Die Zeit vergeht wie ein brüllender Löwe,DE,MAJ
DE2014_092,Ein Geschenk der Götter,DE,MAJ
DE2014_093,Hirngespinster,DE,MAJ
DE2014_094,Gefällt mir,DE,MAJ
DE2014_095,Lamento,DE,MAJ
DE2014_096,The Cut,DE,MAJ
DE2014_096,The Cut,FR,MIN
DE2014_097,Die Vampirschwestern 2,DE,MAJ
DE2014_098,Winterkartoffelknödel,DE,MAJ
DE2014_099,Arteholic,DE,MAJ
DE2014_100,Coming In,DE,MAJ
DE2014_101,Hin und weg,DE,MAJ
DE2014_102,Que Caramba Es La Vida,DE,MAJ
DE2014_103,Good luck finding yourself,DE,MAJ
DE2014_103,Good luck finding yourself,CN,MIN
DE2014_103,Good luck finding yourself,PK,MIN
DE2014_103,Good luck finding yourself,IN,MIN
DE2014_104,"Love, Rosie",DE,MAJ
DE2014_104,"Love, Rosie",GB,MIN
DE2014_105,Der Kleine Medicus - Geheimnisvolle Mission im Körper,DE,MAJ
DE2014_106,Der Samurai,DE,MAJ
DE2014_107,Karneval! - Wir sind positiv bekloppt,DE,MAJ
DE2014_108,Die Familie,DE,MAJ
DE2014_109,Im Labyrinth des Schweigens,DE,MAJ
DE2014_110,Quatsch und die Nasenbärbande,DE,MAJ
DE2014_111,Bevor der letzte Vorhang fällt,DE,MAJ
DE2014_111,Bevor der letzte Vorhang fällt,BE,MIN
DE2014_112,Love Supreme - Sechs Saiten und ein Brett,DE,MAJ
DE2014_113,Bocksprünge,DE,MAJ
DE2014_114,The Farmer and His Prince,DE,MAJ
DE2014_115,Der Koch,DE,MAJ
DE2014_116,Auf Das Leben! To Life!,DE,MAJ
DE2014_117,Wir waren Könige,DE,MAJ
DE2014_118,"Wie ich lernte, die Zahlen zu lieben",DE,MAJ
DE2014_119,Alles Ist Liebe,DE,MAJ
DE2014_120,Wiedersehen mit Brundibar,DE,MAJ
DE2014_120,Wiedersehen mit Brundibar,CZ,MIN
DE2014_121,Haindling - und überhaupts...,DE,MAJ
DE2014_122,Titos Brille,DE,MAJ
DE2014_122,Titos Brille,IT,MIN
DE2014_122,Titos Brille,RS,MIN
DE2014_122,Titos Brille,GA,MIN
DE2014_123,The Special Need,DE,MAJ
DE2014_123,The Special Need,IT,MIN
DE2014_123,The Special Need,AT,MIN
DE2014_123,The Special Need,FR,MIN
DE2014_124,Der kleine Drache Kokosnuss,DE,MAJ
DE2014_125,Honig im Kopf,DE,MAJ
DE2014_126,Bibi & Tina: Voll verhext!,DE,MAJ
DE2014_127,Bavaria Vista Club,DE,MAJ
SI2023_001,Šepet Metulja,SI,MAJ
SI2023_002,Je kir ke riku? Poharska komedija,SI,MAJ
SI2023_003,Nekaj sladkega,SI,MAJ
SI2023_004,Jezdeca,SI,MAJ
SI2023_004,Jezdeca,BA,MIN
SI2023_004,Jezdeca,IT,MIN
SI2023_004,Jezdeca,RS,MIN
SI2023_004,Jezdeca,HR,MIN
SI2023_005,Kaj pa Ester?,SI,MAJ
SI2023_006,Vzornik,SI,MAJ
SI2023_006,Vzornik,RS,MIN
SI2023_006,Vzornik,CZ,MIN
SI2023_006,Vzornik,IT,MIN
SI2023_007,Poslednji heroj,SI,MAJ
SI2023_008,Pero,SI,MAJ
SI2023_009,Temni pokrov sveta,SI,MAJ
SI2023_010,Telo,SI,MAJ
SI2023_010,Telo,MK,MIN
SI2023_010,Telo,HR,MIN
SI2023_011,L'uomo senza colpa,SI,MAJ
SI2023_011,L'uomo senza colpa,IT,MIN
SI2023_012,Ptičar,SI,MAJ
SI2022_001,Pr' Hostar 2,SI,MAJ
SI2022_002,Gajin svet 2,SI,MAJ
SI2022_003,Kapa,SI,MAJ
SI2022_004,"Bitch, A Derogatory Term for a Woman",SI,MAJ
SI2022_005,Vesolje med nami (The space among us),SI,MAJ
SI2022_006,Orkester,SI,MAJ
SI2022_007,Moja Vesna,SI,MAJ
SI2022_008,Iskre V Času,SI,MAJ
SI2022_009,Zastoj,SI,MAJ
SI2022_009,Zastoj,MK,MIN
SI2022_009,Zastoj,RS,MIN
SI2022_010,Antigona - kako si upamo!,SI,MAJ
SI2021_001,Inventura,SI,MAJ
SI2021_002,Sanremo,SI,MAJ
SI2021_002,Sanremo,IT,MIN
SI2021_003,Nekoc so bili ljudje,SI,MAJ
SI2021_004,Beli bojevnik v crni obleki,SI,MAJ
SI2020_001,Vsi proti vsem,SI,MAJ
SI2020_002,Polsestra,SI,MAJ
SI2020_002,Polsestra,MK,MIN
SI2020_002,Polsestra,RS,MIN
SI2020_003,Daughter of Camorra,SI,MAJ
SI2020_003,Daughter of Camorra,IT,MIN
SI2019_001,Kosarkar Naj Bo 2,SI,MAJ
SI2019_002,Ne bom več luzerka,SI,MAJ
SI2019_003,Zgodbe iz kostanjevih gozdov,SI,MAJ
SI2019_004,Izbrisana,SI,MAJ
SI2019_005,Igor in Rosa,SI,MAJ
SI2019_005,Igor in Rosa,IT,MIN
SI2019_006,Korporacija,SI,MAJ
SI2019_006,Korporacija,HR,MIN
SI2019_007,Oroslan,SI,MAJ
SI2018_001,Posledice,SI,MAJ
SI2018_001,Posledice,AT,MIN
SI2018_002,Družina,SI,MAJ
SI2018_002,Družina,AT,MIN
SI2018_003,Poj mi pesem,SI,MAJ
SI2018_004,Tisoč ur bridkosti za eno uro veselja,SI,MAJ
SI2018_005,Cankar,SI,MAJ
SI2018_006,Codelli,SI,MAJ
SI2018_007,Pero lovšin - ti lahko,SI,MAJ
SI2018_008,Vztrajanje,SI,MAJ
SI2018_008,Vztrajanje,HR,MIN
SI2018_008,Vztrajanje,IT,MIN
SI2018_008,Vztrajanje,RS,MIN
SI2018_009,Playing Men,SI,MAJ
SI2018_009,Playing Men,HR,MIN
SI2018_010,Glasba je časovna umetnost 3: LP film Laibach,SI,MAJ
SI2018_011,Žaba,SI,MAJ
SI2018_011,Žaba,MK,MIN
SI2018_011,Žaba,RS,MIN
SI2018_011,Žaba,HR,MIN
SI2017_001,Košarkar naj bo,SI,MAJ
SI2017_002,Milice 2,SI,MAJ
SI2017_003,Prebujanja,SI,MAJ
SI2017_004,Ivan,SI,MAJ
SI2017_005,Anina provizija,SI,MAJ
SI2017_006,Druzinica,SI,MAJ
SI2017_007,Mladi levi: polnost časa,SI,MAJ
SI2017_008,Privid,SI,MAJ
SI2017_009,A Comedy of Tears,SI,MAJ
SI2017_009,A Comedy of Tears,IT,MIN
SI2016_001,Pr' Hostar,SI,MAJ
SI2016_002,"Houston, We Have a Problem",SI,MAJ
SI2016_002,"Houston, We Have a Problem",HR,MIN
SI2016_002,"Houston, We Have a Problem",DE,MIN
SI2016_002,"Houston, We Have a Problem",CZ,MIN
SI2016_002,"Houston, We Have a Problem",QA,MIN
SI2016_003,Nika,SI,MAJ
SI2016_004,Pojdi Z Mano,SI,MAJ
SI2016_005,Nočno življenje,SI,MAJ
SI2016_006,Case: Osterberg,SI,MAJ
SI2015_001,Šiška Deluxe,SI,MAJ
SI2015_001,Šiška Deluxe,CZ,MIN
SI2015_001,Šiška Deluxe,MK,MIN
SI2015_002,Idila,SI,MAJ
SI2015_003,Julija in alfa Romeo,SI,MAJ
SI2015_004,The Beat of Love: Utrip Ljubezni,SI,MAJ
SI2015_005,Avtošola,SI,MAJ
SI2015_006,"Šuplje priče: Zdej te je, a zdej te ni",SI,MAJ
SI2015_007,Dom,SI,MAJ
SI2015_008,Rdeča raketa,SI,MAJ
SI2015_009,Doberdob - roman upornika,SI,MAJ
SI2014_001,Vloga za Emo,SI,MAJ
SI2014_002,Panika,SI,MAJ
SI2014_003,Pot v raj,SI,MAJ
SI2014_004,Inferno,SI,MAJ
SI2014_004,Inferno,HR,MIN
SI2014_004,Inferno,MK,MIN
SI2014_004,Inferno,RS,MIN
SI2014_005,The Mask of Democracy,SI,MAJ
SI2014_006,Zapelji me,SI,MAJ
HR2023_001,Cvrčak i mravica,HR,MAJ
HR2023_002,Tragovi,HR,MAJ
HR2023_002,Tragovi,LT,MIN
HR2023_002,Tragovi,RS,MIN
HR2023_003,Glava velike ribe,HR,MAJ
HR2023_004,Punim plućima,HR,MAJ
HR2023_005,El Shatt - nacrt za utopiju,HR,MAJ
HR2023_005,El Shatt - nacrt za utopiju,RS,MIN
HR2023_006,Pelikan,HR,MAJ
HR2023_006,Pelikan,PT,MIN
HR2023_007,Hotel Pula,HR,MAJ
HR2023_008,Smrt djevojčice sa žigicama,HR,MAJ
HR2023_008,Smrt djevojčice sa žigicama,ME,MIN
HR2023_008,Smrt djevojčice sa žigicama,BA,MIN
HR2023_009,Ciné-Guerrillas: Scenes from the Labudović Reels,HR,MAJ
HR2023_009,Ciné-Guerrillas: Scenes from the Labudović Reels,ME,MIN
HR2023_009,Ciné-Guerrillas: Scenes from the Labudović Reels,RS,MIN
HR2023_010,Kuća na Kraljevcu,HR,MAJ
HR2023_011,Escort,HR,MAJ
HR2023_011,Escort,MK,MIN
HR2023_011,Escort,XK,MIN
HR2023_012,Snajka: Dnevnik očekivanja,HR,MAJ
HR2023_012,Snajka: Dnevnik očekivanja,IT,MIN
HR2023_012,Snajka: Dnevnik očekivanja,MK,MIN
HR2023_013,Sedmo nebo,HR,MAJ
HR2023_014,Samo kad se smijem,HR,MAJ
HR2023_014,Samo kad se smijem,RS,MIN
HR2023_015,Sveta obitelj,HR,MAJ
HR2022_001,Tvornice radnicima,HR,MAJ
HR2022_002,Razgovor,HR,MAJ
HR2022_003,Veće od traume,HR,MAJ
HR2022_004,Djeca sa CNN-a,HR,MAJ
HR2022_004,Djeca sa CNN-a,BA,MIN
HR2022_005,Divljaci,HR,MAJ
HR2022_006,Baci se na pod,HR,MAJ
HR2022_007,Nosila je rubac črleni,HR,MAJ
HR2022_008,Nuovo Cinema Buie,HR,MAJ
HR2022_009,Illyricvm,HR,MAJ
HR2022_009,Illyricvm,SI,MIN
HR2022_009,Illyricvm,IT,MIN
HR2022_009,Illyricvm,XK,MIN
HR2022_009,Illyricvm,BA,MIN
HR2022_010,Marginalci,HR,MAJ
HR2022_011,Sigurno mjesto,HR,MAJ
HR2022_012,Šesti autobus,HR,MAJ
HR2022_013,Stric,HR,MAJ
HR2022_013,Stric,RS,MIN
HR2022_014,Garbura,HR,MAJ
HR2022_014,Garbura,RS,MIN
HR2021_001,Slučajna raskoš prozirnog vodenog rebusa,HR,MAJ
HR2021_002,Nun of Your Business,HR,MAJ
HR2021_002,Nun of Your Business,RS,MIN
HR2021_003,Doba uskoka,HR,MAJ
HR2021_004,Zora,HR,MAJ
HR2021_004,Zora,IT,MIN
HR2021_005,Tereza37,HR,MAJ
HR2021_006,Riječki orao,HR,MAJ
HR2021_007,Love around the world,HR,MAJ
HR2021_007,Love around the world,DE,MIN
HR2021_008,Murina,HR,MAJ
HR2021_008,Murina,BR,MIN
HR2021_008,Murina,US,MIN
HR2021_008,Murina,SI,MIN
HR2021_009,Zbornica,HR,MAJ
HR2021_010,Plavi cvijet,HR,MAJ
HR2021_010,Plavi cvijet,RS,MIN
HR2021_011,A bili smo vam dobri,HR,MAJ
HR2021_011,A bili smo vam dobri,BA,MIN
HR2021_012,Po Tamburi,HR,MAJ
HR2020_001,Zagrebački ekvinocij,HR,MAJ
HR2020_002,Stepinac: Kardinal i njegova savjest,HR,MAJ
HR2020_003,Ribanje i ribarsko prigovaranje,HR,MAJ
HR2019_001,Koja je ovo država!,HR,MAJ
HR2019_001,Koja je ovo država!,RS,MIN
HR2019_001,Koja je ovo država!,PL,MIN
HR2019_002,Za ona dobra stara vremena,HR,MAJ
HR2019_003,Mali,HR,MAJ
HR2019_004,Posljednji Srbin u Hrvatskoj,HR,MAJ
HR2019_004,Posljednji Srbin u Hrvatskoj,RS,MIN
HR2019_005,Lada Kamenski,HR,MAJ
HR2019_006,Dom,HR,MAJ
HR2019_007,Moj dida je pao s Marsa,HR,MAJ
HR2019_007,Moj dida je pao s Marsa,BA,MIN
HR2019_007,Moj dida je pao s Marsa,CZ,MIN
HR2019_007,Moj dida je pao s Marsa,LU,MIN
HR2019_007,Moj dida je pao s Marsa,SI,MIN
HR2019_007,Moj dida je pao s Marsa,SK,MIN
HR2019_008,Ufuraj se i pukni,HR,MAJ
HR2019_009,Duboki rezovi,HR,MAJ
HR2019_010,Do kraja smrti,HR,MAJ
HR2019_011,General,HR,MAJ
HR2019_012,Tusta,HR,MAJ
HR2019_012,Tusta,RS,MIN
HR2019_012,Tusta,MK,MIN
HR2019_013,Dnevnik Diane Budisavljević,HR,MAJ
HR2019_013,Dnevnik Diane Budisavljević,SI,MIN
HR2019_013,Dnevnik Diane Budisavljević,RS,MIN
HR2019_014,Dopunska nastava,HR,MAJ
HR2019_015,Ideš? Idem!,HR,MAJ
HR2018_001,Ljetnikovac,HR,MAJ
HR2018_002,Sam samcat,HR,MAJ
HR2018_002,Sam samcat,RS,MIN
HR2018_003,Osmi povjerenik,HR,MAJ
HR2018_004,Comic Sans,HR,MAJ
HR2018_005,F20,HR,MAJ
HR2018_006,Aleksi,HR,MAJ
HR2018_006,Aleksi,RS,MIN
HR2018_007,Happy End,HR,MAJ
HR2017_001,Anka,HR,MAJ
HR2017_002,Svinjari,HR,MAJ
HR2017_003,Lavina,HR,MAJ
HR2017_004,Fuck Off I Love You,HR,MAJ
HR2017_005,Egzorcizam,HR,MAJ
HR2017_006,Agape,HR,MAJ
HR2017_007,Mrtve ribe,HR,MAJ
HR2017_007,Mrtve ribe,BA,MIN
HR2016_001,S one strane,HR,MAJ
HR2016_001,S one strane,RS,MIN
HR2016_002,Zg80,HR,MAJ
HR2016_003,Ustav Republike Hrvatske,HR,MAJ
HR2016_003,Ustav Republike Hrvatske,CZ,MIN
HR2016_003,Ustav Republike Hrvatske,SI,MIN
HR2016_003,Ustav Republike Hrvatske,MK,MIN
HR2016_004,Ministarstvo ljubavi,HR,MAJ
HR2016_004,Ministarstvo ljubavi,CZ,MIN
HR2016_005,Sve najbolje,HR,MAJ
HR2016_006,Goran,HR,MAJ
HR2015_001,Most na kraju svijeta,HR,MAJ
HR2015_001,Most na kraju svijeta,RS,MIN
HR2015_001,Most na kraju svijeta,BA,MIN
HR2015_001,Most na kraju svijeta,FR,MIN
HR2015_002,Takva su pravila,HR,MAJ
HR2015_002,Takva su pravila,FR,MIN
HR2015_002,Takva su pravila,RS,MIN
HR2015_002,Takva su pravila,MK,MIN
HR2015_003,Kosac,HR,MAJ
HR2015_003,Kosac,SI,MIN
HR2015_004,Zagreb Cappuccino,HR,MAJ
HR2015_005,Ti mene nosiš,HR,MAJ
HR2015_005,Ti mene nosiš,SI,MIN
HR2015_005,Ti mene nosiš,RS,MIN
HR2015_005,Ti mene nosiš,SL,MIN
HR2015_006,Zvizdan,HR,MAJ
HR2015_006,Zvizdan,RS,MIN
HR2015_006,Zvizdan,SI,MIN
HR2015_007,Narodni heroj Ljiljan Vidić,HR,MAJ
HR2015_007,Narodni heroj Ljiljan Vidić,RS,MIN
HR2014_001,Projekcije,HR,MAJ
HR2014_002,Hitac,HR,MAJ
HR2014_003,Majstori,HR,MAJ
HR2014_004,Duh babe Ilonke,HR,MAJ
HR2014_005,Simon Čudotvorac,HR,MAJ
HR2014_006,Otok ljubavi,HR,MAJ
HR2014_006,Otok ljubavi,DE,MIN
HR2014_006,Otok ljubavi,BA,MIN
HR2014_006,Otok ljubavi,CH,MIN
HR2014_007,Happy Endings,HR,MAJ
HR2014_008,Broj 55,HR,MAJ
DE2023_001,Holy Spider,DK,MIN
DE2023_001,Holy Spider,FR,MIN
DE2023_001,Holy Spider,SE,MIN
DE2023_002,Mission Ulja Funk,DE,MAJ
DE2023_002,Mission Ulja Funk,LU,MIN
DE2023_002,Mission Ulja Funk,PL,MIN
DE2023_003,FCK 2020 - Zweieinhalb Jahre mit Scooter,DE,MAJ
DE2023_004,Schlachthäuser der Moderne,DE,MAJ
DE2023_005,Die drei ??? – Erbe des Drachen,DE,MAJ
DE2023_006,Caveman,DE,MAJ
DE2023_007,Schattenkind: Andreas Reiner,DE,MAJ
DE2023_008,Sharaf,DE,MAJ
DE2023_008,Sharaf,EG,MIN
DE2023_008,Sharaf,TN,MIN
DE2023_008,Sharaf,FR,MIN
DE2023_008,Sharaf,LU,MIN
DE2023_009,Daniel Richter,DE,MAJ
DE2023_010,Aus meiner Haut,DE,MAJ
DE2023_011,Fritz Bauers Erbe - Gerechtigkeit verjährt nicht,DE,MAJ
DE2023_012,Bulldog,DE,MAJ
DE2023_012,Bulldog,ES,MIN
DE2023_013,The Albanian Virgin,DE,MAJ
DE2023_014,Acht Geschwister,DE,MAJ
DE2023_015,Sorry Genosse,DE,MAJ
DE2023_016,Wie Dich selbst?,DE,MAJ
DE2023_017,Vogelperspektiven,DE,MAJ
DE2023_018,"Quo Vadis, Angeln?",DE,MAJ
DE2023_019,"Wann wird es endlich wieder so, wie es nie war",DE,MAJ
DE2023_020,Lucy ist jetzt Gangster,DE,MAJ
DE2023_021,Der Zeuge,DE,MAJ
DE2023_022,Alle wollen geliebt werden,DE,MAJ
DE2023_023,CAN and Me,DE,MAJ
DE2023_024,Rock Chicks - I am not Female to You,DE,MAJ
DE2023_025,DORA - Flucht in die Musik,DE,MAJ
DE2023_026,"Mayor, Shepherd, Widow, Dragon",DE,MAJ
DE2023_026,"Mayor, Shepherd, Widow, Dragon",BG,MIN
DE2023_027,Ladybitch,DE,MAJ
DE2023_028,Der Pfau,DE,MAJ
DE2023_028,Der Pfau,BE,MIN
DE2023_029,Der Maler,DE,MAJ
DE2023_029,Der Maler,CH,MIN
DE2023_030,Überflieger 2 - Das Geheimnis des großen Juwels,DE,MAJ
DE2023_030,Überflieger 2 - Das Geheimnis des großen Juwels,BE,MIN
DE2023_030,Überflieger 2 - Das Geheimnis des großen Juwels,NO,MIN
DE2023_031,Der vermessene Mensch,DE,MAJ
DE2023_032,Lars Eidinger - Sein oder nicht sein,DE,MAJ
DE2023_033,Seneca,DE,MAJ
DE2023_034,Long Distance Swimmer: Sara Mardini,DE,MAJ
DE2023_034,Long Distance Swimmer: Sara Mardini,GB,MIN
DE2023_035,Liebe Angst,DE,MAJ
DE2023_036,Anne-Sophie Mutter - Vivace,DE,MAJ
DE2023_037,"Manta, Manta - Zwoter Teil",DE,MAJ
DE2023_038,Sisi & Ich,DE,MAJ
DE2023_038,Sisi & Ich,CH,MIN
DE2023_038,Sisi & Ich,AT,MIN
DE2023_039,The Ordinaries,DE,MAJ
DE2023_040,Olaf Jagger,DE,MAJ
DE2023_041,Irgendwann werden wir uns alles erzählen,DE,MAJ
DE2023_042,Der Fuchs,DE,MAJ
DE2023_042,Der Fuchs,AT,MIN
DE2023_043,Himbeeren mit Senf,DE,MAJ
DE2023_043,Himbeeren mit Senf,LU,MIN
DE2023_043,Himbeeren mit Senf,CH,MIN
DE2023_043,Himbeeren mit Senf,NL,MIN
DE2023_044,Roter Himmel,DE,MAJ
DE2023_045,Das Recht der Stärkeren,DE,MAJ
DE2023_046,Der Illusionist,DE,MAJ
DE2023_047,Das Lehrerzimmer,DE,MAJ
DE2023_048,Musik,DE,MAJ
DE2023_048,Musik,FR,MIN
DE2023_048,Musik,GR,MIN
DE2023_048,Musik,RS,MIN
DE2023_049,Mediterranean Fever,DE,MAJ
DE2023_049,Mediterranean Fever,FR,MIN
DE2023_049,Mediterranean Fever,CY,MIN
DE2023_049,Mediterranean Fever,PS,MIN
DE2023_050,Piaffe,DE,MAJ
DE2023_051,Adios Buenos Aires,DE,MAJ
DE2023_051,Adios Buenos Aires,AR,MIN
DE2023_052,"Wenzel: Glaubt nie, was ich singe",DE,MAJ
DE2023_053,153 Meter,DE,MAJ
DE2023_054,Gewalten,DE,MAJ
DE2023_054,Gewalten,NL,MIN
DE2023_054,Gewalten,AT,MIN
DE2023_055,She Chef,DE,MAJ
DE2023_055,She Chef,AT,MIN
DE2023_056,Blauer Himmel Weiße Wolken,DE,MAJ
DE2023_057,Fisch im Fell,DE,MAJ
DE2023_058,Orphea in Love,DE,MAJ
DE2023_059,All Inclusive,DE,MAJ
DE2023_060,Coming home,DE,MAJ
DE2023_061,Tanja: Up in Arms,DE,MAJ
DE2023_062,Bis ans Ende der Nacht,DE,MAJ
DE2023_063,The Investor - The Independent Surf Movie,DE,MAJ
DE2023_064,Die Unschärferelation der Liebe,DE,MAJ
DE2023_065,Thomas Schütte - Ich bin nicht allein,DE,MAJ
DE2023_066,Jackie the Wolf,DE,MAJ
DE2023_066,Jackie the Wolf,FR,MIN
DE2023_067,Irre oder Der Hahn ist tot,DE,MAJ
DE2023_068,Gehen und Bleiben,DE,MAJ
DE2023_069,Lassie - Ein neues Abenteuer,DE,MAJ
DE2023_070,Geschlechterkampf - Das Ende des Patriarchats,DE,MAJ
DE2023_071,Rehragout-Rendezvous,DE,MAJ
DE2023_072,Black Box,DE,MAJ
DE2023_072,Black Box,BE,MIN
DE2023_073,Kannawoniwasein!,DE,MAJ
DE2023_074,Le Mali 70,DE,MAJ
DE2023_075,YOUTH TOPIA,DE,MAJ
DE2023_075,YOUTH TOPIA,CH,MIN
DE2023_076,Ponyherz,DE,MAJ
DE2023_077,Jeder schreibt für sich allein,DE,MAJ
DE2023_078,"Sophia, der Tod und ich",DE,MAJ
DE2023_079,Enkel für Fortgeschrittene,DE,MAJ
DE2023_080,Jazzfieber,DE,MAJ
DE2023_081,Trauzeugen,DE,MAJ
DE2023_082,Das Versprechen,DE,MAJ
DE2023_083,Frauen in Landschaften,DE,MAJ
DE2023_084,Weißt du noch,DE,MAJ
DE2023_085,Wochenendrebellen,DE,MAJ
DE2023_086,Die Mittagsfrau,DE,MAJ
DE2023_086,Die Mittagsfrau,CH,MIN
DE2023_086,Die Mittagsfrau,LU,MIN
DE2023_087,Schlamassel,DE,MAJ
DE2023_088,Gernstls Reisen - Auf der Suche nach Irgendwas,DE,MAJ
DE2023_089,Eren,DE,MAJ
DE2023_090,Anselm - Das Rauschen der Zeit,DE,MAJ
DE2023_091,Heaven Can Wait - Wir leben jetzt,DE,MAJ
DE2023_092,Ein Fest fürs Leben,DE,MAJ
DE2023_093,White Angel - The End of Marinka,DE,MAJ
DE2023_094,Neue Geschichten vom Pumuckl,DE,MAJ
DE2023_095,Die (un)langweiligste Schule der Welt,DE,MAJ
DE2023_096,One for the Road,DE,MAJ
DE2023_097,Die Theorie von Allem,DE,MAJ
DE2023_097,Die Theorie von Allem,AT,MIN
DE2023_097,Die Theorie von Allem,CH,MIN
DE2023_098,Kommt ein Vogel geflogen,DE,MAJ
DE2023_099,Thabo and the Rhino Case,DE,MAJ
DE2023_100,Für immer,DE,MAJ
DE2023_101,Miss Holocaust Survivor,DE,MAJ
DE2023_102,Tastenarbeiter - Alexander von Schlippenbach,DE,MAJ
DE2023_103,Monster im Kopf,DE,MAJ
DE2023_104,Dead Girls Dancing,DE,MAJ
DE2023_104,Dead Girls Dancing,FR,MIN
DE2023_105,Holy Shit: Can Poop Save the World?,DE,MAJ
DE2023_105,Holy Shit: Can Poop Save the World?,CH,MIN
DE2023_106,The Sound of Cologne,DE,MAJ
DE2023_107,Das Beste kommt noch!,DE,MAJ
DE2023_108,Falling Into Place,DE,MAJ
DE2023_108,Falling Into Place,GB,MIN
DE2023_109,Haus der Stille,DE,MAJ
DE2023_110,791 km,DE,MAJ
DE2023_111,Girl You Know It's True,DE,MAJ
DE2023_111,Girl You Know It's True,FR,MIN
DE2022_001,Niemand ist bei den Kälbern,DE,MAJ
DE2022_002,Schattenstunde,DE,MAJ
DE2022_003,Wunderschön,DE,MAJ
DE2022_004,Träume sind wie wilde Tiger,DE,MAJ
DE2022_005,Der Boandlkramer und die ewige Liebe,DE,MAJ
DE2022_006,Das Mädchen mit den goldenen Hände,DE,MAJ
DE2022_007,Der Pfad,DE,MAJ
DE2022_007,Der Pfad,ES,MIN
DE2022_008,Trübe Wolken,DE,MAJ
DE2022_009,Europe,DE,MAJ
DE2022_009,Europe,BE,MIN
DE2022_010,Vatersland,DE,MAJ
DE2022_011,Die Häschenschule - Der große Eierklau,DE,MAJ
DE2022_012,JGA: Jasmin. Gina. Anna.,DE,MAJ
DE2022_013,Trümmermädchen,DE,MAJ
DE2022_014,Peterchens Mondfahrt,DE,MAJ
DE2022_014,Peterchens Mondfahrt,AT,MIN
DE2022_015,Im Nachtlicht,DE,MAJ
DE2022_016,Son of Cornwall,DE,MAJ
DE2022_017,Eingeschlossene Gesellschaft,DE,MAJ
DE2022_018,Geschichten vom Franz,DE,MAJ
DE2022_018,Geschichten vom Franz,AT,MIN
DE2022_019,Go Heal Yourself,DE,MAJ
DE2022_020,Köy,DE,MAJ
DE2022_021,Das Glaszimmer,DE,MAJ
DE2022_022,Die Saat,DE,MAJ
DE2022_023,Wolke unterm Dach,DE,MAJ
DE2022_024,"Der Mann, der die Welt aß",DE,MAJ
DE2022_025,Rabiye Kurnaz gegen George W. Bush,DE,MAJ
DE2022_025,Rabiye Kurnaz gegen George W. Bush,FR,MIN
DE2022_026,Der Onkel,DE,MAJ
DE2022_026,Der Onkel,AT,MIN
DE2022_027,Blutsauger,DE,MAJ
DE2022_028,Heinrich Vogeler - Aus dem Leben eines Träumers,DE,MAJ
DE2022_029,Nico,DE,MAJ
DE2022_030,Willi und die Wunderkröte,DE,MAJ
DE2022_031,Bettina,DE,MAJ
DE2022_032,Stasikomödie,DE,MAJ
DE2022_033,Ökozid,DE,MAJ
DE2022_034,Die Bilderkriegerin,DE,MAJ
DE2022_035,Immenhof - Das große Versprechen,DE,MAJ
DE2022_036,Mia and Me: The Hero of Centopia,DE,MAJ
DE2022_036,Mia and Me: The Hero of Centopia,AU,MIN
DE2022_036,Mia and Me: The Hero of Centopia,IN,MIN
DE2022_037,Alles in bester Ordnung,DE,MAJ
DE2022_038,Heiko`s Welt,DE,MAJ
DE2022_039,Bastard in Mind,DE,MAJ
DE2022_040,Rivale,DE,MAJ
DE2022_040,Rivale,UA,MIN
DE2022_041,The Strait Guys,DE,MAJ
DE2022_041,The Strait Guys,FI,MIN
DE2022_041,The Strait Guys,CA,MIN
DE2022_042,Ein großes Versprechen,DE,MAJ
DE2022_043,Zum Tod meiner Mutter,DE,MAJ
DE2022_044,Die Geschichte der Menschheit - leicht gekürzt,DE,MAJ
DE2022_044,Die Geschichte der Menschheit - leicht gekürzt,CH,MIN
DE2022_045,Endlich unendlich,DE,MAJ
DE2022_045,Endlich unendlich,AT,MIN
DE2022_046,Zwischen uns,DE,MAJ
DE2022_047,Stand Up,DE,MAJ
DE2022_048,A E I O U - Das schnelle Alphabet der Liebe,DE,MAJ
DE2022_048,A E I O U - Das schnelle Alphabet der Liebe,FR,MIN
DE2022_049,Dear Memories - Eine Reise mit dem Magnum-Fotografen Thomas Hoepker,DE,MAJ
DE2022_049,Dear Memories - Eine Reise mit dem Magnum-Fotografen Thomas Hoepker,CH,MIN
DE2022_050,Axiom,DE,MAJ
DE2022_051,Alfons Zitterbacke - Endlich Klassenfahrt!,DE,MAJ
DE2022_052,Best Birthday Ever,DE,MAJ
DE2022_052,Best Birthday Ever,NL,MIN
DE2022_052,Best Birthday Ever,SE,MIN
DE2022_053,Liebesdings,DE,MAJ
DE2022_054,The Expert at the Card Table,DE,MAJ
DE2022_055,Everything Will Change,DE,MAJ
DE2022_055,Everything Will Change,NL,MIN
DE2022_056,Bibi & Tina: Einfach Anders,DE,MAJ
DE2022_057,Geborgtes Weiß,DE,MAJ
DE2022_058,Guglhupfgeschwader,DE,MAJ
DE2022_059,Nicht ganz koscher: Eine göttliche Komödie,DE,MAJ
DE2022_060,Der junge Häuptling Winnetou,DE,MAJ
DE2022_061,Grand Jeté,DE,MAJ
DE2022_062,Sweet Disaster,DE,MAJ
DE2022_063,Die Zukunft ist ein einsamer Ort,DE,MAJ
DE2022_064,Jagdsaison,DE,MAJ
DE2022_065,Die Känguru-Verschwörung,DE,MAJ
DE2022_066,Evolution,DE,MAJ
DE2022_066,Evolution,HU,MIN
DE2022_067,Freibad,DE,MAJ
DE2022_068,Komm mit mir in das Cinema - Die Gregors,DE,MAJ
DE2022_069,L'état et moi,DE,MAJ
DE2022_070,Le tigre qui s’invita pour le thé,DE,MAJ
DE2022_070,Le tigre qui s’invita pour le thé,GB,MIN
DE2022_070,Le tigre qui s’invita pour le thé,FR,MIN
DE2022_071,Alle reden übers Wetter,DE,MAJ
DE2022_072,Lieber Kurt,DE,MAJ
DE2022_073,Mittagsstunde,DE,MAJ
DE2022_074,Verabredungen mit einem Dichter - Michael Krüger,DE,MAJ
DE2022_075,Da kommt noch was,DE,MAJ
DE2022_076,Die Schule der magischen Tiere 2,DE,MAJ
DE2022_077,Mutter,DE,MAJ
DE2022_078,Wir könnten genauso gut tot sein,DE,MAJ
DE2022_078,Wir könnten genauso gut tot sein,RO,MIN
DE2022_079,"In einem Land, das es nicht mehr gibt",DE,MAJ
DE2022_080,Rimini,DE,MAJ
DE2022_080,Rimini,FR,MIN
DE2022_080,Rimini,AT,MIN
DE2022_081,Margarethe von Trotta - Zeit der Frauen,DE,MAJ
DE2022_082,Der Passfälscher,DE,MAJ
DE2022_082,Der Passfälscher,LU,MIN
DE2022_083,Nicht verrecken,DE,MAJ
DE2022_084,Ach du Scheisse!,DE,MAJ
DE2022_085,Der Nachname,DE,MAJ
DE2022_086,Die Mucklas ... und wie sie zu Pettersson und Findus kamen,DE,MAJ
DE2022_086,Die Mucklas ... und wie sie zu Pettersson und Findus kamen,LU,MIN
DE2022_087,Werner Herzog - Radical Dreamer,DE,MAJ
DE2022_087,Werner Herzog - Radical Dreamer,GB,MIN
DE2022_088,Rheingold,DE,MAJ
DE2022_088,Rheingold,IT,MIN
DE2022_088,Rheingold,NL,MIN
DE2022_089,Schweigend steht der Wald,DE,MAJ
DE2022_090,"Der Russe ist einer, der Birken liebt",DE,MAJ
DE2022_091,Die Frau des Dichters,DE,MAJ
DE2022_092,Hui Buh und das Hexenschloss,DE,MAJ
DE2022_093,Wer gräbt den Bestatter ein?,DE,MAJ
DE2022_094,Wir sind dann wohl die Angehörigen,DE,MAJ
DE2022_095,Elfriede Jelinek - die Sprache von der Leine lassen,DE,MAJ
DE2022_095,Elfriede Jelinek - die Sprache von der Leine lassen,AT,MIN
DE2022_096,Human Factors,DE,MAJ
DE2022_096,Human Factors,IT,MIN
DE2022_096,Human Factors,DK,MIN
DE2022_097,Hunter from Elsewhere - a Journey with Helen Britton,DE,MAJ
DE2022_098,Einfach mal was Schönes,DE,MAJ
DE2022_099,Kopfplatzen,DE,MAJ
DE2022_100,The Magic Flute,DE,MAJ
DE2022_101,The Middle Man,DE,MAJ
DE2022_101,The Middle Man,DK,MIN
DE2022_101,The Middle Man,CA,MIN
DE2022_101,The Middle Man,NO,MIN
DE2022_102,König hört auf,DE,MAJ
DE2022_103,Echo,DE,MAJ
DE2022_104,Nachtwald,DE,MAJ
DE2022_105,Die stillen Trabanten,DE,MAJ
DE2022_106,Ich Ich Ich,DE,MAJ
DE2022_107,Der Räuber Hotzenplotz,DE,MAJ
DE2022_107,Der Räuber Hotzenplotz,CH,MIN
DE2022_108,Was man von hier aus sehen kann,DE,MAJ
DE2022_109,Stille Post,DE,MAJ
DE2022_110,Oskars Kleid,DE,MAJ
DE2021_001,Szenen meiner Ehe,DE,MAJ
DE2021_002,Weissbier im Blut,DE,MAJ
DE2021_003,Kids Run,DE,MAJ
DE2021_004,Stillstehen,DE,MAJ
DE2021_005,Stowaway,DE,MAJ
DE2021_005,Stowaway,US,MIN
DE2021_005,Stowaway,GB,MIN
DE2021_006,Sommer-Rebellen,DE,MAJ
DE2021_006,Sommer-Rebellen,SK,MIN
DE2021_007,Catweazle,DE,MAJ
DE2021_008,Ich bin dein Mensch,DE,MAJ
DE2021_009,Shorty und das Geheimnis des Zauberriffs,DE,MAJ
DE2021_010,Im Feuer,DE,MAJ
DE2021_010,Im Feuer,GR,MIN
DE2021_011,Nebenan,DE,MAJ
DE2021_012,Wir alle. Das Dorf,DE,MAJ
DE2021_013,Gasmann,DE,MAJ
DE2021_014,Glück,DE,MAJ
DE2021_015,Smelliville,DE,MAJ
DE2021_015,Smelliville,BE,MAJ
DE2021_016,Die Vergesslichkeit der Eichhörnchen,DE,MAJ
DE2021_017,Home,DE,MAJ
DE2021_017,Home,NL,MIN
DE2021_018,Julia muss sterben,DE,MAJ
DE2021_019,Ostwind - Der große Orkan,DE,MAJ
DE2021_020,Fabian oder Der Gang vor die Hunde,DE,MAJ
DE2021_021,Kaiserschmarrndrama,DE,MAJ
DE2021_022,Kultourhelden,DE,MAJ
DE2021_023,Look Me Over: Liberace,DE,MAJ
DE2021_024,Kunst kommt aus dem Schnabel wie er gewachsen ist,DE,MAJ
DE2021_025,Nahschuss,DE,MAJ
DE2021_026,Neubau,DE,MAJ
DE2021_027,Wem gehört mein Dorf?,DE,MAJ
DE2021_028,Die Frau des Piloten,DE,MAJ
DE2021_028,Die Frau des Piloten,FR,MIN
DE2021_029,König der Raben,DE,MAJ
DE2021_030,Coup,DE,MAJ
DE2021_031,Sky Sharks,DE,MAJ
DE2021_032,Tides,DE,MAJ
DE2021_032,Tides,CH,MIN
DE2021_033,Bekenntnisse des Hochstaplers Felix Krull,DE,MAJ
DE2021_034,Mary Bauermeister - eins und eins ist drei,DE,MAJ
DE2021_035,Vic the Viking and the Magic Sword,DE,MAJ
DE2021_035,Vic the Viking and the Magic Sword,FR,MIN
DE2021_035,Vic the Viking and the Magic Sword,BE,MIN
DE2021_036,1986,DE,MAJ
DE2021_036,1986,BY,MIN
DE2021_037,Beckenrand Sheriff,DE,MAJ
DE2021_038,Curveball,DE,MAJ
DE2021_039,Ein Nasser Hund,DE,MAJ
DE2021_040,Herr Bachmann und seine Klasse,DE,MAJ
DE2021_041,Ivie wie Ivie,DE,MAJ
DE2021_042,Je Suis Karl,DE,MAJ
DE2021_042,Je Suis Karl,CZ,MIN
DE2021_043,Gender Crisis,DE,MAJ
DE2021_044,The Royal Game,DE,MAJ
DE2021_045,The Sunlit Night,DE,MAJ
DE2021_045,The Sunlit Night,NO,MIN
DE2021_046,Zu den Sternen,DE,MAJ
DE2021_047,Nö,DE,MAJ
DE2021_048,Die Pfefferkörner und der Schatz der Tiefsee,DE,MAJ
DE2021_049,Le Prince,DE,MAJ
DE2021_050,Lost in Face,DE,MAJ
DE2021_051,Töchter,DE,MAJ
DE2021_051,Töchter,IT,MIN
DE2021_051,Töchter,GR,MIN
DE2021_052,Das Haus,DE,MAJ
DE2021_053,Der Siebzehnte,DE,MAJ
DE2021_054,Uta,DE,MAJ
DE2021_055,Die Schule der magischen Tiere,DE,MAJ
DE2021_055,Die Schule der magischen Tiere,AT,MIN
DE2021_056,Endlich Tacheles,DE,MAJ
DE2021_057,"Es ist nur eine Phase, Hase",DE,MAJ
DE2021_058,Eine einsame Stadt,DE,MAJ
DE2021_059,Walchensee Forever,DE,MAJ
DE2021_060,Genderation,DE,MAJ
DE2021_061,Die letzte Stadt,DE,MAJ
DE2021_062,Contra,DE,MAJ
DE2021_063,Monster Family 2,DE,MAJ
DE2021_063,Monster Family 2,GB,MIN
DE2021_064,Paris - Kein Tag ohne dich,DE,MAJ
DE2021_065,Die Rettung der uns bekannten Welt,DE,MAJ
DE2021_066,Eine Handvoll Wasser,DE,MAJ
DE2021_067,Windstill,DE,MAJ
DE2021_068,Lieber Thomas,DE,MAJ
DE2021_069,Tagundnachtgleiche,DE,MAJ
DE2021_070,Mein Sohn,DE,MAJ
DE2021_071,Das schwarze Quadrat,DE,MAJ
DE2021_072,Baden gegen Württemberg,DE,MAJ
DE2021_073,Bilder (m)einer Mutter,DE,MAJ
DE2021_074,Hannes,DE,MAJ
DE2021_075,A Pure Place,DE,MAJ
DE2021_075,A Pure Place,GR,MIN
DE2021_076,Plan A,DE,MAJ
DE2021_076,Plan A,IL,MIN
DE2021_077,Zeros and Ones,DE,MAJ
DE2020_001,Sprite Sisters - Vier zauberhafte Schwestern,DE,MAJ
DE2020_002,Freies Land,DE,MAJ
DE2020_003,"Mein Vater, Mein Sohn Und Der Kilimandscharo",DE,MAJ
DE2020_004,Lindenberg! Mach dein Ding,DE,MAJ
DE2020_005,Crescendo,DE,MAJ
DE2020_006,Character One: Susan,DE,MAJ
DE2020_007,Die Hochzeit,DE,MAJ
DE2020_008,Die Wolf-Gäng,DE,MAJ
DE2020_009,Das Vorspiel,DE,MAJ
DE2020_009,Das Vorspiel,FR,MIN
DE2020_010,Roland Rebers Todesrevue,DE,MAJ
DE2020_011,Die Heinzels - Rückkehr der Heinzelmännchen,DE,MAJ
DE2020_011,Die Heinzels - Rückkehr der Heinzelmännchen,AT,MIN
DE2020_012,Darkroom - Tödliche Tropfen,DE,MAJ
DE2020_013,Enkel für Anfänger,DE,MAJ
DE2020_014,Butenland,DE,MAJ
DE2020_015,Nightlife,DE,MAJ
DE2020_016,"Kill Me Today, Tomorrow I'm Sick!",DE,MAJ
DE2020_017,Friedrich Hölderlin - Dichter sein. Unbedingt!,DE,MAJ
DE2020_018,Limbo,DE,MAJ
DE2020_019,Lassie - Eine abenteuerliche Reise,DE,MAJ
DE2020_020,Das Wunder von Taipeh,DE,MAJ
DE2020_021,Die Känguru-Chroniken,DE,MAJ
DE2020_022,Jenseits des Sichtbaren - Hilma af Klint,DE,MAJ
DE2020_022,Jenseits des Sichtbaren - Hilma af Klint,SE,MIN
DE2020_022,Jenseits des Sichtbaren - Hilma af Klint,CH,MIN
DE2020_022,Jenseits des Sichtbaren - Hilma af Klint,GB,MIN
DE2020_023,Paris Calligrammes,DE,MAJ
DE2020_023,Paris Calligrammes,FR,MIN
DE2020_024,Kahlschlag,DE,MAJ
DE2020_025,Der Krieg in mir,DE,MAJ
DE2020_026,800 Mal Einsam - ein Tag mit dem Filmemacher Edgar Reitz,DE,MAJ
DE2020_027,Narziss und Goldmund,DE,MAJ
DE2020_028,Wagenknecht,DE,MAJ
DE2020_029,Blind,DE,MAJ
DE2020_030,Bleichercode der Film,DE,MAJ
DE2020_031,La Palma,DE,MAJ
DE2020_032,Guns Akimbo,DE,MAJ
DE2020_032,Guns Akimbo,NZ,MIN
DE2020_032,Guns Akimbo,GB,MIN
DE2020_033,Der Geburtstag,DE,MAJ
DE2020_034,Gipsy Queen,DE,MAJ
DE2020_034,Gipsy Queen,AT,MIN
DE2020_035,Takeover,DE,MAJ
DE2020_036,Undine,DE,MAJ
DE2020_036,Undine,FR,MIN
DE2020_037,Sunburned,DE,MAJ
DE2020_037,Sunburned,PL,MIN
DE2020_038,Helmut Newton: The Bad and the Beautiful,DE,MAJ
DE2020_039,Into the Beat - Dein Herz tanzt,DE,MAJ
DE2020_040,Berlin Alexanderplatz,DE,MAJ
DE2020_040,Berlin Alexanderplatz,NL,MIN
DE2020_040,Berlin Alexanderplatz,FR,MIN
DE2020_040,Berlin Alexanderplatz,CA,MIN
DE2020_041,Leif in Concert,DE,MAJ
DE2020_042,Wim Wenders: Desperado,DE,MAJ
DE2020_043,"Hilfe, ich hab meine Freunde geschrumpft",DE,MAJ
DE2020_044,Max und die wilde 7,DE,MAJ
DE2020_045,"Sein - Gesund, Bewusst, Lebendig",DE,MAJ
DE2020_046,Giraffe,DE,MAJ
DE2020_046,Giraffe,DK,MIN
DE2020_047,Spencer,DE,MAJ
DE2020_047,Spencer,UK,MIN
DE2020_048,Ausgrissn! - In der Lederhosn nach Las Vegas,DE,MAJ
DE2020_049,Divine,DE,MAJ
DE2020_049,Divine,IT,MIN
DE2020_050,The Accidental Rebel,DE,MAJ
DE2020_050,The Accidental Rebel,GB,MIN
DE2020_051,Kopfplatzen,DE,MAJ
DE2020_052,Exil,DE,MAJ
DE2020_052,Exil,BE,MIN
DE2020_052,Exil,XK,MIN
DE2020_053,Experiment Sozialismus - Rückkehr nach Kuba,DE,MAJ
DE2020_054,Mit dem Rückwärtsgang nach vorn,DE,MAJ
DE2020_055,Uferfrauen – Lesbisches L(I)Eben In Der Ddr,DE,MAJ
DE2020_056,Faking Bullshit - Krimineller als die Polizei erlaubt!,DE,MAJ
DE2020_056,Faking Bullshit - Krimineller als die Polizei erlaubt!,CH,MIN
DE2020_057,Kiss Me Kosher,DE,MAJ
DE2020_057,Kiss Me Kosher,IL,MIN
DE2020_058,Body of Truth,DE,MAJ
DE2020_058,Body of Truth,CH,MIN
DE2020_058,Body of Truth,IL,MIN
DE2020_059,Hello Again - A Wedding a Day,DE,MAJ
DE2020_060,Chichinette: The Accidental Spy,DE,MAJ
DE2020_060,Chichinette: The Accidental Spy,FR,MIN
DE2020_061,In Berlin wächst kein Orangenbaum,DE,MAJ
DE2020_062,Jim Knopf und die Wilde 13,DE,MAJ
DE2020_063,"Gott, du kannst ein Arsch sein",DE,MAJ
DE2020_064,Enfant Terrible,DE,MAJ
DE2020_065,Es ist zu deinem Besten,DE,MAJ
DE2020_066,Im Stillen laut (A Quiet Resistance),DE,MAJ
DE2020_067,Dragon Rider,DE,MAJ
DE2020_068,Und morgen die ganze Welt,DE,MAJ
DE2020_068,Und morgen die ganze Welt,FR,MIN
DE2020_069,Cortex,DE,MAJ
DE2019_001,Kalte Füße,DE,MAJ
DE2019_001,Kalte Füße,AT,MIN
DE2019_002,Adam und Evelyn,DE,MAJ
DE2019_003,Meine Welt ist die Musik - Der Komponist Christian Bruhn,DE,MAJ
DE2019_004,Immenhof - Das Abenteuer eines Sommers,DE,MAJ
DE2019_005,The Secrets of Handsome Leo,DE,MAJ
DE2019_006,Das letzte Mahl,DE,MAJ
DE2019_007,Glück ist was für Weicheier,DE,MAJ
DE2019_008,Asi mit Niwoh - Die Jürgen Zeltinger Geschichte,DE,MAJ
DE2019_009,Club der roten Bänder - Wie alles begann,DE,MAJ
DE2019_010,Luft,DE,MAJ
DE2019_010,Luft,FR,MIN
DE2019_011,Der goldene Handschuh,DE,MAJ
DE2019_011,Der goldene Handschuh,FR,MIN
DE2019_012,Ostwind: Aris Ankunft,DE,MAJ
DE2019_013,Wie gut ist deine Beziehung?,DE,MAJ
DE2019_014,Manou the Swift,DE,MAJ
DE2019_015,Rate Your Date,DE,MAJ
DE2019_016,Kirschblüten & Dämonen,DE,MAJ
DE2019_017,The Bra,DE,MAJ
DE2019_017,The Bra,AZ,MIN
DE2019_018,"Helmut Berger, meine Mutter und ich",DE,MAJ
DE2019_018,"Helmut Berger, meine Mutter und ich",AT,MIN
DE2019_019,A Young Man with High Potential,DE,MAJ
DE2019_020,Rocca verändert die Welt,DE,MAJ
DE2019_021,Trautmann,DE,MAJ
DE2019_021,Trautmann,GB,MIN
DE2019_022,Misfit,DE,MAJ
DE2019_023,Die Goldfische,DE,MAJ
DE2019_024,Head Full of Honey,DE,MAJ
DE2019_024,Head Full of Honey,US,MIN
DE2019_025,Scala Adieu - Von Windeln verweht,DE,MAJ
DE2019_026,Wintermärchen,DE,MAJ
DE2019_027,Die Toten Hosen - You Only Live Once,DE,MAJ
DE2019_028,Princess Emmy,DE,MAJ
DE2019_028,Princess Emmy,BE,MIN
DE2019_028,Princess Emmy,GB,MIN
DE2019_029,Very Senior - Attitude is everything,DE,MAJ
DE2019_030,Unheimlich perfekte Freunde,DE,MAJ
DE2019_031,Land of My Children,DE,MAJ
DE2019_031,Land of My Children,CH,MIN
DE2019_032,Der Funktionär,DE,MAJ
DE2019_033,Alfons Zitterbacke: Das Chaos ist zurück,DE,MAJ
DE2019_034,Der Fall Collini,DE,MAJ
DE2019_035,Goliath96,DE,MAJ
DE2019_036,Atlas,DE,MAJ
DE2019_037,Liebesfilm,DE,MAJ
DE2019_038,Luft Zum Atmen - 40 Jahre Opposition Bei Opel In Bochum,DE,MAJ
DE2019_039,JOMI's Sphere of Action,DE,MAJ
DE2019_039,JOMI's Sphere of Action,AT,MIN
DE2019_039,JOMI's Sphere of Action,NA,MIN
DE2019_040,Nur eine Frau,DE,MAJ
DE2019_041,Das Ende der Wahrheit,DE,MAJ
DE2019_042,Caraba,DE,MAJ
DE2019_043,Jibril,DE,MAJ
DE2019_044,The Silence,DE,MAJ
DE2019_044,The Silence,US,MIN
DE2019_045,German Class,DE,MAJ
DE2019_046,All my Loving,DE,MAJ
DE2019_047,Sunset Over Mulholland Drive,DE,MAJ
DE2019_048,Peter Pfister - Der Pferdemann,DE,MAJ
DE2019_049,Roads,DE,MAJ
DE2019_050,High Life,DE,MAJ
DE2019_050,High Life,FR,MIN
DE2019_050,High Life,GB,MIN
DE2019_050,High Life,P,MIN
DE2019_051,The Artist & The Pervert,DE,MAJ
DE2019_051,The Artist & The Pervert,US,MIN
DE2019_051,The Artist & The Pervert,AT,MIN
DE2019_052,TKKG,DE,MAJ
DE2019_053,Das Leben meiner Tochter,DE,MAJ
DE2019_054,Kim hat einen Penis,DE,MAJ
DE2019_055,O Beautiful Night,DE,MAJ
DE2019_056,Happy Lamento,DE,MAJ
DE2019_057,Wenn Fliegen träumen,DE,MAJ
DE2019_058,Traumfabrik,DE,MAJ
DE2019_059,Spider Murphy Gang - Glory Days of Rock'n'Roll,DE,MAJ
DE2019_060,Electric Girl,DE,MAJ
DE2019_061,Un café sans musique c'est rare à Paris,DE,MAJ
DE2019_061,Un café sans musique c'est rare à Paris,FR,MIN
DE2019_062,Die Drei !!!,DE,MAJ
DE2019_063,Cleo,DE,MAJ
DE2019_064,Leberkäsjunkie,DE,MAJ
DE2019_065,Benjamin Blümchen,DE,MAJ
DE2019_066,Es gilt das gesprochene Wort,DE,MAJ
DE2019_066,Es gilt das gesprochene Wort,FR,MIN
DE2019_067,Und wer nimmt den Hund?,DE,MAJ
DE2019_068,Photograph,DE,MAJ
DE2019_068,Photograph,IN,MIN
DE2019_068,Photograph,US,MIN
DE2019_069,"Berlin, I Love You",DE,MAJ
DE2019_070,"Ich war zuhause, aber",DE,MAJ
DE2019_070,"Ich war zuhause, aber",RS,MIN
DE2019_071,Axel der Held,DE,MAJ
DE2019_072,Endzeit,DE,MAJ
DE2019_073,Die Einzelteile der Liebe,DE,MAJ
DE2019_074,Frau Stern,DE,MAJ
DE2019_075,A Gschicht über d'Lieb,DE,MAJ
DE2019_076,Golden Twenties,DE,MAJ
DE2019_077,Und der Zukunft zugewandt,DE,MAJ
DE2019_078,Petting statt Pershing,DE,MAJ
DE2019_079,Gut gegen Nordwind,DE,MAJ
DE2019_080,Über Grenzen - der Film einer langen Reise,DE,MAJ
DE2019_081,Systemsprenger,DE,MAJ
DE2019_082,Heimat ist ein Raum aus Zeit,DE,MAJ
DE2019_082,Heimat ist ein Raum aus Zeit,AT,MIN
DE2019_083,Deutschstunde,DE,MAJ
DE2019_084,Eine ganz heiße Nummer 2.0,DE,MAJ
DE2019_085,Zwischen uns die Mauer,DE,MAJ
DE2019_086,Memory Games,DE,MAJ
DE2019_086,Memory Games,US,MIN
DE2019_086,Memory Games,SE,MIN
DE2019_087,Fritzi - Eine Wendewundergeschichte,DE,MAJ
DE2019_087,Fritzi - Eine Wendewundergeschichte,BE,MIN
DE2019_087,Fritzi - Eine Wendewundergeschichte,LU,MIN
DE2019_087,Fritzi - Eine Wendewundergeschichte,CZ,MIN
DE2019_088,Bruder Schwester Herz,DE,MAJ
DE2019_089,Ronny & Klaid,DE,MAJ
DE2019_090,Intrigo: Samaria,DE,MAJ
DE2019_090,Intrigo: Samaria,SE,MIN
DE2019_090,Intrigo: Samaria,GB,MIN
DE2019_091,Intrigo: Dear Agnes,DE,MAJ
DE2019_091,Intrigo: Dear Agnes,SE,MIN
DE2019_091,Intrigo: Dear Agnes,GB,MIN
DE2019_092,Ich war noch niemals in New York,DE,MAJ
DE2019_093,Zoros Solo,DE,MAJ
DE2019_094,Martin Margiela: In His Own Words,DE,MAJ
DE2019_094,Martin Margiela: In His Own Words,BE,MIN
DE2019_094,Martin Margiela: In His Own Words,FR,MIN
DE2019_095,Weitermachen Sanssouci,DE,MAJ
DE2019_096,Heimsuchung,DE,MAJ
DE2019_097,Das perfekte Geheimnis,DE,MAJ
DE2019_098,Invisible Sue,DE,MAJ
DE2019_098,Invisible Sue,LU,MIN
DE2019_099,Verteidiger des Glaubens,DE,MAJ
DE2019_100,Justice - Verstrickt im Netz der Macht,DE,MAJ
DE2019_100,Justice - Verstrickt im Netz der Macht,CH,MIN
DE2019_101,Das Forum - Rettet Davos die Welt?,DE,MAJ
DE2019_102,Lara,DE,MAJ
DE2019_103,Der letzte Bulle,DE,MAJ
DE2019_104,Es hätte schlimmer kommen können - Mario Adorf,DE,MAJ
DE2019_105,Im Niemandsland,DE,MAJ
DE2019_106,Thing I Don't Get,DE,MAJ
DE2019_107,The Symphony of Uncertainty,DE,MAJ
DE2019_108,Die Sterne über uns,DE,MAJ
DE2019_109,Schmucklos,DE,MAJ
DE2019_110,The Golan Swimmingpool,DE,MAJ
DE2019_111,Bitte nach Mitte!,DE,MAJ
DE2019_112,Mein Ende. Dein Anfang.,DE,MAJ
DE2019_113,Als ich mal Groß war,DE,MAJ
DE2019_114,Dear Brother,DE,MAJ
DE2019_115,Auerhaus,DE,MAJ
DE2019_116,Schönheit & Vergänglichkeit,DE,MAJ
DE2019_117,Der kleine Rabe Socke - Suche nach dem verlorenen Schatz,DE,MAJ
DE2019_118,Gundermann Revier,DE,MAJ
DE2019_119,All I Never Wanted,DE,MAJ
DE2019_120,Holy Spirit,DE,MAJ
DE2019_121,Als Hitler das rosa Kaninchen stahl,DE,MAJ
DE2019_121,Als Hitler das rosa Kaninchen stahl,CH,MIN
DE2019_122,Latte Igel und der magische Wasserstein,DE,MAJ
DE2019_123,A Vida Invisível,DE,MAJ
DE2019_123,A Vida Invisível,BR,MIN
DE2018_001,Lux: Krieger des Lichts,DE,MAJ
DE2018_002,Ein Weg,DE,MAJ
DE2018_003,"Hilfe, ich hab meine Eltern geschrumpft",DE,MAJ
DE2018_004,Hot Dog,DE,MAJ
DE2018_005,Die Anfängerin,DE,MAJ
DE2018_006,Das Milan-Protokoll,DE,MAJ
DE2018_007,Garden of Stars,DE,MAJ
DE2018_007,Garden of Stars,CH,MIN
DE2018_008,Nur Gott kann mich richten,DE,MAJ
DE2018_009,Anne Clark: I'll Walk Out Into Tomorrow,DE,MAJ
DE2018_010,A Thought of Ecstasy,DE,MAJ
DE2018_010,A Thought of Ecstasy,US,MIN
DE2018_010,A Thought of Ecstasy,CH,MIN
DE2018_011,Die kleine Hexe,DE,MAJ
DE2018_011,Die kleine Hexe,CH,MIN
DE2018_012,Freddy/Eddy,DE,MAJ
DE2018_013,Freiheit,DE,MAJ
DE2018_013,Freiheit,SK,MIN
DE2018_014,Dinky Sinky,DE,MAJ
DE2018_015,Königin von Niendorf,DE,MAJ
DE2018_016,Luna,DE,MAJ
DE2018_017,37,DE,MAJ
DE2018_018,Wendy 2 - Freundschaft für immer,DE,MAJ
DE2018_019,Der Geschmack von Leben,DE,MAJ
DE2018_020,Maya the Bee: The Honey Games,DE,MAJ
DE2018_020,Maya the Bee: The Honey Games,AU,MIN
DE2018_021,Das schweigende Klassenzimmer,DE,MAJ
DE2018_022,Vielmachglas,DE,MAJ
DE2018_023,Arthur & Claire,DE,MAJ
DE2018_023,Arthur & Claire,AT,MIN
DE2018_023,Arthur & Claire,NL,MIN
DE2018_024,Fühlen Sie sich manchmal ausgebrannt und leer?,DE,MAJ
DE2018_024,Fühlen Sie sich manchmal ausgebrannt und leer?,NL,MIN
DE2018_025,Der Hauptmann,DE,MAJ
DE2018_025,Der Hauptmann,FR,MIN
DE2018_025,Der Hauptmann,PL,MIN
DE2018_026,Rückenwind von vorn,DE,MAJ
DE2018_027,Zwei Herren im Anzug,DE,MAJ
DE2018_028,Die stille Revolution,DE,MAJ
DE2018_029,Living in Demmin,DE,MAJ
DE2018_030,Jim Knopf & Lukas der Lokomotivführer,DE,MAJ
DE2018_031,"Verpiss Dich, Schneewittchen",DE,MAJ
DE2018_032,1000 Arten Regen zu beschreiben,DE,MAJ
DE2018_033,Exodus,DE,MAJ
DE2018_034,Transit,DE,MAJ
DE2018_034,Transit,FR,MIN
DE2018_035,Die Nacht der Nächte,DE,MAJ
DE2018_036,3 Tage in Quiberon,DE,MAJ
DE2018_036,3 Tage in Quiberon,AT,MIN
DE2018_036,3 Tage in Quiberon,FR,MIN
DE2018_037,Steig. Nicht. Aus!,DE,MAJ
DE2018_038,Spielmacher,DE,MAJ
DE2018_039,Matti & Sami und die drei größten Fehler des Universums,DE,MAJ
DE2018_039,Matti & Sami und die drei größten Fehler des Universums,FI,MIN
DE2018_040,The King,DE,MAJ
DE2018_040,The King,US,MIN
DE2018_041,SPK Komplex,DE,MAJ
DE2018_042,Pawo,DE,MAJ
DE2018_042,Pawo,IN,MIN
DE2018_042,Pawo,CN,MIN
DE2018_043,Draußen in meinem Kopf,DE,MAJ
DE2018_044,Herrliche Zeiten,DE,MAJ
DE2018_045,Wer hat eigentlich die Liebe erfunden?,DE,MAJ
DE2018_045,Wer hat eigentlich die Liebe erfunden?,CH,MIN
DE2018_046,55 Steps,DE,MAJ
DE2018_047,Therapie für Gangster,DE,MAJ
DE2018_048,Rewind: Die zweite Chance,DE,MAJ
DE2018_049,Reggae Boyz,DE,MAJ
DE2018_050,Liliane Susewind - Ein tierisches Abenteuer,DE,MAJ
DE2018_050,Liliane Susewind - Ein tierisches Abenteuer,BE,MIN
DE2018_051,Dance Fight Love Die: With Mikis On the Road,DE,MAJ
DE2018_051,Dance Fight Love Die: With Mikis On the Road,GR,MIN
DE2018_052,Hagazussa,DE,MAJ
DE2018_052,Hagazussa,AT,MIN
DE2018_053,In den Gängen,DE,MAJ
DE2018_054,The Happy Prince,DE,MAJ
DE2018_054,The Happy Prince,GB,MIN
DE2018_054,The Happy Prince,BE,MIN
DE2018_054,The Happy Prince,IT,MIN
DE2018_055,Sympathisanten: Unser Deutscher Herbst,DE,MAJ
DE2018_056,Wunder der Wirklichkeit,DE,MAJ
DE2018_057,Zwei im falschen Film,DE,MAJ
DE2018_058,Usedom: Der freie Blick aufs Meer,DE,MAJ
DE2018_059,Looking for Oum Kulthum,DE,MAJ
DE2018_059,Looking for Oum Kulthum,AT,MIN
DE2018_059,Looking for Oum Kulthum,IT,MIN
DE2018_059,Looking for Oum Kulthum,MA,MIN
DE2018_059,Looking for Oum Kulthum,QA,MIN
DE2018_059,Looking for Oum Kulthum,LB,MIN
DE2018_060,Luv & Lee: Amrum der Film,DE,MAJ
DE2018_061,Aus einem Jahr der Nichtereignisse,DE,MAJ
DE2018_062,Am Ende ist man tot,DE,MAJ
DE2018_063,Foxtrot,DE,MAJ
DE2018_063,Foxtrot,FR,MIN
DE2018_063,Foxtrot,IL,MIN
DE2018_063,Foxtrot,CH,MIN
DE2018_064,LOMO: The Language of Many Others,DE,MAJ
DE2018_065,Ingmar Bergman - Vermächtnis eines Jahrhundertgenies,DE,MAJ
DE2018_065,Ingmar Bergman - Vermächtnis eines Jahrhundertgenies,FR,MIN
DE2018_066,Submergence,DE,MAJ
DE2018_066,Submergence,FR,MIN
DE2018_066,Submergence,ES,MIN
DE2018_066,Submergence,US,MIN
DE2018_067,Sauerkrautkoma,DE,MAJ
DE2018_068,Shelter,DE,MAJ
DE2018_068,Shelter,IL,MIN
DE2018_068,Shelter,FR,MIN
DE2018_069,The Brasch Family,DE,MAJ
DE2018_070,So was von da,DE,MAJ
DE2018_071,Gundermann,DE,MAJ
DE2018_072,Lebenszeichen - Jüdischsein in Berlin,DE,MAJ
DE2018_072,Lebenszeichen - Jüdischsein in Berlin,US,MIN
DE2018_073,"Grüner wird's nicht, sagte der Gärtner und flog davon",DE,MAJ
DE2018_074,Safari: Match Me If You Can,DE,MAJ
DE2018_075,Capt'n Sharky,DE,MAJ
DE2018_076,Asphaltgorillas,DE,MAJ
DE2018_077,Donbass,DE,MAJ
DE2018_077,Donbass,UA,MIN
DE2018_077,Donbass,FR,MIN
DE2018_077,Donbass,NL,MIN
DE2018_077,Donbass,RO,MIN
DE2018_078,Draußen,DE,MAJ
DE2018_079,Peropero: Breakdown in Tokyo,DE,MAJ
DE2018_079,Peropero: Breakdown in Tokyo,JP,MIN
DE2018_080,Pettersson und Findus - Findus zieht um,DE,MAJ
DE2018_081,Dreigroschenfilm,DE,MAJ
DE2018_081,Dreigroschenfilm,BE,MIN
DE2018_082,Seestück,DE,MAJ
DE2018_083,Eingeimpft,DE,MAJ
DE2018_084,Naomis Reise,DE,MAJ
DE2018_085,Klassentreffen 1.0,DE,MAJ
DE2018_085,Klassentreffen 1.0,DK,MIN
DE2018_086,Wackersdorf,DE,MAJ
DE2018_087,Shut Up and Play the Piano,DE,MAJ
DE2018_087,Shut Up and Play the Piano,GB,MIN
DE2018_087,Shut Up and Play the Piano,FR,MIN
DE2018_088,Das Dorf der Vergesslichen,DE,MAJ
DE2018_089,Ballon,DE,MAJ
DE2018_090,Alles ist gut,DE,MAJ
DE2018_091,"Weserlust Hotel - Der verrückte Filmdreh ""All inclusive""",DE,MAJ
DE2018_092,Nachlass,DE,MAJ
DE2018_093,Fly Rocket Fly,DE,MAJ
DE2018_093,Fly Rocket Fly,BE,MIN
DE2018_094,Werk ohne Autor,DE,MAJ
DE2018_094,Werk ohne Autor,IT,MIN
DE2018_095,Why Are We Creative: The Centipede's Dilemma,DE,MAJ
DE2018_096,Die defekte Katze,DE,MAJ
DE2018_097,Abgeschnitten,DE,MAJ
DE2018_098,Der Vorname,DE,MAJ
DE2018_099,WUFF,DE,MAJ
DE2018_100,Moritz Daniel Oppenheim,DE,MAJ
DE2018_101,In My Room,DE,MAJ
DE2018_101,In My Room,IT,MIN
DE2018_102,Der marktgerechte Patient,DE,MAJ
DE2018_103,Was uns nicht umbringt,DE,MAJ
DE2018_104,Reise nach Jerusalem,DE,MAJ
DE2018_105,Pink Elephants,DE,MAJ
DE2018_106,So viel Zeit,DE,MAJ
DE2018_107,Mein Bruder heißt Robert und ist ein Idiot,DE,MAJ
DE2018_107,Mein Bruder heißt Robert und ist ein Idiot,FR,MIN
DE2018_107,Mein Bruder heißt Robert und ist ein Idiot,CH,MIN
DE2018_108,Berlin Excelsior,DE,MAJ
DE2018_109,Josef Urbach: Lost Art,DE,MAJ
DE2018_110,Aggregat,DE,MAJ
DE2018_111,Geister der Weihnacht,DE,MAJ
DE2018_112,100 Dinge,DE,MAJ
DE2018_113,Tabaluga,DE,MAJ
DE2018_114,Climate Warriors,DE,MAJ
DE2018_114,Climate Warriors,BE,MIN
DE2018_114,Climate Warriors,US,MIN
DE2018_115,Der Junge muss an die frische Luft,DE,MAJ