film_id,nat_title,character_id,person_id,ch_age,ch_gender,ch_sexuality,ch_porigin,ch_class,ch_profession,ch_ability,assisted_mobility
ES2018_001,El mejor verano de mi vida,ES2018_001_01,Leo Harlem,1,M,HE,WWE,LM,SE,AB,N
ES2018_001,El mejor verano de mi vida,ES2018_001_02,Isabel Ordaz,2,F,HE,WWE,UC,UN,AB,N
ES2018_001,El mejor verano de mi vida,ES2018_001_03,Antonio Dechent,2,M,HE,WWE,UC,SE,AB,N
ES2018_001,El mejor verano de mi vida,ES2018_001_04,Gracia Olayo,2,F,HE,WWE,LM,RE,AB,N
ES2018_002,La tribu,ES2018_002_01,Carmen Machi,2,F,HE,WWE,LM,EM,AB,N
ES2018_003,Todos lo saben,ES2018_003_01,Ricardo Darín,2,M,HE,WLA,MC,EM,AB,N
ES2018_003,Todos lo saben,ES2018_003_02,Ramón Barea,3,M,HE,WWE,MC,RE,PD,Y
ES2018_003,Todos lo saben,ES2018_003_03,José Ángel Egido,3,M,,WWE,MC,SE,AB,N
ES2018_004,Ola de crímenes,ES2018_004_01,Antonio Resines,3,M,,WWE,MC,EM,AB,N
ES2018_004,Ola de crímenes,ES2018_004_02,Teresa Lozano,4,F,HE,WWE,MC,RE,PD,Y
ES2018_005,El reino,ES2018_005_01,Josep Maria Pou,3,M,HE,WWE,UC,EM,CI,N
ES2018_005,El reino,ES2018_005_02,Ana Wagener,2,F,HE,WWE,UC,EM,AB,N
ES2018_005,El reino,ES2018_005_03,Paco Revilla,3,M,,WWE,UM,EM,AB,N
ES2018_006,Miamor perdido,ES2018_006_01,Antonio Resines,3,M,,WWE,MC,EM,AB,N
ES2018_006,Miamor perdido,ES2018_006_02,Pablo Carbonell,2,M,,WWE,,,AB,N
ES2018_006,Miamor perdido,ES2018_006_03,Antonio Dechent,2,M,,WWE,,,AB,N
ES2018_006,Miamor perdido,ES2018_006_04,Javivi,2,M,,WWE,,,AB,N
ES2018_007,Tu hijo,ES2018_007_01,José Coronado,2,M,HE,WWE,UM,EM,AB,N
ES2018_007,Tu hijo,ES2018_007_02,Ana Wagener,2,F,HE,WWE,UM,EM,AB,N
ES2018_008,Petra,ES2018_008_01,Joan Botey,4,M,HE,WWE,UM,SE,AB,N
ES2018_008,Petra,ES2018_008_02,Marisa Paredes,3,F,HE,WWE,UM,UN,AB,N
ES2018_008,Petra,ES2018_008_03,Petra Martínez,4,F,HE,WWE,LM,RE,AB,N
ES2018_009,Quién te cantará,ES2018_009_01,Carme Elías,3,F,,WWE,UM,EM,AB,N
ES2018_010,La enfermedad del domingo,ES2018_010_01,Susi Sánchez,3,F,HE,WWE,UC,UN,AB,N
ES2018_010,La enfermedad del domingo,ES2018_010_02,Miguel Ángel Solá,3,M,HE,WLA,UC,,AB,N
ES2018_013,Mi querida cofradía,ES2018_013_01,Gloria Muñoz,3,F,HE,WWE,MC,SE,AB,N
ES2018_013,Mi querida cofradía,ES2018_013_02,Juan Gea,3,M,HE,WWE,MC,SE,AB,N
ES2018_013,Mi querida cofradía,ES2018_013_03,Rosario Pardo,2,F,HE,WWE,MC,,AB,N
ES2018_014,El árbol de la sangre,ES2018_014_01,Luisa Gavasa,3,F,HE,WWE,,,AB,N
ES2018_014,El árbol de la sangre,ES2018_014_02,Emilio Gutiérrez Caba,3,M,HE,WWE,MC,,AB,N
ES2018_014,El árbol de la sangre,ES2018_014_03,Ángela Molina,3,F,HE,WWE,MC,,AB,N
ES2018_014,El árbol de la sangre,ES2018_014_04,Josep Maria Pou,3,M,HE,WWE,UM,SE,AB,N
ES2018_015,Oreina,ES2018_015_01,Ramón Agirre,3,M,,WWE,LM,,AB,N
ES2018_015,Oreina,ES2018_015_02,Patxi Bisquert,3,M,HE,WWE,LC,SE,AB,N
ES2018_016,The Man Who Killed Don Quixote,ES2018_016_01,Jonathan Pryce,3,M,HE,WWE,LM,UN,CI,N
ES2018_016,The Man Who Killed Don Quixote,ES2018_016_02,Stellan Skarsgård,3,M,HE,WNA,UC,SE,AB,N
ES2018_017,En las estrellas,ES2018_017_01,Magüi Mira,4,F,,WWE,MC,,AB,N
ES2018_017,En las estrellas,ES2018_017_02,Kiti Mánver,3,F,,WWE,MC,EM,AB,N
ES2018_018,Figuras,ES2018_018_01,Stella Maris Santo,3,F,HE,WLA,MC,UN,CI,Y
ES2018_018,Figuras,ES2018_018_02,Francisco Domínguez,3,M,HE,WWE,MC,,AB,N
ES2018_019,Trote,ES2018_019_01,Celso Bugallo,3,M,HE,WWE,LM,SE,AB,N
ES2018_019,Trote,ES2018_019_02,Tatán,3,M,,WWE,LM,,AB,N
ES2018_020,Cuando dejes de quererme,ES2018_020_01,Eduardo Blanco,3,M,HE,WLA,MC,EM,AB,N
ES2018_020,Cuando dejes de quererme,ES2018_020_02,Joaquín Climent,3,M,HE,WWE,MC,EM,AB,N
ES2018_020,Cuando dejes de quererme,ES2018_020_03,Antonio Dechent,2,M,HE,WWE,UM,EM,AB,N
ES2018_020,Cuando dejes de quererme,ES2018_020_04,Kandido Uranga,3,M,,WWE,,,,N
ES2018_020,Cuando dejes de quererme,ES2018_020_05,Itziar Aizpuru,4,F,,WWE,MC,EM,AB,N
ES2018_020,Cuando dejes de quererme,ES2018_020_06,Mario Pardo,4,M,,WWE,MC,RE,AB,N
ES2018_021,Formentera Lady,ES2018_021_01,José Sacristán,4,M,HE,WWE,LC,SE,AB,N
ES2018_021,Formentera Lady,ES2018_021_02,Ferran Rañé,3,M,,WWE,LM,SE,AB,N
ES2018_021,Formentera Lady,ES2018_021_03,Juli Mira,3,M,HE,WWE,MC,RE,AB,N
ES2018_021,Formentera Lady,ES2018_021_04,Laura Pons,4,F,HE,WWE,MC,RE,AB,N
ES2018_022,Miau,ES2018_022_01,José Luis Gil,3,M,HE,WWE,MC,RE,AB,N
ES2018_022,Miau,ES2018_022_02,Luisa Gavasa,3,F,HE,WWE,MC,RE,AB,N
ES2018_022,Miau,ES2018_022_03,Manuel Manquiña,3,M,HE,WWE,LM,RE,AB,N
ES2018_022,Miau,ES2018_022_04,Álvaro de Luna,4,M,,WWE,MC,RE,AB,N
ES2018_022,Miau,ES2018_022_05,Kao Chenmin,3,M,,EAS,UM,SE,AB,N
ES2018_023,Miss Dalí,ES2018_023_01,Siân Phillips,4,F,,WWE,UM,RE,AB,N
ES2018_023,Miss Dalí,ES2018_023_02,Claire Bloom,4,F,,WWE,UM,,AB,N
ES2018_023,Miss Dalí,ES2018_023_03,Josep Maria Pou,3,M,HE,WWE,UM,SE,AB,N
ES2018_024,Sea Beasts,ES2018_024_01,Fernando Morán,3,M,,WWE,LM,SE,AB,N
ES2018_024,Sea Beasts,ES2018_024_02,Rosa Álvarez,3,F,HE,WWE,LM,RE,AB,N
ES2018_028,Los gigantes no existen,ES2018_028_01,Rafael Rojas,2,M,HE,WLA,LM,SE,AB,N
ES2018_033,"Alegría, tristeza",ES2018_033_01,Carlos Bardem,2,M,HE,WWE,MC,EM,AB,N
ES2018_033,"Alegría, tristeza",ES2018_033_02,Pedro Casablanc,2,M,,WWE,MC,EM,AB,N
ES2018_034,Sin novedad,ES2018_034_01,Fernando Guillén Cuervo,2,M,HE,WWE,MC,,AB,N
ES2018_034,Sin novedad,ES2018_034_02,Gonzalo de Castro,2,M,,WWE,UM,SE,,N
ES2018_034,Sin novedad,ES2018_034_03,Lola Casamayor,3,F,,WWE,,,,N
ES2018_035,No quiero perderte nunca,ES2018_035_01,Montse Ribadellas,3,F,,WWE,,RE,CI,N
ES2018_036,El último invierno,ES2018_036_01,José Antonio Lobato,2,M,HE,WEE,LM,,AB,N
ES2018_038,Akemarropa,ES2018_038_01,Antonio Dechent,2,M,,WWE,UM,EM,AB,N
ES2018_038,Akemarropa,ES2018_038_02,Juan Manuel Lara,3,M,,WWE,MC,EM,AB,N
ES2018_040,Blue Rai,ES2018_040_01,Fina Dómenech,3,F,,WWE,LM,RE,AB,N
ES2018_040,Blue Rai,ES2018_040_02,Ferran Lahoz,2,M,,WWE,,,AB,N
ES2018_040,Blue Rai,ES2018_040_03,Josep Seguí,2,M,,WWE,MC,EM,AB,N
ES2018_041,Doctrina El pecat original i la reinserció,ES2018_041_01,Montse Ribadellas,3,F,HE,WWE,MC,RE,AB,N
ES2018_044,Ánimas,ES2018_044_01,Ángela Molina,3,F,HE,WWE,UM,EM,AB,N
ES2018_045,Penélope,ES2018_045_01,Ramon Clotet Sala,4,M,HE,WWE,LM,RE,AB,N
ES2018_045,Penélope,ES2018_045_02,Carme Tarte Vilardell,4,F,HE,WWE,LM,RE,AB,N
ES2018_046,Bernarda,ES2018_046_01,Assumpta Serna,3,F,,WWE,UM,SE,AB,N
ES2018_046,Bernarda,ES2018_046_02,Victoria Abril,3,F,HE,WWE,UM,UN,CI,N
ES2018_046,Bernarda,ES2018_046_03,Miriam Díaz-Aroca,2,F,,WWE,LM,EM,AB,N
ES2018_047,A estación violenta,ES2018_047_01,"Antonio Durán ""Morris""",2,M,,WWE,,,,N
ES2018_051,Media hora (y un epílogo),ES2018_051_01,Saturnino García,4,M,,WWE,MC,RE,CI,Y
ES2018_052,El pomo azul,ES2018_052_01,Selica Torcal,4,F,HE,WWE,UM,RE,AB,N
ES2018_052,El pomo azul,ES2018_052_02,Ricardo Lacámara,4,M,HE,WWE,UM,RE,AB,N
ES2018_053,Oh! Mammy Blue,ES2018_053_01,Carmen Maura,3,F,HE,WWE,MC,RE,AB,N
ES2018_053,Oh! Mammy Blue,ES2018_053_02,Ramón Barea,3,M,HE,WWE,MC,RE,AB,N
ES2018_053,Oh! Mammy Blue,ES2018_053_03,María José Alfonso,4,F,,WWE,MC,RE,AB,N
ES2018_053,Oh! Mammy Blue,ES2018_053_04,Itziar Aizpuru,4,F,,WWE,MC,RE,AB,N
ES2018_055,El año de la plaga,ES2018_055_01,Amparo Moreno,3,F,HE,WWE,MC,RE,AB,N
ES2018_055,El año de la plaga,ES2018_055_02,Fermí Reixach,4,M,HE,WWE,MC,RE,PD,Y
ES2018_055,El año de la plaga,ES2018_055_03,Eduard Benito,3,M,HE,WWE,MC,RE,AB,N
ES2018_061,Jaulas,ES2018_061_01,Antonio Dechent,2,M,HE,WWE,LM,,AB,N
ES2018_061,Jaulas,ES2018_061_02,Antonio Estrada,2,M,HE,ROM,UM,SE,AB,N
ES2018_061,Jaulas,ES2018_061_03,Manuel Tallafé,2,M,HE,WWE,UM,SE,AB,N
ES2018_062,La vida lliure,ES2018_062_01,Miquel Gelabert,3,M,HE,WWE,LM,SE,AB,N
ES2018_064,Paella Today!,ES2018_063_01,Lolita Flores,3,F,HE,WWE,MC,,AB,N
ES2018_064,Paella Today!,ES2018_063_02,Mamen García,3,F,HE,WWE,MC,UN,AB,N
ES2018_066,Face au vent,ES2018_066_01,Concha Canal,4,F,HE,WWE,MC,RE,AB,N
GB2018_001,Fantastic Beasts: The Crimes of Grindelwald,GB2018_001_01,Johnny Depp,2,M,HO,WWE,UC,SE,AB,N
GB2018_001,Fantastic Beasts: The Crimes of Grindelwald,GB2018_001_02,Wolf Roth,3,M,,WWE,,,,N
GB2018_001,Fantastic Beasts: The Crimes of Grindelwald,GB2018_001_03,Cornell John,2,M,,BWE,,,,N
GB2018_001,Fantastic Beasts: The Crimes of Grindelwald,GB2018_001_04,Ingvar Sigurdsson,2,M,,WWE,,,,N
GB2018_002,Darkest Hour,GB2018_002_01,Gary Oldman,3,M,HE,WWE,UC,EM,AB,Y
GB2018_002,Darkest Hour,GB2018_002_02,Kristin Scott Thomas,3,F,HE,WWE,UC,EM,AB,N
GB2018_002,Darkest Hour,GB2018_002_03,Ronald Pickup,4,M,HE,WWE,UC,EM,CI,Y
GB2018_002,Darkest Hour,GB2018_002_04,Stephen Dillane,3,M,HE,WWE,UC,EM,AB,N
GB2018_002,Darkest Hour,GB2018_002_05,Nicholas Jones,3,M,HE,WWE,UC,EM,AB,N
GB2018_002,Darkest Hour,GB2018_002_06,David Schofield,3,M,HE,WWE,UC,EM,AB,N
GB2018_002,Darkest Hour,GB2018_002_07,Malcolm Storry,3,M,HE,WWE,UC,EM,AB,N
GB2018_002,Darkest Hour,GB2018_002_08,Hilton McRae,3,M,HE,WWE,UC,EM,AB,N
GB2018_003,Johnny English Strikes Again,GB2018_003_01,Rowan Atkinson,3,M,HE,WWE,UM,EM,AB,N
GB2018_003,Johnny English Strikes Again,GB2018_003_02,Emma Thompson,2,F,HE,WWE,UC,EM,AB,N
GB2018_003,Johnny English Strikes Again,GB2018_003_03,Michael Gambon,3,M,HE,WWE,UM,EM,AB,N
GB2018_003,Johnny English Strikes Again,GB2018_003_04,Charles Dance,3,M,HE,WWE,UM,EM,AB,N
GB2018_004,"Three Billboards Outside Ebbing, Missouri",GB2018_004_01,Frances McDormand,3,F,HE,WNA,LM,EM,AB,N
GB2018_004,"Three Billboards Outside Ebbing, Missouri",GB2018_004_02,Woody Harrelson,2,M,HE,WNA,MC,EM,AB,N
GB2018_004,"Three Billboards Outside Ebbing, Missouri",GB2018_004_03,Clarke Peters,3,M,HE,BNA,MC,EM,AB,N
GB2018_004,"Three Billboards Outside Ebbing, Missouri",GB2018_004_04,John Hawkes,2,M,HE,WNA,LM,EM,AB,N
GB2018_005,King of Thieves,GB2018_005_01,Michael Caine,4,M,HE,WWE,UM,SE,AB,N
GB2018_005,King of Thieves,GB2018_005_02,Francesca Annis,4,F,HE,WWE,UM,SE,AB,N
GB2018_005,King of Thieves,GB2018_005_03,Jim Broadbent,3,M,,WWE,MC,SE,AB,N
GB2018_005,King of Thieves,GB2018_005_04,Tom Courtenay,4,M,,WWE,MC,SE,AB,N
GB2018_005,King of Thieves,GB2018_005_05,Ray Winstone,3,M,,WWE,MC,SE,AB,N
GB2018_005,King of Thieves,GB2018_005_06,Paul Whitehouse,3,M,,WWE,MC,SE,AB,N
GB2018_005,King of Thieves,GB2018_005_07,Michael Gambon,4,M,,WWE,MC,SE,AB,N
GB2018_006,The Guernsey Literary and Potato Peel Pie Society,GB2018_006_01,Tom Courtenay,4,M,HE,WWE,MC,RE,AB,N
GB2018_006,The Guernsey Literary and Potato Peel Pie Society,GB2018_006_02,Penelope Wilton,3,F,HE,WWE,MC,RE,AB,N
GB2018_006,The Guernsey Literary and Potato Peel Pie Society,GB2018_006_03,Bernice Stegers,3,F,,WWE,,,,N
GB2018_006,The Guernsey Literary and Potato Peel Pie Society,GB2018_006_04,Clive Merrison,3,M,,WWE,,,,N
GB2018_007,Finding Your Feet,GB2018_007_01,Imelda Staunton,3,F,HE,WWE,UM,UN,AB,N
GB2018_007,Finding Your Feet,GB2018_007_02,Celia Imrie,3,F,HE,WWE,MC,RE,AB,N
GB2018_007,Finding Your Feet,GB2018_007_03,Timothy Spall,3,M,HE,WWE,LM,RE,AB,N
GB2018_007,Finding Your Feet,GB2018_007_04,Joanna Lumley,3,F,HE,WWE,MC,RE,AB,N
GB2018_007,Finding Your Feet,GB2018_007_05,David Hayman,3,M,HE,WWE,MC,RE,AB,N
GB2018_007,Finding Your Feet,GB2018_007_06,John Sessions,3,M,HE,WWE,UM,SE,AB,N
GB2018_007,Finding Your Feet,GB2018_007_07,Phoebe Nicholls,3,F,HE,WWE,UM,UN,AB,N
GB2018_007,Finding Your Feet,GB2018_007_08,Sian Thomas,3,F,,WWE,,,AB,N
GB2018_007,Finding Your Feet,GB2018_007_09,Larrington Walker,3,M,,BWE,,,AB,N
GB2018_008,The Children Act,GB2018_008_01,Emma Thompson,2,F,HE,WWE,UM,EM,AB,N
GB2018_008,The Children Act,GB2018_008_02,Stanley Tucci,2,M,HE,WNA,UM,EM,AB,N
GB2018_009,The Wife,GB2018_009_01,Glenn Close,3,F,HE,WNA,UM,UN,AB,N
GB2018_009,The Wife,GB2018_009_02,Jonathan Pryce,3,M,HE,WWE,UM,SE,AB,N
GB2018_009,The Wife,GB2018_009_03,Elizabeth McGovern,2,F,,WNA,UM,EM,AB,N
GB2018_010,You Were Never Really Here,GB2018_010_01,Judith Roberts,4,F,HE,WNA,MC,RE,PD,Y
GB2018_010,You Were Never Really Here,GB2018_010_02,John Doman,3,M,,WNA,MC,SE,AB,N
GB2018_011,The Mercy,GB2018_011_01,Colin Firth,1,M,HE,WWE,MC,SE,AB,N
GB2018_011,The Mercy,GB2018_011_02,Simon McBurney,2,M,,WWE,,,AB,N
GB2018_011,The Mercy,GB2018_011_03,Ken Stott,3,M,,WWE,UM,SE,AB,N
GB2018_011,The Mercy,GB2018_011_04,David Thewlis,2,M,,WWE,UM,EM,AB,N
GB2018_012,Lean on Pete,GB2018_012_01,Steve Buscemi,3,M,HE,WNA,MC,SE,AB,N
GB2018_014,"Happy New Year, Colin Burstead",GB2018_014_01,Doon Mackichan,2,F,HE,WWE,UM,,AB,N
GB2018_014,"Happy New Year, Colin Burstead",GB2018_014_02,Bill Paterson,3,M,HE,WWE,UM,,AB,N
GB2018_014,"Happy New Year, Colin Burstead",GB2018_014_03,Sudha Bhuchar,3,F,,AWE,,,AB,N
GB2018_014,"Happy New Year, Colin Burstead",GB2018_014_04,Vincent Ebrahim,3,M,,BWE,UM,,AB,N
GB2018_014,"Happy New Year, Colin Burstead",GB2018_014_05,Charles Dance,3,M,,WWE,UM,,AB,N
GB2018_015,Dead in a Week Or Your Money Back),GB2018_015_01,Tom Wilkinson,3,M,HE,WWE,MC,EM,AB,N
GB2018_015,Dead in a Week Or Your Money Back),GB2018_015_02,Marion Bailey,3,F,HE,WWE,MC,UN,AB,N
GB2018_017,The Little Stranger,GB2018_017_01,Charlotte Rampling,3,F,HE,WWE,UC,UN,AB,N
GB2018_017,The Little Stranger,GB2018_017_02,Richard Campbell,2,M,,WWE,UM,EM,AB,N
GB2018_018,Final Score,GB2018_018_01,Pierce Brosnan,3,M,,WEE,MC,SE,AB,N
GB2018_018,Final Score,GB2018_018_02,Bill Fellows,3,M,,WWE,MC,EM,AB,N
GB2018_019,Walk Like a Panther,GB2018_019_01,Julian Sands,2,M,HE,WWE,LM,EM,AB,N
GB2018_019,Walk Like a Panther,GB2018_019_02,Sue Johnston,3,F,HE,WWE,LM,EM,AB,N
GB2018_019,Walk Like a Panther,GB2018_019_03,Dave Johns,3,M,HE,WWE,LM,SE,AB,N
GB2018_020,The Titan,GB2018_020_01,Tom Wilkinson,3,M,,WWE,UM,EM,AB,N
GB2018_020,The Titan,GB2018_020_02,Corey Johnson,2,M,,WNA,MC,EM,AB,N
GB2018_021,Cake,GB2018_021_01,Mohammad Ahmad,3,M,HE,SOA,UC,SE,CI,Y
GB2018_021,Cake,GB2018_021_02,Beo Raana Zafar,3,F,HE,SOA,UC,UN,AB,N
GB2018_022,How to Talk to Girls at Parties,GB2018_022_01,Joanna Scanlan,2,F,HE,WWE,MC,,AB,N
GB2018_023,Pin Cushion,GB2018_023_01,Joanna Scanlan,2,F,HE,WWE,LM,,AB,N
GB2018_023,Pin Cushion,GB2018_023_02,John Henshaw,3,M,,WWE,MC,,,N
GB2018_024,Euphoria,GB2018_024_01,Charles Dance,3,M,,WWE,UM,SE,AB,N
GB2018_024,Euphoria,GB2018_024_02,Charlotte Rampling,3,F,,WWE,UM,EM,AB,N
GB2018_025,That Good Night,GB2018_025_01,John Hurt,4,M,HE,WWE,UM,RE,CI,Y
GB2018_025,That Good Night,GB2018_025_02,Charles Dance,3,M,,WWE,UM,EM,AB,N
GB2018_027,Milk and Honey: The Movie,GB2018_026_01,Mark Wingett,2,M,HE,WWE,UM,SE,AB,N
GB2018_027,Milk and Honey: The Movie,GB2018_026_02,Claire King,2,F,HE,WWE,UM,SE,AB,N
GB2018_028,The Chaperone,GB2018_028_01,Elizabeth McGovern,2,F,HE,WNA,UM,EM,AB,N
GB2018_028,The Chaperone,GB2018_028_02,Campbell Scott,2,M,HE,WNA,UM,SE,AB,N
GB2018_028,The Chaperone,GB2018_028_03,Blythe Danner,3,F,HE,WNA,UC,UN,AB,N
GB2018_028,The Chaperone,GB2018_028_04,Jayne Houdyshell,3,F,,WNA,MC,EM,AB,N
GB2018_029,Kaufman's Game,GB2018_029_01,Tor Andreas Fagerland,3,M,,NOE,UM,SE,AB,N
GB2018_032,Book of Monsters,GB2018_032_01,Nicholas Vince,2,M,HE,WWE,MC,,AB,N
GB2018_033,Await Further Instructions,GB2018_033_01,David Bradley,4,M,HE,WWE,MC,RE,PD,Y
GB2018_034,Sink,GB2018_034_01,Martin Herdman,3,M,HE,WWE,LC,UN,AB,N
GB2018_034,Sink,GB2018_034_02,Ian Hogg,4,M,HE,WWE,LM,RE,AB,N
GB2018_034,Sink,GB2018_034_03,Marlene Sidaway,4,F,HE,WWE,LM,,AB,N
GB2018_035,Modern Life Is Rubbish,GB2018_035_01,Sorcha Cusack,4,F,,WWE,,,,N
GB2018_036,"You, Me and Him",GB2018_036_01,Gemma Jones,4,F,HE,WWE,UM,RE,AB,N
GB2018_036,"You, Me and Him",GB2018_036_02,David Warner,4,M,HE,WWE,UM,RE,AB,N
GB2018_037,Winter Ridge,GB2018_037_01,Michael McKell,2,M,,WWE,MC,EM,AB,N
GB2018_037,Winter Ridge,GB2018_037_02,Alan Ford,4,M,,WWE,MC,RE,CI,Y
GB2018_041,Datsche,GB2018_041_01,Karl-Heinz Schulze,4,M,HE,WWE,UM,SE,AB,N
GB2018_042,Lies We Tell,GB2018_042_01,Gabriel Byrne,3,M,HE,WWE,MC,EM,AB,N
GB2018_042,Lies We Tell,GB2018_042_02,Harvey Keitel,4,M,HE,WNA,UM,SE,AB,N
GB2018_042,Lies We Tell,GB2018_042_03,Toyah Willcox,3,F,HE,WWE,UM,UN,AB,N
GB2018_042,Lies We Tell,GB2018_042_04,Manzar Sebhai,3,M,HE,SOA,MC,RE,AB,N
GB2018_044,Waiting for You,GB2018_044_01,Fanny Ardant,3,F,HE,WWE,UM,RE,AB,N
GB2018_044,Waiting for You,GB2018_044_02,Abdelkrim Bahloul,3,M,,NAF,LM,EM,AB,N
GB2018_045,Viking Destiny,GB2018_045_01,Terence Stamp,4,M,HE,NOE,UC,SE,AB,N
GB2018_046,Scott and Sid,GB2018_046_01,David Summer,3,M,,WWE,MC,EM,AB,N
GB2018_046,Scott and Sid,GB2018_046_02,Maggie Daniels,2,F,,WWE,MC,EM,AB,N
GB2018_046,Scott and Sid,GB2018_046_03,Jerrie Anderson,2,M,,WWE,MC,EM,AB,N
GB2018_048,Stanley a Man of Variety,GB2018_048_01,Timothy Spall,3,M,,WWE,LC,EM,CI,N
GB2018_049,Damascus Cover,GB2018_049_01,Jürgen Prochnow,3,M,,WWE,UM,EM,AB,N
GB2018_049,Damascus Cover,GB2018_049_02,John Hurt,4,M,,WWE,UM,EM,AB,N
GB2018_049,Damascus Cover,GB2018_049_03,Wolf Kahler,3,M,,WWE,UM,EM,AB,N
GB2018_050,Vengeance,GB2018_050_01,Keith Allen,3,M,,WWE,,,,N
GB2018_050,Vengeance,GB2018_050_02,Sean Blowers,2,M,,WWE,,,,N
GB2018_052,The Bromley Boys,GB2018_052_01,Jamie Foreman,2,M,,WWE,UM,SE,AB,N
GB2018_053,Together,GB2018_053_01,Sylvia Sims,4,F,HE,WWE,MC,RE,AB,Y
GB2018_053,Together,GB2018_053_02,Peter Bowles,4,M,HE,WWE,MC,RE,PD,Y
GB2018_053,Together,GB2018_053_03,Amanda Barrie,4,F,,WWE,,RE,,N
GB2018_053,Together,GB2018_053_04,David Hargreaves,4,M,,WWE,,RE,,N
GB2018_054,My Days of Mercy,GB2018_054_01,Elias Koteas,2,M,,WNA,LC,UN,AB,N
GB2018_054,My Days of Mercy,GB2018_054_02,Denise Dal Vera,2,F,,WNA,,,,N
GB2018_057,VS.,GB2018_057_01,Ruth Sheen,3,F,HE,WWE,MC,,AB,N
GB2018_058,The Spiritualist,GB2018_058_01,Caroline Burns Cooke,2,F,,WWE,MC,SE,AB,N
GB2018_058,The Spiritualist,GB2018_058_02,Julie T. Wallace,2,F,HE,WWE,MC,UN,CI,N
GB2018_060,Possum,GB2018_060_01,Alun Armstrong,4,M,HE,WWE,LM,RE,AB,N
GB2018_061,An Evening with Beverly Luff Linn,GB2018_061_01,Michael St. Michaels,4,M,HE,WNA,MC,EM,AB,N
GB2018_062,Surviving Christmas with the Relatives,GB2018_062_01,Patricia Hodge,3,F,HE,WWE,UM,RE,AB,N
GB2018_062,Surviving Christmas with the Relatives,GB2018_062_02,James Fox,3,M,HE,WWE,UM,RE,PD,Y
GB2018_062,Surviving Christmas with the Relatives,GB2018_062_03,Mark Tandy,2,M,,WWE,MC,EM,AB,N
GB2018_063,The Devil's Doorway,GB2018_063_01,Lalor Roddy,3,M,,WWE,MC,EM,AB,N
GB2018_063,The Devil's Doorway,GB2018_063_02,Helena Bereen,3,F,,WWE,MC,EM,AB,N
GB2018_065,Postcards from London,GB2018_065_01,Stephen Boxer,3,M,,WWE,UM,,AB,N
GB2018_065,Postcards from London,GB2018_065_02,Richard Durden,3,M,HO,WWE,UM,SE,AB,N
GB2018_067,The Aspern Papers,GB2018_067_01,Vanessa Redgrave,4,F,HE,WWE,UC,UN,PD,Y
GB2018_068,Blue Iguana,GB2018_068_01,Peter Polycarpou,3,M,,WEE,UM,SE,AB,N
GB2018_068,Blue Iguana,GB2018_068_02,Simon Callow,3,M,,WWE,UM,SE,AB,N
GB2018_069,The More You Ignore Me,GB2018_069_01,Sheila Hancock,4,F,HE,WWE,UM,,AB,N
GB2018_069,The More You Ignore Me,GB2018_069_02,Ricky Tomlinson,4,M,HE,WWE,UM,,AB,N
GB2018_069,The More You Ignore Me,GB2018_069_03,Jo Brand,2,F,,WWE,MC,SE,AB,N
GB2018_070,Agatha And the Truth Of Murder,GB2018_070_01,Pippa Haywood,2,F,,WWE,UM,,AB,N
GB2018_070,Agatha And the Truth Of Murder,GB2018_070_02,Michael McElhatton,2,M,,WWE,UM,,AB,N
GB2018_070,Agatha And the Truth Of Murder,GB2018_070_03,Tim McInnerny,3,M,,WWE,UM,,AB,N
GB2018_071,Dark River,GB2018_071_01,Sean Bean,2,M,HE,WWE,MC,SE,AB,N
ES2019_001,Si yo fuera rico,ES2019_001_01,Antonio Resines,3,M,HE,WWE,MC,RE,AB,N
ES2019_001,Si yo fuera rico,ES2019_001_02,Isabel Ordaz,3,F,HE,WWE,MC,,AB,N
ES2019_001,Si yo fuera rico,ES2019_001_03,Jordi Sánchez,2,M,,WWE,UM,SE,AB,N
ES2019_002,Mientras dure la guerra,ES2019_002_01,Karra Elejalde,3,M,HE,WWE,UM,EM,AB,N
ES2019_002,Mientras dure la guerra,ES2019_002_02,Eduard Fernández,2,M,HE,WWE,UM,EM,PD,Y
ES2019_002,Mientras dure la guerra,ES2019_002_03,Santi Prego,1,M,HE,WWE,UC,SE,AB,N
ES2019_002,Mientras dure la guerra,ES2019_002_04,Tito Valverde,3,M,,WWE,UC,SE,AB,N
ES2019_002,Mientras dure la guerra,ES2019_002_05,Pep Tosar,2,M,,WWE,UM,EM,AB,N
ES2019_002,Mientras dure la guerra,ES2019_002_06,Itziar Aizpuru,4,F,,WWE,LM,EM,AB,N
ES2019_003,Dolor y gloria,ES2019_003_01,Antonio Banderas,3,M,HO,WWE,UM,SE,TD,N
ES2019_003,Dolor y gloria,ES2019_003_02,Julieta Serrano,4,F,HE,WWE,LC,RE,CI,Y
ES2019_003,Dolor y gloria,ES2019_003_03,Susi Sánchez,3,F,HE,WWE,LM,UN,AB,N
ES2019_004,Perdiendo el Este,ES2019_004_01,Carmen Machi,2,F,HE,WWE,MC,SE,AB,N
ES2019_004,Perdiendo el Este,ES2019_004_02,Leo Harlem,2,M,HE,WWE,MC,SE,AB,N
ES2019_005,Quien a hierro mata,ES2019_005_01,Xan Cejudo,4,M,HE,WWE,UM,SE,CI,Y
ES2019_006,Adiós,ES2019_006_01,Carlos Bardem,2,M,,WWE,MC,EM,AB,N
ES2019_007,Legado en los huesos,ES2019_007_01,Imanol Arias,3,M,,WWE,UM,EM,AB,N
ES2019_007,Legado en los huesos,ES2019_007_02,Susi Sánchez,3,F,HE,WWE,MC,RE,CI,N
ES2019_007,Legado en los huesos,ES2019_007_03,Ana Wagener,2,F,,WWE,MC,EM,AB,N
ES2019_007,Legado en los huesos,ES2019_007_04,Itziar Aizpuru,4,F,,WWE,MC,RE,AB,N
ES2019_007,Legado en los huesos,ES2019_007_05,Francesc Orella,3,M,,WWE,MC,EM,AB,N
ES2019_008,Los Rodríguez y el más allá,ES2019_008_01,Plácido Domingo,4,M,HE,WWE,UM,SE,AB,N
ES2019_008,Los Rodríguez y el más allá,ES2019_008_02,Geraldine Chaplin,4,F,HE,WWE,MC,RE,AB,N
ES2019_008,Los Rodríguez y el más allá,ES2019_008_03,Rossy de Palma,2,F,,WWE,MC,,AB,N
ES2019_008,Los Rodríguez y el más allá,ES2019_008_04,Enrique Villén,2,M,,WWE,MC,EM,AB,N
ES2019_008,Los Rodríguez y el más allá,ES2019_008_05,Eduardo Gómez,3,M,,WWE,LM,EM,AB,N
ES2019_009,Gente que viene y bah,ES2019_009_01,Carmen Maura,3,F,HE,WWE,MC,SE,CI,N
ES2019_010,La pequeña Suiza,ES2019_010_01,Ramón Barea,3,M,HE,WWE,MC,SE,AB,N
ES2019_010,La pequeña Suiza,ES2019_010_02,Enrique Villén,3,M,HE,WWE,MC,RE,AB,N
ES2019_010,La pequeña Suiza,ES2019_010_03,Kandido Uranga,3,M,HE,WWE,MC,RE,AB,N
ES2019_011,Lo nunca visto,ES2019_011_01,Kiti Mánver,4,F,HE,WWE,LM,RE,AB,N
ES2019_011,Lo nunca visto,ES2019_011_02,Carmen Machi,2,F,HE,WWE,MC,SE,AB,N
ES2019_011,Lo nunca visto,ES2019_011_03,Paco Tous,2,M,HE,WWE,MC,SE,AB,N
ES2019_013,O que arde,ES2019_013_01,Benedicta Sánchez,4,F,HE,WWE,LM,SE,AB,N
ES2019_016,La hija de un ladrón,ES2019_016_01,Eduard Fernández,2,M,HE,WWE,LM,SE,AB,N
ES2019_017,El hoyo,ES2019_017_01,Antonia San Juan,2,F,,WWE,LC,UN,AB,N
ES2019_017,El hoyo,ES2019_017_02,Zorion Eguileor,3,M,,WWE,LC,UN,AB,N
ES2019_018,El crack cero,ES2019_018_01,Luisa Gavasa,3,F,,WWE,LM,EM,AB,N
ES2019_018,El crack cero,ES2019_018_02,Ramón Langa,3,M,,WWE,UC,SE,AB,N
ES2019_018,El crack cero,ES2019_018_03,Pedro Casablanc,2,M,,WWE,UM,EM,AB,N
ES2019_019,Abuelos,ES2019_019_01,Carlos Iglesias,3,M,HE,WWE,LM,UN,AB,N
ES2019_019,Abuelos,ES2019_019_02,Roberto Álvarez,3,M,HE,WWE,LM,UN,AB,N
ES2019_019,Abuelos,ES2019_019_03,Ramón Barea,3,M,HE,WWE,LM,UN,AB,N
ES2019_019,Abuelos,ES2019_019_04,Mercedes Sampietro,3,F,HE,WWE,MC,,AB,N
ES2019_020,4 latas,ES2019_020_01,Jean Reno,3,M,HE,WWE,UM,SE,AB,N
ES2019_020,4 latas,ES2019_020_02,Enrique San Francisco,3,M,HE,WWE,LC,UN,CI,Y
ES2019_021,Vivir dos veces,ES2019_021_01,Oscar Martínez,3,M,HE,WWE,UM,RE,CI,N
ES2019_022,El silencio del pantano,ES2019_022_01,Carmina Barrios,3,M,HE,,UM,SE,AB,N
ES2019_022,El silencio del pantano,ES2019_022_02,José Ángel Egido,3,F,,WWE,UM,EM,AB,N
ES2019_023,Remember me,ES2019_023_01,Bruce Dern,4,M,HE,WNA,MC,RE,AB,N
ES2019_023,Remember me,ES2019_023_02,Caroline Silhol,4,F,HE,WNA,MC,RE,PD,N
ES2019_023,Remember me,ES2019_023_03,Brian Cox,4,M,,WWE,MC,RE,AB,N
ES2019_023,Remember me,ES2019_023_04,Verónica Forqué,3,F,,WWE,MC,EM,AB,N
ES2019_024,Salir del ropero,ES2019_024_01,Verónica Forqué,3,F,HO,WWE,MC,RE,AB,N
ES2019_024,Salir del ropero,ES2019_024_02,Rosa Maria Sardà,4,F,HO,WWE,MC,RE,AB,N
ES2019_025,Agur Etxebeste,ES2019_025_01,Elena Irureta,3,F,HE,WWE,UM,EM,AB,N
ES2019_025,Agur Etxebeste,ES2019_025_02,Ramón Agirre,3,M,HE,WWE,UM,RE,AB,N
ES2019_025,Agur Etxebeste,ES2019_025_03,Iñake Irastorza,3,F,,WWE,,,AB,N
ES2019_025,Agur Etxebeste,ES2019_025_04,Paco Sagarzazu,3,M,,WWE,,,AB,N
ES2019_025,Agur Etxebeste,ES2019_025_05,Ane Gabarain,2,F,,WWE,,,AB,N
ES2019_025,Agur Etxebeste,ES2019_025_06,Aitzpea Goenaga,3,F,,WWE,,,AB,N
ES2019_025,Agur Etxebeste,ES2019_025_07,Zorion Eguileor,3,M,,WWE,,,AB,N
ES2019_025,Agur Etxebeste,ES2019_025_08,Kandido Uranga,3,M,HE,WWE,MC,RE,AB,N
ES2019_033,Cordes,ES2019_033_01,Miguel Ángel Jenner,3,M,HE,WWE,UM,,AB,N
ES2019_036,Dolorosa Gioia,ES2019_036_01,Pep Tosar,2,M,HE,WWE,UM,,AB,N
ES2019_038,The Invocation of Enver Simaku,ES2019_038_01,Piro Milkani,4,M,,WEE,LM,,,N
ES2019_038,The Invocation of Enver Simaku,ES2019_038_02,Margarita Xhepa,4,F,,WEE,LM,,,N
ES2019_038,The Invocation of Enver Simaku,ES2019_038_03,Tinka Kurti,4,F,,WEE,LM,,,N
ES2019_038,The Invocation of Enver Simaku,ES2019_038_04,Viktor Zhusti,4,M,,WEE,LM,,,N
ES2019_039,El brazalete de oro,ES2019_039_01,Emilio Linder,3,M,,WWE,MC,EM,AB,N
ES2019_039,El brazalete de oro,ES2019_039_02,Alonso Posadas,3,M,,WWE,UM,SE,AB,N
ES2019_040,La felicidad de los perros,ES2019_040_01,Santi Prego,2,M,,WWE,LC,UN,AB,N
ES2019_044,The Chain,ES2019_044_01,Adrienne Barbeau,3,F,,WNA,MC,,AB,N
ES2019_044,The Chain,ES2019_044_02,Ray Wise,3,M,HE,WNA,MC,,PD,N
ES2019_048,Moira,ES2019_048_01,Daniel Lovecchio,3,M,HE,WLA,MC,,AB,N
ES2019_048,Moira,ES2019_048_02,Rudy Chernicoff,3,M,,WLA,MC,,AB,N
ES2019_048,Moira,ES2019_048_03,Emilio Linder,3,M,,WLA,UM,EM,AB,N
ES2019_051,Be Happy! (the musical),ES2019_051_01,Gary Wilmot,3,M,,BWE,MC,,AB,N
ES2019_051,Be Happy! (the musical),ES2019_051_02,Minnie Marx,3,F,,WWE,MC,,AB,N
ES2019_051,Be Happy! (the musical),ES2019_051_03,Siân Phillips,4,F,,WWE,MC,,AB,N
ES2019_051,Be Happy! (the musical),ES2019_051_04,Vicky Peña,3,F,,WWE,MC,,AB,N
ES2019_052,Love Me Not,ES2019_052_01,Francesc Orella,3,M,HE,WWE,UM,EM,AB,N
ES2019_058,Enterrados,ES2019_058_01,José Antonio Lobato,2,M,,WWE,LM,EM,AB,N
ES2019_058,Enterrados,ES2019_058_02,Manuel Pizarro,2,M,,WWE,LM,EM,AB,N
ES2019_060,La primera cita,ES2019_060_01,Isabel Ampudia,2,F,HE,WWE,MC,,PD,Y
ES2019_060,La primera cita,ES2019_060_02,Sebastián Haro,2,M,HE,WWE,MC,EM,AB,N
ES2019_060,La primera cita,ES2019_060_03,Mercedes Hoyos,2,F,HE,WWE,MC,,AB,N
ES2019_060,La primera cita,ES2019_060_04,Bruto Pomeroy,3,M,,WWE,UM,EM,AB,N
ES2019_061,Sense sostre,ES2019_061_01,Teresa Vallicrosa,3,F,,WWE,,,,N
ES2019_061,Sense sostre,ES2019_061_02,José María Blanco,4,M,,WWE,,,,N
ES2019_064,"Yo, mi mujer y mi mujer muerta",ES2019_064_01,Oscar Martínez,3,M,HE,WLA,MC,RE,AB,N
ES2019_064,"Yo, mi mujer y mi mujer muerta",ES2019_064_02,Pedro Álvarez-Ossorio,3,M,,WWE,,,AB,N
ES2019_065,"522. Un gato, un chino y mi padre",ES2019_065_01,João Lagarto,3,M,,WWE,,,,N
ES2019_065,"522. Un gato, un chino y mi padre",ES2019_065_02,José Neto,3,M,,WWE,,,,N
ES2019_067,Ojos Negros,ES2019_067_01,Inés Paricio,4,F,HE,WWE,MC,RE,CI,N
ES2019_069,La noche de las dos lunas,ES2019_069_01,María Barranco,2,F,HE,WWE,MC,,AB,N
ES2019_069,La noche de las dos lunas,ES2019_069_02,Juan Jesús Valverde,3,M,,WWE,MC,EM,AB,N
ES2019_070,Viva la vida,ES2019_070_01,Lola Moltó,3,F,HE,WWE,MC,,AB,N
ES2019_070,Viva la vida,ES2019_070_02,Guillermo Montesinos,3,M,HE,WWE,MC,,PD,Y
ES2019_071,La estrategia del pequinés,ES2019_071_01,Lorenza Machín,4,F,,WWE,LM,,AB,N
ES2019_071,La estrategia del pequinés,ES2019_071_02,Pep Jové,3,M,,WWE,UM,SE,AB,N
ES2019_072,"¡Ay, mi madre!",ES2019_072_01,María Alfonsa Rosso,4,F,HE,WWE,MC,,AB,N
ES2019_072,"¡Ay, mi madre!",ES2019_072_02,Terele Pávez,4,F,HE,WWE,MC,,CI,N
ES2019_073,Sanfelices,ES2019_073_01,Julio Arnau Catalá,3,M,HE,WWE,MC,RE,AB,N
ES2019_073,Sanfelices,ES2019_073_02,Flora López,3,F,HE,WWE,MC,RE,PD,Y
ES2019_074,Diecisiete,ES2019_074_01,Lola Cordón,4,F,HE,WWE,MC,RE,CI,N
ES2019_075,Elisa y Marcela,ES2019_075_01,Francesc Orella,3,M,HE,WWE,LM,EM,AB,N
ES2019_075,Elisa y Marcela,ES2019_075_02,Manuel Lourenzo,4,M,HE,WWE,MC,EM,AB,N
ES2019_075,Elisa y Marcela,ES2019_075_03,Lluís Homar,3,M,,WWE,UM,EM,AB,N
ES2019_076,La Banda,ES2019_076_01,Enric Benavent,3,M,HE,WWE,MC,,AB,N
ES2019_076,La Banda,ES2019_076_02,Inma Sancho,2,F,HE,WWE,MC,,AB,N
ES2019_077,Me llamo Gennet,ES2019_077_01,Miriam Díaz-Aroca,2,F,HE,WWE,UM,UN,CI,N
ES2019_077,Me llamo Gennet,ES2019_077_02,Ángela Molina,3,F,,WWE,UM,UN,AB,N
ES2019_077,Me llamo Gennet,ES2019_077_03,Micky Molina,2,M,,WWE,MC,EM,AB,N
ES2019_078,La vida sense la Sara Amat,ES2019_078_01,Francesca Piñón,3,F,HE,WWE,LM,,AB,N
ES2019_078,La vida sense la Sara Amat,ES2019_078_02,Jordi Figueras,2,M,HE,WWE,LM,,AB,N
ES2019_079,Barcelona 1714,ES2019_079_01,Àlex Casanovas,2,M,,WWE,UM,EM,AB,N
ES2019_079,Barcelona 1714,ES2019_079_02,Juanjo Puigcorbé,3,M,,WWE,UC,SE,AB,N
ES2019_080,Sordo,ES2019_080_01,Imanol Arias,2,M,HE,WWE,MC,EM,AB,N
ES2019_080,Sordo,ES2019_080_02,Manuel de Blas,4,M,HE,WWE,UM,EM,AB,N
ES2019_080,Sordo,ES2019_080_03,Antonio Dechent,2,M,HE,WWE,UM,EM,AB,N
GB2019_001,Downton Abbey,GB2019_001_01,Hugh Bonneville,2,M,HE,WWE,UC,SE,AB,N
GB2019_001,Downton Abbey,GB2019_001_02,Maggie Smith,4,F,HE,WWE,UC,SE,AB,Y
GB2019_001,Downton Abbey,GB2019_001_03,Penelope Wilton,3,F,HE,WWE,UC,SE,AB,Y
GB2019_001,Downton Abbey,GB2019_001_04,Imelda Staunton,3,F,HE,WWE,UC,SE,AB,N
GB2019_001,Downton Abbey,GB2019_001_05,Jim Carter,3,M,,WWE,MC,EM,AB,N
GB2019_001,Downton Abbey,GB2019_001_06,Lesley Nicol,3,F,HE,WWE,LM,EM,AB,N
GB2019_001,Downton Abbey,GB2019_001_07,Phyllis Logan,3,F,HE,WWE,LM,EM,AB,N
GB2019_001,Downton Abbey,GB2019_001_08,Geraldine James,THE,F,HE,WWE,UC,SE,AB,N
GB2019_001,Downton Abbey,GB2019_001_09,Elizabeth McGovern,2,F,HE,WWE,UC,SE,AB,N
GB2019_002,Cats,GB2019_002_01,Judi Dench,4,F,,WWE,UC,SE,AB,N
GB2019_002,Cats,GB2019_002_02,Ian McKellen,4,M,,WWE,LM,,AB,N
GB2019_002,Cats,GB2019_002_03,Ray Winstone,3,M,,WWE,,,AB,N
GB2019_003,Stan & Ollie,GB2019_003_01,Danny Huston,2,M,,WNA,UM,SE,AB,N
GB2019_003,Stan & Ollie,GB2019_003_02,Steve Coogan,3,M,HE,WWE,MC,EM,AB,N
GB2019_003,Stan & Ollie,GB2019_003_03,John C. Reilly,3,M,HE,WNA,MC,EM,CI,N
GB2019_004,Mary Queen of Scots,GB2019_004_01,Simon Russell Beale,2,M,HE,WWE,UC,SE,,N
GB2019_004,Mary Queen of Scots,GB2019_004_02,Richard Cant,2,M,HE,WWE,UC,SE,,N
GB2019_005,Judy,GB2019_005_01,Michael Gambon,4,M,,WWE,UM,,AB,N
GB2019_006,Fisherman's Friends,GB2019_006_01,James Purefoy,2,M,HE,WWE,LM,EM,AB,N
GB2019_006,Fisherman's Friends,GB2019_006_02,Maggie Steed,3,F,HE,WWE,MC,SE,AB,N
GB2019_006,Fisherman's Friends,GB2019_006_03,Dave Johns,3,M,HE,WWE,LM,EM,AB,N
GB2019_006,Fisherman's Friends,GB2019_006_04,David Hayman,3,M,HE,WWE,LM,EM,AB,N
GB2019_007,The Kid Who Would Be King,GB2019_007_01,Patrick Stewart,4,M,,WWE,LM,EM,AB,N
GB2019_008,Blinded by the Light,GB2019_008_01,David Hayman,3,M,,WWE,MC,,AB,N
GB2019_008,Blinded by the Light,GB2019_008_02,Lorraine Ashbourne,2,F,,WWE,MC,EM,AB,N
GB2019_008,Blinded by the Light,GB2019_008_03,Jeff Mirza,2,M,,AWE,MC,EM,AB,N
GB2019_009,Wild Rose,GB2019_009_01,Julie Walters,3,F,HE,WWE,MC,RE,AB,N
GB2019_010,Red Joan,GB2019_010_01,Judi Dench,4,F,HE,WWE,MC,RE,TD,Y
GB2019_010,Red Joan,GB2019_010_02,Stephen Boxer,3,M,,WWE,UM,EM,AB,N
GB2019_011,Colette,GB2019_011_01,Fiona Shaw,3,F,,WWE,MC,,AB,N
GB2019_011,Colette,GB2019_011_02,Robert Pugh,4,M,,WWE,UM,,AB,N
GB2019_011,Colette,GB2019_011_03,Arabella Weir,3,F,,WWE,UM,,AB,N
GB2019_012,Official Secrets,GB2019_012_01,Ralph Fiennes,2,M,,WWE,UM,SE,AB,N
GB2019_012,Official Secrets,GB2019_012_02,Conleth Hill,2,M,,WWE,UM,EM,AB,N
GB2019_012,Official Secrets,GB2019_012_03,Peter Guinness,3,M,,WWE,MC,EM,AB,N
GB2019_013,The White Crow,GB2019_013_01,Ralph Fiennes,2,M,,WEE,UM,EM,AB,N
GB2019_014,Mrs Lowry and Son,GB2019_014_01,Timothy Spall,2,M,HE,WWE,LM,EM,AB,N
GB2019_014,Mrs Lowry and Son,GB2019_014_02,Vanessa Redgrave,4,F,HE,WWE,LM,RE,PD,Y
GB2019_014,Mrs Lowry and Son,GB2019_014_03,David Schaal,2,M,,WWE,UM,SE,AB,N
GB2019_015,All Is True,GB2019_015_01,Kenneth Branagh,2,M,HE,WWE,UM,RE,AB,N
GB2019_015,All Is True,GB2019_015_02,Judi Dench,4,F,HE,WWE,UM,SE,AB,N
GB2019_015,All Is True,GB2019_015_03,Ian McKellen,4,M,,WWE,UC,SE,AB,N
GB2019_016,The Souvenir,GB2019_016_01,Tilda Swinton,3,F,HE,WWE,UC,SE,AB,N
GB2019_016,The Souvenir,GB2019_016_02,Dick Fontaine,4,M,,WWE,UM,EM,AB,N
GB2019_017,The Vanishing,GB2019_017_01,Peter Mullan,3,M,HE,WWE,LM,EM,AB,N
GB2019_017,The Vanishing,GB2019_017_02,Gary Lewis,3,M,,WWE,LM,EM,AB,N
GB2019_017,The Vanishing,GB2019_017_03,Søren Malling,2,M,,WWE,MC,EM,AB,N
GB2019_018,Vita & Virginia,GB2019_018_01,Isabella Rossellini,3,F,HE,WWE,UC,SE,AB,N
GB2019_019,Tucked,GB2019_019_01,Derren Nesbitt,3,M,PA,WWE,LM,SE,CI,Y
GB2019_021,Ordinary love,GB2019_021_01,Liam Neeson,3,M,HE,WWE,MC,RE,AB,N
GB2019_021,Ordinary love,GB2019_021_02,Lesley Manville,3,F,HE,WWE,MC,RE,CI,N
GB2019_022,The Corrupted,GB2019_022_01,Timothy Spall,3,M,HE,WWE,UC,SE,AB,N
GB2019_022,The Corrupted,GB2019_022_02,Hugh Bonneville,2,M,HE,WWE,UM,EM,AB,N
GB2019_022,The Corrupted,GB2019_022_03,David Hayman,3,M,,WWE,MC,EM,AB,N
GB2019_022,The Corrupted,GB2019_022_04,Lorraine Ashbourne,2,F,HE,WWE,UC,UN,AB,N
GB2019_023,Ray & Liz,GB2019_023_01,Patrick Romer,3,M,HE,WWE,LC,UN,CI,N
GB2019_024,Out of Blue,GB2019_024_01,Patricia Clarkson,2,F,,WNA,MC,EM,AB,N
GB2019_024,Out of Blue,GB2019_024_02,Jacki Weaver,3,F,HE,WNA,UC,UN,AB,N
GB2019_024,Out of Blue,GB2019_024_03,James Caan,4,M,HE,WNA,UC,RE,AB,N
GB2019_026,The Convent,GB2019_026_01,Michael Ironside,3,M,HE,WWE,UM,EM,AB,N
GB2019_026,The Convent,GB2019_026_02,Clare Higgins,3,F,,WWE,MC,EM,AB,N
GB2019_026,The Convent,GB2019_026_03,Ania Marson,4,F,,WWE,MC,EM,AB,N
GB2019_028,My Zoe,GB2019_028_01,Lindsay Duncan,3,F,HE,WWE,MC,RE,AB,N
GB2019_030,Out of Innocence,GB2019_030_01,Fiona Shaw,3,F,HE,WWE,MC,EM,AB,N
GB2019_030,Out of Innocence,GB2019_030_02,Alun Armstrong,3,M,,WWE,MC,EM,AB,N
GB2019_030,Out of Innocence,GB2019_030_03,Des McAleer,3,M,,WWE,MC,EM,AB,N
GB2019_030,Out of Innocence,GB2019_030_04,Nick Dunning,3,M,HE,WWE,UM,EM,AB,N
GB2019_030,Out of Innocence,GB2019_030_05,Gary Whelan,3,M,HE,WWE,MC,EM,AB,N
GB2019_030,Out of Innocence,GB2019_030_06,Ruth McCabe,3,F,HE,WWE,MC,,AB,N
GB2019_032,Fanny Lye Deliver'd,GB2019_032_01,Charles Dance,3,M,HE,WWE,MC,SE,AB,N
GB2019_034,Born a King,GB2019_034_01,James Fleet,3,M,HE,WWE,UC,SE,AB,N
GB2019_034,Born a King,GB2019_034_02,Kenneth Cranham,4,M,HE,WWE,UC,SE,AB,N
GB2019_036,Division 19,GB2019_036_01,Linus Roache,2,M,,WWE,UC,EM,AB,N
GB2019_036,Division 19,GB2019_036_02,L. Scott Caldwell,3,F,,BNA,,,,N
GB2019_036,Division 19,GB2019_036_03,Clarke Peters,3,M,,BNA,,,,N
GB2019_037,Songbird,GB2019_037_01,Griffin Dunne,3,M,HE,WNA,MC,,AB,N
GB2019_038,Arifa,GB2019_038_01,Tina Gray,4,F,HE,WWE,MC,RE,AB,N
GB2019_038,Arifa,GB2019_038_02,Taru Devani,3,F,HE,AWE,LM,,AB,N
GB2019_038,Arifa,GB2019_038_03,Jeff Mirza,3,M,HE,AWE,LM,SE,AB,N
GB2019_039,Wild Honey Pie!,GB2019_039_01,Joanna Scanlan,2,F,HE,WWE,,,AB,N
GB2019_040,Ophelia,GB2019_040_01,Nathaniel Parker,2,M,HE,WWE,UC,SE,AB,N
GB2019_041,Crucible of the Vampire,GB2019_041_01,Larry Rew,4,M,HE,WWE,UC,SE,AB,N
GB2019_041,Crucible of the Vampire,GB2019_041_02,Brian Croucher,4,M,,WWE,,,AB,N
GB2019_041,Crucible of the Vampire,GB2019_041_03,Neil Morrissey,2,M,,WWE,LM,EM,AB,N
GB2019_042,Once Upon a Time in London,GB2019_042_01,Geoff Bell,2,M,HE,WWE,UM,SE,AB,N
GB2019_043,Invasion Planet Earth,GB2019_043_01,Toyah Willcox,3,F,,WWE,,EM,AB,N
GB2019_043,Invasion Planet Earth,GB2019_043_02,Nina Stratford,3,F,,WNA,UC,EM,AB,N
GB2019_044,Winterlong,GB2019_044_01,Ian Puleston-Davies,2,M,,WWE,MC,EM,AB,N
GB2019_045,I Love My Mum,GB2019_045_01,Dominique Pinon,3,M,HE,WWE,MC,EM,AB,N
GB2019_048,The Courier,GB2019_048_01,Gary Oldman,3,M,,WWE,UC,SE,AB,N
GB2019_048,The Courier,GB2019_048_02,Dermot Mulroney,2,M,,WWE,MC,EM,AB,N
GB2019_050,Burning Men,GB2019_050_01,Christopher Fulford,3,M,,WWE,MC,,AB,N
GB2019_051,Steel Country,GB2019_051_01,Sandra Ellis Lafferty,4,F,HE,WNA,MC,RE,AB,N
GB2019_051,Steel Country,GB2019_051_02,Andrew Masset,3,M,,WNA,MC,EM,AB,N
GB2019_053,Making Noise Quietly,GB2019_052_01,Deborah Findlay,3,F,HE,WWE,MC,RE,AB,N
GB2019_053,Making Noise Quietly,GB2019_052_02,Barbara Marten,3,F,HE,WWE,UM,UN,AB,N
GB2019_053,Making Noise Quietly,GB2019_052_03,Joanne Howarth,3,F,HE,WWE,LM,EM,AB,N
GB2019_054,Mari,GB2019_054_01,Paddy Glynn,4,F,HE,WWE,MC,RE,CI,N
GB2019_054,Mari,GB2019_054_02,Phoebe Nicholls,3,F,HE,WWE,MC,RE,AB,N
GB2019_057,Neither Wolf Nor Dog,GB2019_057_01,Dave Bald Eagle,4,M,HE,NNA,LM,RE,AB,N
GB2019_057,Neither Wolf Nor Dog,GB2019_057_02,Richard Ray Whitman,3,M,HE,NNA,LM,SE,AB,N
GB2019_058,Say My Name,GB2019_058_01,Craig Fairbrass,2,M,HE,WWE,MC,SE,AB,N
GB2019_060,The Flood,GB2019_060_01,Iain Glen,2,M,,WWE,MC,EM,AB,N
GB2019_060,The Flood,GB2019_060_02,Amira Ghazalla,2,F,,MEA,,,,N
GB2019_061,London Unplugged,GB2019_061_01,Eve Pearce,4,F,,WWE,,,AB,N
GB2019_061,London Unplugged,GB2019_061_02,Juliet Stevenson,3,F,,WWE,,,AB,N
GB2019_061,London Unplugged,GB2019_061_03,Shaun Prendergast,3,M,,WWE,,,AB,N
GB2019_061,London Unplugged,GB2019_061_04,Chris Barritt,3,M,,WWE,,,AB,N
GB2019_061,London Unplugged,GB2019_061_05,Mark Forstater,4,M,,WWE,,,AB,N
GB2019_064,Destination: Dewsbury,GB2019_064_01,Maurice Byrne,3,M,HE,WWE,MC,,AB,N
GB2019_066,American Woman,GB2019_066_01,Amy Madigan,3,F,HE,WNA,UM,,AB,N
GB2019_068,Tomorrow,GB2019_068_01,Stephen Fry,3,M,,WWE,MC,EM,AB,N
GB2019_068,Tomorrow,GB2019_068_02,James Cosmo,3,M,,WWE,UM,EM,AB,N
GB2019_072,The Fight,GB2019_072_01,Anita Dobson,4,F,HE,WWE,MC,RE,AB,N
GB2019_072,The Fight,GB2019_072_02,Christopher Fairbank,3,M,HE,WWE,MC,RE,AB,N
GB2019_074,Jellyfish,GB2019_074_01,Angus Barnett,2,M,,WWE,MC,SE,AB,N
GB2019_074,Jellyfish,GB2019_074_02,Cyril Nri,2,M,,BWE,MC,EM,AB,N
GB2019_076,The Party's Just Beginning,GB2019_076_01,Siobhan Redmond,2,F,HE,WWE,MC,,AB,N
GB2019_077,Puppet Master: The Littlest Reich,GB2019_077_01,Michael Paré,2,M,,WNA,MC,,AB,N
GB2019_077,Puppet Master: The Littlest Reich,GB2019_077_02,Udo Kier,3,M,,WWE,UM,SE,AB,N
GB2019_077,Puppet Master: The Littlest Reich,GB2019_077_03,Matthias Hues,2,M,,WWE,,,,N
ES2020_001,Padre no hay más que uno 2: La llegada de la suegra,ES2020_001_03,Leo Harlem,2,M,HE,WWE,MC,UN,AB,N
ES2020_002,Malasaña 32,ES2020_002_01,Concha Velasco,4,F,,WWE,MC,,,
ES2020_002,Malasaña 32,ES2020_002_02,Javier Botet,4,F,,WWE,MC,,,N
ES2020_002,Malasaña 32,ES2020_002_03,José Luis de Madariaga,4,M,HE,WWE,MC,RE,AB,Y
ES2020_003,Superagente Makey,ES2020_003_01,Leo Harlem,2,M,,WWE,MC,EM,AB,N
ES2020_003,Superagente Makey,ES2020_003_02,Jordi Sánchez,2,M,,WWE,LM,UN,AB,N
ES2020_004,La boda de Rosa,ES2020_004_01,Sergi López,2,M,HE,WWE,MC,SE,AB,N
ES2020_004,La boda de Rosa,ES2020_004_02,Ramón Barea,3,M,HE,WWE,MC,RE,AB,N
ES2020_005,El plan,ES2020_005_01,Chema del Barco,2,M,,WWE,LM,UN,AB,N
ES2020_006,El inconveniente,ES2020_006_01,Kiti Mánver,4,F,HE,WWE,MC,RE,CI,N
ES2020_006,El inconveniente,ES2020_006_02,José Sacristán,4,M,HE,WWE,MC,RE,AB,N
ES2020_007,Orígenes secretos,ES2020_007_01,Antonio Resines,3,M,HE,WWE,MC,RE,AB,N
ES2020_008,Baby,ES2020_008_01,Harriet Sansom Harris,3,F,,WWE,UC,,AB,N
ES2020_008,Baby,ES2020_008_02,Charo López,4,F,,WWE,,,,
ES2020_009,El arte de volver,ES2020_009_01,Celso Bugallo,4,M,HE,WWE,MC,RE,CI,Y
ES2020_010,Nieva en Benidorm,ES2020_010_01,Timothy Spall,3,M,HE,WWE,MC,RE,AB,N
ES2020_010,Nieva en Benidorm,ES2020_010_02,Carmen Machi,2,F,HE,WWE,MC,EM,AB,N
ES2020_010,Nieva en Benidorm,ES2020_010_03,Pedro Casablanc,2,M,,WWE,MC,SE,AB,N
ES2020_012,Invisibles,ES2020_012_01,Emma Suárez,2,F,HE,WWE,MC,EM,AB,N
ES2020_012,Invisibles,ES2020_012_02,Adriana Ozores,2,F,HE,WWE,MC,,AB,N
ES2020_012,Invisibles,ES2020_012_03,Blanca Portillo,2,F,HE,WWE,MC,,AB,N
ES2020_012,Invisibles,ES2020_012_04,Pedro Casablanc,2,M,HE,WWE,MC,,AB,N
ES2020_013,La lista de los deseos,ES2020_013_01,Victoria Abril,3,F,,WWE,MC,,CI,N
ES2020_014,La suite nupcial,ES2020_014_01,Carlos Iglesias,2,M,HE,WWE,MC,EM,AB,N
ES2020_014,La suite nupcial,ES2020_014_02,José Mota,2,M,HE,WWE,MC,EM,AB,N
ES2020_014,La suite nupcial,ES2020_014_03,Santiago Segura,2,M,HE,WWE,MC,EM,AB,N
ES2020_014,La suite nupcial,ES2020_014_04,Ana Fernández,2,F,HE,WWE,MC,EM,AB,N
ES2020_014,La suite nupcial,ES2020_014_05,Roberto Álvarez,2,M,,WWE,MC,EM,AB,N
ES2020_015,La maldición del guapo,ES2020_015_01,Gonzalo de Castro,3,M,HE,WWE,UM,SE,AB,N
ES2020_015,La maldición del guapo,ES2020_015_02,Ginés García Millán,2,M,HE,WWE,UM,SE,AB,N
ES2020_015,La maldición del guapo,ES2020_015_03,Carlos Hipólito,3,M,HE,WWE,UM,,AB,N
ES2020_016,Ofrenda a la tormenta,ES2020_016_01,Imanol Arias,3,M,,WWE,UC,EM,AB,N
ES2020_016,Ofrenda a la tormenta,ES2020_016_02,Itziar Aizpuru,4,F,,WWE,MC,RE,AB,N
ES2020_016,Ofrenda a la tormenta,ES2020_016_03,Alicia Sánchez,4,F,HE,WWE,MC,RE,AB,N
ES2020_016,Ofrenda a la tormenta,ES2020_016_04,Ana Wagener,2,F,,WWE,MC,EM,AB,N
ES2020_016,Ofrenda a la tormenta,ES2020_016_05,Susi Sánchez,4,F,HE,WWE,MC,RE,PD,N
ES2020_023,Una dona amb unes ales tremendes,ES2020_023_01,Victoria Salvador,3,F,HE,WWE,MC,SE,AB,N
ES2020_023,Una dona amb unes ales tremendes,ES2020_023_02,Juli Mira,3,M,HE,WWE,MC,SE,AB,N
ES2020_024,Amalia en el otoño,ES2020_024_01,María José Alfonso,4,F,HE,WWE,MC,RE,AB,N
ES2020_024,Amalia en el otoño,ES2020_024_02,Máximo Valverde,4,M,HE,WWE,MC,RE,AB,N
ES2020_024,Amalia en el otoño,ES2020_024_03,Manuel Zarzo,4,M,HE,WWE,MC,RE,AB,N
ES2020_024,Amalia en el otoño,ES2020_024_04,Guillermo Montesinos,3,M,,WWE,LM,EM,AB,N
ES2020_024,Amalia en el otoño,ES2020_024_05,Saturnino García,4,M,,WWE,,,,
ES2020_024,Amalia en el otoño,ES2020_024_06,Mariano Venancio,3,M,,WWE,UM,EM,AB,N
ES2020_024,Amalia en el otoño,ES2020_024_07,Carlos Manuel Díaz,3,M,,WWE,UM,SE,AB,N
ES2020_024,Amalia en el otoño,ES2020_024_08,Silvia Casanova,4,F,HE,WWE,MC,RE,AB,Y
ES2020_024,Amalia en el otoño,ES2020_024_09,Tony Antonio,3,M,HE,WWE,,,AB,N
ES2020_024,Amalia en el otoño,ES2020_024_10,Jesús Guzmán,4,M,HE,WWE,MC,RE,AB,Y
ES2020_031,El secreto de Ibosim,ES2020_031_01,Micky Molina,3,M,,WWE,,,,N
ES2020_031,El secreto de Ibosim,ES2020_031_02,Miriam Díaz-Aroca,3,F,,WWE,,,,N
ES2020_032,Vampus Horror Tales,ES2020_032_01,Saturnino García,4,M,,WWE,,EM,AB,N
ES2020_032,Vampus Horror Tales,ES2020_032_02,José Lifante,4,M,,WWE,,,,N
ES2020_032,Vampus Horror Tales,ES2020_032_03,Micky Molina,3,M,,WWE,,,,N
ES2020_032,Vampus Horror Tales,ES2020_032_04,Lone Fleming,4,F,,WWE,,,,
ES2020_044,Estándar,ES2020_044_01,Manuel de Blas,4,M,HE,WWE,UM,SE,AB,N
ES2020_048,La mancha negra,ES2020_048_01,María Alfonsa Rosso,4,F,HE,WWE,UM,RE,CI,N
ES2020_048,La mancha negra,ES2020_048_04,Juan Manuel Lara,3,M,,WWE,MC,EM,AB,N
ES2020_049,Mi gran despedida,ES2020_049_01,Juan Manuel Lara,3,M,,WWE,MC,,AB,N
ES2020_052,A este lado del mundo,ES2020_052_01,Janfri Topera,3,M,,WWE,UM,EM,AB,N
ES2020_053,Urubú,ES2020_053_01,José Carabias,3,M,,WWE,UM,EM,AB,N
ES2020_055,Lúa vermella,ES2020_055_01,"Manuel Tajes ""O Rubio de Camelles""",3,M,,WWE,LM,SE,AB,N
ES2020_056,Una ventana al mar,ES2020_056_01,Emma Suárez,2,M,HE,WWE,MC,EM,CI,N
ES2020_056,Una ventana al mar,ES2020_056_02,Akilas Karazisis,3,M,HE,WWE,LM,SE,AB,N
ES2020_056,Una ventana al mar,ES2020_056_03,Antonis Kafetzopoulos,3,M,,WWE,MC,EM,AB,N
ES2020_057,Los Hijos de San Luis,ES2020_057_01,José González,3,M,,WWE,MC,EM,AB,N
ES2020_058,La dona il·legal,ES2020_058_01,Daniel Faraldo,3,M,,WLA,MC,EM,AB,N
ES2020_058,La dona il·legal,ES2020_058_02,Boris Ruiz,3,M,,WWE,UM,EM,AB,N
ES2020_058,La dona il·legal,ES2020_058_03,Abdel Aziz El Mountassir,3,M,,NAF,MC,SE,AB,N
ES2020_059,Blanco en blanco,ES2020_059_01,Alfredo Castro,3,M,,WLA,MC,SE,AB,N
ES2020_059,Blanco en blanco,ES2020_059_02,Alejandro Goic,3,M,,WLA,MC,EM,AB,N
ES2020_060,Ons,ES2020_060_01,"Antonio Durán ""Morris""",2,M,HE,WWE,MC,,PD,N
ES2020_061,Ilargi Guztiak,ES2020_061_01,Zorion Eguileor,3,M,,WWE,MC,EM,AB,N
ES2020_063,La isla de las mentiras,ES2020_063_01,Darío Grandinetti,3,M,,WLA,UM,EM,AB,N
ES2020_063,La isla de las mentiras,ES2020_063_02,Celso Bugallo,4,M,,WWE,LM,,,
ES2020_063,La isla de las mentiras,ES2020_063_03,Mela Casal,3,F,,WWE,LM,,,N
ES2020_064,Hil-Kanpaiak,ES2020_064_01,Kandido Uranga,3,M,,WWE,MC,EM,AB,N
ES2020_067,Un mundo normal,ES2020_067_01,Magüi Mira,4,F,HE,WWE,UM,RE,AB,N
GB2020_001,1917,GB2020_001_01,Colin Firth,2,M,,WWE,UC,EM,AB,N
GB2020_001,1917,GB2020_001_01,Mark Strong,2,M,,WWE,MC,EM,AB,N
GB2020_002,Emma,GB2020_002_01,Bill Nighy,3,M,HE,WWE,UC,RE,CI,N
GB2020_003,The Personal History of David Copperfield,GB2020_003_01,Hugh Laurie,3,M,HE,WWE,UC,SE,AB,N
GB2020_003,The Personal History of David Copperfield,GB2020_003_02,Tilda Swinton,3,F,HE,WWE,UC,SE,AB,N
GB2020_003,The Personal History of David Copperfield,GB2020_003_03,Peter Capaldi,3,M,HE,WWE,LC,UN,AB,N
GB2020_004,Military Wives,GB2020_004_01,Kristin Scott Thomas,2,F,HE,WWE,MC,UN,AB,N
GB2020_005,Greed,GB2020_005_01,Steve Coogan,2,M,HE,WWE,UC,SE,AB,N
GB2020_006,The Secret Garden,GB2020_006_01,Colin Firth,2,M,HE,WWE,UC,SE,AB,N
GB2020_006,The Secret Garden,GB2020_006_02,Julie Walters,3,F,,WWE,LM,EM,AB,Y
GB2020_007,Misbehaviour,GB2020_007_01,Lesley Manville,3,F,,WWE,UM,EM,AB,N
GB2020_007,Misbehaviour,GB2020_007_02,Stephen Boxer,3,M,,WWE,MC,,,N
GB2020_007,Misbehaviour,GB2020_007_03,Phyllis Logan,3,F,HE,WWE,MC,,AB,N
GB2020_007,Misbehaviour,GB2020_007_04,Greg Kinnear,3,M,HE,WNA,UC,EM,AB,Y
GB2020_008,Pixie,GB2020_008_01,Alec Baldwin,3,M,,WWE,UM,SE,AB,N
GB2020_008,Pixie,GB2020_008_02,Colm Meaney,3,M,HE,WWE,UM,SE,AB,N
GB2020_008,Pixie,GB2020_008_03,Ned Dennehy,3,M,,WWE,MC,EM,AB,N
GB2020_009,Hope Gap,GB2020_009_01,Annette Bening,3,F,HE,WNA,MC,,AB,N
GB2020_009,Hope Gap,GB2020_009_02,Bill Nighy,3,M,HE,WWE,MC,EM,AB,N
GB2020_010,Summerland,GB2020_010_01,Penelope Wilton,3,F,HO,WWE,MC,SE,AB,N
GB2020_010,Summerland,GB2020_010_02,Tom Courtenay,3,M,,WWE,MC,EM,AB,N
GB2020_010,Summerland,GB2020_010_03,Siân Phillips,4,F,,WWE,,,,N
GB2020_011,23 walks,GB2020_011_01,Dave Johns,3,M,HE,WWE,LC,,AB,N
GB2020_011,23 walks,GB2020_011_02,Alison Steadman,3,F,,WWE,MC,,AB,Y
GB2020_011,23 walks,GB2020_011_03,Bob Goody,3,M,HE,WWE,,,AB,N
GB2020_012,Come Away,GB2020_012_01,Michael Caine,4,M,,WWE,UM,SE,AB,N
GB2020_012,Come Away,GB2020_012_02,Clarke Peters,3,M,,BNA,MC,UN,PD,Y
GB2020_013,Love Sarah,GB2020_013_01,Celia Imrie,3,F,HE,WWE,MC,SE,AB,N
GB2020_013,Love Sarah,GB2020_013_02,Bill Paterson,3,M,HE,WWE,UM,EM,AB,N
GB2020_015,The Owners,GB2020_015_01,Sylvester McCoy,4,M,HE,WWE,UM,SE,AB,N
GB2020_015,The Owners,GB2020_015_02,Rita Tushingham,4,F,HE,WWE,UM,SE,CI,N
GB2020_016,Fatman,GB2020_016_01,Mel Gibson,3,M,HE,WNA,MC,SE,AB,N
GB2020_016,Fatman,GB2020_016_02,Marianne Jean-Baptiste,3,F,HE,BNA,MC,SE,AB,N
GB2020_016,Fatman,GB2020_016_03,Deborah Grover,4,F,HE,WNA,UC,RE,PD,N
GB2020_018,Rebecca,GB2020_018_01,Kristin Scott Thomas,2,F,HO,WWE,LM,EM,AB,N
GB2020_018,Rebecca,GB2020_018_02,Ann Dowd,3,F,,WWE,UC,,AB,N
GB2020_020,Eternal Beauty,GB2020_020_01,David Thewlis,2,M,HE,WWE,LM,,CI,N
GB2020_020,Eternal Beauty,GB2020_020_02,Penelope Wilton,3,F,HE,WWE,LM,,AB,N
GB2020_020,Eternal Beauty,GB2020_020_03,Robert Pugh,3,M,HE,WWE,LM,,AB,N
GB2020_022,Concrete Plans,GB2020_022_01,William Thomas,3,M,,WWE,LM,EM,AB,N
GB2020_023,C.L.E.A.N.,GB2020_023_01,Tom Sizemore,2,M,,WNA,,,,N
GB2020_023,C.L.E.A.N.,GB2020_023_02,Angelo Borer,3,M,,WEE,,,,N
GB2020_024,Villain,GB2020_024_01,Craig Fairbrass,2,M,HE,WWE,LM,EM,AB,N
GB2020_024,Villain,GB2020_024_02,Robert Glenister,3,M,,WWE,UM,SE,AB,N
GB2020_025,Cordelia,,,,,,,,,,N
GB2020_026,The Loss Adjuster,GB2020_026_01,Guy Siner,3,M,,WWE,MC,RE,AB,N
GB2020_026,The Loss Adjuster,GB2020_026_02,Joan Collins,4,F,,WWE,UM,RE,AB,N
GB2020_028,Perfect Strangers,GB2020_028_01,Sylvester McCoy,3,M,,WWE,MC,RE,AB,N
GB2020_028,Perfect Strangers,GB2020_028_02,Clare Grogan,3,F,,WWE,MC,,AB,N
GB2020_028,Perfect Strangers,GB2020_028_03,Frazer Hines,3,M,,WWE,MC,RE,AB,N
GB2020_030,Philophobia,GB2020_030_01,James Faulkner,3,M,,WWE,MC,,,N
GB2020_030,Philophobia,GB2020_030_02,Marc Danbury,2,M,,WWE,MC,EM,AB,N
GB2020_032,The Man in the Hat,GB2020_032_01,Ciarán Hinds,3,M,HE,WWE,MC,RE,AB,N
GB2020_032,The Man in the Hat,GB2020_032_02,Stephen Dillane,3,M,,WWE,LC,,AB,N
GB2020_035,Mogul Mowgli,GB2020_035_01,Sudha Bhuchar,3,F,,SOA,LM,,AB,N
GB2020_036,Calm with Horses,GB2020_036_01,Ned Dennehy,3,M,,WWE,MC,SE,AB,N
GB2020_041,Patients of a Saint,GB2020_041_01,Gabz Barker,3,F,HE,WWE,,,,N
GB2020_041,Patients of a Saint,GB2020_041_02,Christopher Dunne,3,M,,WWE,UM,EM,AB,N
GB2020_042,The Burnt Orange Heresy,GB2020_042_01,Mick Jagger,4,M,,WWE,UC,SE,AB,N
GB2020_042,The Burnt Orange Heresy,GB2020_042_02,Donald Sutherland,4,M,,WNA,UM,SE,AB,N
GB2020_043,The Banishing,GB2020_043_01,John Lynch,2,M,HE,WWE,MC,EM,AB,N
ES2021_001,¡A todo tren! Destino Asturias,ES2021_001_01,Santiago Segura,1,M,HE,WWE,MC,EM,AB,N
ES2021_001,¡A todo tren! Destino Asturias,ES2021_001_02,Leo Harlem,3,M,HE,WWE,MC,RE,AB,N
ES2021_002,Way Down,ES2021_002_01,Liam Cunningham,2,M,,WWE,,SE,AB,N
ES2021_002,Way Down,ES2021_002_02,José Coronado,2,M,,WWE,MC,EM,AB,N
ES2021_002,Way Down,ES2021_002_02,Emilio Gutiérrez Caba,4,M,,WWE,UC,EM,,N
ES2021_002,Way Down,ES2021_002_02,Famke Janssen,2,F,,NEU,,,,N
ES2021_003,Maixabel,ES2021_003_01,Blanca Portillo,2,F,HE,WWE,MC,EM,AB,N
ES2021_003,Maixabel,ES2021_003_02,María Jesús Hoyos,3,F,HE,WWE,LM,RE,AB,N
ES2021_004,La familia perfecta,ES2021_004_01,Belén Rueda,2,F,HE,WWE,UC,,AB,N
ES2021_004,La familia perfecta,ES2021_004_02,Gonzalo de Castro,2,M,HE,WWE,UC,,AB,N
ES2021_004,La familia perfecta,ES2021_004_03,José Coronado,2,M,HE,WWE,LM,,AB,N
ES2021_005,García y García,ES2021_005_01,José Mota,1,M,HE,WWE,UM,EM,AB,N
ES2021_005,García y García,ES2021_005_02,Pepe Viyuela,1,M,HE,WWE,LM,EM,AB,N
ES2021_005,García y García,ES2021_005_03,Antonio Resines,2,M,,WWE,,EM,AB,N
ES2021_005,García y García,ES2021_005_04,Ramón Barea,3,M,,WWE,,,,N
ES2021_005,García y García,ES2021_005_05,Jordi Sánchez,1,M,,WWE,LM,EM,AB,N
ES2021_006,Mediterráneo,ES2021_006_01,Eduard Fernández,2,M,HE,WWE,MC,SE,AB,N
ES2021_006,Mediterráneo,ES2021_006_02,Sergi López,2,M,,WWE,MC,,AB,N
ES2021_007,Libertad,ES2021_007_01,Vicky Peña,4,F,HE,WWE,UM,RE,PD,Y
ES2021_008,La vida era eso,ES2021_008_01,Petra Martínez,3,F,HE,WWE,LC,,AB,N
ES2021_008,La vida era eso,ES2021_008_02,Ramón Barea,3,M,HE,WWE,,,AB,N
ES2021_009,La abuela,ES2021_009_02,Vera Valdez,4,F,HE,WWE,UM,RE,PD,Y
ES2021_009,La abuela,ES2021_009_02,Vicky Peña,3,F,,WWE,,,,
ES2021_009,La abuela,ES2021_009_02,Laura del Sol,2,F,,WWE,,,,N
ES2021_010,El Cover,ES2021_010_01,Carmen Machi,2,F,,WWE,LM,,AB,N
ES2021_010,El Cover,ES2021_010_02,Juan Diego,3,M,,WWE,LC,,AB,N
ES2021_010,El Cover,ES2021_010_03,Susi Sánchez,3,F,,WWE,LM,,AB,N
ES2021_011,El sustituto,ES2021_011_01,Pere Ponce,2,M,,WWE,MC,EM,AB,N
ES2021_011,El sustituto,ES2021_011_02,Joaquín Climent,2,M,,WWE,UM,EM,AB,N
ES2021_011,El sustituto,ES2021_011_03,Guillermo Montesinos,2,M,,WWE,,,,N
ES2021_011,El sustituto,ES2021_011_04,Susi Sánchez,3,F,HE,WWE,MC,RE,AB,N
ES2021_012,Sis dies corrents,ES2021_012_01,Pep Sarrà,2,M,HE,WWE,LC,EM,AB,N
ES2021_013,Un efecto óptico,ES2021_013_01,Carmen Machi,2,F,HE,WWE,LM,SE,AB,N
ES2021_013,Un efecto óptico,ES2021_013_02,Pepón Nieto,2,M,HE,WWE,LM,SE,AB,N
ES2021_013,Un efecto óptico,ES2021_013_03,Lola Cordón,4,F,HE,WWE,LM,RE,AB,Y
ES2021_017,Poliamor para principiantes,ES2021_017_01,Karra Elejalde,2,M,HE,WWE,MC,SE,AB,N
ES2021_019,El lodo,ES2021_019_01,Susi Sánchez,3,F,,WWE,UC,SE,AB,N
ES2021_019,El lodo,ES2021_019_02,Joaquín Climent,2,M,,WWE,MC,EM,AB,N
ES2021_019,El lodo,ES2021_019_03,Juan Gea,3,M,,WWE,,EM,AB,N
ES2021_021,Las consecuencias,ES2021_021_01,Carme Elías,3,F,,WWE,,,AB,N
ES2021_021,Las consecuencias,ES2021_021_02,Héctor Alterio,4,M,,WLA,,,TD,Y
ES2021_021,Las consecuencias,ES2021_021_03,Alfredo Castro,2,M,HE,WLA,,,AB,N
ES2021_022,Nora,ES2021_022_01,Héctor Alterio,4,M,HE,WLA,LM,RE,TD,Y
ES2021_022,Nora,ES2021_022_01,Ramón Barea,3,M,,WWE,,,,N
ES2021_028,La ley del embudo,ES2021_028_01,Carlos Manuel Díaz,3,M,HE,WWE,UC,SE,AB,N
ES2021_028,La ley del embudo,ES2021_028_02,Tony Antonio,3,M,,WWE,UC,EM,AB,N
ES2021_029,Occidente,ES2021_029_01,Mario Gas,3,M,,WWE,LC,SE,AB,N
ES2021_030,Retrato de mujer blanca con pelo cano y arrugas,ES2021_030_01,Blanca Portillo,2,F,,WWE,UM,RE,AB,N
ES2021_030,Retrato de mujer blanca con pelo cano y arrugas,ES2021_030_02,Imanol Arias,2,M,HE,WWE,UM,,AB,N
ES2021_030,Retrato de mujer blanca con pelo cano y arrugas,ES2021_030_03,Ana Wagener,2,F,HE,WWE,UM,,AB,N
ES2021_030,Retrato de mujer blanca con pelo cano y arrugas,ES2021_030_04,Carmen Esteban,3,F,,WWE,UM,RE,PD,N
ES2021_032,Tristesse,ES2021_032_01,Enrique Simón,2,M,,WWE,UM,UN,AB,N
ES2021_032,Tristesse,ES2021_030_02,Miguelo García,2,M,,WWE,UM,SE,AB,N
ES2021_040,Dos,ES2021_040_01,Kandido Uranga,,,,WWE,,,,N
GB2021_001,No Time to Die,GB2021_001_01,Christoph Waltz,2,M,,WWE,UC,SE,AB,N
GB2021_001,No Time to Die,GB2021_001_02,Jeffrey Wright,2,M,,BNA,UM,EM,AB,N
GB2021_001,No Time to Die,GB2021_001_03,Ralph Fiennes,2,M,,WWE,UM,EM,AB,N
GB2021_002,The King's Man,GB2021_002_01,Ralph Fiennes,2,M,HE,WWE,UC,SE,TD,Y
GB2021_002,The King's Man,GB2021_002_02,Charles Dance,3,M,,WWE,UC,EM,AB,N
GB2021_002,The King's Man,GB2021_002_03,Djimon Hounsou,2,M,,SAF,LM,EM,AB,N
GB2021_002,The King's Man,GB2021_002_04,Stanley Tucci,2,M,,WNA,UM,EM,AB,N
GB2021_002,The King's Man,GB2021_002_05,Ron Cook,3,M,HE,CEU,UC,SE,AB,N
GB2021_003,Minamata,GB2021_003_01,Johnny Depp,2,M,HE,WNA,UM,EM,AB,N
GB2021_003,Minamata,GB2021_003_02,Bill Nighy,3,,,WWE,UM,EM,AB,N
GB2021_003,Minamata,GB2021_003_03,Jun Kunimura,3,,,EAS,UC,SE,AB,N
GB2021_003,Minamata,GB2021_003_04,Hiroyuki Sanada,2,,,EAS,LM,,AB,N
GB2021_004,Last Night in Soho,GB2021_004_01,Terence Stamp,4,M,HE,WWE,UC,,AB,Y
GB2021_005,The Father,GB2021_005_01,Anthony Hopkins,4,M,HE,WWE,UM,RE,AB,Y
GB2021_006,A Boy Called Christmas,GB2021_006_01,Maggie Smith,4,F,HE,WWE,MC,,AB,N
GB2021_006,A Boy Called Christmas,GB2021_006_02,Jim Broadbent,3,M,,WWE,UC,SE,AB,N
GB2021_007,Supernova,GB2021_007_01,Colin Firth,3,M,HO,WWE,UM,RE,AB,N
GB2021_007,Supernova,GB2021_007_02,Stanley Tucci,3,M,HO,WWE,UM,RE,CI,N
GB2021_007,Supernova,GB2021_007_03,Pippa Haywood,3,F,,WWE,,,,N
GB2021_007,Supernova,GB2021_007_04,Sarah Woodward,3,F,,WWE,,,,N
GB2021_008,Boxing Day,GB2021_008_01,Marianne Jean-Baptiste,3,F,HE,BWE,UM,,AB,N
GB2021_008,Boxing Day,GB2021_008_02,Stephen Dillane,3,M,HE,WWE,MC,,AB,N
GB2021_009,Mothering Sunday,GB2021_009_01,Colin Firth,3,M,HE,WWE,UC,SE,AB,N
GB2021_009,Mothering Sunday,GB2021_009_02,Glenda Jackson,4,F,HE,WWE,UM,SE,AB,Y
GB2021_010,The Last Bus,GB2021_010_01,Timothy Spall,4,M,HE,WWE,MC,RE,AB,N
GB2021_010,The Last Bus,GB2021_010_02,Phyllis Logan,4,F,HE,WWE,MC,RE,,N
GB2021_011,Off the rails,GB2021_011_01,Jenny Seagrove,2,F,HE,WWE,MC,EM,AB,N
GB2021_011,Off the rails,GB2021_011_02,Kelly Preston,2,F,HE,WNA,UM,EM,AB,N
GB2021_011,Off the rails,GB2021_011_03,Ben Miller,2,M,HE,WWE,MC,EM,AB,N
GB2021_011,Off the rails,GB2021_011_04,Franco Nero,3,M,HE,WWE,UM,,AB,N
GB2021_011,Off the rails,GB2021_011_05,Judi Dench,4,F,HE,WWE,MC,,AB,N
GB2021_012,The Mauritanian,GB2021_012_01,Jodie Foster,2,F,,WNA,UM,SE,AB,N
GB2021_012,The Mauritanian,GB2021_012_02,Corey Johnson,2,M,,WNA,UM,EM,AB,N
GB2021_013,Rise of the Footsoldier: Origins,GB2021_013_01,Vinnie Jones,2,M,HE,WWE,LM,SE,AB,N
GB2021_013,Rise of the Footsoldier: Origins,GB2021_013_02,Craig Fairbrass,2,M,HE,WWE,LM,SE,AB,N
GB2021_013,Rise of the Footsoldier: Origins,GB2021_013_03,Michelle Collins,2,F,HE,WWE,,,AB,N
GB2021_013,Rise of the Footsoldier: Origins,GB2021_013_04,Keith Allen,2,M,HE,WWE,UM,SE,AB,N
GB2021_013,Rise of the Footsoldier: Origins,GB2021_013_05,Billy Murray,2,M,,WWE,,,AB,N
GB2021_014,To Olivia,GB2021_014_01,Hugh Bonneville,2,M,HE,WWE,UM,SE,AB,N
GB2021_014,To Olivia,GB2021_014_02,Geoffrey Palmer,3,M,HE,WWE,,,,N
GB2021_014,To Olivia,GB2021_014_03,Conleth Hill,2,M,HE,WWE,,,,N
GB2021_016,After Love,GB2021_016_01,Joanna Scanlan,2,F,HE,WWE,MC,,AB,N
GB2021_016,After Love,GB2021_016_02,Nathalie Richard,2,F,HE,WWE,MC,,AB,N
GB2021_017,Six Minutes to Midnight,GB2021_017_01,Eddie Izzard,2,M,,WWE,MC,EM,AB,N
GB2021_017,Six Minutes to Midnight,GB2021_017_02,Judi Dench,3,F,,WWE,MC,SE,AB,Y
GB2021_017,Six Minutes to Midnight,GB2021_017_03,Jim Broadbent,3,M,,WWE,LM,EM,AB,N
GB2021_018,The Dig,GB2021_018_01,Ralph Fiennes,2,M,HE,WWE,LC,EM,AB,N
GB2021_018,The Dig,GB2021_018_02,Danny Webb,3,M,,WWE,,,,N
GB2021_018,The Dig,GB2021_018_03,Ken Stott,3,M,,WWE,UM,EM,PD,Y
GB2021_019,The Unforgivable,GB2021_019_01,Sandra Bullock,2,F,,WNA,LC,EM,AB,N
GB2021_019,The Unforgivable,GB2021_019_02,Vincent D'Onofrio,2,M,HE,WNA,UM,SE,AB,N
GB2021_019,The Unforgivable,GB2021_019_03,Viola Davis,2,F,HE,BNA,UM,,AB,N
GB2021_021,Dracula on Holiday,GB2021_021_01,Chris Bearne,3,M,,WWE,MC,EM,AB,N
GB2021_022,The Football Monologues,GB2021_022_01,Brian Bovell,3,M,,BWE,MC,,AB,N
GB2021_022,The Football Monologues,GB2021_022_02,Stephen Boxer,3,M,,WWE,MC,,AB,N
GB2021_024,Everybody's Talking About Jamie,GB2021_024_01,Richard E. Grant,3,M,HO,WWE,LM,,AB,N
GB2021_024,Everybody's Talking About Jamie,GB2021_024_02,Sarah Lancashire,2,F,HE,WWE,LM,,AB,N
GB2021_025,The Obscure Life of the Grand Duke of Corsica,GB2021_025_01,Timothy Spall,3,M,,WWE,UM,EM,AB,N
GB2021_025,The Obscure Life of the Grand Duke of Corsica,GB2021_025_02,Peter Stormare,3,M,,WWE,UC,SE,CI,Y
GB2021_027,Red Mist,GB2021_027_01,David Hayman,3,M,HE,WWE,UM,SE,AB,N
GB2021_029,Creation Stories,GB2021_029_01,Jason Isaacs,2,M,,WWE,UM,SE,AB,N
GB2021_030,Twist,GB2021_030_01,Michael Caine,4,M,,WWE,UM,SE,AB,Y
GB2021_031,To Be Someone,GB2021_031_01,Leslie Ash,3,F,,WWE,LM,,AB,N
GB2021_031,To Be Someone,GB2021_031_02,Mark Wingett,3,M,,WWE,LM,,AB,N
GB2021_031,To Be Someone,GB2021_031_03,Toyah Willcox,3,F,,WWE,LM,,AB,N
GB2021_031,To Be Someone,GB2021_031_04,Trevor Laird,3,M,,BWE,LM,,AB,N
GB2021_031,To Be Someone,GB2021_031_05,Gary Shail,3,M,,WWE,LM,,AB,N
GB2021_031,To Be Someone,GB2021_031_06,Perry Benson,3,M,,WWE,LM,,AB,N
GB2021_033,The Toll,GB2021_033_01,Michael Smiley,3,M,,WWE,MC,SE,AB,N
GB2021_033,The Toll,GB2021_033_02,Gary Beadle,3,M,,BWE,UM,EM,AB,N
GB2021_033,The Toll,GB2021_033_03,Julian Glover,4,M,,WWE,,,,N
GB2021_034,Undergods,GB2021_034_01,Michael Gould,2,M,HE,WWE,MC,,AB,N
GB2021_034,Undergods,GB2021_034_02,Hayley Carmichael,2,F,HE,WWE,MC,,AB,N
GB2021_034,Undergods,GB2021_034_03,Ned Dennehy,2,M,HE,WWE,LM,,AB,N
GB2021_034,Undergods,GB2021_034_04,Éric Godon,3,M,,WWE,UM,,AB,N
GB2021_034,Undergods,GB2021_034_05,Jan Bijvoet,2,M,,WEE,UM,,AB,N
GB2021_034,Undergods,GB2021_034_06,Lorraine Hilton,3,F,,WWE,MC,,AB,N
GB2021_034,Undergods,GB2021_034_07,Sam Louwyck,2,M,HE,WWE,LM,,AB,N
GB2021_034,Undergods,GB2021_034_08,Adrian Rawlins,2,M,HE,WWE,LM,,AB,N
GB2021_035,Lawrence: After Arabia,GB2021_035_01,Mark J.T. Griffin,3,M,,WWE,UM,EM,AB,N
GB2021_035,Lawrence: After Arabia,GB2021_035_02,Hugh Fraser,3,M,,WWE,UC,EM,AB,N
GB2021_035,Lawrence: After Arabia,GB2021_035_03,Colin Blyth,3,M,,WWE,UM,EM,AB,N
GB2021_037,The War Below,GB2021_037_01,Douglas Reith,3,M,,WWE,UC,EM,AB,N
GB2021_040,Bull,GB2021_040_01,David Hayman,3,M,HE,WWE,UC,SE,AB,N
GB2021_041,La Cha Cha,GB2021_041_01,William Thomas,3,M,,WWE,LC,RE,AB,N
GB2021_041,La Cha Cha,GB2021_041_02,Melanie Walters,3,F,HE,WWE,LC,RE,AB,N
GB2021_041,La Cha Cha,GB2021_041_03,Di Botcher,3,F,,WWE,LC,RE,AB,N
GB2021_041,La Cha Cha,GB2021_041_04,Keith Allen,3,M,,WWE,LC,RE,AB,N
GB2021_042,Shepherd,GB2021_042_01,Greta Scacchi,3,F,HE,WWE,LM,SE,AB,N
GB2021_044,The Colour Room,GB2021_044_01,Bill Paterson,3,M,,WWE,UC,SE,AB,N
GB2021_044,The Colour Room,GB2021_044_02,Tony Pitts,2,M,,WWE,,,,N
GB2021_044,The Colour Room,GB2021_044_03,David Morrissey,2,M,,WWE,UM,EM,AB,N
GB2021_044,The Colour Room,GB2021_044_04,Adrian Rawlins,3,M,,WWE,,,,N
GB2021_046,Rare Beasts,GB2021_046_01,Kerry Fox,3,F,HE,WWE,LM,,AB,N
GB2021_046,Rare Beasts,GB2021_046_02,David Thewlis,3,M,HE,WWE,LM,,AB,N
GB2021_047,Blithe Spirit,GB2021_047_01,Colin Stinton,3,M,,WNA,,,,N
GB2021_047,Blithe Spirit,GB2021_047_02,Dave Johns,3,M,,WWE,,,,N
GB2021_047,Blithe Spirit,GB2021_047_03,Judi Dench,4,F,,WWE,MC,SE,AB,N
GB2021_047,Blithe Spirit,GB2021_047_04,Michele Dotrice,3,F,,WWE,LC,EM,AB,N
GB2021_048,Made in Italy,GB2021_048_01,Liam Neeson,3,M,HE,WWE,UM,SE,AB,N
GB2021_048,Made in Italy,GB2021_048_02,Souad Faress,3,F,,AWE,,,,N
GB2021_048,Made in Italy,GB2021_048_03,Lindsay Duncan,3,F,HE,WWE,UM,SE,AB,N
GB2021_050,The Kindred,GB2021_050_01,Samantha Bond,3,F,,WWE,MC,,AB,N
GB2021_050,The Kindred,GB2021_050_02,James Cosmo,3,M,,WWE,MC,RE,AB,N
GB2021_050,The Kindred,GB2021_050_03,Patrick Bergin,3,M,,WWE,MC,EM,AB,N
ES2022_002,Padre no hay más que uno 3,ES2022_002_01,Santiago Segura,1,M,HE,WWE,UM,SE,AB,N
ES2022_002,Padre no hay más que uno 3,ES2022_002_02,Loles León,3,F,HE,WWE,UM,RE,AB,N
ES2022_002,Padre no hay más que uno 3,ES2022_002_03,Carlos Iglesias,3,M,HE,WWE,MC,RE,AB,N
ES2022_002,Padre no hay más que uno 3,ES2022_002_04,Leo Harlem,2,M,HE,WWE,MC,EM,AB,N
ES2022_002,Padre no hay más que uno 3,ES2022_002_05,Wendy Ramos,2,F,HE,ILA,LM,EM,AB,N
ES2022_003,As bestas,ES2022_003_01,Luis Zahera,2,M,HE,WWE,LM,SE,AB,N
ES2022_004,A todo tren 2: Ahora son ellas,ES2022_004_01,Santiago Segura,2,M,HE,WWE,MC,EM,AB,N
ES2022_004,A todo tren 2: Ahora son ellas,ES2022_004_02,Leo Harlem,3,M,HE,WWE,MC,RE,AB,N
ES2022_004,A todo tren 2: Ahora son ellas,ES2022_004_03,Carlos Iglesias,3,M,HE,WWE,UM,SE,AB,N
ES2022_004,A todo tren 2: Ahora son ellas,ES2022_004_04,Ramón Langa,3,M,HE,WWE,MC,SE,AB,N
ES2022_005,Los renglones torcidos de Dios,ES2022_005_01,Eduard Fernández,2,M,,WWE,UM,EM,AB,N
ES2022_005,Los renglones torcidos de Dios,ES2022_005_02,Antonio Buíl,2,M,,WWE,LM,UN,PD,N
ES2022_006,Competencia oficial,ES2022_006_01,Antonio Banderas,3,M,HE,WWE,UC,EM,AB,N
ES2022_006,Competencia oficial,ES2022_006_02,Oscar Martínez,3,M,HE,WLA,UC,EM,AB,N
ES2022_006,Competencia oficial,ES2022_006_03,José Luis Gómez,4,M,HE,WWE,UC,SE,AB,N
ES2022_006,Competencia oficial,ES2022_006_04,Manolo Solo,2,M,HE,WWE,UM,EM,AB,N
ES2022_007,Alcarràs,ES2022_007_01,Josep Abad,4,M,HE,WWE,LM,RE,AB,N
ES2022_010,Modelo 77,ES2022_010_01,Fernando Tejero,2,M,,WWE,LC,UN,AB,N
ES2022_011,La vida padre,ES2022_011_01,Karra Elejalde,3,M,HE,WWE,UM,SE,TD,N
ES2022_011,La vida padre,ES2022_011_02,Maribel Salas,2,F,,WWE,MC,EM,AB,N
ES2022_011,La vida padre,ES2022_011_03,Gorka Aguinagalde,2,M,,WWE,MC,EM,AB,N
ES2022_012,En los márgenes,ES2022_012_01,Adelfa Calvo,2,F,,WWE,LM,EM,AB,N
ES2022_012,En los márgenes,ES2022_012_02,María Isabel Díaz Lago,2,F,,ILA,LM,EM,AB,N
ES2022_013,Llenos de Gracia,ES2022_013_01,Carmen Machi,2,F,,WWE,MC,EM,AB,N
ES2022_013,Llenos de Gracia,ES2022_013_02,Nuria González,2,F,,WWE,MC,EM,AB,N
ES2022_013,Llenos de Gracia,ES2022_013_03,Manolo Solo,2,M,,WWE,MC,EM,AB,N
ES2022_014,Historias para no contar,ES2022_014_01,José Coronado,3,M,HE,WWE,UM,EM,AB,N
ES2022_014,Historias para no contar,ES2022_014_02,Javier Cámara,2,M,,WWE,UM,EM,AB,N
ES2022_015,Malnazidos,ES2022_015_01,Manuel Morón,3,M,HE,WWE,UM,EM,AB,N
ES2022_015,Malnazidos,ES2022_015_02,Frank Feys,2,M,HE,WWE,UM,EM,AB,N
ES2022_016,Cinco lobitos,ES2022_016_01,Susi Sánchez,3,F,HE,WWE,MC,RE,AB,N
ES2022_016,Cinco lobitos,ES2022_016_02,Ramón Barea,3,M,HE,WWE,MC,RE,AB,N
ES2022_017,Código Emperador,ES2022_017_01,Santi Prego,2,M,,WWE,UM,EM,AB,N
ES2022_017,Código Emperador,ES2022_017_02,Miguel Rellán,4,M,,WWE,UM,EM,AB,N
ES2022_018,Irati,ES2022_018_01,Elena Uriz,4,F,,WWE,MC,SE,AB,N
ES2022_018,Irati,ES2022_018_02,Ramón Agirre,3,M,,WWE,MC,EM,AB,N
ES2022_018,Irati,ES2022_018_03,Patxi Bisquert,3,M,,WWE,UC,RE,AB,N
ES2022_019,13 exorcismos,ES2022_019_01,José Sacristán,4,M,,WWE,MC,EM,AB,N
ES2022_020,Canallas,ES2022_020_01,Esther Álvarez,4,F,HE,WWE,LM,RE,AB,N
ES2022_020,Canallas,ES2022_020_02,"Antonio Durán ""Morris""",3,M,,WWE,UM,SE,AB,N
ES2022_020,Canallas,ES2022_020_03,Luis Zahera,2,M,,WWE,MC,EM,AB,N
ES2022_021,"Camera Café, la película",ES2022_021_01,Esperanza Elipe,2,F,,WWE,MC,EM,AB,N
ES2022_021,"Camera Café, la película",ES2022_021_02,Manuel Galiana,4,M,,WWE,MC,EM,AB,N
ES2022_021,"Camera Café, la película",ES2022_021_03,Karina,4,F,,WWE,MC,SE,AB,N
ES2022_022,El Test,ES2022_022_01,Antonio Resines,3,M,HE,WWE,MC,RE,AB,N
ES2022_023,Pacifiction,ES2022_023_01,Marc Susini,3,M,,WWE,UM,EM,AB,N
ES2022_023,Pacifiction,ES2022_023_02,Sergi López,2,M,,WWE,UM,EM,AB,N
ES2022_023,Pacifiction,ES2022_023_03,Cécile Guilbert,2,F,,WWE,UM,,AB,N
ES2022_024,Reyes contra Santa,ES2022_024_01,Noelia Noto,3,F,,WWE,UC,SE,AB,N
ES2022_024,Reyes contra Santa,ES2022_024_02,Karra Elejalde,3,M,,MEA,UC,SE,AB,N
ES2022_025,"Por los pelos, una historia de autoestima",ES2022_025_01,Leo Harlem,3,M,HE,WWE,MC,,AB,N
ES2022_026,Héroes de barrio,ES2022_026_01,Antonio Dechent,3,M,HE,WWE,LM,SE,AB,N
ES2022_026,Héroes de barrio,ES2022_026_02,Bruto Pomeroy,3,M,,WWE,UM,SE,AB,N
ES2022_028,Cerdita,ES2022_028_01,Carmen Machi,2,F,HE,WWE,LM,SE,AB,N
ES2022_028,Cerdita,ES2022_028_02,Julián Valcárcel,2,M,HE,WWE,LM,SE,AB,N
ES2022_029,Venus,ES2022_029_01,Magüi Mira,4,F,HE,WWE,UM,RE,AB,N
ES2022_030,Objetos,ES2022_030_01,Daniel Aráoz,3,M,HE,WLA,UM,SE,AB,N
ES2022_031,La piel del tambor,ES2022_031_01,Paul Guilfoyle,3,M,,WNA,UC,EM,AB,N
ES2022_031,La piel del tambor,ES2022_031_02,Paul Freeman,4,M,,WWE,UC,EM,AB,N
ES2022_031,La piel del tambor,ES2022_031_03,Franco Nero,4,M,,WWE,UC,EM,AB,N
ES2022_031,La piel del tambor,ES2022_031_04,Fionnula Flanagan,4,F,,WWE,UC,RE,AB,N
ES2022_032,Live Is Life,ES2022_032_01,Fernando Morán,3,M,HE,WWE,MC,RE,AB,N
ES2022_033,Vasil,ES2022_033_01,Karra Elejalde,3,M,HE,WWE,UM,RE,AB,N
ES2022_033,Vasil,ES2022_033_02,Susi Sánchez,3,F,HE,WWE,UM,SE,AB,N
ES2022_033,Vasil,ES2022_033_03,Sue Flack,2,F,HE,WWE,UM,SE,AB,N
ES2022_034,Girasoles silvestres,ES2022_034_01,Manolo Solo,2,M,HE,WWE,LM,,AB,N
ES2022_035,El mundo es vuestro,ES2022_035_01,Carlos Olalla,3,M,HE,WWE,UC,SE,AB,N
ES2022_035,El mundo es vuestro,ES2022_035_02,Pedro Álvarez-Ossorio,3,M,HE,WWE,UC,EM,AB,N
ES2022_035,El mundo es vuestro,ES2022_035_03,Xu Benguo,3,M,HE,EAS,UC,SE,AB,N
ES2022_036,No mires a los ojos,ES2022_036_01,Luisa Gavasa,3,F,,WWE,MC,,,N
ES2022_037,"Un año, una noche",ES2022_037_01,Bruno Todeschini,2,M,HE,WWE,MC,,,N
ES2022_037,"Un año, una noche",ES2022_037_02,Sophie Broustal,2,F,HE,WWE,MC,,,N
ES2022_038,Lobo Feroz,ES2022_038_01,Antonio Dechent,2,M,HE,WWE,MC,,AB,N
ES2022_038,Lobo Feroz,ES2022_038_02,Fernando Tejero,2,M,,WWE,MC,EM,AB,N
ES2022_039,Llegaron de noche,ES2022_039_01,Karra Elejalde,3,M,,WWE,MC,EM,AB,N
ES2022_039,Llegaron de noche,ES2022_039_02,Carmelo Gómez,2,M,,WLA,MC,EM,AB,N
ES2022_039,Llegaron de noche,ES2022_039_03,Francesc Albiol,3,M,,WWE,MC,,AB,N
ES2022_040,Todos lo hacen,ES2022_040_01,Pablo Carbonell,2,M,,WWE,MC,SE,AB,N
ES2022_041,La voluntaria,ES2022_041_01,Carmen Machi,2,F,HE,WWE,MC,RE,AB,N
ES2022_041,La voluntaria,ES2022_041_02,Giannis Tsortekis,2,M,HE,WWE,LM,,AB,N
ES2022_042,El vasco,ES2022_042_01,Eduardo Blanco,3,M,HE,WLA,MC,SE,AB,N
ES2022_042,El vasco,ES2022_042_02,Itziar Aizpuru,4,F,HE,WWE,MC,RE,PD,Y
ES2022_042,El vasco,ES2022_042_03,Francisco Nápoli,3,M,HE,WLA,MC,EM,AB,N
ES2022_044,La maniobra de la tortuga,ES2022_044_01,Carlos Manuel Díaz,3,M,HE,WWE,UM,EM,AB,N
ES2022_046,Petra de San José,ES2022_046_01,Emilio Linder,3,M,,WWE,UM,EM,AB,N
ES2022_046,Petra de San José,ES2022_046_02,Assumpta Serna,3,F,HE,WWE,UC,UN,AB,N
ES2022_046,Petra de San José,ES2022_046_03,Juan Lombardero,3,M,HE,WWE,LC,UN,AB,N
ES2022_047,La consagración de la primavera,ES2022_047_01,Emma Suárez,2,F,HE,WWE,MC,EM,AB,N
ES2022_048,El fred que crema,ES2022_048_01,Pedro Casablanc,2,M,HE,WWE,MC,,TD,Y
ES2022_049,"Espejo, Espejo",ES2022_049_01,Carlos Bardem,2,M,HE,WWE,UM,EM,AB,N
ES2022_049,"Espejo, Espejo",ES2022_049_02,Loles León,3,F,,WWE,UM,SE,AB,N
ES2022_049,"Espejo, Espejo",ES2022_049_03,Tito Valverde,3,M,HE,WWE,MC,RE,TD,Y
ES2022_049,"Espejo, Espejo",ES2022_049_04,Verónica Forqué,3,F,HE,WWE,UM,RE,AB,N
ES2022_050,75 días,ES2022_050_01,Ana Fernández,2,F,HE,WWE,LM,,AB,N
ES2022_050,75 días,ES2022_050_02,Antonia San Juan,3,F,HE,WWE,LM,,AB,N
ES2022_050,75 días,ES2022_050_03,Eulàlia Ramon,3,F,HE,WWE,LM,,AB,N
ES2022_051,La cima,ES2022_051_01,Blanca Apilánez,3,F,,WWE,,,,N
ES2022_051,La cima,ES2022_051_02,Kandido Uranga,3,M,,WWE,,,,N
ES2022_052,El comensal,ES2022_052_01,Ginés García Millán,2,M,HE,WWE,UM,EM,AB,N
ES2022_052,El comensal,ES2022_052_02,Adriana Ozores,3,F,HE,WWE,UM,UN,CI,Y
ES2022_052,El comensal,ES2022_052_03,Iñaki Miramón,3,M,HE,WWE,UM,EM,AB,N
ES2022_052,El comensal,ES2022_052_04,Ane Gabarain,2,F,,WWE,,,,N
ES2022_054,Sin ti no puedo,ES2022_054_01,Pedro Casablanc,2,M,HE,WWE,UM,EM,AB,N
ES2022_054,Sin ti no puedo,ES2022_054_02,Elena Irureta,3,F,HE,WWE,UM,,AB,N
ES2022_055,En otro lugar,ES2022_055_01,Mamen García,3,F,HE,WWE,MC,RE,AB,N
ES2022_055,En otro lugar,ES2022_055_02,Mario Pardo,4,M,HE,WWE,UM,RE,AB,N
ES2022_056,El universo de Óliver,ES2022_056_01,Pedro Casablanc,2,M,HE,WWE,LM,RE,AB,N
ES2022_057,Toscana,ES2022_057_01,Francesc Orella,3,M,HE,WWE,MC,SE,AB,N
ES2022_060,La jefa,ES2022_060_01,Pedro Casablanc,2,M,HE,WWE,UM,SE,AB,N
ES2022_061,O Corpo Aberto,ES2022_061_01,Miquel Insua,3,M,HE,WWE,MC,EM,AB,N
ES2022_063,En temporada baja,ES2022_063_01,Antonio Resines,3,M,HE,WWE,LC,UN,AB,N
ES2022_063,En temporada baja,ES2022_063_02,Rosana Pastor,3,F,HE,WWE,MC,,AB,N
ES2022_063,En temporada baja,ES2022_063_03,Jaime Pujol,3,M,HE,WWE,UM,,AB,N
ES2022_064,Rainbow,ES2022_064_01,Carmen Maura,3,F,,WWE,UM,,AB,N
ES2022_064,Rainbow,ES2022_064_02,Carmen Machi,2,F,,WWE,UM,,AB,N
ES2022_064,Rainbow,ES2022_064_03,Rossy de Palma,2,F,,WWE,,,AB,N
ES2022_064,Rainbow,ES2022_064_04,Carmina Barrios,3,F,,WWE,MC,,AB,N
ES2022_065,HollyBlood,ES2022_065_01,Jordi Sánchez,2,M,HE,WWE,MC,EM,AB,N
ES2022_065,HollyBlood,ES2022_065_02,Amparo Fernández,3,F,,WWE,MC,EM,AB,N
ES2022_066,La Piedad,ES2022_066_01,Ángela Molina,2,F,HE,WWE,UM,,AB,N
ES2022_066,La Piedad,ES2022_066_02,"Antonio Durán ""Morris""",2,M,HE,WWE,LM,,PD,Y
ES2022_066,La Piedad,ES2022_066_03,Daniel Freire,3,M,,,MC,EM,,N
ES2022_069,Sinjar,ES2022_069_01,Luisa Gavasa,3,F,HE,WWE,MC,RE,AB,N
ES2022_071,Mi vacío y yo,ES2022_071_01,Isabel Rocatti,3,F,,WWE,MC,EM,AB,N
ES2022_072,Jacinto,ES2022_072_01,Pilar Miguélez,3,F,HE,WWE,LM,SE,AB,N
ES2022_072,Jacinto,ES2022_072_02,Miro Magariños,3,M,HE,WWE,LM,SE,AB,N
ES2022_073,El que sabem,ES2022_073_01,Rosita Amores,4,F,,WWE,LM,RE,AB,N
ES2022_073,El que sabem,ES2022_073_02,Marga Castells,3,F,HE,WWE,LM,,AB,N
ES2022_074,La pasajera,ES2022_074_01,Ramiro Blas,2,M,HE,WLA,LM,SE,AB,N
ES2022_076,Edén,ES2022_076_01,Ramón Barea,3,M,HE,WWE,MC,RE,AB,N
ES2022_079,La paradoja de Antares,ES2022_079_01,Jaume de Sans,4,M,,WWE,,,,N
ES2022_081,Viejos,ES2022_081_01,Zorion Eguileor,3,M,HE,WWE,LM,RE,CI,Y
ES2022_081,Viejos,ES2022_081_02,Ángela López Gamonal,3,F,HE,WWE,LM,RE,AB,N
ES2022_082,El radioaficionado,ES2022_082_01,Peio Arnáez,3,M,,,,,,N
ES2022_091,Con los años que me quedan,ES2022_091_01,Antonia San Juan,3,F,HE,WWE,LM,,,N
ES2022_091,Con los años que me quedan,ES2022_091_02,Paco Tous,2,M,HE,WWE,LM,EM,AB,N
ES2022_091,Con los años que me quedan,ES2022_091_03,Enrique Villén,3,M,HE,WWE,MC,EM,AB,N
ES2022_095,Para entrar a vivir,ES2022_095_01,Luisa Gavasa,3,F,,WWE,MC,EM,AB,N
ES2022_096,Culpa,ES2022_096_01,Luis Hostalot,3,M,,WWE,MC,,AB,N
ES2022_097,Pijamas Espaciales,ES2022_097_01,Javivi,3,M,HE,WWE,LM,SE,AB,N
ES2022_098,Las niñas de cristal,ES2022_098_01,Ana Wagener,2,F,HE,WWE,MC,,AB,N
ES2022_098,Las niñas de cristal,ES2022_098_02,Javier Lago,3,M,HE,WWE,MC,,AB,N
ES2022_101,Frente al Silencio,ES2022_101_01,Miguelo García,2,M,,WWE,MC,SE,AB,N
ES2022_102,Una película póstuma,ES2022_102_01,Pere Ponce,3,M,HE,WWE,MC,,AB,N
ES2022_103,Vamos A Volvernos Locos,ES2022_103_01,Manuel Pizarro,3,M,HE,WWE,UM,SE,AB,N
ES2022_105,El corazón de Europa,ES2022_105_01,Juan Pinzás,3,M,HE,WWE,MC,SE,AB,N
ES2022_106,El Tirabeque,ES2022_106_01,Celso Bugallo,3,M,HE,WWE,MC,RE,AB,N
ES2022_106,El Tirabeque,ES2022_106_02,Manuel Manquiña,3,M,,WWE,UM,SE,AB,N
ES2022_106,El Tirabeque,ES2022_106_03,Kike Biguri,2,M,,WWE,MC,SE,AB,N
ES2022_109,La piel en llamas,ES2022_109_01,Fernando Tejero,2,M,HE,WWE,UM,SE,AB,N
ES2022_116,Veneciafrenia,ES2022_116_01,Enrico Lo Verso,2,M,,WWE,MC,EM,AB,N
ES2022_116,Veneciafrenia,ES2022_116_02,Cosimo Fusco,3,M,,WWE,MC,EM,AB,N
ES2022_116,Veneciafrenia,ES2022_116_03,Armando de Razza,3,M,,WWE,MC,EM,AB,N
GB2022_001,Downton Abbey: A New Era,GB2022_001_01,Hugh Bonneville,3,M,HE,WWE,UC,UN,AB,N
GB2022_001,Downton Abbey: A New Era,GB2022_001_02,Elizabeth McGovern,3,F,HE,WWE,UC,UN,AB,N
GB2022_001,Downton Abbey: A New Era,GB2022_001_03,Jim Carter,3,M,HE,WWE,LM,EM,AB,N
GB2022_001,Downton Abbey: A New Era,GB2022_001_04,Imelda Staunton,3,F,HE,WWE,UC,UN,AB,N
GB2022_001,Downton Abbey: A New Era,GB2022_001_05,Samantha Bond,3,F,HE,WWE,,,,N
GB2022_001,Downton Abbey: A New Era,GB2022_001_06,Penelope Wilton,4,F,HE,WWE,UC,UN,AB,N
GB2022_001,Downton Abbey: A New Era,GB2022_001_07,Douglas Reith,3,M,HE,WWE,UC,EM,AB,N
GB2022_001,Downton Abbey: A New Era,GB2022_001_08,Phyllis Logan,3,F,HE,WWE,LM,EM,AB,N
GB2022_001,Downton Abbey: A New Era,GB2022_001_09,Lesley Nicol,3,F,HE,WWE,LM,EM,AB,N
GB2022_001,Downton Abbey: A New Era,GB2022_001_10,Maggie Smith,4,F,HE,WWE,UC,UN,AB,Y
GB2022_002,Fantastic Beasts: The Secrets of Dumbledore,GB2022_002_01,Mads Mikkelsen,2,M,HO,WWE,UC,SE,AB,N
GB2022_003,Roald Dahl's Matilda the Musical,GB2022_003_01,Emma Thompson,3,F,,WWE,MC,EM,AB,N
GB2022_005,Operation Mincemeat,GB2022_005_01,Colin Firth,2,M,,WWE,UM,EM,AB,N
GB2022_005,Operation Mincemeat,GB2022_005_02,Penelope Wilton,4,F,,WWE,MC,EM,AB,N
GB2022_005,Operation Mincemeat,GB2022_005_03,Mark Gatiss,2,M,,WWE,UM,EM,AB,N
GB2022_005,Operation Mincemeat,GB2022_005_04,Simon Russell Beale,3,M,,WWE,UC,EM,AB,N
GB2022_005,Operation Mincemeat,GB2022_005_05,Jason Isaacs,2,M,,WWE,UM,EM,AB,N
GB2022_006,Mrs. Harris Goes to Paris,GB2022_006_01,Lesley Manville,3,F,HE,WWE,LM,EM,AB,N
GB2022_006,Mrs. Harris Goes to Paris,GB2022_006_02,Isabelle Huppert,2,F,,WWE,UM,EM,AB,N
GB2022_006,Mrs. Harris Goes to Paris,GB2022_006_03,Lambert Wilson,2,M,,WWE,UC,EM,AB,N
GB2022_006,Mrs. Harris Goes to Paris,GB2022_006_04,Jason Isaacs,2,M,,WWE,UM,,AB,N
GB2022_006,Mrs. Harris Goes to Paris,GB2022_006_05,Anna Chancellor,2,F,,WWE,UC,,AB,N
GB2022_007,"Good Luck to You, Leo Grande",GB2022_007_01,Emma Thompson,3,F,HE,WWE,MC,RE,AB,N
GB2022_008,Living,GB2022_008_01,Bill Nighy,3,M,HE,WWE,MC,EM,CI,N
GB2022_009,Fisherman's Friends: One and All,GB2022_009_01,James Purefoy,3,M,HE,WWE,UM,EM,AB,N
GB2022_009,Fisherman's Friends: One and All,GB2022_009_02,Dave Johns,3,M,HE,WWE,UM,EM,AB,N
GB2022_009,Fisherman's Friends: One and All,GB2022_009_03,Maggie Steed,3,F,HE,WWE,MC,SE,AB,N
GB2022_009,Fisherman's Friends: One and All,GB2022_009_04,David Hayman,3,M,HE,WWE,UM,EM,AB,N
GB2022_010,Emily,GB2022_010_01,Adrian Dunbar,3,M,HE,WWE,MC,SE,AB,N
GB2022_010,Emily,GB2022_010_02,Gemma Jones,4,F,,WWE,MC,,AB,N
GB2022_011,The Railway Children Return,GB2022_011_01,Tom Courtenay,4,M,,WWE,MC,RE,AB,N
GB2022_011,The Railway Children Return,GB2022_011_02,Jenny Agutter,3,F,HE,WWE,MC,UN,AB,N
GB2022_012,The Lost King,GB2022_012_01,Steve Coogan,2,M,HE,WWE,MC,EM,AB,N
GB2022_012,The Lost King,GB2022_012_02,Julian Firth,3,M,,WWE,UM,EM,AB,N
GB2022_012,The Lost King,GB2022_012_03,James Fleet,3,M,,WWE,UM,EM,AB,N
GB2022_013,Fall,GB2022_013_01,Jeffrey Dean Morgan,2,M,HE,WWE,MC,,AB,N
GB2022_014,The Phantom of the Open,GB2022_014_01,Mark Rylance,1,M,HE,WWE,MC,EM,AB,N
GB2022_014,The Phantom of the Open,GB2022_014_02,Rhys Ifans,2,M,HE,WWE,UM,EM,AB,N
GB2022_015,The Nan Movie,GB2022_015_01,Catherine Tate,3,F,HE,WWE,MC,RE,AB,N
GB2022_016,The Forgiven,GB2022_016_01,Ralph Fiennes,2,M,HE,WWE,UM,EM,AB,N
GB2022_016,The Forgiven,GB2022_016_02,Ismael Kanater,3,M,HE,NAF,UM,SE,AB,N
GB2022_017,The Estate,GB2022_017_01,David Duchovny,2,M,HE,WNA,MC,,AB,N
GB2022_017,The Estate,GB2022_017_02,Kathleen Turner,3,F,HE,WNA,UM,RE,CI,Y
GB2022_017,The Estate,GB2022_017_03,Ron Livingstone,2,M,HE,WNA,MC,EM,AB,N
GB2022_017,The Estate,GB2022_017_04,Danny Vinson,3,M,,WNA,,,,N
GB2022_017,The Estate,GB2022_017_05,Patricia French,3,F,HE,WNA,LM,RE,AB,N
GB2022_020,Benediction,GB2022_020_01,Geraldine James,3,F,HE,WWE,UC,UN,AB,N
GB2022_020,Benediction,GB2022_020_02,Simon Russell Beale,3,M,HE,WWE,UC,UN,AB,N
GB2022_020,Benediction,GB2022_020_03,Peter Capaldi,3,M,HO,WWE,UM,RE,AB,N
GB2022_021,The Souvenir: Part II,GB2022_021_01,Tilda Swinton,3,F,HE,WWE,UC,UN,AB,N
GB2022_026,True Things,GB2022_026_01,Elizabeth Rider,3,F,HE,WWE,MC,,AB,N
GB2022_026,True Things,GB2022_026_02,Frank McCusker,2,M,HE,WWE,MC,,AB,N
GB2022_026,True Things,GB2022_026_03,Ann Firbank,4,F,HE,WWE,MC,,AB,N
GB2022_027,The Loneliest Boy in the World,GB2022_027_01,Ben Miller,2,M,HE,WWE,MC,,CI,N
GB2022_028,All My Friends Hate Me,GB2022_028_01,Christopher Fairbank,3,M,,WWE,MC,,AB,N
GB2022_029,Flux Gourmet,GB2022_029_01,Richard Bremmer,3,M,HE,WWE,UM,SE,AB,N
GB2022_030,Save the Cinema,GB2022_030_01,Colm Meaney,3,M,,WWE,UM,SE,AB,N
GB2022_030,Save the Cinema,GB2022_030_02,Keith Allen,3,M,,WWE,,,,N
GB2022_030,Save the Cinema,GB2022_030_03,Jonathan Pryce,3,M,,WWE,MC,,AB,N
GB2022_030,Save the Cinema,GB2022_030_04,Sue Roderick,3,F,,WWE,,,,N
GB2022_031,The Lady of Heaven,GB2022_031_01,Denise Black,3,F,,MEA,LM,EM,AB,N
GB2022_031,The Lady of Heaven,GB2022_031_02,Dimitri Andreas,3,M,,MEA,UC,SE,AB,N
GB2022_037,Three Day Millionaire,GB2022_037_01,Colm Meaney,3,M,,WWE,UM,SE,AB,N
GB2022_039,She Will,GB2022_039_01,Rupert Everett,3,M,,WWE,UM,SE,AB,N
GB2022_039,She Will,GB2022_039_02,Malcolm McDowell,4,M,,WWE,UM,SE,AB,N
GB2022_039,She Will,GB2022_039_03,Alice Krige,3,F,,WWE,UM,RE,TD,N
GB2022_041,Amulet,GB2022_041_01,Imelda Staunton,3,F,,WWE,MC,EM,AB,N
GB2022_041,Amulet,GB2022_041_02,Anah Ruddin,3,F,HE,WWE,MC,RE,PD,Y
GB2022_043,Long Way Back,GB2022_043_01,Susan Penhaligon,3,F,HE,WWE,MC,RE,AB,N
GB2022_046,Doineann,GB2022_046_01,Brid Brennan,3,F,,WWE,MC,RE,AB,N
GB2022_046,Doineann,GB2022_046_02,Áine Uí Cheallaigh,3,F,,WWE,MC,EM,AB,N
GB2022_046,Doineann,GB2022_046_03,Niall Cusack,3,M,,WWE,LM,,AB,N
GB2022_046,Doineann,GB2022_046_04,Peadar Cox,3,M,,WWE,LM,,AB,N
GB2022_047,Boiling Point,GB2022_047_01,Jason Flemyng,2,M,HE,WWE,UM,SE,AB,N
GB2022_048,Burial,GB2022_048_01,Harriet Walter,3,F,,,,,,N
GB2022_049,Deus,GB2022_049_01,Phil Davis,3,M,,WWE,UM,EM,AB,N
GB2022_051,Munich: The Edge of War,GB2022_051_01,Jeremy Irons,3,M,HE,WWE,UC,EM,CI,Y
GB2022_051,Munich: The Edge of War,GB2022_051_02,Mark Lewis Jones,2,M,HE,WWE,UC,EM,AB,N
GB2022_051,Munich: The Edge of War,GB2022_051_03,Alex Jennings,3,M,HE,WWE,UC,EM,AB,N
GB2022_051,Munich: The Edge of War,GB2022_051_04,Nicholas Farrell,3,M,HE,WWE,UC,EM,AB,N
GB2022_051,Munich: The Edge of War,GB2022_051_05,Stéphane Boucher,3,M,HE,WWE,UC,EM,AB,N
GB2022_051,Munich: The Edge of War,GB2022_051_06,Ulrich Matthes,2,M,HE,WWE,UC,SE,AB,N
GB2022_055,Mind-Set,GB2022_055_01,Julia Deakin,3,F,,WWE,MC,SE,AB,N
GB2022_055,Mind-Set,GB2022_055_02,Jason Isaacs,2,M,,WWE,,,AB,N
GB2022_057,Future TX,GB2022_057_01,Griff Rhys Jones,3,M,,WWE,MC,SE,AB,N
GB2022_057,Future TX,GB2022_057_02,Griff Rhys Jones,3,M,,WWE,UM,SE,AB,N
GB2022_058,Give Them Wings,GB2022_058_01,Sean Cronin,2,M,HE,WWE,LM,,AB,N
GB2022_058,Give Them Wings,GB2022_058_02,Toyah Willcox,3,F,HE,WWE,MC,,AB,N
GB2022_058,Give Them Wings,GB2022_058_03,Bill Fellows,3,M,HE,WWE,MC,,AB,N
GB2022_058,Give Them Wings,GB2022_058_04,Bruce Payne,3,M,,WWE,MC,EM,AB,N
GB2022_059,My Policeman,GB2022_059_01,Gina McKee,2,F,HE,WWE,MC,EM,AB,N
GB2022_059,My Policeman,GB2022_059_02,Linus Roache,2,M,BI,WWE,MC,EM,AB,N
GB2022_059,My Policeman,GB2022_059_03,Rupert Everett,3,M,HO,WWE,MC,EM,AB,N
GB2022_061,Sideshow,GB2022_061_01,Les Dennis,3,M,,WWE,MC,SE,AB,N
GB2022_061,Sideshow,GB2022_061_02,Anthony Head,3,M,,WWE,UM,SE,AB,N
GB2022_063,Tomorrow Morning,GB2022_063_01,Joan Collins,4,F,,WWE,UM,,AB,N
GB2022_063,Tomorrow Morning,GB2022_063_02,Anita Dobson,3,F,,WWE,UM,,AB,N
GB2022_063,Tomorrow Morning,GB2022_063_03,Henry Goodman,3,M,,WWE,UM,,AB,N
GB2022_063,Tomorrow Morning,GB2022_063_04,Harriet Thorpe,3,F,,WWE,,,AB,N
GB2022_065,A Banquet,GB2022_065_01,Lindsay Duncan,3,F,HE,WWE,MC,RE,AB,N
GB2022_067,Mambo Man,GB2022_067_01,Héctor Noas,3,M,HE,WLA,MC,SE,AB,N
GB2022_067,Mambo Man,GB2022_067_02,Alejandro Palomino,2,M,HE,WLA,MC,SE,AB,N
GB2022_068,The Lost Girls,GB2022_068_01,Vanessa Redgrave,4,F,HE,WWE,MC,RE,PD,Y
GB2022_068,The Lost Girls,GB2022_068_02,Iain Glen,3,M,HE,WWE,UM,SE,AB,N
GB2022_068,The Lost Girls,GB2022_068_03,Joely Richardson,2,F,HE,WWE,MC,UN,AB,N
GB2022_070,A Bird Flew In,GB2022_070_01,Sadie Frost,2,F,HE,WWE,UM,EM,AB,N
GB2022_070,A Bird Flew In,GB2022_070_02,Derek Jacobi,4,M,,WWE,UM,EM,AB,N
GB2022_070,A Bird Flew In,GB2022_070_03,Jeff Fahey,3,M,HE,WNA,UM,EM,AB,N
GB2022_070,A Bird Flew In,GB2022_070_04,Frances Barber,3,F,HE,WWE,UM,EM,AB,N
GB2022_070,A Bird Flew In,GB2022_070_05,Bill Fellows,3,M,HE,WWE,UM,EM,AB,N
GB2022_071,Lady Chatterley's Lover,GB2022_071_01,Joely Richardson,2,F,HE,WWE,,,AB,N
GB2022_071,Lady Chatterley's Lover,GB2022_071_02,Alistair Findlay,3,M,HE,WWE,UC,SE,AB,N
GB2022_072,The Creeping,GB2022_072_01,David Horovitch,4,M,HE,WWE,MC,EM,AB,N
GB2022_072,The Creeping,GB2022_072_02,Jane Lowe,4,F,,WWE,MC,RE,PD,Y
GB2022_072,The Creeping,GB2022_072_03,Peter Macqueen,4,M,HE,WWE,MC,RE,AB,N
GB2022_073,Poison Arrows,GB2022_073_01,Geoff Bell,3,M,,WWE,LC,UN,AB,N
GB2022_073,Poison Arrows,GB2022_073_02,Mat Fraser,2,M,,WWE,MC,EM,AB,N
GB2022_073,Poison Arrows,GB2022_073_03,Keith Brymer Jones,2,M,,WWE,MC,EM,AB,N
GB2022_074,Hounded,GB2022_074_01,Samantha Bond,3,F,,WWE,UC,SE,AB,N
GB2022_074,Hounded,GB2022_074_02,James Faulkner,3,M,HE,WWE,UC,SE,AB,N
GB2022_074,Hounded,GB2022_074_03,Larry Lamb,3,M,,WWE,,,AB,N
GB2022_075,Belfast,GB2022_075_01,Judi Dench,4,F,HE,WWE,LM,RE,AB,N
GB2022_075,Belfast,GB2022_075_02,Ciarán Hinds,4,M,HE,WWE,LM,RE,CI,Y
GB2022_075,Belfast,GB2022_075_03,Michael Maloney,3,M,HE,WWE,MC,EM,AB,N
GB2022_076,The Duke,GB2022_076_01,Jim Broadbent,3,M,HE,WWE,LM,EM,AB,N
GB2022_076,The Duke,GB2022_076_02,Helen Mirren,3,F,HE,WWE,LM,,AB,N
GB2022_076,The Duke,GB2022_076_03,Richard McCabe,2,M,,WWE,UM,EM,AB,N
GB2022_076,The Duke,GB2022_076_04,Michael Gould,2,M,,WWE,,,AB,N
ES2023_002,Campeonex,ES2023_002_01,Juan Margallo,4,M,HE,WWE,MC,EM,AB,N
ES2023_003,Ocho apellidos marroquís,ES2023_003_01,Elena Irureta,3,F,HE,WWE,UM,,AB,N
ES2023_003,Ocho apellidos marroquís,ES2023_003_02,Antonio Resines,3,M,HE,WWE,UM,,AB,N
ES2023_003,Ocho apellidos marroquís,ES2023_003_03,Carlos Olalla,3,M,HE,WWE,MC,,AB,N
ES2023_004,Vacaciones de verano,ES2023_004_01,Santiago Segura,2,M,HE,WWE,LM,EM,AB,N
ES2023_004,Vacaciones de verano,ES2023_004_02,Leo Harlem,2,M,HE,WWE,LM,EM,AB,N
ES2023_004,Vacaciones de verano,ES2023_004_03,Antonio Resines,3,M,HE,WWE,MC,,AB,N
ES2023_005,¡Vaya vacaciones!,ES2023_005_01,Gracia Olayo,3,F,HE,WWE,MC,RE,AB,N
ES2023_005,¡Vaya vacaciones!,ES2023_005_02,Tito Valverde,3,M,HE,WWE,MC,RE,AB,N
ES2023_005,¡Vaya vacaciones!,ES2023_005_03,Ramón Barea,3,M,HE,WWE,MC,RE,AB,N
ES2023_006,La Navidad en sus manos,ES2023_006_01,Santiago Segura,2,M,HE,NOE,UM,SE,TD,Y
ES2023_006,La Navidad en sus manos,ES2023_006_02,Janfri Topera,3,M,HE,WWE,MC,,AB,N
ES2023_006,La Navidad en sus manos,ES2023_006_03,Emilio Gavira,2,M,HE,WWE,MC,EM,AB,N
ES2023_007,El hotel de los líos. García y García 2,ES2023_007_01,José Mota,2,M,HE,WWE,MC,SE,AB,N
ES2023_007,El hotel de los líos. García y García 2,ES2023_007_02,Pepe Viyuela,2,M,HE,WWE,MC,SE,AB,N
ES2023_007,El hotel de los líos. García y García 2,ES2023_007_03,Meteora Fontana,3,F,HE,WWE,MC,,AB,N
ES2023_007,El hotel de los líos. García y García 2,ES2023_007_04,Antonio Resines,3,M,HE,WWE,MC,EM,AB,N
ES2023_008,Como Dios manda,ES2023_008_01,Leo Harlem,3,M,HE,WWE,MC,EM,AB,N
ES2023_008,Como Dios manda,ES2023_008_02,Maribel Salas,2,F,HE,WWE,MC,EM,AB,N
ES2023_008,Como Dios manda,ES2023_008_03,Santi Ugalde,3,M,,WWE,,,,N
ES2023_009,La niña de la comunión,ES2023_009_01,Manel Barceló,3,M,,WWE,MC,EM,AB,N
ES2023_010,Mi soledad tiene alas,ES2023_010_01,Ángeles Moreno,4,F,HE,WWE,LM,RE,CI,N
ES2023_011,El mestre que va prometre el mar,ES2023_011_01,Luisa Gavasa,3,F,HE,WWE,LM,EM,AB,N
ES2023_011,El mestre que va prometre el mar,ES2023_011_02,Ramón Agirre,3,M,HE,WWE,MC,RE,AB,N
ES2023_011,El mestre que va prometre el mar,ES2023_011_03,Felipe García Vélez,4,M,HE,WWE,MC,RE,PD,Y
ES2023_012,20.000 especies de abejas,ES2023_012_01,Ane Gabarain,2,F,HE,WWE,MC,,,N
ES2023_012,20.000 especies de abejas,ES2023_012_02,Itziar Lazkano,3,F,HE,WWE,MC,,,N
ES2023_012,20.000 especies de abejas,ES2023_012_03,Martxelo Rubio,2,M,HE,WWE,MC,,,N
ES2023_013,Alimañas,ES2023_013_01,Jordi Sánchez,2,M,HE,WWE,LM,SE,AB,N
ES2023_013,Alimañas,ES2023_013_02,Loles León,3,F,HE,WWE,MC,RE,AB,N
ES2023_013,Alimañas,ES2023_013_03,Carmina Barrios,3,F,HE,WWE,LM,RE,AB,N
ES2023_013,Alimañas,ES2023_013_04,Antonio Resines,3,M,HE,WWE,MC,EM,AB,N
ES2023_013,Alimañas,ES2023_013_05,Mara Ballestero,4,F,HE,WWE,UM,RE,PD,N
ES2023_014,Todos los nombres de Dios,ES2023_014_01,Antonio Buíl,3,M,,WWE,UM,EM,AB,N
ES2023_015,Me he hecho viral,ES2023_015_01,Miguel Rellán,3,M,HE,WWE,LM,RE,AB,N
ES2023_016,Saben aquell,ES2023_016_01,Quimet Pla,3,M,HE,WWE,MC,,AB,N
ES2023_016,Saben aquell,ES2023_016_02,Matilde Muñiz,3,F,HE,WWE,MC,,AB,N
ES2023_016,Saben aquell,ES2023_016_03,Cristina Hoyos,3,F,HE,ROM,LM,,AB,N
ES2023_016,Saben aquell,ES2023_016_04,Manel Barceló,3,M,HE,WWE,,,AB,N
ES2023_016,Saben aquell,ES2023_016_05,Pedro Casablanc,3,M,,WWE,UM,SE,AB,N
ES2023_017,Cerrar los ojos,ES2023_017_01,Manolo Solo,3,M,HE,WWE,LM,UN,AB,N
ES2023_017,Cerrar los ojos,ES2023_017_02,José Coronado,3,M,HE,WWE,LM,EM,PD,N
ES2023_017,Cerrar los ojos,ES2023_017_03,Ana Torrent,2,F,,WWE,MC,EM,AB,N
ES2023_017,Cerrar los ojos,ES2023_017_04,Petra Martínez,3,F,,WWE,MC,EM,AB,N
ES2023_017,Cerrar los ojos,ES2023_017_05,Mario Pardo,4,M,HE,WWE,MC,RE,AB,N
ES2023_017,Cerrar los ojos,ES2023_017_06,Antonio Dechent,3,M,,WWE,MC,EM,AB,N
ES2023_017,Cerrar los ojos,ES2023_017_07,Josep Maria Pou,3,M,,WWE,UM,EM,AB,N
ES2023_018,El favor,ES2023_018_01,Pere Ponce,2,M,,WWE,,,AB,N
ES2023_018,El favor,ES2023_018_02,Luisa Gavasa,3,F,HE,WWE,LM,EM,,N
ES2023_018,El favor,ES2023_018_03,Gonzalo de Castro,3,M,HE,WWE,UM,SE,AB,N
ES2023_018,El favor,ES2023_018_04,Isabel Ordaz,3,F,HE,WWE,UM,SE,AB,N
ES2023_019,Mi otro Jon,ES2023_019_01,Carmen Maura,4,F,HE,WWE,MC,RE,CI,Y
ES2023_019,Mi otro Jon,ES2023_019_02,Fernando Albizu,2,M,HE,WWE,MC,EM,AB,N
ES2023_019,Mi otro Jon,ES2023_019_03,María José Alfonso,4,F,HE,WWE,MC,RE,AB,N
ES2023_019,Mi otro Jon,ES2023_019_04,María Luisa Merlo,4,F,HE,WWE,MC,RE,AB,N
ES2023_019,Mi otro Jon,ES2023_019_05,Marisol Ayuso,4,F,HE,WWE,MC,RE,AB,N
ES2023_019,Mi otro Jon,ES2023_019_06,Enrique Villén,3,M,,WWE,UM,EM,AB,N
ES2023_019,Mi otro Jon,ES2023_019_07,Aitana Sánchez-Gijón,2,F,,WWE,UM,EM,AB,N
ES2023_019,Mi otro Jon,ES2023_019_08,Mariano Peña,3,M,,WWE,MC,,AB,N
ES2023_020,Te estoy amando locamente,ES2023_020_01,Ana Wagener,2,F,HE,WWE,LM,EM,AB,N
ES2023_020,Te estoy amando locamente,ES2023_020_02,Manuel Morón,3,M,HE,WWE,MC,,AB,N
ES2023_021,O corno,ES2023_021_01,Filomena Gigante,3,F,,WWE,MC,SE,AB,N
ES2023_022,Verano en rojo,ES2023_022_01,José Coronado,3,M,HE,WWE,MC,SE,AB,N
ES2023_022,Verano en rojo,ES2023_022_02,Ramón Agirre,4,M,HE,WWE,MC,RE,PD,Y
ES2023_022,Verano en rojo,ES2023_022_03,Tomás del Estal,2,M,,WWE,MC,EM,AB,N
ES2023_022,Verano en rojo,ES2023_022_04,Itziar Aizpuru,4,F,HE,WWE,LM,RE,AB,N
ES2023_022,Verano en rojo,ES2023_022_05,Juan Viadas,3,M,,WWE,UM,EM,AB,N
ES2023_023,Los buenos modales,ES2023_023_01,Elena Irureta,3,F,HE,WWE,MC,RE,AB,N
ES2023_023,Los buenos modales,ES2023_023_02,Gloria Muñoz,3,F,HE,WWE,MC,RE,AB,N
ES2023_023,Los buenos modales,ES2023_023_03,María Alfonsa Rosso,3,F,,WWE,MC,RE,AB,N
ES2023_024,Matria,ES2023_024_01,Santi Prego,3,M,HE,WWE,LM,UN,AB,N
ES2023_024,Matria,ES2023_024_02,Tatán,3,M,HE,WWE,MC,RE,PD,Y
ES2023_024,Matria,ES2023_024_03,Josito Porto,2,M,,WWE,MC,SE,AB,N
ES2023_025,¡Salta!,ES2023_025_01,Manuel Manquiña,3,M,HE,WWE,MC,,,N
ES2023_025,¡Salta!,ES2023_025_02,Mabel Rivera,3,F,HE,WWE,MC,,,N
ES2023_026,La ternura,ES2023_026_01,Emma Suárez,2,F,HE,WWE,UC,EM,AB,N
ES2023_026,La ternura,ES2023_026_02,Gonzalo de Castro,2,M,HE,WWE,LM,SE,AB,N
ES2023_027,Las buenas compañías,ES2023_027_01,Itziar Aizpuru,4,F,HE,WWE,UM,RE,AB,N
ES2023_028,Teresa,ES2023_028_01,Blanca Portillo,3,F,HE,WWE,MC,EM,AB,N
ES2023_029,La voz del sol,ES2023_029_01,Carmen Machi,2,F,HE,WWE,LM,EM,AB,N
ES2023_029,La voz del sol,ES2023_029_02,Karra Elejalde,3,M,HE,WWE,LM,EM,AB,N
ES2023_029,La voz del sol,ES2023_029_03,Kandido Uranga,3,M,,WWE,LM,SE,AB,N
ES2023_029,La voz del sol,ES2023_029_04,"Antonio Durán ""Morris""",3,M,,WWE,,,,N
ES2023_031,El hombre del saco,ES2023_031_01,Manolo Solo,2,M,,WWE,,,,N
ES2023_032,De Caperucita a loba,ES2023_032_01,José Mota,2,M,HE,WWE,UM,SE,AB,N
ES2023_032,De Caperucita a loba,ES2023_032_02,Antonio Resines,3,M,HE,WWE,UM,RE,AB,N
ES2023_032,De Caperucita a loba,ES2023_032_03,Elena Irureta,3,F,HE,WWE,UM,RE,AB,N
ES2023_032,De Caperucita a loba,ES2023_032_04,Santiago Segura,2,M,HE,WWE,MC,EM,AB,N
ES2023_033,Els encantats,ES2023_033_01,Pep Cruz,3,M,HE,WWE,LM,SE,AB,N
ES2023_034,Que nadie duerma,ES2023_034_01,Aitana Sánchez-Gijón,2,F,HE,WWE,UM,EM,AB,N
ES2023_034,Que nadie duerma,ES2023_034_02,Mariano Llorente,2,M,HE,WWE,MC,EM,AB,N
ES2023_034,Que nadie duerma,ES2023_034_03,Manuel de Blas,4,M,,WWE,,,,N
ES2023_035,La sirvienta,ES2023_035_01,Olatz Beobide,2,F,HE,WWE,MC,EM,AB,N
ES2023_035,La sirvienta,ES2023_035_02,Mayka Braña,2,F,HE,WWE,MC,EM,AB,N
ES2023_035,La sirvienta,ES2023_035_03,Juan Alberto López,3,M,HE,WWE,UM,SE,AB,N
ES2023_035,La sirvienta,ES2023_035_04,Assumpta Serna,3,F,HE,WWE,UM,UN,AB,N
ES2023_036,Tin & Tina,ES2023_036_01,Teresa Rabal,3,F,,WWE,MC,,,N
ES2023_037,La novia de América,ES2023_037_01,Ginés García Millán,2,M,HE,WWE,MC,,AB,N
ES2023_038,La ermita,ES2023_038_01,Belén Rueda,2,F,,WWE,MC,SE,AB,N
ES2023_038,La ermita,ES2023_038_02,Elena Irureta,3,F,HE,WWE,MC,,AB,N
ES2023_039,Loli Tormenta,ES2023_039_01,Susi Sánchez,3,F,HE,WWE,LM,RE,CI,N
ES2023_039,Loli Tormenta,ES2023_039_02,Fernando Esteso,3,M,HE,WWE,MC,,AB,N
ES2023_039,Loli Tormenta,ES2023_039_03,Celso Bugallo,3,M,HE,WWE,MC,,,N
ES2023_041,Esperando a Dalí,ES2023_041_01,José Garcia,2,M,,WWE,UM,SE,AB,N
ES2023_041,Esperando a Dalí,ES2023_041_02,Paco Tous,2,M,,WWE,MC,EM,AB,N
ES2023_041,Esperando a Dalí,ES2023_041_03,Vicky Peña,3,F,,WWE,UC,UN,AB,N
ES2023_041,Esperando a Dalí,ES2023_041_04,José Ángel Egido,3,M,,WWE,,,,N
ES2023_041,Esperando a Dalí,ES2023_041_05,Bruno Raffaelli,3,M,,WWE,,,,N
ES2023_041,Esperando a Dalí,ES2023_041_06,Pep Cruz,3,M,,WWE,UM,RE,AB,N
ES2023_041,Esperando a Dalí,ES2023_041_07,Gal Soler,4,M,,WWE,UC,SE,,N
ES2023_042,Secaderos,ES2023_042_01,Cristina Eugenia Segura Molina,4,F,HE,WWE,LM,SE,AB,N
ES2023_042,Secaderos,ES2023_042_02,José Sáez Conejero,4,M,HE,WWE,LM,SE,AB,N
ES2023_043,El Cuco,ES2023_043_01,Hildegard Schroedter,3,F,HE,WWE,UM,,AB,N
ES2023_043,El Cuco,ES2023_043_02,Rainer Reiners,3,M,HE,WWE,UM,,AB,N
ES2023_044,Si todas las puertas se cierran,ES2023_044_01,Roberto Álvarez,3,M,HE,WWE,MC,EM,AB,N
ES2023_044,Si todas las puertas se cierran,ES2023_044_02,Pastora Vega,3,F,HE,WWE,MC,EM,AB,N
ES2023_044,Si todas las puertas se cierran,ES2023_044_03,Carlos Iglesias,3,M,HE,WWE,MC,,AB,N
ES2023_045,La desconocida,ES2023_045_01,Manolo Solo,3,M,HE,WWE,MC,,AB,N
ES2023_046,La manzana de oro,ES2023_046_01,Sergi López,2,M,HE,WWE,MC,SE,AB,N
ES2023_046,La manzana de oro,ES2023_046_02,Vicky Peña,3,F,,WWE,UM,SE,AB,N
ES2023_046,La manzana de oro,ES2023_046_03,Elena Seijo,3,F,,WWE,MC,EM,AB,N
ES2023_046,La manzana de oro,ES2023_046_04,Roberto Enríquez,2,M,,WWE,MC,SE,AB,N
ES2023_046,La manzana de oro,ES2023_046_05,Joaquín Climent,3,M,HE,WWE,MC,SE,AB,N
ES2023_046,La manzana de oro,ES2023_046_06,Paca Gabaldón,4,F,HE,WWE,MC,SE,AB,N
ES2023_046,La manzana de oro,ES2023_046_07,Ginés García Millán,3,M,HE,WWE,UM,SE,AB,N
ES2023_046,La manzana de oro,ES2023_046_08,Celso Bugallo,4,M,HE,WWE,UM,RE,PD,Y
ES2023_047,Olvido,ES2023_047_01,Carlos Olalla,3,M,,WWE,UM,EM,AB,N
ES2023_047,Olvido,ES2023_047_02,Magüi Mira,4,F,,WWE,UM,SE,,N
ES2023_047,Olvido,ES2023_047_03,Álvaro Báguena,2,M,,WWE,UM,EM,AB,N
ES2023_048,Alguien que cuide de mí,ES2023_048_01,Emma Suárez,2,F,HE,WWE,UM,EM,AB,N
ES2023_048,Alguien que cuide de mí,ES2023_048_02,Magüi Mira,4,F,HE,WWE,UM,RE,AB,N
ES2023_048,Alguien que cuide de mí,ES2023_048_03,Pedro Mari Sánchez,3,M,,WWE,,,AB,N
ES2023_049,Sobre todo de noche,ES2023_049_01,Ana Torrent,2,F,HE,WWE,MC,,AB,N
ES2023_050,Delfines de plata,ES2023_050_01,Luis Fernando Alvés,3,M,HO,WWE,UM,EM,AB,N
ES2023_050,Delfines de plata,ES2023_050_02,Manuel Galiana,4,M,,WWE,,,,N
ES2023_051,Tierra de nuestras madres,ES2023_051_01,Saturnino García,4,F,HE,WWE,LM,SE,AB,N
ES2023_053,La Fortaleza,ES2023_053_01,Fernando Cayo,2,M,HE,WWE,UC,,AB,N
ES2023_053,La Fortaleza,ES2023_053_02,Lola Casamayor,3,F,HE,WWE,LM,EM,AB,N
ES2023_053,La Fortaleza,ES2023_053_03,Manuel Zarzo,4,M,HE,WWE,UC,SE,,N
ES2023_053,La Fortaleza,ES2023_053_04,Fernando Tejero,2,M,,WWE,UM,EM,AB,N
ES2023_054,Últimas voluntades,ES2023_054_01,Fernando Tejero,2,M,HE,WWE,LM,UN,AB,N
ES2023_054,Últimas voluntades,ES2023_054_02,Adriana Ozores,3,F,HE,WWE,LM,EM,AB,N
ES2023_055,Mamacruz,ES2023_055_01,Kiti Mánver,3,F,HE,WWE,LM,SE,AB,N
ES2023_055,Mamacruz,ES2023_055_02,Chema del Barco,2,M,,WWE,MC,EM,AB,N
ES2023_055,Mamacruz,ES2023_055_03,Pepe Quero,3,M,HE,WWE,LM,RE,AB,N
ES2023_056,La espera,ES2023_056_01,Pedro Casablanc,2,M,HE,WWE,UM,SE,AB,N
ES2023_056,La espera,ES2023_056_02,Manuel Morón,3,M,HE,WWE,UM,,AB,N
ES2023_057,El fantástico caso del Golem,ES2023_057_01,Tito Valverde,3,M,,WWE,UM,SE,AB,N
ES2023_058,Kepler Sexto B,ES2023_058_01,Karra Elejalde,3,M,HE,WWE,LC,UN,CI,N
ES2023_058,Kepler Sexto B,ES2023_058_02,Ramiro Blas,2,M,,WWE,MC,EM,AB,N
ES2023_058,Kepler Sexto B,ES2023_058_03,Mariana Cordero,3,F,,WWE,MC,,AB,N
ES2023_058,Kepler Sexto B,ES2023_058_04,Juli Mira,3,M,,WWE,MC,,AB,N
ES2023_059,O home e o can,ES2023_059_01,Manuel Manquiña,3,M,HE,WWE,LM,RE,AB,Y
ES2023_059,O home e o can,ES2023_059_02,Vicente Montoto,4,M,HE,WWE,,RE,PD,Y
ES2023_060,Ruta salvatge,ES2023_060_01,Boris Isakovic,2,M,,WEE,MC,EM,AB,N
ES2023_060,Ruta salvatge,ES2023_060_02,Sergi López,2,M,HE,WWE,LM,SE,AB,N
ES2023_060,Ruta salvatge,ES2023_060_03,Lluís Soler,3,M,HE,WWE,UM,SE,AB,N
ES2023_064,La imatge permanent,ES2023_064_01,Rosario Ortega,2,F,HE,WWE,LM,EM,AB,N
ES2023_065,Desmadre incluido,ES2023_065_01,Saturnino García,4,M,,WWE,,RE,AB,N
ES2023_065,Desmadre incluido,ES2023_065_02,Pilar Ordóñez,3,F,HE,WWE,UM,SE,AB,N
ES2023_065,Desmadre incluido,ES2023_065_03,Manuel Tallafé,3,M,,WWE,MC,SE,AB,N
ES2023_065,Desmadre incluido,ES2023_065_04,Javivi,3,M,,WWE,LM,EM,AB,N
ES2023_065,Desmadre incluido,ES2023_065_05,Antonia San Juan,3,F,HE,WWE,,,AB,N
ES2023_067,Quan no acaba la nit,ES2023_067_01,Chimo Bayo,3,M,HE,WWE,UM,SE,AB,N
ES2023_068,Secundarias,ES2023_068_01,Olga Mansilla,3,F,,WWE,LM,EM,AB,N
ES2023_071,Literato,ES2023_071_01,Maxi Rodríguez,2,M,HE,WWE,LM,UN,AB,N
ES2023_071,Literato,ES2023_071_02,Isabel Ayúcar,3,F,HE,WWE,LM,UN,AB,N
ES2023_071,Literato,ES2023_071_03,Pedro Civera,4,M,HE,WWE,LM,RE,PD,Y
ES2023_071,Literato,ES2023_071_04,Manuel Pizarro,3,M,HE,WWE,LM,EM,AB,N
ES2023_071,Literato,ES2023_071_05,Nina Garcia,2,F,,WWE,,,AB,N
ES2023_071,Literato,ES2023_071_06,Fernando Marrot,3,M,HE,WWE,,,AB,N
ES2023_071,Literato,ES2023_071_07,Ángel Héctor Sánchez,3,M,,,,,AB,N
ES2023_073,Venus,ES2023_073_01,Juan Diego,4,M,HE,WWE,MC,RE,AB,N
ES2023_073,Venus,ES2023_073_02,Lolita Flores,3,F,HE,WWE,MC,RE,AB,N
ES2023_075,Liuben,ES2023_075_01,Stefan Denolyubov,2,M,,WEE,MC,,AB,N
ES2023_075,Liuben,ES2023_075_02,Antonia San Juan,3,F,,WEE,,,,N
ES2023_076,Camino de la suerte,ES2023_076_01,Tito Valverde,3,M,HE,WWE,MC,RE,AB,N
ES2023_076,Camino de la suerte,ES2023_076_02,María Jesús Sirvent,3,F,HE,WWE,MC,RE,AB,N
ES2023_076,Camino de la suerte,ES2023_076_03,Rosario Pardo,3,F,HE,WWE,MC,RE,AB,N
ES2023_076,Camino de la suerte,ES2023_076_04,Juan Carlos Sánchez,3,M,HE,WWE,MC,RE,AB,N
ES2023_077,Amanece,ES2023_077_01,Sebastián Haro,2,M,,WWE,,,,N
ES2023_083,Una noche con Adela,ES2023_083_01,Fernando Moraleda,2,M,,WWE,MC,,AB,N
ES2023_083,Una noche con Adela,ES2023_083_02,Gemma Nierga,2,F,HE,WWE,UM,EM,AB,N
ES2023_083,Una noche con Adela,ES2023_083_03,Rosalía Omil,2,F,HE,WWE,MC,,AB,N
ES2023_084,Nato 0. El origen del mal,ES2023_084_01,Carlos Olalla,3,M,,WWE,UM,EM,AB,N
ES2023_087,Quest,ES2023_087_01,Miquel Gelabert,3,M,HE,WWE,LM,SE,AB,N
ES2023_091,Quatre raons,ES2023_091_01,Mercedes Sampietro,3,F,HE,WWE,MC,RE,AB,N
ES2023_092,El Hogar,ES2023_092_01,Luis Mottola,2,M,HE,WWE,LC,UN,AB,N
ES2023_092,El Hogar,ES2023_092_02,Valentín Paredes,3,M,HE,WWE,MC,SE,AB,N
ES2023_092,El Hogar,ES2023_092_03,Ángel Héctor Sánchez,3,M,HE,WWE,MC,EM,AB,N
ES2023_092,El Hogar,ES2023_092_04,Carlos Olalla,3,M,HE,WWE,MC,EM,AB,N
ES2023_094,Balas y Katanas,ES2023_094_01,Emilio Linder,3,M,HE,WEE,UM,SE,AB,N
ES2023_100,Soy una buena persona,ES2023_100_01,Juan Carlos Martín,2,M,HE,WWE,MC,EM,AB,N
ES2023_103,Capaz o incapaz?,ES2023_103_01,Eduardo Recabarren,3,M,HE,WWE,MC,,AB,N
ES2023_107,Conversaciones sobre el odio,ES2023_107_01,Cecilia Roth,3,F,HE,WLA,MC,SE,CI,N
ES2023_110,Y todos arderán,ES2023_110_01,Fernando Cayo,2,M,,WWE,UM,SE,AB,N
ES2023_110,Y todos arderán,ES2023_110_02,Saturnino García,4,M,,WWE,MC,EM,AB,N
GB2023_001,What's Love Got to Do with It?,GB2023_001_01,Emma Thompson,3,F,HE,WWE,MC,,AB,N
GB2023_001,What's Love Got to Do with It?,GB2023_001_02,Pakiza Baig,4,F,HE,SOA,MC,RE,AB,Y
GB2023_001,What's Love Got to Do with It?,GB2023_001_03,Jeff Mirza,2,M,HE,AWE,MC,,AB,N
GB2023_001,What's Love Got to Do with It?,GB2023_001_04,Shabana Azmi,3,F,HE,AWE,MC,,AB,N
GB2023_002,Empire of Light,GB2023_002_01,Colin Firth,3,M,HE,WWE,UM,EM,AB,N
GB2023_002,Empire of Light,GB2023_002_02,Toby Jones,2,M,,WWE,MC,SE,AB,N
GB2023_002,Empire of Light,GB2023_002_03,Ron Cook,3,M,,WWE,,,,N
GB2023_002,Empire of Light,GB2023_002_04,Sara Stewart,2,F,,WWE,,,,N
GB2023_003,The Old Oak,GB2023_003_01,Dave Turner,2,M,HE,WWE,LM,SE,AB,N
GB2023_003,The Old Oak,GB2023_003_02,Trevor Fox,3,M,,WWE,LM,UN,AB,N
GB2023_003,The Old Oak,GB2023_003_03,Maxie Peters,3,M,,WWE,LM,,AB,N
GB2023_004,The Unlikely Pilgrimage of Harold Fry,GB2023_004_01,Jim Broadbent,3,M,HE,WWE,MC,RE,AB,N
GB2023_004,The Unlikely Pilgrimage of Harold Fry,GB2023_004_02,Penelope Wilton,3,F,HE,WWE,MC,RE,AB,N
GB2023_004,The Unlikely Pilgrimage of Harold Fry,GB2023_004_03,Linda Bassett,3,F,HE,WWE,MC,RE,CI,N
GB2023_004,The Unlikely Pilgrimage of Harold Fry,GB2023_004_04,Joseph Mydell,3,M,HE,BWE,MC,RE,AB,N
GB2023_005,The Great Escaper,GB2023_005_01,Michael Caine,4,M,HE,WWE,MC,RE,AB,Y
GB2023_005,The Great Escaper,GB2023_005_02,Glenda Jackson,4,F,HE,WWE,MC,RE,PD,Y
GB2023_005,The Great Escaper,GB2023_005_03,John Standing,4,M,HE,WWE,UM,RE,AB,N
GB2023_006,Allelujah,GB2023_006_01,Lorraine Ashbourne,3,F,HE,WWE,MC,EM,AB,N
GB2023_006,Allelujah,GB2023_006_02,David Bradley,4,M,HE,WWE,MC,RE,AB,Y
GB2023_006,Allelujah,GB2023_006_03,Eileen Davies,4,F,HE,WWE,MC,RE,AB,Y
GB2023_006,Allelujah,GB2023_006_04,Judi Dench,4,F,HE,WWE,MC,RE,CI,Y
GB2023_006,Allelujah,GB2023_006_05,Derek Jacobi,4,M,HE,WWE,MC,RE,AB,Y
GB2023_006,Allelujah,GB2023_006_06,Julia McKenzie,4,F,,WWE,MC,RE,CI,Y
GB2023_006,Allelujah,GB2023_006_07,Jeffery Kissoon,3,M,,BWE,MC,RE,AB,Y
GB2023_006,Allelujah,GB2023_006_08,Jennifer Saunders,3,F,,WWE,LM,EM,AB,N
GB2023_006,Allelujah,GB2023_006_09,Marlene Sidaway,4,F,,WWE,MC,RE,AB,N
GB2023_007,The Son,GB2023_007_01,Hugh Jackman,2,M,HE,WNA,UM,EM,AB,N
GB2023_007,The Son,GB2023_007_02,Laura Dern,2,F,HE,WNA,UM,,AB,N
GB2023_007,The Son,GB2023_007_03,Anthony Hopkins,4,M,HE,WWE,UC,SE,AB,N
GB2023_009,Sumotherhood,GB2023_009_01,Jennifer Saunders,3,F,,WWE,MC,EM,AB,N
GB2023_010,Mafia Mamma,GB2023_010_01,Monica Bellucci,2,F,,WWE,UM,EM,AB,N
GB2023_010,Mafia Mamma,GB2023_010_02,Alessandro Bressanello,4,M,HE,WWE,UC,SE,AB,N
GB2023_010,Mafia Mamma,GB2023_010_03,Dora Romano,3,F,,WWE,MC,EM,AB,N
GB2023_011,Golda,GB2023_011_01,Helen Mirren,3,F,,,UC,EM,AB,N
GB2023_011,Golda,GB2023_011_02,Henry Goodman,3,M,,,UC,EM,AB,N
GB2023_011,Golda,GB2023_011_03,Lior Ashkenazi,2,M,,,UM,EM,AB,N
GB2023_011,Golda,GB2023_011_04,Dominic Mafham,2,M,,,UM,EM,AB,N
GB2023_012,Rye Lane,GB2023_012_01,Levi Roots,3,M,HE,BWE,MC,,AB,N
GB2023_013,Polite Society,GB2023_013_01,Su McLaughlin,3,F,HE,AWE,LM,,AB,N
GB2023_013,Polite Society,GB2023_013_02,Jeff Mirza,3,M,HE,AWE,LM,,AB,N
GB2023_014,The Eternal Daughter,GB2023_014_01,Tilda Swinton,4,F,HE,WWE,UC,RE,AB,N
GB2023_014,The Eternal Daughter,GB2023_014_02,Tilda Swinton,3,F,HE,WWE,UM,SE,AB,N
GB2023_014,The Eternal Daughter,GB2023_014_03,Joseph Mydell,3,M,HE,BWE,LM,EM,AB,N
GB2023_015,Rise of the Footsoldier: Vengeance,GB2023_015_01,Craig Fairbrass,2,M,HE,WWE,MC,SE,AB,N
GB2023_015,Rise of the Footsoldier: Vengeance,GB2023_015_02,Jamie Foreman,3,M,HE,WWE,MC,EM,AB,N
GB2023_015,Rise of the Footsoldier: Vengeance,GB2023_015_03,Phil Davis,3,M,HE,WWE,MC,EM,AB,N
GB2023_015,Rise of the Footsoldier: Vengeance,GB2023_015_04,Sadie Frost,2,F,HE,WWE,MC,,AB,N
GB2023_015,Rise of the Footsoldier: Vengeance,GB2023_015_05,Geoff Bell,2,M,HE,WWE,MC,EM,AB,N
GB2023_016,Enys Men,GB2023_016_01,Mary Woodvine,2,F,HE,WWE,LM,EM,AB,N
GB2023_016,Enys Men,GB2023_016_02,John Woodvine,4,M,,WWE,,,,N
GB2023_017,The Lesson,GB2023_017_01,Richard E. Grant,3,M,HE,WWE,UC,SE,AB,N
GB2023_018,The Piper,GB2023_018_01,Robert Daws,3,M,,WWE,,,,N
GB2023_018,The Piper,GB2023_018_02,Gundars Abolins,3,M,,WEE,,,,N
GB2023_019,Unwelcome,GB2023_019_01,Colm Meaney,3,M,HE,WWE,MC,SE,AB,N
GB2023_019,Unwelcome,GB2023_019_02,Niamh Cusack,3,F,,WWE,MC,SE,AB,N
GB2023_019,Unwelcome,GB2023_019_03,Finbar Lynch,3,M,,WWE,,,AB,N
GB2023_019,Unwelcome,GB2023_019_04,Lalor Roddy,3,M,,WWE,LC,UN,AB,N
GB2023_021,Bank of Dave,GB2023_021_01,Paul Kaye,2,M,,WWE,MC,EM,AB,N
GB2023_021,Bank of Dave,GB2023_021_02,Angus Wright,2,M,,WWE,UM,SE,AB,N
GB2023_021,Bank of Dave,GB2023_021_03,Hugh Bonneville,3,M,,WWE,UC,EM,AB,N
GB2023_022,Medusa Deluxe,GB2023_022_01,Clare Perkins,2,M,,BWE,,,,N
GB2023_022,Medusa Deluxe,GB2023_022_02,Darrell D'Silva,3,M,,WWE,UM,SE,AB,N
GB2023_023,Typist Artist Pirate King,GB2023_023_01,Gina McKee,2,F,HE,WWE,MC,,AB,N
GB2023_025,Bolan's Shoes,GB2023_025_01,Timothy Spall,1,M,,WWE,LC,UN,AB,N
GB2023_025,Bolan's Shoes,GB2023_025_02,Mark Lewis Jones,2,M,HE,WWE,MC,EM,AB,N
GB2023_025,Bolan's Shoes,GB2023_025_03,Louis Emerick,3,M,,BWE,,,AB,N
GB2023_026,Up on the Roof,GB2023_026_01,Deborah Findlay,3,F,HE,WWE,MC,SE,AB,N
GB2023_026,Up on the Roof,GB2023_026_02,Nathaniel Parker,3,M,HE,WWE,MC,,AB,N
GB2023_027,And Then Come the Nightjars,GB2023_027_01,David Fielder,3,M,,WWE,LM,SE,AB,N
GB2023_027,And Then Come the Nightjars,GB2023_027_02,Nigel Hastings,2,M,HE,WWE,MC,EM,AB,N
GB2023_028,Little English,GB2023_028_01,Madhav Sharma,4,M,HE,SOA,LM,RE,AB,N
GB2023_032,Tetris,GB2023_032_01,Toby Jones,2,M,,WWE,UM,EM,AB,N
GB2023_032,Tetris,GB2023_032_02,Oleg Stefan,3,M,,WEE,UM,EM,AB,N
GB2023_032,Tetris,GB2023_032_03,Roger Allam,3,M,,WWE,UM,EM,AB,N
GB2023_032,Tetris,GB2023_032_04,Togo Igawa,3,M,,EAS,UC,SE,AB,N
GB2023_033,Y Swn,GB2023_033_01,Mark Lewis Jones,3,M,,WWE,UM,EM,AB,N
GB2023_033,Y Swn,GB2023_033_02,Eiry Thomas,2,F,,WWE,MC,EM,AB,N
GB2023_035,Inland,GB2023_035_01,Mark Rylance,3,M,HE,WNA,LM,SE,AB,N
GB2023_035,Inland,GB2023_035_02,Kathryn Hunter,3,F,,WNA,MC,,AB,N
GB2023_037,Doctor Jekyll,GB2023_037_01,Eddie Izzard,3,F,,WWE,UC,SE,AB,N
GB2023_037,Doctor Jekyll,GB2023_037_02,Lindsay Duncan,3,F,,WWE,UM,EM,AB,N
GB2023_039,Winners,GB2023_039_01,Reza Naji,4,M,HE,MEA,LC,UN,AB,N
GB2023_039,Winners,GB2023_039_02,Mahmoud Jafari,3,M,HE,MEA,LM,RE,AB,N
GB2023_040,A Clever Woman,GB2023_040_01,Bob Goody,3,M,HE,WWE,MC,RE,AB,N
GB2023_040,A Clever Woman,GB2023_040_02,Josie Lawrence,3,F,HE,WWE,MC,EM,AB,N
GB2023_040,A Clever Woman,GB2023_040_03,Anna Mottram,3,F,HE,WWE,MC,RE,AB,N
GB2023_040,A Clever Woman,GB2023_040_04,Tanya Myers,2,F,HE,WWE,MC,EM,AB,N
GB2023_041,Raging Grace,GB2023_041_01,David Hayman,3,M,HE,WWE,UC,RE,PD,Y
GB2023_042,Sweet Sue,GB2023_042_01,Maggie O'Neill,3,F,HE,WWE,MC,,AB,N
GB2023_042,Sweet Sue,GB2023_042_02,Tony Pitts,3,M,HE,WWE,LM,,AB,N
GB2023_042,Sweet Sue,GB2023_042_03,Anna Calder-Marshall,4,F,HE,WWE,MC,RE,AB,N
GB2023_043,The Laureate,GB2023_043_01,Julian Glover,4,M,HE,WWE,UC,,,N
GB2023_043,The Laureate,GB2023_043_02,Patricia Hodge,3,F,HE,WWE,UC,,,N
GB2023_045,Love Without Walls,GB2023_045_01,Sheila Reid,4,F,,WWE,,,,N
GB2023_045,Love Without Walls,GB2023_045_02,Paul Barber,3,M,,BWE,,,,N
GB2023_046,A Kind of Kidnapping,GB2023_046_01,Leila Hoffman,4,F,,WWE,,,AB,N
GB2023_047,Wait for Me,GB2023_047_01,Sean McGinley,3,M,HE,WWE,LM,,AB,N
GB2023_049,The Undertaker,GB2023_049_01,Paul McGann,3,M,HE,WWE,MC,SE,AB,N
GB2023_049,The Undertaker,GB2023_049_02,Tara Fitzgerald,2,F,HE,WWE,UM,UN,AB,N
GB2023_049,The Undertaker,GB2023_049_03,Marc Danbury,2,M,HE,WWE,MC,EM,AB,N
GB2023_049,The Undertaker,GB2023_049_04,Sean Gilder,2,M,HE,WWE,MC,EM,AB,N
GB2023_049,The Undertaker,GB2023_049_05,Murray Melvin,4,M,,WWE,MC,RE,AB,N
GB2023_050,Big Trouble in Little India,GB2023_050_01,Deepak Anand,3,M,HE,SOA,UM,SE,AB,N
GB2023_050,Big Trouble in Little India,GB2023_050_02,Nirmal Rishi,4,F,HE,SOA,MC,RE,AB,N
GB2023_050,Big Trouble in Little India,GB2023_050_03,Murali Vidhyadharan,3,M,HE,SOA,MC,RE,AB,N
GB2023_052,God's Petting You,GB2023_052_01,Patrick Bergin,3,M,HE,WNA,LM,,AB,N
GB2023_053,To Nowhere,GB2023_053_01,Jane Wood,4,F,HE,WWE,MC,,AB,N
GB2023_054,Golden Stripes,GB2023_054_01,Phillip Gill,3,M,HE,WWE,UC,,,N
GB2023_055,Marooned Awakening,GB2023_055_01,Murray McArthur,2,M,HE,WWE,LM,SE,AB,N
GB2023_055,Marooned Awakening,GB2023_055_02,Tim McInnerny,3,M,,WWE,MC,EM,AB,N
GB2023_056,Goldfish,GB2023_056_01,Deepti Naval,3,F,HE,SOA,MC,RE,PD,N
GB2023_056,Goldfish,GB2023_056_02,Gordon Warnecke,2,M,HE,AWE,MC,,AB,N
GB2023_056,Goldfish,GB2023_056_03,Rajit Kapoor,3,M,HE,SOA,MC,,AB,N
GB2023_058,My One and Only,GB2023_058_01,Simon Slater,3,M,HE,WWE,MC,,AB,N
GB2023_059,Kindling,GB2023_059_01,Geoff Bell,2,M,HE,WWE,MC,,AB,N
GB2023_059,Kindling,GB2023_059_02,Tara Fitzgerald,2,F,HE,WWE,MC,,,N
GB2023_060,The Hunting of the Snark,GB2023_060_01,Ramon Tikaram,2,M,,WWE,MC,SE,AB,N
GB2023_060,The Hunting of the Snark,GB2023_060_02,Ralph Arliss,2,M,,WWE,MC,,AB,N
GB2023_060,The Hunting of the Snark,GB2023_060_03,Tim J. Henley,2,M,,WWE,MC,,AB,N
GB2023_063,Sky Peals,GB2023_063_01,Jeff Mirza,3,M,,AWE,,,,N
GB2023_063,Sky Peals,GB2023_063_02,Bill Fellows,3,M,,WWE,,,,N
GB2017_001,Dunkirk,GB2017_001_01,Mark Rylance,2,M,HE,WWE,LM,SE,AB,N
GB2017_001,Dunkirk,GB2017_001_02,Kenneth Branagh,2,M,,WWE,UM,EM,AB,N
GB2017_002,Paddington 2,GB2017_002_01,Hugh Grant,2,M,,WWE,UM,EM,AB,N
GB2017_002,Paddington 2,GB2017_002_02,Julie Walters,3,F,,WWE,MC,RE,AB,N
GB2017_002,Paddington 2,GB2017_002_03,Jim Broadbent,3,M,,WWE,MC,SE,AB,N
GB2017_002,Paddington 2,GB2017_002_04,Tom Conti,3,M,HE,WWE,UM,EM,AB,N
GB2017_002,Paddington 2,GB2017_002_05,Peter Capaldi,2,M,HE,WWE,MC,UN,AB,N
GB2017_002,Paddington 2,GB2017_002_06,Brendan Gleeson,3,M,,WWE,LC,EM,AB,N
GB2017_003,Kingsman: The Golden Circle,GB2017_003_01,Colin Firth,2,M,HE,WWE,MC,EM,TD,N
GB2017_003,Kingsman: The Golden Circle,GB2017_003_02,Keith Allen,3,M,,WWE,UM,EM,AB,N
GB2017_003,Kingsman: The Golden Circle,GB2017_003_03,Julianne Moore,2,F,HE,WNA,UC,SE,AB,N
GB2017_003,Kingsman: The Golden Circle,GB2017_003_04,Michael Gambon,4,M,,WWE,UC,EM,AB,N
GB2017_003,Kingsman: The Golden Circle,GB2017_003_05,Elton John,3,M,HO,WWE,UM,SE,AB,Y
GB2017_003,Kingsman: The Golden Circle,GB2017_003_06,Jeff Bridges,3,M,HE,WNA,UM,EM,AB,N
GB2017_004,T2: Trainspotting,GB2017_004_01,Robert Carlyle,2,M,,WWE,LM,,AB,N
GB2017_004,T2: Trainspotting,GB2017_004_02,James Cosmo,3,M,HE,WWE,MC,,AB,N
GB2017_005,Victoria & Abdul,GB2017_005_01,Judi Dench,4,F,HE,WWE,UC,SE,AB,N
GB2017_005,Victoria & Abdul,GB2017_005_02,Tim Pigott-Smith,3,M,HE,WWE,UC,SE,AB,N
GB2017_005,Victoria & Abdul,GB2017_005_03,Eddie Izzard,2,M,HE,WWE,UC,SE,AB,N
GB2017_005,Victoria & Abdul,GB2017_005_04,Michael Gambon,4,M,HE,WWE,UC,SE,AB,N
GB2017_005,Victoria & Abdul,GB2017_005_05,Julian Wadham,2,M,HE,WWE,UC,SE,AB,N
GB2017_006,The Death of Stalin,GB2017_006_01,Steve Buscemi,3,M,HE,WEE,UC,EM,AB,N
GB2017_006,The Death of Stalin,GB2017_006_02,Simon Russell Beale,2,M,HE,WEE,UC,EM,AB,N
GB2017_006,The Death of Stalin,GB2017_006_03,Jeffrey Tambor,3,M,HE,WEE,UC,EM,AB,N
GB2017_006,The Death of Stalin,GB2017_006_04,Michael Palin,3,M,HE,WEE,UC,EM,AB,N
GB2017_006,The Death of Stalin,GB2017_006_05,Adrian McLoughlin,3,M,HE,WEE,UC,SE,AB,N
GB2017_007,Viceroy's House,GB2017_007_01,Michael Gambon,4,M,HE,WWE,UC,EM,AB,N
GB2017_007,Viceroy's House,GB2017_007_02,Om Puri,3,M,HE,SOA,UM,EM,AB,N
GB2017_007,Viceroy's House,GB2017_007_03,David Hayman,3,M,HE,WWE,UM,EM,AB,N
GB2017_007,Viceroy's House,GB2017_007_04,Simon Callow,3,M,HE,WWE,UM,EM,AB,N
GB2017_007,Viceroy's House,GB2017_007_05,Denzil Smith,2,M,HE,SOA,UM,EM,AB,N
GB2017_008,Their Finest,GB2017_008_01,Bill Nighy,3,M,HE,WWE,MC,EM,AB,N
GB2017_008,Their Finest,GB2017_008_02,Richard E. Grant,3,M,,WWE,UM,EM,AB,N
GB2017_008,Their Finest,GB2017_008_03,Henry Goodman,3,M,,WWE,UM,SE,AB,N
GB2017_008,Their Finest,GB2017_008_04,Jeremy Irons,3,M,,WWE,UC,EM,AB,N
GB2017_009,My Cousin Rachel,GB2017_009_01,Iain Glen,2,M,HE,WWE,UM,SE,AB,N
GB2017_009,My Cousin Rachel,GB2017_009_02,Simon Russell Beale,2,M,HE,WWE,,,,
GB2017_009,My Cousin Rachel,GB2017_009_03,Tim Barlow,4,M,HE,WWE,,,,
GB2017_010,Churchill,GB2017_010_01,Brian Cox,3,M,HE,WWE,UC,EM,AB,N
GB2017_010,Churchill,GB2017_010_02,Miranda Richardson,2,F,HE,WWE,UC,UN,AB,N
GB2017_010,Churchill,GB2017_010_03,John Slattery,2,M,HE,WNA,UC,EM,AB,N
GB2017_010,Churchill,GB2017_010_04,Julian Wadham,2,M,HE,WWE,UC,EM,AB,N
GB2017_010,Churchill,GB2017_010_05,Richard Durden,3,M,,WWE,UM,EM,AB,N
GB2017_010,Churchill,GB2017_010_06,Danny Webb,2,M,,WWE,UM,EM,AB,N
GB2017_011,Hampstead,GB2017_011_01,Brendan Gleeson,3,M,HE,WWE,LM,SE,AB,N
GB2017_011,Hampstead,GB2017_011_02,Diane Keaton,3,F,HE,WNA,MC,RE,AB,N
GB2017_011,Hampstead,GB2017_011_03,Lesley Manville,3,F,,WWE,MC,,AB,N
GB2017_011,Hampstead,GB2017_011_04,Phil Davis,3,M,,WWE,MC,,AB,N
GB2017_011,Hampstead,GB2017_011_05,Simon Callow,3,M,,WWE,UM,EM,AB,N
GB2017_012,47 metres down,GB2017_012_01,Matthew Modine,2,M,HE,WNA,MC,EM,AB,N
GB2017_013,The Limehouse Golem,GB2017_013_01,Bill Nighy,3,M,HO,WWE,MC,EM,AB,N
GB2017_013,The Limehouse Golem,GB2017_013_02,David Bamber,3,M,,WWE,UM,EM,AB,N
GB2017_013,The Limehouse Golem,GB2017_013_03,Nicholas Woodeson,3,M,,WWE,UM,EM,AB,N
GB2017_013,The Limehouse Golem,GB2017_013_04,Henry Goodman,3,M,,WWE,MC,SE,AB,N
GB2017_014,The Sense of an Ending,GB2017_014_01,Jim Broadbent,3,M,HE,WWE,MC,RE,AB,N
GB2017_014,The Sense of an Ending,GB2017_014_02,Charlotte Rampling,3,F,HE,WWE,MC,RE,AB,N
GB2017_014,The Sense of an Ending,GB2017_014_03,Harriet Walter,3,F,HE,WWE,MC,RE,AB,N
GB2017_014,The Sense of an Ending,GB2017_014_04,James Wilby,3,M,,WWE,LC,UN,PD,N
GB2017_015,The Party,GB2017_015_01,Timothy Spall,2,M,HE,WWE,UM,EM,AB,N
GB2017_015,The Party,GB2017_015_02,Kristin Scott Thomas,2,F,HE,WWE,UM,EM,AB,N
GB2017_015,The Party,GB2017_015_03,Patricia Clarkson,3,F,HE,WWE,UM,EM,AB,N
GB2017_015,The Party,GB2017_015_04,Bruno Ganz,3,M,HE,WWE,UM,EM,AB,N
GB2017_015,The Party,GB2017_015_05,Cherry Jones,3,F,HO,WNA,UM,EM,AB,N
GB2017_016,Film Stars Don't Die in Liverpool,GB2017_016_01,Annette Bening,2,F,HE,WNA,UM,EM,CI,Y
GB2017_016,Film Stars Don't Die in Liverpool,GB2017_016_02,Kenneth Cranham,3,M,HE,WWE,LM,EM,AB,N
GB2017_016,Film Stars Don't Die in Liverpool,GB2017_016_03,Julie Walters,3,F,HE,WWE,LM,RE,AB,N
GB2017_016,Film Stars Don't Die in Liverpool,GB2017_016_04,Vanessa Redgrave,4,F,HE,WNA,UM,RE,AB,Y
GB2017_016,Film Stars Don't Die in Liverpool,GB2017_016_05,Frances Barber,3,F,,WNA,UM,,AB,N
GB2017_017,God's Own Country,GB2017_017_01,Gemma Jones,3,F,HE,WWE,LM,SE,AB,N
GB2017_017,God's Own Country,GB2017_017_02,Melanie Kilburn,3,F,HE,WWE,,,,
GB2017_018,Jawbone,GB2017_018_01,Ian McShane,3,M,,WWE,UM,SE,AB,N
GB2017_018,Jawbone,GB2017_018_02,Ray Winstone,3,M,,WWE,MC,SE,AB,N
GB2017_019,Daphne,GB2017_019_01,Geraldine James,3,F,HE,WWE,MC,,AB,N
GB2018_071,Dark River,GB2018_071_01,Sean Bean,2,M,HE,WWE,MC,SE,AB,N
GB2017_021,Final Portrait,GB2017_021_01,Geoffrey Rush,3,M,,WWE,MC,SE,AB,N
GB2017_021,Final Portrait,GB2017_021_02,Tony Shalhoub,3,M,,WNA,UM,SE,AB,N
GB2017_021,Final Portrait,GB2017_021_03,James Faulkner,3,M,,WWE,UM,SE,AB,N
GB2017_022,The Time of Their Lives,GB2017_022_01,Joan Collins,4,F,HE,WWE,UM,RE,AB,N
GB2017_022,The Time of Their Lives,GB2017_022_02,Pauline Collins,4,F,HE,WWE,MC,RE,AB,N
GB2017_022,The Time of Their Lives,GB2017_022_03,Franco Nero,4,M,HE,WWE,UM,SE,AB,N
GB2017_022,The Time of Their Lives,GB2017_022_04,Ronald Pickup,4,M,HE,WWE,MC,RE,AB,N
GB2017_023,Stratton,GB2017_023_01,Thomas Kretschmann,2,M,,WEE,MC,SE,AB,N
GB2017_023,Stratton,GB2017_023_02,Derek Jacobi,4,M,,WWE,UM,,,
GB2017_024,Mad to Be Normal,GB2017_024_01,Michael Gambon,3,M,,WWE,LC,UN,AB,N
GB2017_024,Mad to Be Normal,GB2017_024_02,Gabriel Byrne,3,M,HE,WWE,UM,,AB,N
GB2017_024,Mad to Be Normal,GB2017_024_03,David Bamber,3,M,,WWE,UM,SE,AB,N
GB2017_025,The Levelling,GB2017_025_01,David Troughton,3,M,HE,WWE,LM,SE,AB,N
GB2017_026,Trespass Against Us,GB2017_026_01,Brendan Gleeson,3,M,HE,WWE,LM,SE,AB,N
GB2017_026,Trespass Against Us,GB2017_026_02,Alan Williams,3,M,,WWE,MC,SE,AB,N
GB2017_027,Dough,GB2017_027_01,Jonathan Pryce,3,M,HE,WWE,MC,SE,AB,N
GB2017_027,Dough,GB2017_027_02,Pauline Collins,3,F,HE,WWE,MC,RE,AB,N
GB2017_027,Dough,GB2017_027_03,Phil Davis,3,M,,WWE,UM,SE,AB,N
GB2017_029,Lady Macbeth,GB2017_029_01,Christopher Fairbank,3,M,HE,WWE,UM,SE,AB,N
GB2017_029,Lady Macbeth,GB2017_029_02,Cliff Burnet,3,M,HE,WWE,MC,EM,AB,N
GB2017_029,Lady Macbeth,GB2017_029_03,Bill Fellows,2,M,HE,WWE,UM,SE,AB,N
GB2017_030,The Man Who Invented Christmas,GB2017_030_01,Cosimo Fusco,2,M,HE,WWE,UM,SE,AB,N
GB2017_030,The Man Who Invented Christmas,GB2017_030_02,Jonathan Pryce,3,M,HE,WWE,UM,SE,AB,N
GB2017_030,The Man Who Invented Christmas,GB2017_030_03,Bill Paterson,3,M,HE,WWE,UM,SE,AB,N
GB2017_030,The Man Who Invented Christmas,GB2017_030_04,Christopher Plummer,4,M,HE,WWE,UM,SE,AB,Y
GB2017_030,The Man Who Invented Christmas,GB2017_030_05,Donald Sumpter,4,M,HE,WWE,UM,SE,AB,N
GB2017_031,Don't Knock Twice,GB2017_031_01,Ania Marson,4,F,HE,WWE,LC,UN,CI,N
GB2018_074,Beast,GB2018_074_01,Geraldine James,3,F,HE,WWE,UM,,AB,N
GB2018_074,Beast,GB2018_074_02,Tim Woodward,3,M,HE,WWE,UM,,AB,N
GB2017_033,The Journey,GB2017_033_01,Timothy Spall,3,M,HE,WWE,UM,EM,AB,N
GB2017_033,The Journey,GB2017_033_02,Colm Meaney,3,M,HE,WWE,UM,EM,AB,N
GB2017_033,The Journey,GB2017_033_03,John Hurt,4,M,HE,WWE,UM,EM,AB,N
GB2017_033,The Journey,GB2017_033_04,Ian McElhinney,3,M,HE,WWE,UM,,,
GB2017_034,Mindhorn,GB2017_034_01,David Schofield,3,M,,WWE,MC,EM,AB,N
GB2017_034,Mindhorn,GB2017_034_02,Harriet Walter,3,F,,WWE,UM,SE,AB,N
GB2017_034,Mindhorn,GB2017_034_03,Simon Callow,3,M,,WWE,MC,,,
GB2017_035,Another Mother's Son,GB2017_035_01,John Hannah,2,M,,WWE,MC,SE,AB,N
GB2017_035,Another Mother's Son,GB2017_035_02,Jenny Seagrove,3,F,,WWE,MC,EM,AB,N
GB2017_035,Another Mother's Son,GB2017_035_03,Nicholas Farrell,3,M,,WWE,MC,,AB,N
GB2017_035,Another Mother's Son,GB2017_035_04,Joanna David,3,F,,WWE,MC,,AB,N
GB2017_035,Another Mother's Son,GB2017_035_05,Susan Hampshire,4,F,,WWE,,,AB,N
GB2017_036,Whisky Galore,GB2017_036_01,Gregor Fisher,3,M,HE,WWE,LM,UN,AB,N
GB2017_036,Whisky Galore,GB2017_036_02,Eddie Izzard,2,M,,WWE,MC,EM,AB,N
GB2017_036,Whisky Galore,GB2017_036_03,James Cosmo,3,M,,WWE,,,AB,N
GB2017_036,Whisky Galore,GB2017_036_04,John Sessions,3,M,,WWE,MC,,AB,N
GB2017_037,The Hippopotamus,GB2017_037_01,Roger Allam,3,M,,WWE,UM,UN,AB,N
GB2017_037,The Hippopotamus,GB2017_037_02,Fiona Shaw,3,F,,WWE,UM,,AB,N
GB2017_037,The Hippopotamus,GB2017_037_03,Matthew Modine,2,M,HE,WNA,UC,SE,AB,N
GB2017_037,The Hippopotamus,GB2017_037_04,John Standing,4,M,,WWE,UM,,AB,N
GB2017_037,The Hippopotamus,GB2017_037_05,Tim McInnerny,3,M,HO,WWE,UM,UN,AB,N
GB2017_040,Tommy's Honour,GB2017_040_01,Peter Mullan,2,M,HE,WWE,LM,EM,AB,N
GB2017_040,Tommy's Honour,GB2017_040_02,Andy Gray,3,M,,WWE,,,AB,N
GB2017_040,Tommy's Honour,GB2017_040_03,James Smillie,3,M,,WWE,,,AB,N
GB2017_040,Tommy's Honour,GB2017_040_04,Sam Neill,3,M,HE,WWE,UC,SE,AB,N
GB2017_041,Prevenge,GB2017_041_01,Leila Hoffman,4,F,HE,WWE,,,,
GB2017_042,Romans,GB2017_042_01,James Smillie,3,M,,WWE,UC,EM,AB,N
GB2017_042,Romans,GB2017_042_02,Anne Reid,4,F,HE,WWE,LM,RE,AB,N
GB2017_044,The White King,GB2017_044_01,Greta Scacchi,2,F,,WWE,UC,EM,AB,N
GB2017_044,The White King,GB2017_044_02,Fiona Shaw,3,F,,WWE,UC,SE,AB,N
GB2017_044,The White King,GB2017_044_03,Jonathan Pryce,3,M,,WWE,UC,EM,AB,N
GB2017_045,City of Tiny Lights,GB2017_045_01,Roshan Seth,4,M,HE,AWE,LM,RE,AB,N
GB2017_045,City of Tiny Lights,GB2017_045_02,Danny Webb,3,M,,WWE,MC,EM,AB,N
GB2017_050,Where Is Kyra?,GB2017_050_01,Michelle Pfeiffer,2,F,HE,WNA,LC,UN,AB,N
GB2017_050,Where Is Kyra?,GB2017_050_02,Suzanne Shepherd,4,F,HE,WNA,LM,RE,CI,Y
GB2017_051,The Ghoul,GB2017_051_01,Niamh Cusack,2,F,,WWE,UM,SE,AB,N
GB2017_052,The Stolen,GB2017_052_01,Graham McTavish,2,M,HE,WWE,LM,SE,AB,N
GB2017_052,The Stolen,GB2017_052_02,Richard O'Brien,3,M,,WWE,LM,EM,AB,N
GB2018_075,Gholam,GB2018_075_01,Behrouz Behnejad,3,M,HE,MEA,LM,EM,AB,N
GB2018_075,Gholam,GB2018_075_02,Nasser Memarzia,3,M,HE,MEA,MC,SE,AB,N
GB2017_054,Eat Locals,GB2017_054_01,Annette Crosbie,4,F,,WWE,MC,,AB,N
GB2017_056,Away,GB2017_056_01,Timothy Spall,3,M,,WWE,LM,UN,AB,N
GB2017_056,Away,GB2017_056_02,Tony Pitts,2,M,,WWE,,,,
GB2017_057,A Change in the Weather,GB2017_057_01,Bob Goody,3,M,HE,WWE,UM,SE,AB,N
GB2017_057,A Change in the Weather,GB2017_057_02,Tanya Myers,2,F,,WWE,,,AB,N
GB2017_057,A Change in the Weather,GB2017_057_03,Anna Mottram,3,F,HE,WWE,UM,SE,AB,N
GB2017_058,Let Me Go,GB2017_058_01,Juliet Stevenson,3,F,HE,WWE,MC,,AB,N
GB2017_058,Let Me Go,GB2017_058_02,Karin Bertling,4,F,HE,WWE,MC,RE,CI,Y
GB2017_059,The Hatton Garden Job,GB2017_059_01,Larry Lamb,3,M,HE,WWE,LM,SE,AB,N
GB2017_059,The Hatton Garden Job,GB2017_059_02,Clive Russell,3,M,HE,WWE,LM,SE,AB,N
GB2017_059,The Hatton Garden Job,GB2017_059_03,David Calder,3,M,HE,WWE,LM,SE,AB,N
GB2019_083,Amazon Adventure,GB2019_083_01,Robert Daws,2,M,HE,WWE,UM,SE,AB,N
GB2017_063,Bad Day for the Cut,GB2017_063_01,Ian McElhinney,3,M,HE,WWE,,,,
GB2017_063,Bad Day for the Cut,GB2017_063_02,Lalor Roddy,3,M,HE,WWE,LM,,TD,Y
GB2017_063,Bad Day for the Cut,GB2017_063_03,Stella McCusker,4,F,HE,WWE,LM,RE,AB,N
GB2017_064,Kaleidoscope,GB2017_064_01,Anne Reid,4,F,HE,WWE,MC,RE,AB,N
GB2017_064,Kaleidoscope,GB2017_064_02,Deborah Findlay,3,F,,WWE,,,AB,N
GB2017_064,Kaleidoscope,GB2017_064_03,Karl Johnson,3,M,,WWE,,,AB,N
GB2017_065,Beautiful Devils,GB2017_065_01,Iain Glen,2,M,HE,WWE,UM,EM,AB,N
GB2017_067,The Marker,GB2017_067_01,John Hannah,2,M,,WWE,MC,EM,AB,N
GB2017_067,The Marker,GB2017_067_02,Struan Rodger,3,M,HE,WWE,UM,SE,AB,N
GB2017_069,My Name Is Lenny,GB2017_069_01,John Hurt,4,M,HE,WWE,MC,SE,AB,N
GB2017_070,Aux,GB2017_070_01,John Rhys-Davies,4,M,,WWE,,,,
ES2017_001,Es por tu bien,ES2017_001_01,José Coronado,2,M,HE,WWE,MC,EM,AB,N
ES2017_002,Toc toc,ES2017_002_01,Oscar Martínez,3,M,,WLA,MC,,CI,N
ES2017_003,El guardián invisible,ES2017_003_01,Francesc Orella,2,M,HE,WWE,MC,EM,AB,N
ES2017_003,El guardián invisible,ES2017_003_02,Itziar Aizpuru,4,F,HE,WWE,LM,RE,AB,N
ES2017_003,El guardián invisible,ES2017_003_03,Ramón Barea,3,M,,WWE,MC,,AB,N
ES2017_003,El guardián invisible,ES2017_003_04,Colin McFarlane,3,M,,BNA,UM,EM,AB,N
ES2017_003,El guardián invisible,ES2017_003_05,Susi Sánchez,3,F,HE,WWE,MC,UN,CI,Y
ES2017_004,The Bookshop,ES2017_004_01,Bill Nighy,3,M,HE,WWE,MC,RE,AB,N
ES2017_004,The Bookshop,ES2017_004_02,Frances Barber,2,F,HE,WWE,MC,EM,AB,N
ES2017_004,The Bookshop,ES2017_004_03,Reg Wilson,2,M,HE,WWE,UM,SE,AB,N
ES2017_004,The Bookshop,ES2017_004_04,Patricia Clarkson,2,F,HE,WWE,UM,UN,AB,N
ES2017_005,Que baje Dios y lo vea,ES2017_005_01,Karra Elejalde,2,M,,WWE,LM,EM,AB,N
ES2017_005,Que baje Dios y lo vea,ES2017_005_02,Tito Valverde,3,M,,WWE,UM,EM,AB,N
ES2017_005,Que baje Dios y lo vea,ES2017_005_03,Txema Blasco,4,M,,WWE,LM,RE,AB,N
ES2017_005,Que baje Dios y lo vea,ES2017_005_04,Paco Sagarzazu,4,M,,WWE,LM,RE,AB,N
ES2017_005,Que baje Dios y lo vea,ES2017_005_05,"Antonio Durán ""Morris""",2,M,,WWE,LM,EM,AB,N
ES2017_006,La llamada,ES2017_006_01,Gracia Olayo,2,F,,WWE,LM,EM,AB,N
ES2017_007,Lo que de verdad importa,ES2017_007_01,Jonathan Pryce,3,M,,WNA,UM,UN,AB,N
ES2017_007,Lo que de verdad importa,ES2017_007_02,Brian Downey,3,M,,WWE,UM,SE,AB,N
ES2017_008,Fe de etarras,ES2017_008_01,Ramón Barea,3,M,HE,WWE,MC,EM,AB,N
ES2017_009,El bar,ES2017_009_01,Terele Pávez,4,M,HE,WWE,LM,SE,AB,N
ES2017_009,El bar,ES2017_009_02,Joaquín Climent,2,M,,WWE,MC,EM,AB,N
ES2017_009,El bar,ES2017_009_03,Alejandro Awada,2,M,,WNA,UM,EM,AB,N
ES2017_010,No sé decir adiós,ES2017_010_01,Juan Diego,3,M,HE,WWE,MC,RE,CI,N
ES2017_011,Incerta glòria,ES2017_011_01,Luisa Gavasa,3,F,,WWE,LM,EM,AB,N
ES2017_011,Incerta glòria,ES2017_011_02,Juan Diego,3,M,,WWE,LC,UN,AB,N
ES2017_011,Incerta glòria,ES2017_011_03,Terele Pávez,4,F,HE,WWE,LM,SE,AB,N
ES2017_011,Incerta glòria,ES2017_011_04,Fernando Esteso,3,M,HE,WWE,LM,SE,AB,N
ES2017_014,Tierra firme,ES2017_014_01,Geraldine Chaplin,3,F,HE,WWE,UM,RE,AB,N
ES2017_016,Black Butterfly,ES2017_016_01,Antonio Banderas,2,M,HE,WNA,UM,SE,AB,N
ES2017_016,Black Butterfly,ES2017_016_02,Vincent Riotta,3,M,,WNA,MC,EM,AB,N
ES2017_017,Operación Concha,ES2017_017_01,Karra Elejalde,2,M,HE,WWE,UM,SE,AB,N
ES2017_017,Operación Concha,ES2017_017_02,Ramón Agirre,3,M,HE,WWE,MC,EM,AB,N
ES2017_017,Operación Concha,ES2017_017_03,Fernando Colomo,3,M,HE,WWE,UM,EM,AB,N
ES2017_018,La higuera de los bastardos,ES2017_018_01,Karra Elejalde,2,M,HE,WWE,LC,UN,AB,N
ES2017_018,La higuera de los bastardos,ES2017_018_02,Ramón Barea,3,M,HE,WWE,UM,,AB,N
ES2017_019,Mil coses que faria per tu,ES2017_019_01,Carmina Barrios,3,F,HE,WWE,UM,SE,AB,N
ES2017_019,Mil coses que faria per tu,ES2017_019_02,Boris Ruiz,3,M,HE,WWE,MC,EM,AB,N
ES2017_019,Mil coses que faria per tu,ES2017_019_03,Pep Cortés,3,M,HE,WWE,UM,SE,AB,N
ES2017_022,Verónica,ES2017_022_01,Consuelo Trujillo,2,F,HE,WWE,MC,EM,AB,N
ES2017_023,"Thi Mai, rumbo a Vietnam",ES2017_023_01,Adriana Ozores,2,F,HE,WWE,UM,UN,AB,N
ES2017_023,"Thi Mai, rumbo a Vietnam",ES2017_023_02,Pedro Miguel Martínez,3,M,,WWE,UM,EM,AB,N
ES2017_024,The Promise,ES2017_024_01,Igal Naor,2,M,HE,MEA,UM,EM,AB,N
ES2017_024,The Promise,ES2017_024_02,Abel Folk,2,M,,MEA,,,AB,N
ES2017_024,The Promise,ES2017_024_03,Jean Reno,3,M,,WWE,UC,EM,AB,N
ES2017_024,The Promise,ES2017_024_04,James Cromwell,3,M,,WNA,UC,EM,AB,N
ES2017_024,The Promise,ES2017_024_05,Daniel Giménez Cacho,2,M,,MEA,UM,EM,AB,N
ES2017_025,Estiu 1993,ES2017_025_01,Fermí Reixach,4,M,HE,WWE,MC,,,
ES2017_025,Estiu 1993,ES2017_025_02,Isabel Rocatti,3,F,HE,WWE,,,,
ES2017_026,Abracadabra,ES2017_026_01,Josep Maria Pou,3,M,,WWE,MC,EM,AB,N
ES2017_026,Abracadabra,ES2017_026_02,Janfri Topera,2,M,,WWE,MC,,AB,N
ES2017_026,Abracadabra,ES2017_026_03,Javivi,2,M,,WWE,MC,,AB,N
ES2017_027,Oro,ES2017_027_01,José Coronado,2,M,HE,WWE,LM,EM,AB,N
ES2017_027,Oro,ES2017_027_02,José Manuel Cervino,3,M,HE,WWE,UM,EM,AB,N
ES2017_027,Oro,ES2017_027_03,Antonio Dechent,2,M,HE,WWE,LM,EM,AB,N
ES2017_028,Los del túnel,ES2017_028_01,Manel Barceló,3,M,HE,WWE,MC,RE,AB,N
ES2017_028,Los del túnel,ES2017_028_02,Teresa Gimpera,4,F,HE,WWE,MC,RE,AB,N
ES2017_028,Los del túnel,ES2017_028_03,Jesús Guzmán,4,M,HE,WWE,MC,RE,PD,Y
ES2017_029,Handia,ES2017_029_01,Ramón Agirre,3,M,HE,WWE,LM,SE,AB,N
ES2017_030,El autor,ES2017_030_01,Adelfa Calvo,2,F,HE,WWE,LM,EM,AB,N
ES2017_030,El autor,ES2017_030_02,Alberto González,3,M,HE,WWE,UM,RE,AB,N
ES2017_031,Muse,ES2017_031_01,Christopher Lloyd,4,M,HE,WNA,UM,RE,CI,Y
ES2017_031,Muse,ES2017_031_02,Stella McCusker,4,F,,,UC,SE,AB,N
ES2017_032,Red de libertad,ES2017_032_01,Assumpta Serna,2,F,,WWE,LM,EM,AB,N
ES2017_032,Red de libertad,ES2017_032_02,Luisa Gavasa,3,F,,WWE,LM,EM,AB,N
ES2017_032,Red de libertad,ES2017_032_03,Emilio Linder,3,M,,WWE,LC,UN,AB,N
ES2017_032,Red de libertad,ES2017_032_04,Juan Lombardero,3,M,HE,WWE,MC,SE,AB,N
ES2017_033,Pieles,ES2017_033_01,Joaquín Climent,3,M,,WWE,,,,
ES2017_033,Pieles,ES2017_033_02,"Antonio Durán ""Morris""",2,M,HE,WWE,,,AB,N
ES2017_034,Amar,ES2017_034_01,Antonio Valero,3,M,HE,WWE,MC,,AB,N
ES2018_067,Matar a Dios,ES2018_067_01,Boris Ruiz,3,M,HE,WWE,LM,RE,AB,N
ES2018_067,Matar a Dios,ES2018_067_02,Francesc Orella,3,M,HE,WWE,,,,
ES2017_036,Morir,ES2017_036_01,César Sarachu,2,M,HE,WWE,MC,EM,AB,N
ES2017_037,Pàtria,ES2017_037_01,Miquel Gelabert,3,M,,WWE,UC,EM,AB,N
ES2017_038,La mano invisible,ES2017_038_01,Luis Fernández de Eribe,3,M,,WWE,,,,
ES2017_038,La mano invisible,ES2017_038_02,Bruto Pomeroy,2,M,,WWE,LM,EM,AB,N
ES2017_039,Sabates grosses,ES2017_039_01,Joan Pera,3,M,HE,WWE,UM,RE,AB,N
ES2017_039,Sabates grosses,ES2017_039_02,Minnie Marx,3,F,HE,WWE,UM,RE,AB,N
ES2017_039,Sabates grosses,ES2017_039_03,Pedro Ruiz,3,M,,WWE,MC,EM,AB,N
ES2017_039,Sabates grosses,ES2017_039_04,Vicky Peña,3,F,HE,WWE,UM,RE,AB,N
ES2017_039,Sabates grosses,ES2017_039_05,Amparo Moreno,3,F,,WWE,LM,EM,AB,N
ES2017_039,Sabates grosses,ES2017_039_06,Franchesca McGill Perkins,3,F,,WWE,UM,UN,AB,N
ES2017_039,Sabates grosses,ES2017_039_07,Inge Ladd,3,F,,WWE,UM,UN,AB,N
ES2017_040,Pasaje al amanecer,ES2017_040_01,Lola Herrera,4,F,HE,WWE,MC,RE,AB,N
ES2017_040,Pasaje al amanecer,ES2017_040_02,Antonio Valero,3,M,HE,WWE,MC,,AB,N
ES2017_041,Brava,ES2017_041_01,Bruno Todeschini,2,M,HE,WWE,MC,,AB,N
ES2017_041,Brava,ES2017_041_02,Emilio Gutiérrez Caba,4,M,HE,WWE,MC,,AB,N
ES2017_041,Brava,ES2017_041_03,Francesc Orella,3,M,,WWE,,,AB,N
ES2017_042,Garantía personal,ES2017_042_01,Valentín Paredes,3,M,,WWE,LM,RE,AB,N
ES2017_042,Garantía personal,ES2017_042_02,Carlos Tristancho,3,M,,WWE,LM,EM,AB,N
ES2017_043,Las heridas del viento,ES2017_043_01,Kiti Mánver,3,T,HO,WWE,LM,EM,AB,N
ES2017_045,La familia - Dementia,ES2017_045_01,Lola Moltó,3,F,,WWE,MC,RE,,
ES2017_045,La familia - Dementia,ES2017_045_02,Pep Cortés,4,M,HE,WWE,MC,RE,PD,Y
ES2017_046,Llueven vacas,ES2017_046_01,María Barranco,2,F,HE,WWE,LM,UN,AB,N
ES2017_046,Llueven vacas,ES2017_046_02,Pedro Miguel Martínez,3,M,HE,WWE,LM,EM,AB,N
ES2017_046,Llueven vacas,ES2017_046_03,Gloria Muñoz,3,F,HE,WWE,LM,UN,AB,N
ES2017_047,Stop Over in Hell,ES2017_047_01,Denis Rafter,4,M,HE,WNA,UM,SE,AB,N
ES2017_047,Stop Over in Hell,ES2017_047_02,Guillermo Montesinos,3,M,HE,WNA,MC,,AB,N
ES2017_047,Stop Over in Hell,ES2017_047_03,Ramón Langa,2,M,HE,WNA,LM,EM,AB,N
ES2017_049,Bajo la Rosa,ES2017_049_01,Miquel Insua,2,M,HE,WWE,MC,EM,AB,N
ES2017_053,Capturar: Las 1001 novias,ES2017_053_01,Fernando Merinero,2,M,HE,WWE,MC,SE,AB,N
ES2017_054,"Pau, la força d'un silenci",ES2017_054_01,Joan Pera,3,M,HE,WWE,LM,SE,AB,N
ES2017_054,"Pau, la força d'un silenci",ES2017_054_02,Carme Sansa,3,F,HE,WWE,LM,UN,AB,N
ES2017_054,"Pau, la força d'un silenci",ES2017_054_03,Manel Dueso,3,M,,WWE,UM,EM,AB,N
ES2017_054,"Pau, la força d'un silenci",ES2017_054_04,Miguel Ángel Jenner,2,M,,WWE,UM,EM,AB,N
ES2017_055,Cosmética Terror,ES2017_055_01,Josele Román,3,F,HE,WWE,UM,RE,AB,N
ES2017_055,Cosmética Terror,ES2017_055_02,Paco Clavel,3,M,HO,WWE,,,AB,N
ES2017_056,Donde el bosque se espesa,ES2017_056_01,Juanjo Cucalón,2,M,HE,WWE,MC,,AB,N
ES2017_056,Donde el bosque se espesa,ES2017_056_02,Carolina Herrera,3,F,HE,WWE,MC,,AB,N
ES2017_056,Donde el bosque se espesa,ES2017_056_03,Aurora Herrero,2,F,HE,WWE,,,AB,N
ES2017_056,Donde el bosque se espesa,ES2017_056_04,Antonio Sarrió,2,M,,WWE,,,,
ES2017_058,Alumbrar: Las 1001 novias,ES2017_056_01,Fernando Merinero,2,M,HE,WWE,MC,SE,AB,N
ES2017_059,Fátima o el Parque de la Fraternidad,ES2017_059_01,Mirta Ibarra,3,F,,WLA,,,,
ES2017_060,Cortar: Las 1001 novias,ES2017_060_01,Fernando Merinero,2,M,HE,WWE,MC,SE,AB,N
ES2017_061,Luces,ES2017_061_01,Fernando Esteso,3,M,HE,WWE,MC,EM,AB,N
ES2017_061,Luces,ES2017_061_02,Joan Verdú,3,M,,WWE,UM,SE,AB,Y
ES2017_062,Yerma: Barren,ES2017_062_01,Miriam Díaz-Aroca,2,F,HE,WWE,MC,EM,AB,N
ES2017_062,Yerma: Barren,ES2017_062_02,Susan Brickell,3,F,HE,WWE,UM,UN,AB,N
ES2017_063,El vientre de Europa,ES2017_063_01,Juan Pinzás,3,M,HE,WWE,MC,SE,AB,N
ES2017_064,Una función para olvidar,ES2017_064_01,Fernando Esteso,3,M,HE,WWE,MC,,AB,N
ES2017_064,Una función para olvidar,ES2017_064_02,Martín Garrido Ramis,3,M,HE,WWE,UM,SE,AB,N
GB2016_001,Bridget Jones's Baby,GB2016_001_01,Gemma Jones,3,F,HE,WWE,MC,RE,AB,N
GB2016_001,Bridget Jones's Baby,GB2016_001_02,Jim Broadbent,3,M,HE,WWE,MC,RE,AB,N
GB2016_001,Bridget Jones's Baby,GB2016_001_03,Colin Firth,2,M,HE,WWE,UC,EM,AB,N
GB2016_001,Bridget Jones's Baby,GB2016_001_04,Emma Thompson,2,F,HE,WWE,UM,EM,AB,N
GB2016_002,Absolutely Fabulous: The Movie,GB2016_002_01,Joanna Lumley,3,F,HE,WWE,UM,EM,AB,N
GB2016_002,Absolutely Fabulous: The Movie,GB2016_002_02,Lulu,3,F,HE,WWE,UM,,,
GB2016_002,Absolutely Fabulous: The Movie,GB2016_002_03,June Whitfield,4,F,HE,WWE,,RE,,
GB2016_002,Absolutely Fabulous: The Movie,GB2016_002_04,Mo Gaffney,2,F,,WNA,,,,
GB2016_002,Absolutely Fabulous: The Movie,GB2016_002_05,Christopher Ryan,3,M,,WWE,,,,
GB2016_002,Absolutely Fabulous: The Movie,GB2016_002_06,Celia Imrie,3,F,,WWE,UM,,AB,N
GB2016_002,Absolutely Fabulous: The Movie,GB2016_002_07,Jennifer Saunders,2,F,HE,WWE,UM,EM,AB,N
GB2016_003,Dad's Army,GB2016_003_01,Mark Tandy,2,M,,WWE,UM,EM,AB,N
GB2016_003,Dad's Army,GB2016_003_02,Michael Gambon,4,M,HE,WWE,MC,EM,AB,N
GB2016_003,Dad's Army,GB2016_003_03,Bill Nighy,3,M,HE,WWE,MC,EM,AB,N
GB2016_003,Dad's Army,GB2016_003_04,Bill Paterson,3,M,,WWE,MC,EM,AB,N
GB2016_003,Dad's Army,GB2016_003_05,Tom Courtenay,4,M,HE,WWE,MC,EM,AB,N
GB2016_003,Dad's Army,GB2016_003_06,Felicity Montagu,2,F,,WWE,,,AB,N
GB2016_003,Dad's Army,GB2016_003_07,Alison Steadman,3,F,,WWE,,,AB,N
GB2016_003,Dad's Army,GB2016_003_08,Ian Lavender,3,M,,WWE,,,AB,N
GB2016_004,Eye in the Sky,GB2016_004_01,Helen Mirren,3,F,,WWE,UM,EM,AB,N
GB2016_004,Eye in the Sky,GB2016_004_02,Alan Rickman,3,M,,WWE,UM,EM,AB,N
GB2016_004,Eye in the Sky,GB2016_004_03,Richard McCabe,2,M,,WWE,MC,EM,AB,N
GB2016_004,Eye in the Sky,GB2016_004_04,Iain Glen,2,M,,WWE,MC,EM,AB,N
GB2016_005,David Brent: Life on the Road,GB2016_005_01,Ricky Gervais,2,M,HE,WWE,MC,SE,AB,N
GB2016_006,Florence Foster Jenkins,GB2016_006_01,Meryl Streep,3,F,HE,WNA,UC,UN,CI,N
GB2016_006,Florence Foster Jenkins,GB2016_006_02,Hugh Grant,2,M,HE,WWE,UC,UN,AB,N
GB2016_006,Florence Foster Jenkins,GB2016_006_03,Stanley Townsend,2,M,HE,WWE,UM,EM,AB,N
GB2016_006,Florence Foster Jenkins,GB2016_006_04,John Sessions,3,M,HE,WWE,UM,SE,AB,N
GB2016_006,Florence Foster Jenkins,GB2016_006_05,Maggie Steed,3,F,,WWE,,,AB,N
GB2016_006,Florence Foster Jenkins,GB2016_006_06,John Kavanagh,3,M,,WWE,,,AB,N
GB2016_007,"I, Daniel Blake",GB2016_007_01,Dave Johns,3,M,HE,WWE,LM,UN,CI,N
GB2016_008,The Girl with All the Gifts,GB2016_008_01,Glenn Close,3,F,HE,WWE,UM,EM,AB,N
GB2017_071,A Quiet Passion,GB2017_071_01,Keith Carradine,3,M,HE,WNA,MC,SE,AB,N
GB2017_071,A Quiet Passion,GB2017_071_02,Annette Badland,3,F,HE,WNA,MC,UN,AB,N
GB2017_071,A Quiet Passion,GB2017_071_03,Joanna Bacon,3,F,HE,WNA,MC,UN,AB,N
GB2016_009,My feral heart,GB2016_009_01,Eileen Pollock,3,F,HE,WWE,LM,RE,CI,Y
GB2016_011,Our Kind of Traitor,GB2016_011_01,Stellan Skarsgård,3,M,HE,WEE,UC,SE,AB,N
GB2016_013,Golden Years,GB2016_013_01,Bernard Hill,3,M,HE,WWE,MC,RE,AB,N
GB2016_013,Golden Years,GB2016_013_02,Sue Johnston,3,F,HE,WWE,MC,UN,AB,N
GB2016_013,Golden Years,GB2016_013_03,Simon Callow,3,M,HE,WWE,LM,RE,AB,N
GB2016_013,Golden Years,GB2016_013_04,Mark Williams,2,M,HE,WWE,LM,SE,AB,N
GB2016_013,Golden Years,GB2016_013_05,Alun Armstrong,3,M,HE,WWE,MC,EM,AB,N
GB2016_013,Golden Years,GB2016_013_06,Phil Davis,3,M,HE,WWE,MC,SE,AB,N
GB2016_013,Golden Years,GB2016_013_07,Una Stubbs,2,F,HE,WWE,MC,RE,AB,N
GB2016_013,Golden Years,GB2016_013_08,Virginia McKenna,4,F,HE,WWE,MC,RE,CI,Y
GB2016_014,Despite the Falling Snow,GB2016_014_01,Charles Dance,3,M,HE,WWE,UM,RE,AB,N
GB2016_014,Despite the Falling Snow,GB2016_014_02,Anthony Head,3,M,HE,WWE,UM,RE,AB,N
GB2016_015,Fantastic Beasts and Where to Find Them,GB2016_015_01,Jon Voight,4,M,HE,WNA,UM,EM,AB,N
GB2016_015,Fantastic Beasts and Where to Find Them,GB2016_015_02,Ron Perlman,3,M,HE,WNA,MC,SE,AB,N
GB2016_016,Grimsby,GB2016_016_01,Ian McShane,3,M,HE,WWE,UM,EM,AB,N
GB2016_017,Eddie the Eagle,GB2016_017_01,Keith Allen,3,M,HE,WWE,LM,EM,AB,N
GB2016_017,Eddie the Eagle,GB2016_017_02,Tim McInnerny,3,M,,WWE,UM,EM,AB,N
GB2016_017,Eddie the Eagle,GB2016_017_03,Christopher Walken,3,M,,WNA,UM,,AB,N
GB2016_017,Eddie the Eagle,GB2016_017_04,Iris Berben,3,F,,WWE,LM,,AB,N
GB2016_018,A Street Cat Named Bob,GB2016_018_01,Anthony Head,3,M,HE,WWE,MC,,AB,N
GB2016_019,Love & Friendship,GB2016_019_01,Stephen Fry,3,M,HE,WWE,UM,SE,AB,N
GB2016_019,Love & Friendship,GB2016_019_02,James Fleet,3,M,HE,WWE,UC,EM,AB,N
GB2016_020,High-Rise,GB2016_020_01,Jeremy Irons,3,M,,WWE,,,,
GB2016_020,High-Rise,GB2016_020_02,Bill Paterson,3,M,,WWE,,,,
GB2017_072,The Autopsy of Jane Doe,GB2017_072_01,Brian Cox,3,M,HE,WWE,MC,EM,AB,N
GB2016_021,Swallows and Amazons,GB2016_021_01,Harry Enfield,2,M,,WWE,,,,
GB2016_021,Swallows and Amazons,GB2016_021_02,Richard Bremmer,3,M,,WWE,,,,
GB2017_073,This Beautiful Fantastic,GB2017_073_01,Tom Wilkinson,3,M,,WWE,MC,RE,AB,N
GB2017_073,This Beautiful Fantastic,GB2017_073_02,Eileen Davies,3,F,,WWE,,,,
GB2016_022,War on Everyone,GB2016_022_01,Paul Reiser,3,M,HE,WNA,MC,EM,AB,N
GB2016_023,Born to Be Blue,GB2016_023_01,Callum Keith Rennie,2,M,HE,WNA,LM,,AB,N
GB2016_023,Born to Be Blue,GB2016_023_02,Stephen McHattie,3,M,,WNA,,,,
GB2016_023,Born to Be Blue,GB2016_023_03,Janet-Laine Green,3,F,,WNA,,,,
GB2016_023,Born to Be Blue,GB2016_023_04,Dan Lett,2,M,,WNA,,,,
GB2016_023,Born to Be Blue,GB2016_023_05,Tony Nardi,2,M,,WNA,,,,
GB2016_026,Ali and Nino,GB2016_026_01,Mandy Patinkin,3,M,HE,CAS,UC,SE,AB,N
GB2016_026,Ali and Nino,GB2016_026_02,Homayoun Ershadi,3,M,HE,CAS,UM,SE,AB,N
GB2016_027,The Carer,GB2016_027_01,Ruth Posner,4,F,HE,WEE,,,,
GB2016_027,The Carer,GB2016_027_02,Selina Cadell,3,F,HE,WWE,,,,
GB2016_027,The Carer,GB2016_027_03,Andor Lukáts,4,M,,WEE,LM,,AB,N
GB2016_027,The Carer,GB2016_027_04,Brian Cox,3,M,HE,WWE,UC,RE,TD,Y
GB2016_027,The Carer,GB2016_027_05,Karl Johnson,3,M,,WWE,LM,EM,AB,N
GB2016_028,The Ones Below,GB2016_028_01,Deborah Findlay,3,F,,WWE,,,,
GB2016_029,Remainder,GB2016_029_01,Nicholas Farrell,3,M,,WWE,,,,
GB2016_029,Remainder,GB2016_029_02,Shaun Prendergast,3,M,,WWE,MC,EM,AB,N
GB2016_030,Mum's List,GB2016_030_01,Richard Cordery,3,M,HE,WWE,,RE,AB,N
GB2016_030,Mum's List,GB2016_030_02,Susan Jameson,3,F,,WWE,,,,
GB2016_032,Departure,GB2016_031_01,Juliet Stevenson,2,F,HE,WWE,UM,EM,AB,N
GB2016_032,Departure,GB2016_031_02,Finbar Lynch,2,M,HE,WWE,UM,EM,AB,N
GB2016_032,Departure,GB2016_031_03,Niamh Cusack,2,F,HE,WWE,,,,
GB2016_034,Adult Life Skills,GB2016_034_01,Lorraine Ashbourne,2,F,HE,WWE,MC,EM,AB,N
GB2016_034,Adult Life Skills,GB2016_034_02,Eileen Davies,3,F,HE,WWE,MC,RE,AB,N
GB2016_035,Burn Burn Burn,GB2016_035_01,Alison Steadman,3,F,,WWE,LM,,,
GB2016_035,Burn Burn Burn,GB2016_035_02,Jane Asher,3,F,,WWE,,,,
GB2016_035,Burn Burn Burn,GB2016_035_03,Nigel Planer,3,M,HE,WWE,MC,,,
GB2016_036,Starfish,GB2016_036_01,Michele Dotrice,3,F,HE,WWE,MC,,AB,N
GB2016_036,Starfish,GB2016_036_02,Phoebe Nicholls,2,F,HE,WWE,MC,,AB,N
GB2016_040,ChickLit,GB2016_040_01,David Troughton,3,M,HE,WWE,MC,EM,AB,N
GB2016_040,ChickLit,GB2016_040_02,John Hurt,3,M,,WWE,UM,SE,AB,N
GB2016_040,ChickLit,GB2016_040_03,Eileen Atkins,3,F,,WWE,UM,SE,AB,N
GB2016_040,ChickLit,GB2016_040_04,Niamh Cusack,2,F,,WWE,,,AB,N
GB2016_041,Love Is Thicker Than Water,GB2016_041_01,Juliet Stevenson,3,F,HE,WWE,UC,,AB,N
GB2016_041,Love Is Thicker Than Water,GB2016_041_02,Henry Goodman,3,M,HE,WWE,UC,,AB,N
GB2016_041,Love Is Thicker Than Water,GB2016_041_03,Robert Blythe,3,M,HE,WWE,LM,EM,CI,N
GB2016_041,Love Is Thicker Than Water,GB2016_041_04,Sharon Morgan,3,F,HE,WWE,LM,,AB,N
GB2016_044,The Weekend,GB2016_044_01,Leon Herbert,3,M,HE,BWE,MC,,AB,N
GB2016_045,The Silent Storm,GB2016_045_01,John Sessions,3,M,,WWE,UM,EM,AB,N
GB2016_049,100 Streets,GB2016_049_01,Ken Stott,3,M,HE,WWE,UM,,AB,N
GB2016_051,Chicken,GB2016_051_01,Michael Culkin,3,M,,WWE,UM,SE,AB,N
GB2016_052,K-Shop,GB2016_052_01,Edmund Dehn,3,M,HE,WWE,UM,SE,AB,N
GB2016_052,K-Shop,GB2016_052_02,Nayef Rashed,3,M,HE,MEA,LM,SE,AB,N
GB2016_053,Breaking the Bank,GB2016_053_01,Kelsey Grammer,3,M,HE,WWE,UC,EM,AB,N
GB2016_053,Breaking the Bank,GB2016_053_02,Andrew Sachs,3,M,,WWE,UC,SE,AB,N
GB2016_053,Breaking the Bank,GB2016_053_03,Togo Igawa,3,M,,EAS,UC,SE,AB,N
GB2016_054,Orthodox,GB2016_054_01,Sidney Kean,3,M,HE,WWE,MC,,,
GB2016_054,Orthodox,GB2016_054_02,Christopher Fairbank,3,M,HE,WWE,UM,SE,AB,N
GB2016_054,Orthodox,GB2016_054_03,Harry Dickman,4,M,,WWE,,,,
GB2017_076,Detour,GB2017_076_01,John Lynch,2,M,HE,WNA,LM,SE,AB,N
GB2016_058,The Truth Commissioner,GB2016_058_01,Roger Allam,3,M,,WWE,UM,EM,AB,N
GB2016_059,The Darkest Universe,GB2016_059_01,Chris Langham,3,M,,WWE,,,AB,N
GB2016_061,Gangsters Gamblers Geezers,GB2016_061_01,Dave Courtney,2,M,HE,WWE,MC,SE,AB,N
GB2016_061,Gangsters Gamblers Geezers,GB2016_061_02,Andrew Harrison,2,M,,WWE,,,,
GB2016_061,Gangsters Gamblers Geezers,GB2016_061_03,Ben Dover,3,M,,WWE,MC,,AB,N
GB2016_062,Molly Moon and the Incredible Book of Hypnotism,GB2016_062_01,Lesley Manville,3,F,,WWE,MC,,AB,N
GB2016_062,Molly Moon and the Incredible Book of Hypnotism,GB2016_062_02,Celia Imrie,3,F,,WWE,MC,,AB,N
GB2016_062,Molly Moon and the Incredible Book of Hypnotism,GB2016_062_03,Joan Collins,4,F,HE,WWE,UM,SE,AB,N
GB2016_063,Blood Orange,GB2016_063_01,Iggy Pop,3,M,HE,WNA,UM,RE,AB,N
GB2016_064,Breakdown,GB2016_064_01,James Cosmo,3,M,,WWE,UM,SE,AB,N
GB2017_077,Chosen,GB2017_077_01,Harvey Keitel,3,M,HE,WEE,UM,,AB,N
GB2016_065,Norfolk,GB2016_065_01,Sean Buckley,4,M,HE,WWE,LM,RE,AB,N
GB2016_065,Norfolk,GB2016_065_02,Eileen Davies,3,F,HE,WWE,LM,RE,AB,N
ES2016_001,A Monster Calls,ES2016_001_01,Sigourney Weaver,3,F,HE,WWE,MC,EM,AB,N
ES2016_001,A Monster Calls,ES2016_001_02,Geraldine Chaplin,3,F,,WWE,MC,EM,AB,N
ES2016_002,Cien años de perdón,ES2016_002_01,José Coronado,2,M,,WWE,UC,EM,AB,N
ES2016_002,Cien años de perdón,ES2016_002_02,Joaquín Climent,2,M,,WWE,LM,EM,AB,N
ES2016_003,Contratiempo,ES2016_003_01,José Coronado,2,M,,WWE,UM,EM,AB,N
ES2016_003,Contratiempo,ES2016_003_02,Francesc Orella,2,M,,WWE,UM,EM,AB,N
ES2016_004,El hombre de las mil caras,ES2016_004_01,José Coronado,2,M,HE,WWE,UM,SE,AB,N
ES2016_004,El hombre de las mil caras,ES2016_004_02,Emilio Gutiérrez Caba,3,M,,WWE,UM,EM,AB,N
ES2016_005,Julieta,ES2016_005_01,Darío Grandinetti,2,M,HE,WLA,UM,EM,AB,N
ES2016_005,Julieta,ES2016_005_02,Susi Sánchez,3,F,HE,WWE,MC,,AB,N
ES2016_005,Julieta,ES2016_005_03,Joaquín Notario,3,M,HE,WWE,MC,,AB,N
ES2016_007,100 metros,ES2016_006_01,Karra Elejalde,2,M,HE,WWE,MC,,AB,N
ES2016_008,Toro,ES2016_008_01,José Sacristán,4,M,HE,WWE,UM,SE,AB,N
ES2016_009,Que Dios nos perdone,ES2016_009_01,Teresa Lozano,3,F,HE,WWE,LM,RE,AB,N
ES2016_010,Tenemos que hablar,ES2016_010_01,Óscar Ladoire,3,M,HE,WWE,LM,,AB,N
ES2016_010,Tenemos que hablar,ES2016_010_02,Verónica Forqué,3,F,HE,WWE,LM,,AB,N
ES2016_011,La reina de España,ES2016_011_01,Antonio Resines,3,M,HE,WWE,LC,UN,TD,Y
ES2016_011,La reina de España,ES2016_011_02,Ana Belén,3,F,HE,WWE,UM,UN,AB,N
ES2016_011,La reina de España,ES2016_011_03,Loles León,3,F,HE,WWE,MC,EM,AB,N
ES2016_011,La reina de España,ES2016_011_04,Mandy Patinkin,3,M,,WNA,UM,EM,AB,N
ES2016_011,La reina de España,ES2016_011_05,Clive Revill,4,M,,WNA,UM,EM,AB,N
ES2016_011,La reina de España,ES2016_011_06,Rosa Maria Sardà,3,F,HE,WWE,MC,EM,AB,N
ES2016_011,La reina de España,ES2016_011_07,Antonio Buíl,2,M,,WWE,LC,UN,AB,N
ES2016_011,La reina de España,ES2016_011_08,Ramón Barea,3,M,,WWE,LC,UN,AB,N
ES2016_012,La corona partida,ES2016_012_01,Eusebio Poncela,3,M,HE,WWE,UC,EM,AB,N
ES2016_012,La corona partida,ES2016_012_02,José Coronado,2,M,HE,CEU,UC,SE,AB,N
ES2016_012,La corona partida,ES2016_012_03,Pedro Mari Sánchez,3,M,HE,WWE,UC,EM,AB,N
ES2016_012,La corona partida,ES2016_012_04,Ramón Barea,3,M,HE,WWE,UC,EM,AB,N
ES2016_013,María (y los demás),ES2016_013_01,José Ángel Egido,3,M,HE,WWE,MC,RE,CI,N
ES2016_014,La puerta abierta,ES2016_014_01,Terele Pávez,4,F,HE,WWE,LM,RE,PD,Y
ES2016_015,El elegido,ES2016_015_01,Henry Goodman,3,M,HE,WEE,UM,SE,AB,N
ES2016_015,El elegido,ES2016_015_02,Julian Sands,2,M,,WEE,UM,EM,AB,N
ES2016_015,El elegido,ES2016_015_03,Emilio Echevarría,3,M,,WLA,,,,
ES2016_015,El elegido,ES2016_015_04,Frances Barber,2,F,,WEE,,,,
ES2016_016,Nacida para ganar,ES2016_016_01,Victoria Abril,2,F,HE,WWE,UM,SE,AB,N
ES2016_016,Nacida para ganar,ES2016_016_02,Trinidad Iglesias,2,F,HE,WWE,,,,
ES2016_016,Nacida para ganar,ES2016_016_03,Luisi Bodega,2,F,HE,WWE,LM,EM,AB,N
ES2016_016,Nacida para ganar,ES2016_016_04,Vicky Bodega,2,F,HE,WWE,LM,EM,AB,N
ES2016_016,Nacida para ganar,ES2016_016_05,José Manuel Cervino,3,M,,WWE,,,,
ES2016_017,Rumbos,ES2016_017_01,Karra Elejalde,2,M,HE,WWE,LM,SE,AB,N
ES2016_018,El futuro ya no es lo que era,ES2016_018_01,Carmen Maura,3,F,HE,WWE,UM,EM,AB,N
ES2016_018,El futuro ya no es lo que era,ES2016_018_02,Enrique Villén,2,M,HE,WWE,,,,
ES2016_019,Las furias,ES2016_019_01,Mercedes Sampietro,3,F,HE,WWE,UM,,AB,N
ES2016_019,Las furias,ES2016_019_02,José Sacristán,3,M,HE,WWE,UM,EM,AB,N
ES2016_021,Quatretondeta,ES2016_021_01,José Sacristán,4,M,HE,WWE,,RE,AB,N
ES2016_022,Villaviciosa de al lado,ES2016_022_01,Julieta Serrano,4,F,HE,WWE,MC,,,
ES2016_022,Villaviciosa de al lado,ES2016_022_02,Miguel Rellán,3,M,HE,WWE,MC,RE,AB,Y
ES2016_022,Villaviciosa de al lado,ES2016_022_03,Tito Valverde,3,M,HE,WWE,MC,RE,AB,Y
ES2016_023,"Señor, dame paciencia",ES2016_023_01,Antonio Dechent,2,M,HE,WWE,MC,EM,AB,N
ES2016_024,Tini: El gran cambio de Violetta,ES2016_024_01,Ángela Molina,3,M,HE,WWE,UM,SE,AB,N
ES2016_025,Cuerpo de élite,ES2016_025_01,César Sarachu,2,M,,WWE,,,,
ES2016_026,El olivo,ES2016_026_01,Manuel Cucala,5,M,HE,WWE,LM,RE,AB,N
ES2016_027,Zipi y Zape y la Isla del Capitán,ES2016_027_01,Fermí Reixach,3,M,,WWE,,,,
ES2016_028,1898. Los últimos de Filipinas,ES2016_028_01,Karra Elejalde,2,M,,WWE,LM,EM,AB,N
ES2016_029,Embarazados,ES2016_029_01,Karra Elejalde,2,M,,WWE,MC,EM,AB,N
ES2016_031,Secuestro,ES2016_031_01,Antonio Dechent,2,M,,WWE,,,,
ES2016_031,Secuestro,ES2016_031_02,José Coronado,2,M,,WWE,,,,
ES2016_031,Secuestro,ES2016_031_03,Josep Maria Pou,3,M,,WWE,UM,EM,AB,N
ES2016_032,My Bakery in Brooklyn,ES2016_032_01,Ernie Sabella,3,M,HE,WNA,MC,,AB,N
ES2016_032,My Bakery in Brooklyn,ES2016_032_02,Linda Lavin,4,F,,WNA,MC,SE,AB,N
ES2016_033,Gernika,ES2016_033_01,Elena Irureta,3,F,HE,WWE,LM,,AB,N
ES2016_034,La punta del iceberg,ES2016_034_01,Jesús Castejón,3,M,HE,WWE,,,AB,N
ES2016_034,La punta del iceberg,ES2016_034_02,Juan Fernández,3,M,HE,WWE,,,AB,N
ES2017_070,Mimosas,ES2017_070_01,Hamid Fardjad,4,M,HE,NAF,UC,RE,CI,Y
ES2016_036,El último traje,ES2016_036_01,Miguel Ángel Solá,4,M,HE,WEE,UM,SE,AB,N
ES2016_036,El último traje,ES2016_036_02,Ángela Molina,3,F,HE,WWE,MC,SE,AB,N
ES2016_036,El último traje,ES2016_036_03,Jan Mayzel,4,M,HE,WEE,,,,
ES2016_036,El último traje,ES2016_036_04,Max Berliner,4,M,,WEE,,,,
ES2016_037,Vientos de la Habana,ES2016_037_01,Luis Alberto García,2,M,HE,WLA,MC,EM,AB,N
ES2016_037,Vientos de la Habana,ES2016_037_02,Enrique Molina,4,M,HE,WLA,UM,EM,AB,N
ES2016_038,Igelak,ES2016_038_01,Ramón Agirre,3,M,,WWE,,,,
ES2016_038,Igelak,ES2016_038_02,Elena Irureta,3,F,,WWE,LM,EM,AB,N
ES2016_040,Acantilado,ES2016_040_01,Ana Gracia,2,F,,WWE,UM,SE,AB,N
ES2016_040,Acantilado,ES2016_040_02,Ramón Ibarra,2,M,,WWE,MC,EM,AB,N
ES2016_042,Luz de Soledad,ES2016_042_01,Roberto Encinas,2,M,HE,WWE,MC,SE,AB,N
ES2016_042,Luz de Soledad,ES2016_042_02,Lolita Flores,2,F,HE,WWE,LM,SE,AB,N
ES2016_042,Luz de Soledad,ES2016_042_03,Juan Lombardero,3,M,HE,WWE,MC,SE,AB,N
ES2016_042,Luz de Soledad,ES2016_042_04,Emilio Linder,3,M,HE,WWE,UM,EM,AB,N
ES2016_042,Luz de Soledad,ES2016_042_05,Gabriel Latorre,3,M,HE,WWE,UM,EM,AB,N
ES2016_042,Luz de Soledad,ES2016_042_06,Julio Lázaro,2,M,HE,WWE,UM,RE,PD,Y
ES2016_043,Cerca de tu casa,ES2016_043_01,Adriana Ozores,2,F,HE,WWE,MC,,AB,N
ES2016_043,Cerca de tu casa,ES2016_043_02,Manuel Morón,2,M,HE,WWE,,,,
ES2016_043,Cerca de tu casa,ES2016_043_03,Lluís Homar,2,M,HE,WWE,MC,,AB,N
ES2016_044,La isla del viento,ES2016_044_01,José Luis Gómez,3,M,HE,WWE,UM,SE,AB,N
ES2016_044,La isla del viento,ES2016_044_02,Isabel Prinz,3,F,HE,WWE,LM,,AB,N
ES2016_045,Migas de pan,ES2016_045_01,Cecilia Roth,2,F,HE,WLA,MC,,AB,N
ES2016_045,Migas de pan,ES2016_045_02,Patxi Bisquert,3,M,,WWE,,,,
ES2016_045,Migas de pan,ES2016_045_03,Ernesto Chao,3,M,,WWE,,,,
ES2016_048,"Oh, quina joia!",ES2016_048_01,Teresa Gimpera,4,F,HE,WWE,UM,RE,AB,N
ES2016_048,"Oh, quina joia!",ES2016_048_02,Josep Maria Pou,3,M,HE,WWE,UC,SE,AB,N
ES2016_048,"Oh, quina joia!",ES2016_048_03,Joan Pera,4,M,,WWE,UM,SE,AB,N
ES2016_048,"Oh, quina joia!",ES2016_048_04,Montserrat Carulla,4,F,HE,WWE,UM,RE,AB,N
ES2016_048,"Oh, quina joia!",ES2016_048_05,Pedro Ruiz,3,M,,WLA,UM,SE,AB,N
ES2016_048,"Oh, quina joia!",ES2016_048_06,Amparo Moreno,3,F,HE,WWE,UM,,AB,N
ES2016_048,"Oh, quina joia!",ES2016_048_07,Minnie Marx,3,F,HE,WNA,UM,,AB,N
ES2016_048,"Oh, quina joia!",ES2016_048_08,Eric L. Goode,3,M,HO,BNA,UM,,AB,N
ES2016_049,Anomalous,ES2016_049_01,Lluís Homar,2,M,,WNA,UM,SE,AB,N
ES2016_049,Anomalous,ES2016_049_02,Jeffrey Alan Solomon,3,M,,WNA,,,,
ES2016_051,Juegos de familia,ES2016_051_01,Vicky Peña,3,F,HE,WWE,MC,,AB,N
ES2016_051,Juegos de familia,ES2016_051_02,Juanjo Puigcorbé,3,M,HE,WWE,MC,EM,AB,N
ES2016_051,Juegos de familia,ES2016_051_03,Antonio Valero,3,M,HE,WWE,MC,SE,AB,N
ES2016_051,Juegos de familia,ES2016_051_04,Juli Mira,4,M,HE,WWE,UM,SE,AB,N
ES2016_052,Julie,ES2016_052_01,Emilio Linder,3,M,HE,WWE,LM,SE,AB,N
ES2016_054,La millor opció,ES2016_054_01,Francesc Orella,2,M,HE,WWE,LM,,AB,N
ES2016_056,Re-emigrantes,ES2016_056_01,Fernando Esteso,3,M,HE,WWE,LM,SE,AB,N
ES2016_056,Re-emigrantes,ES2016_056_02,Valentín Paredes,3,M,HE,WWE,MC,,AB,N
ES2016_058,Todo mujer,ES2016_058_01,Isabel Ordaz,2,F,HE,WWE,LC,UN,AB,N
ES2016_059,Bombay Goa Express,ES2016_059_01,Emma Cohen,4,F,HE,WWE,,,,
ES2016_060,249. La noche en que una becaria encontró a Emiliano Revilla,ES2016_060_01,Txema Blasco,4,M,HE,WWE,UM,SE,AB,N
ES2016_061,Sacramento,ES2016_061_01,Carlos Cañeque,2,M,,WWE,MC,SE,AB,N
ES2016_061,Sacramento,ES2016_061_02,Fermí Reixach,3,M,,WWE,UC,SE,AB,N
ES2016_068,La Ama,ES2016_068_01,Antonio Mayans,3,M,HE,WWE,LM,EM,AB,N
ES2016_073,El manuscrito Vindel,ES2016_073_01,Javier Páez,3,M,,WWE,UM,SE,AB,N
ES2016_073,El manuscrito Vindel,ES2016_073_02,Emilio Linder,3,M,HE,WWE,UM,SE,AB,N
ES2016_074,Relaxing Cup of Coffee,ES2016_074_01,Emilio Gutiérrez Caba,3,M,,WWE,UC,SE,AB,N
ES2016_074,Relaxing Cup of Coffee,ES2016_074_02,Manuel Manquiña,3,M,HE,WWE,MC,,AB,N
ES2016_074,Relaxing Cup of Coffee,ES2016_074_03,Isabel Ordaz,2,F,HE,WWE,MC,,AB,N
ES2016_074,Relaxing Cup of Coffee,ES2016_074_04,Saturnino García,4,M,,WWE,LM,EM,AB,N
ES2016_074,Relaxing Cup of Coffee,ES2016_074_05,Silvia Tortosa,3,F,,WWE,MC,,AB,N
ES2016_074,Relaxing Cup of Coffee,ES2016_074_06,José Manuel Parada,3,M,,WWE,UM,EM,AB,N
ES2016_074,Relaxing Cup of Coffee,ES2016_074_07,Enrique Villén,2,M,HE,WWE,LM,UN,PD,Y
ES2016_078,7 años,ES2016_076_01,Manuel Morón,3,M,,WWE,UM,EM,AB,N
GB2015_001,Spectre,GB2015_001_01,Christoph Waltz,3,M,,WWE,UC,SE,AB,N
GB2015_001,Spectre,GB2015_001_02,Jesper Christensen,3,M,HE,WWE,UC,EM,CI,Y
GB2015_002,Kingsman: The Secret Service,GB2015_002_01,Colin Firth,1,M,,WWE,UM,EM,AB,N
GB2015_002,Kingsman: The Secret Service,GB2015_002_02,Samuel L. Jackson,3,M,,BNA,UC,SE,AB,N
GB2015_002,Kingsman: The Secret Service,GB2015_002_03,Michael Caine,4,M,,WWE,UC,SE,AB,N
GB2015_002,Kingsman: The Secret Service,GB2015_002_04,Mark Hamill,3,M,,WNA,UM,EM,AB,N
GB2015_003,The Second Best Marigold Exotic Hotel,GB2015_003_01,Judi Dench,4,F,HE,WWE,UM,RE,AB,N
GB2015_003,The Second Best Marigold Exotic Hotel,GB2015_003_02,Maggie Smith,4,F,,WWE,UC,SE,AB,N
GB2015_003,The Second Best Marigold Exotic Hotel,GB2015_003_03,Bill Nighy,3,M,HE,WWE,UM,RE,AB,N
GB2015_003,The Second Best Marigold Exotic Hotel,GB2015_003_04,David Strathairn,3,M,,WNA,UC,SE,AB,N
GB2015_003,The Second Best Marigold Exotic Hotel,GB2015_003_05,Celia Imrie,3,F,HE,WWE,UM,RE,AB,N
GB2015_003,The Second Best Marigold Exotic Hotel,GB2015_003_06,Ronald Pickup,4,M,HE,WWE,UM,RE,AB,N
GB2015_003,The Second Best Marigold Exotic Hotel,GB2015_003_07,Avijit Dutt,3,M,,SOA,MC,,AB,N
GB2015_003,The Second Best Marigold Exotic Hotel,GB2015_003_08,Richard Gere,3,M,HE,WNA,UC,,AB,N
GB2015_003,The Second Best Marigold Exotic Hotel,GB2015_003_09,Penelope Wilton,3,F,,WWE,UC,RE,AB,N
GB2015_003,The Second Best Marigold Exotic Hotel,GB2015_003_10,Shishir Sharma,3,M,,SOA,,,,
GB2015_004,The Lady in the Van,GB2015_004_01,Maggie Smith,4,F,,WWE,LC,UN,TD,Y
GB2015_004,The Lady in the Van,GB2015_004_02,Jim Broadbent,3,M,,WWE,,,,
GB2015_004,The Lady in the Van,GB2015_004_03,Deborah Findlay,3,F,,WWE,,,,
GB2015_004,The Lady in the Van,GB2015_004_04,Roger Allam,3,M,,WWE,,,,
GB2015_004,The Lady in the Van,GB2015_004_05,Gwen Taylor,4,F,,WWE,,,,
GB2015_004,The Lady in the Van,GB2015_004_06,Frances de la Tour,3,F,,WWE,MC,,AB,N
GB2015_004,The Lady in the Van,GB2015_004_07,Alex Jennings,2,M,HO,WWE,UM,SE,AB,N
GB2015_005,Suffragette,GB2015_005_01,Meryl Streep,3,F,HE,WWE,MC,SE,AB,N
GB2015_005,Suffragette,GB2015_005_02,Finbar Lynch,2,M,HE,WWE,LM,,AB,N
GB2015_005,Suffragette,GB2015_005_03,Brendan Gleeson,3,M,,WWE,MC,EM,AB,N
GB2015_006,Brooklyn,GB2015_006_01,Jim Broadbent,3,M,,WWE,LM,EM,AB,N
GB2015_006,Brooklyn,GB2015_006_02,Jane Brennan,2,F,HE,WWE,LM,EM,AB,N
GB2015_006,Brooklyn,GB2015_006_03,Julie Walters,3,F,,WWE,MC,SE,AB,N
GB2015_007,Woman in Gold,GB2015_007_01,Helen Mirren,4,F,HE,CEU,UM,RE,AB,N
GB2015_007,Woman in Gold,GB2015_007_02,Charles Dance,3,M,,WWE,UM,SE,AB,N
GB2015_007,Woman in Gold,GB2015_007_03,Jonathan Pryce,3,M,,WWE,UM,EM,AB,N
GB2015_007,Woman in Gold,GB2015_007_04,Frances Fisher,3,F,,WNA,,,,
GB2015_007,Woman in Gold,GB2015_007_05,Allan Corduner,3,M,,CEU,UM,,,
GB2015_007,Woman in Gold,GB2015_007_06,Henry Goodman,3,M,,CEU,UM,,,
GB2015_008,Mr Holmes,GB2015_008_01,Ian McKellen,4,M,,WWE,UM,RE,CI,Y
GB2015_008,Mr Holmes,GB2015_008_02,Hiroyuki Sanada,3,M,,EAS,UC,SE,AB,N
GB2015_008,Mr Holmes,GB2015_008_03,Roger Allam,3,M,,WWE,UM,SE,AB,N
GB2015_008,Mr Holmes,GB2015_008_04,Phil Davis,3,M,,WWE,MC,EM,AB,N
GB2015_008,Mr Holmes,GB2015_008_05,Frances de la Tour,3,F,,WWE,UM,,AB,N
GB2015_008,Mr Holmes,GB2015_008_06,John Sessions,3,M,,WWE,UM,EM,AB,N
GB2015_009,45 years,GB2015_009_01,Charlotte Rampling,3,F,HE,WWE,UM,RE,AB,N
GB2015_009,45 years,GB2015_009_02,Tom Courtenay,4,M,HE,WWE,UM,RE,AB,N
GB2015_009,45 years,GB2015_009_03,Geraldine James,3,F,,WWE,,,,
GB2015_009,45 years,GB2015_009_04,David Sibley,3,M,,WWE,,,,
GB2015_010,A little chaos,GB2015_010_01,Alan Rickman,3,M,HE,WWE,UC,SE,AB,N
GB2015_010,A little chaos,GB2015_010_02,Stanley Tucci,2,M,,WWE,UC,SE,AB,N
GB2015_010,A little chaos,GB2015_010_03,Danny Webb,2,M,,WWE,UM,EM,AB,N
GB2015_011,Sunset Song,GB2015_011_01,Ron Donachie,2,M,HE,WWE,MC,SE,AB,N
GB2015_011,Sunset Song,GB2015_011_02,Peter Mullan,2,M,HE,WWE,MC,SE,AB,N
GB2015_013,Miss You Already,GB2015_013_01,Jacqueline Bisset,3,F,,WWE,,,,
GB2015_013,Miss You Already,GB2015_013_02,Frances de la Tour,3,F,,WWE,MC,SE,AB,N
GB2016_065,Antigang,GB2016_065_01,Jean Reno,3,M,,WWE,MC,EM,AB,N
GB2015_014,The Program,GB2015_014_01,Dustin Hoffman,3,M,,WNA,UM,EM,AB,N
GB2015_015,Man Up,GB2015_015_01,Ken Stott,3,M,HE,WWE,MC,,AB,N
GB2015_015,Man Up,GB2015_015_02,Harriet Walter,3,F,HE,WWE,MC,,AB,N
GB2015_016,Life,GB2015_016_01,Ben Kingsley,3,M,HE,WNA,UC,SE,AB,N
GB2015_017,The Legend of Barney Thomson,GB2015_017_01,Emma Thompson,3,F,HE,WWE,LM,UN,AB,N
GB2015_017,The Legend of Barney Thomson,GB2015_017_02,Ray Winstone,2,M,,WWE,MC,EM,AB,N
GB2015_017,The Legend of Barney Thomson,GB2015_017_03,Tom Courtenay,4,M,,WWE,MC,EM,AB,N
GB2015_017,The Legend of Barney Thomson,GB2015_017_04,Brian Pettifer,3,M,,WWE,,,,
GB2015_017,The Legend of Barney Thomson,GB2015_017_05,James Cosmo,3,M,,WWE,,,,
GB2015_018,London Road,GB2015_018_01,Anita Dobson,4,F,,WWE,MC,RE,AB,N
GB2015_019,Hector,GB2015_019_01,Peter Mullan,2,M,HE,WWE,LC,UN,TD,Y
GB2015_019,Hector,GB2015_019_02,Keith Allen,3,M,,WWE,LC,UN,AB,N
GB2015_020,Catch Me Daddy,GB2015_020_01,Gary Lewis,2,M,HE,WWE,LM,,AB,N
GB2015_021,Testament of Youth,GB2015_021_01,Miranda Richardson,2,F,,WWE,UM,,AB,N
GB2015_021,Testament of Youth,GB2015_021_02,Nicholas Farrell,3,M,,WWE,UM,EM,AB,N
GB2015_022,Second coming,GB2015_022_01,Larrington Walker,3,M,HE,BWE,LM,,AB,N
GB2015_023,Suite Française,GB2015_023_01,Éric Godon,2,M,HE,WWE,MC,,,
GB2015_023,Suite Française,GB2015_023_02,Deborah Findlay,3,F,HE,WWE,MC,,,
GB2015_023,Suite Française,GB2015_023_03,Bernice Stegers,3,F,,WWE,,,,
GB2015_023,Suite Française,GB2015_023_04,Lambert Wilson,2,M,HE,WWE,UC,,,
GB2015_023,Suite Française,GB2015_023_05,Harriet Walter,3,F,HE,WWE,UC,,,
GB2015_023,Suite Française,GB2015_023_06,Kristin Scott Thomas,2,F,HE,WWE,UM,UN,AB,N
GB2015_025,Robot Overlords,GB2015_024_01,Ben Kingsley,3,M,HE,WWE,UM,,AB,N
GB2015_026,Radiator,GB2015_026_01,Richard Johnson,4,M,HE,WWE,MC,RE,PD,Y
GB2015_026,Radiator,GB2015_026_02,Gemma Jones,3,F,HE,WWE,MC,RE,AB,N
GB2016_066,The Danish Girl,GB2016_066_01,Nicholas Woodeson,3,M,,CEU,UM,SE,AB,N
GB2015_027,Legend,GB2015_027_01,Nicholas Farrell,3,M,,WWE,MC,SE,AB,N
GB2015_027,Legend,GB2015_027_02,John Sessions,3,M,,WWE,UC,SE,AB,N
GB2015_027,Legend,GB2015_027_03,Chazz Palminteri,3,M,,WWE,UM,SE,AB,N
GB2015_028,Far from the Madding Crowd,GB2015_028_01,Tilly Vosburgh,2,F,HE,WWE,LM,EM,AB,N
GB2015_029,Macbeth,GB2015_029_01,Hilton McRae,3,M,HE,WWE,UC,SE,AB,N
GB2015_029,Macbeth,GB2015_029_02,David Hayman,3,M,HE,WWE,UC,SE,AB,N
GB2015_030,Absolutely Anything,GB2015_030_01,Joanna Lumley,3,F,,WWE,,,AB,N
GB2015_031,Spooks: The Greater Good,GB2015_031_01,Peter Firth,3,M,,WWE,MC,EM,AB,N
GB2015_031,Spooks: The Greater Good,GB2015_031_02,Tim McInnerny,2,M,,WWE,UM,EM,AB,N
GB2015_032,A Royal Night Out,GB2015_032_01,Rupert Everett,2,M,HE,WWE,UC,SE,AB,N
GB2015_032,A Royal Night Out,GB2015_032_02,Mark Hadfield,2,M,,WWE,LM,EM,AB,N
GB2015_032,A Royal Night Out,GB2015_032_03,Annabel Leventon,4,F,HE,WWE,UC,,,
GB2015_034,The Falling,GB2015_034_01,Greta Scacchi,2,F,,WWE,MC,EM,AB,N
GB2015_035,Howl,GB2015_035_01,Ania Marson,3,F,,WWE,MC,,AB,N
GB2015_035,Howl,GB2015_035_02,Duncan Preston,3,M,,WWE,MC,,AB,N
GB2015_037,A Christmas Star,GB2015_037_01,Roma Tomelty,3,F,HE,WWE,MC,RE,AB,N
GB2015_037,A Christmas Star,GB2015_037_02,Pierce Brosnan,3,M,HE,WWE,UM,SE,AB,N
GB2015_038,The D Train,GB2015_038_01,Jeffrey Tambor,3,M,,WNA,UM,SE,AB,N
GB2016_067,The Survivalist,GB2016_067_01,Olwen Fouéré,3,F,HE,WWE,LC,UN,AB,N
GB2015_040,Tin,GB2015_040_01,Benjamin Luxon,4,M,HE,WWE,UM,SE,AB,N
GB2015_040,Tin,GB2015_040_02,Dudley Sutton,4,M,,WWE,UM,SE,AB,N
GB2015_041,Amar Akbar & Tony,GB2015_041_01,Tanveer Ghani,2,M,HE,AWE,MC,,AB,N
GB2015_044,Nina Forever,GB2015_044_01,David Troughton,3,M,HE,WWE,MC,,AB,N
GB2015_045,Dartmoor Killing,GB2015_045_01,David Hayman,3,M,HE,WWE,MC,SE,AB,N
GB2015_046,The Honourable Rebel,GB2015_046_01,Irene Marot,3,F,,WWE,LM,EM,AB,N
GB2015_050,Honour Killing,GB2015_050_01,Jawed Sheikh,3,M,HE,SOA,UM,,AB,N
GB2015_050,Honour Killing,GB2015_050_02,Tom Alter,3,M,HE,WNA,UM,,AB,N
GB2015_050,Honour Killing,GB2015_050_03,Prem Chopra,4,M,HE,SOA,MC,,AB,N
GB2015_051,Bypass,GB2015_051_01,Donald Sumpter,3,M,HE,WWE,LM,,AB,N
GB2015_053,A Dark Reflection,GB2015_053_01,Marina Sirtis,3,F,HE,WWE,,,AB,N
GB2015_053,A Dark Reflection,GB2015_053_02,Paul Antony-Barber,3,M,,WWE,UM,EM,AB,N
GB2015_054,Still,GB2015_054_01,Clive Russell,3,M,,WWE,MC,EM,AB,N
GB2018_076,Where Do We Go From Here?,GB2018_076_01,Alison Peebles,4,F,HE,WWE,MC,RE,AB,N
GB2018_076,Where Do We Go From Here?,GB2018_076_02,Jim Sweeney,3,M,,WWE,MC,RE,PD,Y
GB2018_076,Where Do We Go From Here?,GB2018_076_03,Richard Addison,3,M,,WWE,MC,RE,PD,Y
GB2018_076,Where Do We Go From Here?,GB2018_076_04,Deirdre Murray,4,F,HE,WWE,MC,RE,AB,Y
GB2015_055,Aaaaaaaah!,GB2015_055_01,Toyah Willcox,2,F,HE,WWE,,,PD,
GB2015_057,The Last Sparks of Sundown,GB2015_057_01,Sara Kestelman,3,F,,WWE,,,,
GB2015_059,Peterman,GB2015_059_01,Alison Steadman,3,F,,WWE,,,,
GB2015_059,Peterman,GB2015_059_02,Peter Bowles,4,M,HE,WWE,UM,SE,AB,N
GB2015_059,Peterman,GB2015_059_03,Phil Davis,3,M,HE,WWE,MC,EM,AB,N
GB2015_061,Pleasure Island,GB2015_061_01,Nicholas Day,3,M,HE,WWE,,,AB,N
GB2015_061,Pleasure Island,GB2015_061_02,Michael J. Jackson,3,M,HE,WWE,,,AB,N
GB2015_061,Pleasure Island,GB2015_061_03,Neil McCaul,3,M,HE,WWE,,,AB,N
GB2015_062,Narcopolis,GB2015_062_01,Jonathan Pryce,3,M,HE,WEE,LC,UN,AB,N
GB2015_062,Narcopolis,GB2015_062_02,Robert Bathurst,2,M,HE,WWE,UM,EM,AB,N
GB2015_067,Katherine of Alexandria,GB2015_067_01,Peter O'Toole,4,M,HE,WWE,UC,EM,AB,N
GB2015_067,Katherine of Alexandria,GB2015_067_02,Joss Ackland,4,M,,WWE,UC,EM,AB,N
GB2015_067,Katherine of Alexandria,GB2015_067_03,Steven Berkoff,4,M,,WWE,UC,EM,AB,N
GB2015_067,Katherine of Alexandria,GB2015_067_04,Edward Fox,4,M,HE,WWE,UC,SE,PD,Y
GB2015_067,Katherine of Alexandria,GB2015_067_05,Jean Marlow,4,F,,WWE,UC,UN,AB,N
GB2015_067,Katherine of Alexandria,GB2015_067_06,Dudley Sutton,4,M,,WWE,UM,EM,AB,N
GB2015_069,Convenience,GB2015_069_02,Anthony Head,3,M,,WWE,MC,EM,AB,N
GB2015_070,North v South,GB2015_070_01,Keith Allen,3,M,HE,WWE,MC,EM,AB,N
GB2015_070,North v South,GB2015_070_02,Steven Berkoff,4,M,HE,WWE,UM,SE,AB,N
GB2015_070,North v South,GB2015_070_03,Oliver Cotton,4,M,HE,WWE,MC,EM,AB,N
GB2015_070,North v South,GB2015_070_04,Bernard Hill,4,M,HE,WWE,UM,SE,AB,N
GB2015_070,North v South,GB2015_070_05,Greta Scacchi,2,F,HE,WWE,MC,,AB,N
GB2015_071,Born of War,GB2015_071_01,Michael Maloney,2,M,,WWE,MC,EM,AB,N
GB2015_071,Born of War,GB2015_071_02,Michael Brandon,3,M,,WWE,MC,EM,AB,N
GB2015_072,Solitary,GB2015_072_01,Anita Dobson,3,F,,WWE,LM,EM,AB,N
GB2015_073,Unhallowed Ground,GB2015_073_01,Andrew Lewis,2,M,,WWE,UM,EM,AB,N
GB2015_073,Unhallowed Ground,GB2015_073_02,Richard Derrington,3,M,,WWE,,,,
GB2015_074,Blood Moon,GB2015_074_01,Tom Cotcher,3,M,HE,WNA,LM,EM,AB,N
GB2015_074,Blood Moon,GB2015_074_02,Dave Fulton,3,M,HE,WNA,LM,EM,AB,N
GB2015_074,Blood Moon,GB2015_074_03,Kerry Shale,3,M,HE,WNA,MC,EM,AB,N
GB2015_074,Blood Moon,GB2015_074_04,David Sterne,4,M,HE,WNA,LM,EM,AB,N
GB2015_075,Residue,GB2015_075_01,Danny Webb,2,M,,WWE,MC,SE,AB,N
GB2015_075,Residue,GB2015_075_02,Richenda Carey,3,F,,WWE,,,,
GB2015_076,Leading Lady,GB2015_076_01,Brümilda van Rensburg,2,F,HE,SAF,UM,SE,AB,N
GB2015_076,Leading Lady,GB2015_076_02,André Stolz,2,M,HE,SAF,MC,,AB,N
GB2015_076,Leading Lady,GB2015_076_03,Mary Twala,4,F,,SAF,,,,
GB2015_077,Age of Kill,GB2015_077_01,Phil Davis,3,M,,WWE,MC,EM,AB,N
GB2015_077,Age of Kill,GB2015_077_02,Patrick Bergin,3,M,,WWE,UM,EM,AB,N
ES2015_001,Ocho apellidos catalanes,ES2015_001_01,Karra Elejalde,2,M,HE,WWE,MC,RE,AB,N
ES2015_001,Ocho apellidos catalanes,ES2015_001_02,Rosa Maria Sardà,3,F,HE,WWE,MC,RE,AB,N
ES2015_002,Perdiendo el Norte,ES2015_002_01,José Sacristán,3,M,HE,WWE,LM,RE,AB,N
ES2015_003,Palmeras en la nieve,ES2015_003_01,Celso Bugallo,3,M,HE,WWE,MC,RE,AB,Y
ES2015_003,Palmeras en la nieve,ES2015_003_02,Petra Martínez,3,F,HE,WWE,MC,RE,AB,N
ES2015_003,Palmeras en la nieve,ES2015_003_03,Ramón Agirre,3,M,,WWE,MC,EM,AB,N
ES2015_003,Palmeras en la nieve,ES2015_003_04,Emilio Gutiérrez Caba,4,M,HE,WWE,UM,SE,AB,N
ES2015_004,Truman,ES2015_004_01,Ricardo Darín,2,M,HE,WLA,UM,EM,CI,N
ES2015_004,Truman,ES2015_004_02,José Luis Gómez,4,M,,WWE,UM,SE,AB,N
ES2015_004,Truman,ES2015_004_03,Susi Sánchez,3,F,,WWE,MC,EM,AB,N
ES2015_004,Truman,ES2015_004_04,Francesc Orella,2,M,,WWE,MC,EM,AB,N
ES2015_005,Anacleto: Agente Secreto,ES2015_005_01,Imanol Arias,2,M,HE,WWE,MC,EM,AB,N
ES2015_005,Anacleto: Agente Secreto,ES2015_005_02,Eduardo Gómez,3,M,,WWE,LM,EM,AB,N
ES2015_005,Anacleto: Agente Secreto,ES2015_005_03,Emilio Gutiérrez Caba,3,M,,WWE,UM,EM,AB,N
ES2015_006,Mi gran noche,ES2015_006_01,Raphael,3,M,HE,WWE,UM,SE,AB,N
ES2015_006,Mi gran noche,ES2015_006_02,Enrique Villén,2,M,,WWE,MC,EM,AB,N
ES2015_006,Mi gran noche,ES2015_006_03,Terele Pávez,4,F,HE,WWE,LM,RE,AB,N
ES2015_007,A perfect day,ES2015_007_01,Tim Robbins,2,M,HE,WNA,MC,EM,AB,N
ES2015_007,A perfect day,ES2015_007_02,Nenad Vukelić,3,M,HE,WEE,LM,RE,AB,N
ES2015_008,Rey Gitano,ES2015_008_01,Karra Elejalde,2,M,HE,WWE,LM,SE,AB,N
ES2015_008,Rey Gitano,ES2015_008_02,Manuel Manquiña,3,M,HE,WWE,LM,SE,AB,N
ES2015_008,Rey Gitano,ES2015_008_03,Rosa Maria Sardà,3,F,HE,WWE,UC,SE,AB,N
ES2015_008,Rey Gitano,ES2015_008_04,Charo López,3,F,HE,WWE,UC,SE,AB,N
ES2015_008,Rey Gitano,ES2015_008_05,Pilar Bardem,4,F,HE,WWE,,,,
ES2015_009,A cambio de nada,ES2015_009_01,Antonia Guzmán,4,F,HE,WWE,LC,SE,AB,N
ES2015_009,A cambio de nada,ES2015_009_02,Felipe García Vélez,2,M,HE,WWE,LM,SE,AB,N
ES2015_010,La novia,ES2015_010_01,Luisa Gavasa,3,F,HE,WWE,MC,UN,AB,N
ES2015_010,La novia,ES2015_010_02,Carlos Álvarez-Nóvoa,3,M,HE,WWE,MC,SE,AB,N
ES2015_010,La novia,ES2015_010_03,Consuelo Trujillo,2,F,HE,WWE,LM,UN,AB,N
ES2015_010,La novia,ES2015_010_04,María Alfonsa Rosso,3,F,HE,WWE,LC,UN,AB,N
ES2015_012,Amama,ES2015_012_01,Kandido Uranga,3,M,HE,WWE,MC,SE,AB,N
ES2015_012,Amama,ES2015_012_02,Amparo Badiola,2,F,HE,WWE,MC,SE,AB,N
ES2015_012,Amama,ES2015_012_03,José Ramón Soroiz,3,M,,WWE,MC,,AB,N
ES2015_013,Pikadero,ES2015_013_01,Zorion Eguileor,3,M,HE,WWE,LM,RE,AB,N
ES2015_013,Pikadero,ES2015_013_02,Itziar Lazkano,2,F,HE,WWE,MC,EM,AB,N
ES2015_014,Barcelona nit d'hivern,ES2015_014_01,Asunción Balaguer,4,F,BI,WWE,MC,RE,AB,N
ES2015_014,Barcelona nit d'hivern,ES2015_014_02,Montserrat Carulla,4,F,BI,WWE,MC,RE,AB,N
ES2015_014,Barcelona nit d'hivern,ES2015_014_03,Abel Folk,3,M,HE,WWE,MC,EM,AB,N
ES2015_014,Barcelona nit d'hivern,ES2015_014_04,Fermí Reixach,4,M,,WWE,,RE,AB,N
ES2015_014,Barcelona nit d'hivern,ES2015_014_05,Tina Sáinz,3,F,,WWE,,RE,AB,N
ES2015_015,Bendita calamidad,ES2015_015_01,Enrique Villén,2,M,HE,WWE,UM,SE,AB,N
ES2015_015,Bendita calamidad,ES2015_015_02,Luis Varela,4,M,HE,WWE,UM,EM,AB,N
ES2015_015,Bendita calamidad,ES2015_015_03,Carlos Sobera,2,M,HE,WWE,UM,SE,AB,N
ES2015_016,Isla Bonita,ES2015_016_01,Fernando Colomo,3,M,HE,WWE,MC,UN,AB,N
ES2015_016,Isla Bonita,ES2015_016_02,Miguel Ángel Furones,3,M,HE,WWE,UM,SE,AB,N
ES2015_017,Hablar,ES2015_017_01,Mercedes Sampietro,3,F,,WWE,UM,SE,AB,N
ES2015_017,Hablar,ES2015_017_02,Carmen Balagué,2,F,,WWE,MC,,AB,N
ES2015_017,Hablar,ES2015_017_03,Petra Martínez,4,F,HE,WWE,MC,EM,AB,N
ES2015_017,Hablar,ES2015_017_04,Juan Margallo,4,M,HE,WWE,MC,EM,AB,N
ES2015_018,Regression,ES2015_018_01,Lothaire Bluteau,2,M,HE,WNA,MC,EM,AB,N
ES2015_018,Regression,ES2015_018_02,Peter MacNeill,3,M,HE,WNA,MC,EM,AB,N
ES2015_019,Ahora o nunca,ES2015_019_01,Gracia Olayo,2,F,HE,WWE,MC,,AB,N
ES2015_020,La final,ES2015_020_01,Loles León,3,F,HE,WWE,LM,EM,AB,N
ES2015_021,Francisco - El Padre Jorge,ES2015_021_01,Darío Grandinetti,5,M,HE,WLA,UC,EM,AB,N
ES2015_021,Francisco - El Padre Jorge,ES2015_021_02,Emilio Gutiérrez Caba,4,M,,WWE,UC,EM,AB,N
ES2015_021,Francisco - El Padre Jorge,ES2015_021_03,Pablo Brichta,3,M,HE,WLA,UC,EM,AB,N
ES2015_022,La playa de los ahogados,ES2015_022_01,Celso Bugallo,3,M,HE,WWE,LM,,AB,N
ES2015_022,La playa de los ahogados,ES2015_022_02,Fernando Morán,3,M,HE,WWE,LM,,,
ES2015_023,Nadie quiere la noche,ES2015_023_01,Gabriel Byrne,3,M,,WWE,LM,SE,AB,N
ES2015_023,Nadie quiere la noche,ES2015_023_02,Orto Ignatiussen,2,M,,NEU,UM,SE,AB,N
ES2015_023,Nadie quiere la noche,ES2015_023_03,Matt Salinger,2,M,,WNA,UM,SE,AB,N
ES2015_024,Incidencias,ES2015_024_01,María Alfonsa Rosso,3,F,HE,WWE,MC,RE,AB,N
ES2015_025,Summer Camp,ES2015_025_01,Xavier Capdet,2,M,HE,WWE,MC,EM,AB,N
ES2015_026,La espina de Dios,ES2015_026_01,María Garralón,3,F,HE,MEA,LM,UN,AB,N
ES2015_026,La espina de Dios,ES2015_026_02,Fedra Lorente,3,F,HE,MEA,LM,UN,AB,N
ES2015_027,L'adopció,ES2015_027_01,Jordi Banacolocha,3,M,HE,WWE,MC,RE,AB,N
ES2015_028,Techo y comida,ES2015_028_01,Mariana Cordero,3,F,HE,WWE,LM,RE,AB,N
ES2015_029,Un otoño sin Berlín,ES2015_029_01,Ramón Barea,3,M,HE,WWE,MC,RE,AB,N
ES2015_030,Lejos del mar,ES2015_030_01,Juan Motilla,2,M,HE,WWE,LM,EM,AB,N
ES2015_030,Lejos del mar,ES2015_030_02,Susi Sánchez,3,F,HE,WWE,MC,,AB,N
ES2015_032,B,ES2015_032_01,Pedro Civera,3,M,HE,WWE,UM,EM,AB,N
ES2015_032,B,ES2015_032_02,Eduardo Recabarren,2,M,HE,WWE,UM,EM,AB,N
ES2015_032,B,ES2015_032_03,Enric Benavent,3,M,HE,WWE,UM,EM,AB,N
ES2015_032,B,ES2015_032_04,Ramón Ibarra,2,M,HE,WWE,UM,EM,AB,N
ES2015_032,B,ES2015_032_05,Carlos Olalla,3,M,HE,WWE,UM,EM,AB,N
ES2015_032,B,ES2015_032_06,Joaquín Climent,2,M,HE,WWE,UM,EM,AB,N
ES2015_033,El apóstata,ES2015_033_01,Vicky Peña,3,M,HE,WWE,MC,,AB,N
ES2015_033,El apóstata,ES2015_033_02,Joaquín Climent,2,F,HE,WWE,MC,,AB,N
ES2015_033,El apóstata,ES2015_033_03,Jaime Chávarri,3,M,,WWE,MC,EM,AB,N
ES2015_033,El apóstata,ES2015_033_04,Juan Calot,2,M,,WWE,UM,EM,AB,N
ES2015_034,El clan,ES2015_034_01,José Sancho,3,M,HE,WWE,UM,SE,AB,N
ES2015_034,El clan,ES2015_034_02,Carlos Lasarte,3,M,,WLA,UM,SE,AB,N
ES2015_035,De chica en chica,ES2015_035_01,Jane Badler,3,F,HO,WNA,UM,SE,AB,N
ES2015_035,De chica en chica,ES2015_035_02,Eulàlia Ramon,2,F,HE,WWE,MC,,AB,N
ES2015_039,El país del miedo,ES2015_039_01,Kiti Mánver,3,F,,WWE,MC,EM,AB,N
ES2015_040,Txarriboda,ES2015_040_01,Ramón Agirre,3,M,,WWE,MC,EM,AB,N
ES2015_040,Txarriboda,ES2015_040_02,Loli Astoreka,2,F,,WWE,,,,
ES2015_040,Txarriboda,ES2015_040_03,Zorion Eguileor,3,M,,WWE,MC,RE,AB,N
ES2015_040,Txarriboda,ES2015_040_04,Patxo Tellería,2,M,,WWE,MC,EM,AB,N
ES2015_041,Tercer grado,ES2015_041_01,Ferran Lahoz,2,M,,WWE,MC,EM,AB,N
ES2015_041,Tercer grado,ES2015_041_02,Johnny Melville,3,M,,WWE,UM,SE,AB,N
ES2015_042,Vulcania,ES2015_042_01,José Sacristán,4,M,,WWE,UC,SE,AB,N
ES2015_042,Vulcania,ES2015_042_02,Xavier Pàmies,2,M,,WWE,,,,
ES2015_043,Las aventuras de Moriana,ES2015_043_01,Terele Pávez,4,F,,WWE,MC,EM,AB,N
ES2015_043,Las aventuras de Moriana,ES2015_043_02,Enrique Villén,2,M,HE,WWE,LM,SE,AB,N
ES2015_045,Vampyres,ES2015_045_01,Lone Fleming,3,F,,WWE,LM,EM,AB,N
ES2015_045,Vampyres,ES2015_045_02,Caroline Munro,3,F,,WWE,MC,SE,AB,N
ES2015_046,Capa Caída,ES2015_046_01,Francesc Pagès,2,M,,WWE,,,,
ES2015_046,Capa Caída,ES2015_046_02,Joaquín Oristrell,2,M,,WWE,,,,
ES2015_046,Capa Caída,ES2015_046_03,Carmen Balagué,3,F,,WWE,,,,
ES2015_046,Capa Caída,ES2015_046_04,Carles Velat,3,M,,WWE,,,,
ES2015_047,Rocco tiene tu nombre,ES2015_047_01,José María Blanco,4,M,,WWE,,,,
ES2015_047,Rocco tiene tu nombre,ES2015_047_02,Xavier Capdet,2,M,,WWE,MC,EM,AB,N
ES2015_052,El violín de piedra,ES2015_052_01,Carlos Álvarez-Nóvoa,4,M,,WWE,,,,
ES2015_053,L'artèria invisible,ES2015_053_01,Marcel·lí Antúnez,2,M,,WWE,,,,
ES2015_053,L'artèria invisible,ES2015_053_02,Miquel Gelabert,3,M,,WWE,,,,
ES2015_054,L'assaig,ES2015_054_01,Hermann Bonnín,4,M,HE,WWE,MC,,AB,N
ES2015_054,L'assaig,ES2015_054_02,Lurdes Barba,3,F,HE,WWE,MC,,AB,N
ES2015_056,El Señor Manolo,ES2015_056_01,Ramón Merlo,3,M,HE,WWE,LM,SE,AB,N
ES2015_056,El Señor Manolo,ES2015_056_02,María Kosty,3,F,HE,WWE,LM,SE,CI,N
ES2015_056,El Señor Manolo,ES2015_056_03,Pape Pérez,3,M,,WWE,MC,EM,AB,N
ES2015_056,El Señor Manolo,ES2015_056_04,Toni Fuentes,2,M,,,,,,
ES2015_057,Darrera la porta,ES2015_057_01,Miquel Gelabert,3,M,HE,WWE,MC,SE,AB,N
ES2015_057,Darrera la porta,ES2015_057_02,Carlos Lasarte,4,M,HE,WWE,LM,RE,AB,N
GB2014_001,Mr. Turner,GB2014_001_01,Timothy Spall,2,M,,WWE,UM,SE,AB,N
GB2014_001,Mr. Turner,GB2014_001_02,Paul Jesson,3,M,HE,WWE,UM,RE,AB,N
GB2014_001,Mr. Turner,GB2014_001_03,Marion Bailey,3,F,,WWE,LM,EM,AB,N
GB2014_001,Mr. Turner,GB2014_001_04,Karl Johnson,3,M,,WWE,,,,
GB2014_001,Mr. Turner,GB2014_001_05,Ruth Sheen,3,F,,WWE,MC,UN,AB,N
GB2014_001,Mr. Turner,GB2014_001_06,Lesley Manville,2,F,HE,WWE,UM,UN,AB,N
GB2014_001,Mr. Turner,GB2014_001_07,Richard Bremmer,3,M,HE,WWE,UM,,,
GB2014_003,Pride,GB2014_003_01,Bill Nighy,3,M,HO,WWE,LM,EM,AB,N
GB2014_003,Pride,GB2014_003_02,Imelda Staunton,3,F,HE,WWE,LM,UN,AB,N
GB2014_003,Pride,GB2014_003_03,Menna Trussler,3,F,HE,WWE,LM,UN,AB,N
GB2014_004,Lilting,GB2014_004_01,Pei-Pei Cheng,3,F,HE,EAS,LM,UN,AB,N
GB2014_004,Lilting,GB2014_004_02,Peter Bowles,3,M,HE,WWE,MC,,,
GB2014_005,Northern Soul,GB2014_005_01,Ricky Tomlinson,4,M,HE,WWE,MC,UN,AB,N
GB2014_006,Paddington,GB2014_006_01,Julie Walters,3,F,,WWE,MC,UN,AB,N
GB2014_006,Paddington,GB2014_006_02,Jim Broadbent,3,M,,WWE,MC,SE,AB,N
GB2014_006,Paddington,GB2014_006_03,Peter Capaldi,2,M,HE,CEU,MC,,AB,N
GB2014_008,Belle,GB2014_008_01,Miranda Richardson,2,F,HE,WWE,UC,UN,AB,N
GB2014_008,Belle,GB2014_008_02,Penelope Wilton,3,F,HE,WWE,UC,UN,AB,N
GB2014_008,Belle,GB2014_008_03,Tom Wilkinson,3,M,HE,WWE,UC,SE,AB,N
GB2014_008,Belle,GB2014_008_04,David Gant,3,M,,WWE,UM,SE,AB,N
GB2014_009,Frank,GB2014_009_01,Moira Brooker,2,F,HE,WWE,LM,,AB,N
GB2014_009,Frank,GB2014_009_02,Paul Butterworth,2,M,HE,WWE,LM,,AB,N
GB2014_011,Mrs. Brown's Boys D'Movie,GB2014_011_01,Brendan O'Carroll,2,F,HE,WWE,LM,SE,AB,N
GB2014_011,Mrs. Brown's Boys D'Movie,GB2014_011_02,Dermot O'Neill,3,M,HE,WWE,LM,RE,AB,N
GB2014_011,Mrs. Brown's Boys D'Movie,GB2014_011_03,Eilish O'Carroll,3,F,HE,WWE,LM,UN,AB,N
GB2014_011,Mrs. Brown's Boys D'Movie,GB2014_011_04,June Rodgers,2,F,HE,WWE,,,,
GB2014_011,Mrs. Brown's Boys D'Movie,GB2014_011_05,Sorcha Cusack,3,F,HE,WWE,,,,
GB2014_012,"Nativity 3: Dude, where's my donkey?",GB2014_012_01,Celia Imrie,3,F,,WWE,MC,EM,AB,N
GB2014_013,The Two Faces of January,GB2014_013_01,Viggo Mortensen,2,M,HE,WNA,UM,SE,AB,N
GB2014_014,What We Did On Our Holiday,GB2014_014_01,Billy Connolly,3,M,HE,WWE,UM,RE,AB,N
GB2014_014,What We Did On Our Holiday,GB2014_014_02,Celia Imrie,3,F,,WWE,MC,EM,AB,N
GB2014_014,What We Did On Our Holiday,GB2014_014_03,Annette Crosbie,3,F,HE,WWE,MC,RE,AB,N
GB2014_014,What We Did On Our Holiday,GB2014_014_04,Ralph Riach,3,M,,WWE,,,AB,N
GB2014_014,What We Did On Our Holiday,GB2014_014_05,Ron Donachie,3,M,,WWE,MC,EM,AB,N
GB2014_015,Jimmy's Hall,GB2014_015_01,Aileen Henry,4,F,HE,WWE,LM,SE,AB,N
GB2014_015,Jimmy's Hall,GB2014_015_02,Jim Norton,4,M,,WWE,MC,EM,AB,N
GB2014_016,A Long Way Down,GB2014_016_01,Pierce Brosnan,3,M,HE,WNA,MC,UN,AB,N
GB2014_016,A Long Way Down,GB2014_016_02,Sam Neill,3,M,HE,WWE,UM,EM,AB,N
GB2014_017,My Old Lady,GB2014_017_01,Kevin Kline,3,M,HE,WNA,MC,UN,AB,N
GB2014_017,My Old Lady,GB2014_017_02,Maggie Smith,4,F,HE,WWE,UM,RE,AB,Y
GB2014_017,My Old Lady,GB2014_017_03,Dominique Pinon,2,M,,WWE,MC,SE,AB,N
GB2014_018,Get Santa,GB2014_018_01,Jim Broadbent,3,M,HE,NEU,UM,SE,AB,N
GB2015_078,Trash,GB2015_078_01,Martin Sheen,3,M,,WNA,MC,EM,AB,N
GB2015_078,Trash,GB2015_078_02,José Dumont,3,M,,WLA,,,,
GB2014_019,Cuban Fury,GB2014_019_01,Ian McShane,3,M,HE,WWE,MC,SE,AB,N
GB2014_020,Pudsey the Dog: The Movie,GB2014_020_01,John Sessions,3,M,HE,WWE,MC,SE,AB,N
GB2014_020,Pudsey the Dog: The Movie,GB2014_020_02,Maggie Steed,3,F,,WWE,,,,
GB2014_021,Effie Gray,GB2014_021_01,Emma Thompson,2,F,HE,WWE,UC,UN,AB,N
GB2014_021,Effie Gray,GB2014_021_02,Patrick Doyle,3,M,HE,WWE,UM,EM,AB,N
GB2014_021,Effie Gray,GB2014_021_03,David Suchet,3,M,HE,WWE,UM,SE,AB,N
GB2014_021,Effie Gray,GB2014_021_04,Julie Walters,3,F,HE,WWE,UM,UN,AB,N
GB2014_021,Effie Gray,GB2014_021_05,Linda Bassett,3,F,HE,WWE,MC,EM,AB,N
GB2014_021,Effie Gray,GB2014_021_06,Claudia Cardinale,4,F,HE,WWE,UC,UN,AB,N
GB2014_021,Effie Gray,GB2014_021_07,Robbie Coltrane,3,M,HE,WWE,UM,EM,AB,N
GB2014_021,Effie Gray,GB2014_021_08,Derek Jacobi,4,M,HE,WWE,UM,SE,AB,N
GB2016_068,Desert Dancer,GB2016_068_01,Makram Khoury,3,M,HE,MEA,UM,,AB,N
GB2014_022,The Guvnors,GB2014_022_01,David Essex,3,M,HE,WWE,UM,SE,AB,N
GB2014_024,The Anomaly,GB2014_024_01,Brian Cox,3,M,HE,WWE,LM,UN,AB,N
GB2014_025,An Brontannas,GB2014_025_01,John Finn,3,M,,WWE,MC,EM,AB,N
GB2014_026,The Double,GB2014_026_01,Wallace Shawn,3,M,,WNA,MC,EM,AB,N
GB2014_026,The Double,GB2014_026_02,James Fox,3,M,,WNA,UM,EM,AB,N
GB2014_026,The Double,GB2014_026_03,Phyllis Somerville,3,F,,WWE,,,,
GB2014_027,The Machine,GB2014_027_01,Denis Lawson,3,M,,WWE,UM,EM,AB,N
GB2014_028,The Zero Theorem,GB2014_028_01,Christoph Waltz,2,M,HE,WWE,LM,EM,AB,N
GB2014_028,The Zero Theorem,GB2014_028_02,Peter Stormare,3,M,,,,,,
GB2015_079,The Theory of Everything,GB2015_079_01,Simon McBurney,2,M,HE,WWE,MC,EM,AB,N
GB2014_030,The Love Punch,GB2014_030_01,Pierce Brosnan,3,M,HE,WWE,UM,UN,AB,N
GB2014_030,The Love Punch,GB2014_030_02,Emma Thompson,2,F,HE,WWE,UM,EM,AB,N
GB2014_030,The Love Punch,GB2014_030_03,Timothy Spall,2,M,HE,WWE,MC,,AB,N
GB2014_030,The Love Punch,GB2014_030_04,Celia Imrie,3,F,HE,WWE,MC,,AB,N
GB2014_034,Ironclad: Battle for Blood,GB2014_034_01,Danny Webb,2,M,HE,WWE,LM,EM,AB,N
GB2014_034,Ironclad: Battle for Blood,GB2014_034_02,David Rintoul,3,M,HE,WWE,UC,SE,AB,N
GB2014_036,One Night in Istanbul,GB2014_036_01,Paul Barber,3,M,HE,BWE,LM,EM,AB,N
GB2014_038,Set Fire to the Stars,GB2014_038_01,Andrew Bicknell,2,M,,WWE,MC,SE,AB,N
GB2014_046,Believe,GB2014_046_01,Brian Cox,3,M,HE,WWE,UM,RE,AB,N
GB2014_046,Believe,GB2014_046_02,Anne Reid,4,F,HE,WWE,UM,RE,AB,N
GB2014_046,Believe,GB2014_046_03,Philip Jackson,3,M,HE,WWE,MC,EM,AB,N
GB2014_048,Back to the Garden,GB2014_048_01,Bob Goody,3,M,HE,WWE,MC,RE,AB,N
GB2014_048,Back to the Garden,GB2014_048_02,Anna Mottram,3,F,HE,WWE,MC,RE,AB,N
GB2014_048,Back to the Garden,GB2014_048_03,Petra Markham,3,F,HE,WWE,MC,RE,AB,N
GB2014_048,Back to the Garden,GB2014_048_04,Emma Garden,3,F,HE,WWE,MC,RE,AB,N
GB2014_049,Common People,GB2014_049_01,Sam Kelly,3,M,HE,WWE,MC,RE,AB,Y
GB2014_049,Common People,GB2014_049_02,Diana Payan,4,F,HE,WWE,MC,RE,AB,Y
GB2014_050,Bonobo,GB2014_050_01,Tessa Peake-Jones,2,F,HE,WWE,UM,UN,AB,N
GB2014_050,Bonobo,GB2014_050_02,Carolyn Pickles,3,F,HE,WWE,UM,UN,AB,N
GB2014_050,Bonobo,GB2014_050_03,Josie Lawrence,2,F,BI,WWE,LM,SE,AB,N
GB2014_053,The Borderlands,GB2014_053_01,Gordon Kennedy,2,M,HE,WWE,MC,SE,AB,N
GB2014_053,The Borderlands,GB2014_053_02,Patrick Godfrey,4,M,,WWE,MC,EM,AB,N
GB2014_055,Almost Married,GB2014_055_01,Bill Fellows,2,M,HE,WWE,MC,,AB,N
GB2014_056,We Are the Freaks,GB2014_056_01,Stephen Boxer,3,M,HE,WWE,MC,EM,AB,N
GB2014_057,Hello Carter,GB2014_057_01,Judy Parfitt,4,F,HE,WWE,MC,RE,AB,N
GB2014_058,We Still Kill the Old Way,GB2014_058_01,Ian Ogilvy,3,M,HE,WWE,UM,RE,AB,N
GB2014_058,We Still Kill the Old Way,GB2014_058_02,Christopher Ellison,3,M,HE,WWE,MC,SE,AB,N
GB2014_058,We Still Kill the Old Way,GB2014_058_03,James Cosmo,3,M,HE,WWE,MC,SE,AB,N
GB2014_058,We Still Kill the Old Way,GB2014_058_04,Steven Berkoff,3,M,HE,WWE,MC,RE,AB,N
GB2014_059,The Last Showing,GB2014_059_01,Robert Englund,3,M,,WWE,LM,EM,AB,N
GB2014_059,The Last Showing,GB2014_059_02,Keith Allen,3,M,,WWE,MC,EM,AB,N
GB2014_060,Scar Tissue,GB2014_060_01,Kenneth Colley,4,M,,WWE,,,AB,N
GB2014_061,The Sleeping Room,GB2014_061_01,Christopher Adamson,2,M,HE,WWE,UM,,AB,N
GB2014_061,The Sleeping Room,GB2014_061_02,David Sibley,3,M,HE,WWE,MC,EM,AB,N
ES2014_001,Negociador,ES2014_001_01,Ramón Barea,3,M,HE,WWE,UM,EM,AB,N
ES2014_001,Negociador,ES2014_001_02,Óscar Ladoire,3,M,HE,WWE,UM,EM,AB,N
ES2014_002,Torrente 5: Operación Eurovegas,ES2014_002_01,Alec Baldwin,2,M,,WNA,MC,SE,AB,N
ES2014_002,Torrente 5: Operación Eurovegas,ES2014_002_02,Cañita Brava,2,M,,WWE,LM,EM,AB,N
ES2014_002,Torrente 5: Operación Eurovegas,ES2014_002_03,Chus Lampreave,4,F,,WWE,LM,RE,AB,N
ES2014_002,Torrente 5: Operación Eurovegas,ES2014_002_04,Fernando Esteso,3,M,,WWE,MC,RE,AB,N
ES2014_003,Carmina y amén.,ES2014_003_01,Carmina Barrios,3,F,HE,WWE,LM,UN,AB,N
ES2014_003,Carmina y amén.,ES2014_003_02,Paco Casaus,3,M,HE,WWE,LM,EM,CI,N
ES2014_004,[REC] 4: Apocalipsis,ES2014_004_01,Héctor Colomé,3,M,,WWE,MC,EM,AB,N
ES2014_004,[REC] 4: Apocalipsis,ES2014_004_02,Mariano Venancio,3,M,,WWE,MC,EM,AB,N
ES2014_005,Musarañas,ES2014_005_01,Gracia Olayo,2,F,HE,WWE,MC,UN,AB,N
ES2014_006,"2 francos, 40 pesetas",ES2014_006_01,Carlos Iglesias,2,M,HE,WWE,LM,EM,AB,N
ES2014_006,"2 francos, 40 pesetas",ES2014_006_02,Eloísa Vargas,2,F,HE,WWE,LM,EM,AB,N
ES2014_006,"2 francos, 40 pesetas",ES2014_006_03,Roberto Álvarez,2,M,HE,WWE,,,,
ES2014_006,"2 francos, 40 pesetas",ES2014_006_04,Iñaki Guevara,2,M,HE,WWE,,,,
ES2014_006,"2 francos, 40 pesetas",ES2014_006_05,Marta Puig,3,F,HE,WWE,,,,
ES2014_006,"2 francos, 40 pesetas",ES2014_006_06,Tina Sáinz,3,F,HE,WWE,,,,
ES2014_007,Las ovejas no pierden el tren,ES2014_007_01,Kiti Mánver,3,F,HE,WWE,MC,SE,AB,N
ES2014_007,Las ovejas no pierden el tren,ES2014_007_02,Pepo Oliva,2,M,HE,WWE,MC,SE,AB,N
ES2014_007,Las ovejas no pierden el tren,ES2014_007_03,Miguel Rellán,3,M,,WWE,,,,
ES2014_007,Las ovejas no pierden el tren,ES2014_007_04,Petra Martínez,3,F,,WWE,,,,
ES2014_008,Magical Girl,ES2014_008_01,José Sacristán,3,M,HE,WWE,LM,UN,AB,N
ES2014_009,Loreak,ES2014_009_01,Itziar Aizpuru,4,F,HE,WWE,MC,RE,AB,N
ES2014_009,Loreak,ES2014_009_02,José Ramón Soroiz,3,M,,WWE,,,,
ES2014_009,Loreak,ES2014_009_03,Mariasun Pagoaga,3,F,,WWE,,,,
ES2014_010,Justi&Cia,ES2014_010_01,Álex Angulo,3,M,HE,WWE,LM,EM,AB,N
ES2014_010,Justi&Cia,ES2014_010_02,Santiago Meléndez,2,M,HE,WWE,,,,
ES2014_011,A escondidas,ES2014_011_01,Álex Angulo,3,M,,WWE,MC,EM,AB,N
ES2014_011,A escondidas,ES2014_011_02,Ramón Agirre,3,M,HE,WWE,LM,,,
ES2014_011,A escondidas,ES2014_011_03,Itziar Lazkano,2,F,HE,WWE,LM,,,
ES2014_012,Anochece en la India,ES2014_012_01,Juan Diego,3,M,HE,WWE,LM,UN,PD,Y
ES2014_014,Kamikaze,ES2014_014_01,Eduardo Blanco,2,M,HE,WLA,MC,SE,AB,N
ES2014_014,Kamikaze,ES2014_014_02,Héctor Alterio,4,M,HE,WLA,MC,,AB,N
ES2014_015,Solo química,ES2014_015_01,José Coronado,2,M,HE,WWE,LM,SE,AB,N
ES2014_015,Solo química,ES2014_015_02,Bibiana Fernández,3,F,,WWE,MC,EM,AB,N
ES2014_016,Lasa y Zabala,ES2014_016_01,Francesc Orella,2,M,HE,WWE,UM,EM,AB,N
ES2014_016,Lasa y Zabala,ES2014_016_02,Carlos Olalla,2,M,HE,WWE,MC,EM,AB,N
ES2014_017,Mr. Kaplan,ES2014_017_01,Héctor Noguera,4,M,HE,WLA,MC,RE,AB,N
ES2014_017,Mr. Kaplan,ES2014_017_02,Rolf Becker,4,M,HE,WWE,MC,SE,AB,N
ES2014_017,Mr. Kaplan,ES2014_017_03,Nidia Telles,4,F,HE,WLA,MC,RE,AB,N
ES2014_018,Little Galicia,ES2014_018_01,José Ángel Egido,3,M,HE,WWE,MC,,AB,N
ES2014_018,Little Galicia,ES2014_018_02,Mabel Rivera,3,F,HE,WWE,MC,SE,AB,N
ES2014_018,Little Galicia,ES2014_018_03,Fermí Reixach,3,M,HE,WWE,MC,,AB,N
ES2014_019,Fuego,ES2014_019_01,José Coronado,2,M,HE,WWE,MC,EM,AB,N
ES2014_020,Murieron por encima de sus posibilidades,ES2014_020_01,Imanol Arias,3,M,HE,WWE,UM,EM,AB,N
ES2014_020,Murieron por encima de sus posibilidades,ES2014_020_02,José Coronado,2,M,HE,WWE,UM,SE,AB,N
ES2014_020,Murieron por encima de sus posibilidades,ES2014_020_03,Ángela Molina,3,F,HE,WWE,LM,EM,AB,N
ES2014_020,Murieron por encima de sus posibilidades,ES2014_020_04,Josep Maria Pou,3,M,,WWE,UC,SE,AB,N
ES2014_020,Murieron por encima de sus posibilidades,ES2014_020_05,José Sacristán,4,M,HE,WWE,LC,UN,AB,N
ES2014_021,10.000 noches en ninguna parte,ES2014_021_01,Susi Sánchez,3,F,HE,WWE,MC,,AB,N
ES2014_022,Another me,ES2014_022_01,Geraldine Chaplin,4,F,,WWE,,,,
ES2014_024,"Pancho, el perro millonario",ES2014_024_01,César Sarachu,2,M,,WWE,MC,SE,AB,N
ES2014_027,Rastres de sàndal,ES2014_027_01,Rosa Novell,3,F,HE,WWE,MC,,AB,N
ES2014_027,Rastres de sàndal,ES2014_027_02,Gal Soler,3,M,HE,WWE,MC,,AB,N
ES2014_027,Rastres de sàndal,ES2014_027_03,Sunita Shirole,4,F,HE,SOA,,,,
ES2014_027,Rastres de sàndal,ES2014_027_04,Saroj Khan,3,F,HE,SOA,,,,
ES2014_028,La ignorancia de la sangre,ES2014_028_01,Algis Arlauskas,2,M,HE,WEE,UM,SE,AB,N
ES2014_029,Por un puñado de besos,ES2014_029_01,Mario Pardo,4,M,HE,WWE,MC,EM,AB,N
ES2014_030,A Esmorga,ES2014_030_01,"Antonio Durán ""Morris""",2,M,HE,WWE,LM,SE,AB,N
ES2014_030,A Esmorga,ES2014_030_02,Patxi Bisquert,3,M,,WWE,,,,
ES2014_030,A Esmorga,ES2014_030_03,Alfonso Agra,2,M,,WWE,,,,
ES2014_032,Asesinos inocentes,ES2014_032_01,María Alfonsa Rosso,3,M,,WWE,,,,
ES2014_032,Asesinos inocentes,ES2014_032_02,Miguel Ángel Solá,3,M,,WLA,UM,EM,AB,N
ES2014_032,Asesinos inocentes,ES2014_032_03,Carlos Álvarez-Nóvoa,3,M,HE,WWE,,,,
ES2014_033,Bajo un manto de estrellas,ES2014_033_01,Luis Fernández de Eribe,3,M,,WWE,MC,EM,AB,N
ES2014_034,La luz con el tiempo dentro,ES2014_034_01,Carlos Álvarez-Nóvoa,3,M,HE,WWE,UM,SE,AB,N
ES2014_034,La luz con el tiempo dentro,ES2014_034_02,Teresa Calo,2,F,,WWE,,,,
ES2014_034,La luz con el tiempo dentro,ES2014_034_03,Tamara Arias de Saavedra,5,F,HE,WWE,UM,UN,AB,N
ES2014_035,La partida,ES2014_035_01,Mirta Ibarra,3,F,HE,ILA,LM,EM,AB,N
ES2014_036,Stella cadente,ES2014_036_01,Francesc Orella,2,M,,WWE,UC,EM,AB,N
ES2014_037,Tres mentiras,ES2014_037_01,Olatz Ganboa,2,F,,WWE,,,,
ES2014_037,Tres mentiras,ES2014_037_02,Itziar Aizpuru,3,F,,WWE,MC,RE,AB,N
ES2014_040,Cera,ES2014_040_01,Geraldine Chaplin,4,F,,WWE,UM,SE,AB,N
ES2014_040,Cera,ES2014_040_02,Jack Taylor,4,M,,WNA,UM,SE,AB,N
ES2014_040,Cera,ES2014_040_03,Denis Rafter,3,M,,WNA,MC,,AB,N
ES2014_040,Cera,ES2014_040_04,Saturnino García,4,M,,WWE,MC,,AB,N
ES2014_040,Cera,ES2014_040_05,Lone Fleming,3,F,,WWE,MC,EM,AB,N
ES2014_040,Cera,ES2014_040_06,Antonio Mayans,3,M,,WWE,MC,,AB,N
ES2014_041,Los tontos y los estúpidos,ES2014_041_01,Vicky Peña,3,F,HE,WWE,MC,EM,AB,N
ES2014_042,Neckan,ES2014_042_01,Hermann Bonnín,4,M,,WWE,UM,SE,AB,N
ES2014_042,Neckan,ES2014_042_02,Manuel Manquiña,3,M,HE,WWE,LM,EM,AB,N
ES2014_042,Neckan,ES2014_042_03,Roberto Álvarez,2,M,HE,WWE,UM,SE,AB,N
ES2014_043,Sonata per a violoncel,ES2014_043_01,Juanjo Puigcorbé,2,M,,WWE,UM,SE,AB,N
ES2014_043,Sonata per a violoncel,ES2014_043_02,José María Blanco,4,M,HE,WWE,MC,RE,AB,N
ES2014_043,Sonata per a violoncel,ES2014_043_03,Fermí Reixach,3,M,,WWE,MC,EM,AB,N
ES2014_044,Investigación policial,ES2014_044_01,Antonio Resines,2,M,,WWE,UM,SE,AB,N
ES2014_044,Investigación policial,ES2014_044_02,Iñaki Cano,2,M,,WWE,MC,EM,AB,N
ES2014_045,Historias de Lavapiés,ES2014_045_01,Ramón G. del Pomar,3,M,,WWE,LC,UN,AB,N
ES2014_046,O ouro do tempo,ES2014_046_01,Ernesto Chao,3,M,HE,WWE,MC,RE,AB,N
ES2014_050,Flow,ES2014_050_01,Emilio Gutiérrez Caba,3,M,HE,WWE,MC,,,
ES2014_050,Flow,ES2014_050_02,Lluís Homar,2,M,,WWE,MC,EM,,
ES2014_050,Flow,ES2014_050_03,Concha Velasco,3,F,HE,WWE,MC,,,
ES2014_052,Asmodexia,ES2014_052_01,Lluís Marco,3,M,HE,WWE,MC,EM,AB,N
ES2014_053,El mal del arriero,ES2014_053_01,Antonio Barbero,2,M,HE,WWE,UM,SE,AB,N
ES2014_053,El mal del arriero,ES2014_053_02,Denis Rafter,3,M,HE,WWE,LM,,AB,N
ES2014_053,El mal del arriero,ES2014_053_03,Carlos Álvarez-Nóvoa,3,M,HE,WWE,LM,RE,AB,N
ES2014_055,Haz de tu vida una obra de arte,ES2014_055_01,Luis Hostalot,3,M,HE,WWE,UM,SE,AB,N
ES2014_060,Huidas,ES2014_060_01,Asunción Balaguer,4,F,,WWE,MC,SE,AB,N
ES2014_060,Huidas,ES2014_060_02,Vicente Gil,2,M,,WWE,LM,EM,AB,N
ES2014_060,Huidas,ES2014_060_03,Felipe García Vélez,3,M,,WWE,LC,UN,AB,N
ES2014_060,Huidas,ES2014_060_04,Paca Gabaldón,3,F,,WWE,MC,EM,AB,N
ES2014_060,Huidas,ES2014_060_05,Josele Román,3,F,,WWE,MC,EM,AB,N
ES2021_044,Madres paralelas,ES2021_044_01,Rossy de Palma,2,F,,WWE,UM,EM,AB,N
ES2021_044,Madres paralelas,ES2021_044_02,Julieta Serrano,4,F,,WWE,,,,
ES2021_044,Madres paralelas,ES2021_044_03,Adelfa Calvo,2,F,,WWE,,,,
ES2021_045,El buen patrón,ES2021_045_01,Manolo Solo,2,M,HE,WWE,MC,EM,AB,N
ES2021_045,El buen patrón,ES2021_045_02,Fernando Albizu,2,M,,WWE,LM,EM,AB,N
ES2021_045,El buen patrón,ES2021_045_03,Celso Bugallo,3,M,,WWE,LM,EM,AB,N
ES2021_045,El buen patrón,ES2021_045_04,Francesc Orella,3,M,,WWE,,,,
ES2021_046,Mamá o papá,ES2021_046_01,Pedro Casablanc,2,M,,WWE,UM,EM,AB,N
ES2021_047,Pan de limón con semillas de amapola,ES2021_047_01,Marilú Marini,3,F,,WWE,MC,SE,AB,N
ES2021_048,Las leyes de la frontera,ES2021_048_01,Pep Tosar,2,M,,WWE,MC,EM,AB,N
ES2021_048,Las leyes de la frontera,ES2021_048_02,Pep Cruz,3,M,,WWE,,,,
ES2021_049,Tengamos la fiesta en paz,ES2021_049_01,Juan Manuel Cotelo,2,M,,WWE,,,,
ES2021_049,Tengamos la fiesta en paz,ES2021_049_02,Mamen García,3,F,HE,WWE,MC,RE,AB,N
ES2021_050,Chavalas,ES2021_050_01,José Mota,2,M,,WWE,MC,SE,AB,N
ES2021_050,Chavalas,ES2021_050_02,Frank Feys,2,M,,WWE,UM,EM,AB,N
ES2021_052,La hija,ES2021_052_01,Juan Carlos Villanueva,3,M,,WWE,MC,EM,AB,N
ES2021_053,Love Gets a Room,ES2021_053_01,Henry Goodman,3,M,,CEU,LC,EM,AB,N
ES2021_053,Love Gets a Room,ES2021_053_02,Anastasia Hille,2,F,,CEU,LC,EM,AB,N
ES2021_054,Cuidado con lo que deseas,ES2021_054_01,José Sacristán,4,M,HE,WWE,MC,RE,AB,N
ES2021_055,A Perfect Enemy,ES2021_055_01,Dominique Pinon,3,M,,WWE,,,,
ES2021_056,El refugio,ES2021_056_01,Loles León,3,F,,WWE,UM,SE,AB,N
ES2021_056,El refugio,ES2021_056_02,Carlos Alcántara,2,M,HE,WWE,UM,EM,AB,N
ES2021_056,El refugio,ES2021_056_03,María Barranco,2,F,,WWE,UM,,AB,N
ES2021_056,El refugio,ES2021_056_04,Leo Harlem,3,M,HE,WWE,UM,SE,AB,N
ES2021_056,El refugio,ES2021_056_05,Antonio Dechent,3,M,,WWE,LM,EM,AB,N
ES2021_057,Sevillanas de Brooklyn,ES2021_057_01,Manolo Solo,2,M,HE,WWE,LM,EM,AB,N
ES2021_057,Sevillanas de Brooklyn,ES2021_057_02,María Alfonsa Rosso,3,F,HE,WWE,LM,RE,PD,Y
ES2021_058,Érase una vez en Euskadi,ES2021_058_01,María Alfonsa Rosso,3,F,HE,WWE,LM,RE,,
ES2021_059,El club del paro,ES2021_059_01,Antonio Resines,3,M,HE,WWE,UM,SE,AB,N
ES2021_060,El año de la furia,ES2021_060_01,Miguel Ángel Solá,3,M,HE,WLA,UM,EM,AB,N
ES2021_061,Ama,ES2021_061_01,Manuel de Blas,4,M,,WWE,MC,SE,AB,N
ES2021_061,Ama,ES2021_061_02,Chema del Barco,2,M,,WWE,MC,,AB,N
ES2021_062,Alegría,ES2021_062_01,Adelfa Calvo,2,F,,WWE,,,,
ES2021_063,Hombre muerto no sabe vivir,ES2021_063_01,Antonio Dechent,3,M,,WWE,MC,EM,AB,N
ES2021_063,Hombre muerto no sabe vivir,ES2021_063_02,Paco Tous,2,M,,WWE,MC,EM,AB,N
ES2021_063,Hombre muerto no sabe vivir,ES2021_063_03,Nancho Novo,3,M,,WWE,MC,EM,AB,N
ES2021_063,Hombre muerto no sabe vivir,ES2021_063_04,Juan Manuel Lara,2,M,,WWE,MC,EM,AB,N
ES2021_063,Hombre muerto no sabe vivir,ES2021_063_05,Juan Fernández,3,M,,WWE,,,,
ES2021_063,Hombre muerto no sabe vivir,ES2021_063_06,Manuel de Blas,4,M,HE,WWE,UM,SE,AB,N
ES2019_081,Padre no hay más que uno,ES2019_081_01,Leo Harlem,2,M,HE,WWE,MC,UN,AB,N
ES2019_082,Lo dejo cuando quiera,ES2019_082_01,Pedro Casablanc,2,M,,WWE,,,,
ES2019_082,Lo dejo cuando quiera,ES2019_082_02,Gracia Olayo,3,F,HE,WWE,MC,RE,AB,N
ES2019_082,Lo dejo cuando quiera,ES2019_082_03,Luis Varela,4,M,HE,WWE,MC,RE,AB,N
ES2019_083,Bajo el mismo techo,ES2019_083_01,Jordi Sánchez,1,M,HE,WWE,MC,EM,AB,N
ES2019_083,Bajo el mismo techo,ES2019_083_02,María Alfonsa Rosso,3,F,,WWE,,,,
ES2019_084,Los Japón,ES2019_084_01,Antonio Dechent,3,M,HE,WWE,LM,,AB,N
ES2019_085,El silencio de la ciudad blanca,ES2019_085_01,Manolo Solo,2,M,,WWE,,,,
ES2019_085,El silencio de la ciudad blanca,ES2019_085_02,Ramón Barea,3,M,HE,WWE,,,,
ES2019_085,El silencio de la ciudad blanca,ES2019_085_03,Pedro Casablanc,2,M,,WWE,,,,
ES2019_087,Intemperie,ES2019_087_01,Kandido Uranga,3,M,HE,WWE,LM,EM,AB,N
ES2019_088,La influencia,ES2019_088_01,Emma Suárez,2,F,HE,WWE,UM,UN,PD,Y
ES2019_088,La influencia,ES2019_088_02,Felipe García Vélez,3,M,,WWE,,,,
ES2019_088,La influencia,ES2019_088_03,Mariana Cordero,3,F,,WWE,,,,
ES2019_089,Litus,ES2019_089_01,María Jesús Hoyos,3,F,HE,WWE,MC,,AB,N
ES2019_089,Litus,ES2019_089_02,José Manuel Valdés,2,M,HE,WWE,MC,,AB,N
ES2019_090,El asesino de los caprichos,ES2019_090_01,Ginés García Millán,2,M,,WWE,UM,SE,AB,N
ES2019_090,El asesino de los caprichos,ES2019_090_02,Laura Cepeda,3,F,,WWE,UC,,AB,N
ES2019_091,Feedback,ES2019_091_01,Anthony Head,3,M,,WWE,,,,
ES2019_092,Antes de la quema,ES2019_092_01,Manuel Manquiña,3,M,HE,WWE,MC,SE,AB,N
ES2019_092,Antes de la quema,ES2019_092_02,María Alfonsa Rosso,3,F,,WWE,,,,
ES2019_093,Ventajas de viajar en tren,ES2019_093_01,Ramón Barea,3,M,HE,WWE,MC,RE,AB,N
ES2019_094,70 Binladens,ES2019_094_01,Fernando Albizu,2,M,,WWE,UM,EM,AB,N
ES2019_094,70 Binladens,ES2019_094_02,Emma Suárez,2,F,HE,WWE,MC,,AB,N
ES2019_095,Madre,ES2019_095_01,Anne Consigny,2,F,,WWE,,,,
ES2019_095,Madre,ES2019_095_02,Frédéric Pierrot,3,M,,WWE,,,,
ES2019_096,7 raons per fugir,ES2019_096_01,Francesc Orella,3,M,HE,WWE,MC,,AB,N
ES2019_096,7 raons per fugir,ES2019_096_02,Vicky Peña,3,F,,WWE,MC,,AB,N
ES2019_096,7 raons per fugir,ES2019_096_03,Ramon Fontserè,3,M,,WWE,MC,,AB,N
ES2019_096,7 raons per fugir,ES2019_096_04,Emma Suárez,2,F,HE,WWE,MC,,AB,N
ES2019_096,7 raons per fugir,ES2019_096_05,Manolo Solo,2,M,,WWE,MC,,AB,N
ES2019_096,7 raons per fugir,ES2019_096_06,Pepe Viyuela,2,M,HE,WWE,MC,SE,AB,N
ES2019_096,7 raons per fugir,ES2019_096_07,Jordi Sánchez,2,M,,WWE,MC,EM,AB,N
ES2018_069,Campeones,ES2018_069_01,Juan Margallo,3,M,,WWE,MC,SE,AB,N
ES2018_069,Campeones,ES2018_069_02,Luisa Gavasa,3,F,HE,WWE,UM,UN,AB,N
ES2018_070,Superlópez,ES2018_070_01,Pedro Casablanc,2,M,HE,WWE,LM,SE,AB,N
ES2018_070,Superlópez,ES2018_070_02,Gracia Olayo,3,F,HE,WWE,LM,SE,AB,N
ES2018_071,Yucatán,ES2018_071_01,Joan Pera,3,M,HE,WWE,UM,RE,AB,N
ES2018_071,Yucatán,ES2018_071_02,Gloria Muñoz,3,F,HE,WWE,UM,,AB,N
ES2018_073,El pacto,ES2018_073_01,Darío Grandinetti,3,M,HE,WLA,MC,,AB,N
ES2018_073,El pacto,ES2018_073_02,"Antonio Durán ""Morris""",3,M,,WWE,,,,
ES2018_074,Tiempo después,ES2018_074_01,Joan Pera,3,M,,WWE,MC,EM,AB,N
ES2018_074,Tiempo después,ES2018_074_02,Miguel Rellán,4,M,,WWE,MC,EM,AB,N
ES2018_074,Tiempo después,ES2018_074_03,César Sarachu,3,M,,WWE,LC,UN,AB,N
ES2018_076,La sombra de la ley,ES2018_076_01,Pep Tosar,2,M,HE,WWE,UM,EM,AB,N
ES2018_077,El mundo es suyo,ES2018_077_01,Pedro Álvarez-Ossorio,3,M,,WWE,UM,EM,AB,N
ES2018_077,El mundo es suyo,ES2018_077_02,Carlos Olalla,3,M,HE,WWE,UM,,AB,N
ES2018_079,El aviso,ES2018_079_01,Antonio Dechent,2,M,HE,WWE,MC,SE,AB,N
ES2018_079,El aviso,ES2018_079_02,Julieta Serrano,4,F,HE,WWE,,,AB,N
ES2018_079,El aviso,ES2018_079_03,"Antonio Durán ""Morris""",3,M,HE,WWE,MC,,AB,N
ES2018_080,Las leyes de la termodinámica,ES2018_080_01,Josep Maria Pou,3,M,,WWE,UM,EM,,
ES2018_081,Errementari,ES2018_081_01,Kandido Uranga,3,M,,WWE,LM,SE,AB,N
ES2018_081,Errementari,ES2018_081_02,Ramón Agirre,3,M,,WWE,MC,EM,AB,N
ES2018_081,Errementari,ES2018_081_03,José Ramón Argoitia,4,M,,WWE,MC,EM,AB,N
ES2018_082,Viaje al cuarto de una madre,ES2018_082_01,Pedro Casablanc,2,M,HE,WWE,LM,,AB,N
ES2018_082,Viaje al cuarto de una madre,ES2018_082_02,Silvia Casanova,4,F,,WWE,,,,
ES2018_082,Viaje al cuarto de una madre,ES2018_082_03,Adelfa Calvo,2,F,,WWE,,,,
ES2018_084,El desentierro,ES2018_084_01,Jordi Rebellón,3,M,HE,WWE,UM,SE,AB,N
ES2018_085,Bajo la piel de lobo,ES2018_085_01,Kandido Uranga,3,M,HE,WWE,LM,SE,AB,N
ES2018_086,Animales sin collar,ES2018_086_01,Mariana Cordero,3,F,HE,WWE,MC,,AB,N
ES2018_088,Dhogs,ES2018_088_01,"Antonio Durán ""Morris""",3,M,,WWE,MC,SE,AB,N
ES2018_089,Ana de día,ES2018_089_01,Fernando Albizu,2,M,HO,WWE,MC,EM,AB,N
ES2018_089,Ana de día,ES2018_089_02,María José Alfonso,4,F,,WWE,,,,
ES2020_068,Adú,ES2020_068_01,Ana Wagener,2,F,,WWE,,,,
ES2020_069,Operación Camarón,ES2020_069_01,Adelfa Calvo,2,F,,WWE,,,,
ES2020_069,Operación Camarón,ES2020_069_02,Paco Tous,2,M,,WWE,MC,EM,AB,N
ES2020_069,Operación Camarón,ES2020_069_03,Antonio Dechent,3,M,HE,WWE,,,,
ES2020_070,Hasta que la boda nos separe,ES2020_070_01,Antonio Dechent,3,M,HE,WWE,UM,,AB,N
ES2020_070,Hasta que la boda nos separe,ES2020_070_02,Gracia Olayo,3,F,HE,WWE,UM,,AB,N
ES2020_070,Hasta que la boda nos separe,ES2020_070_03,Leo Harlem,3,M,,WWE,MC,EM,AB,N
ES2020_070,Hasta que la boda nos separe,ES2020_070_04,Jordi Sánchez,2,M,HE,WWE,UM,SE,AB,N
ES2020_072,El verano que vivimos,ES2020_072_01,Manuel Morón,3,M,,WWE,,,,
ES2020_072,El verano que vivimos,ES2020_072_02,Mercedes Sampietro,3,F,HE,WWE,UM,,,
ES2020_072,El verano que vivimos,ES2020_072_03,Adelfa Calvo,2,F,,WWE,,,,
ES2020_072,El verano que vivimos,ES2020_072_04,"Antonio Durán ""Morris""",3,M,,WWE,MC,EM,AB,N
ES2020_073,Las niñas,ES2020_073_01,Francesca Piñón,2,F,,WWE,LM,EM,AB,N
ES2020_074,Voces,ES2020_074_01,Ramón Barea,3,M,,WWE,MC,SE,AB,N
ES2020_075,Explota Explota,ES2020_075_01,Pedro Casablanc,2,M,HE,WWE,UM,EM,AB,N
ES2020_075,Explota Explota,ES2020_075_02,Carlos Hipólito,3,M,,WWE,,,,
ES2020_076,Ni de coña,ES2020_076_01,Jordi Sánchez,2,M,HE,WWE,UM,SE,AB,N
ES2020_077,La vampira de Barcelona,ES2020_077_01,Sergi López,2,M,,WWE,UM,EM,AB,N
ES2020_077,La vampira de Barcelona,ES2020_077_02,Mario Gas,4,M,,WWE,UM,EM,AB,N
ES2020_077,La vampira de Barcelona,ES2020_077_03,Francesca Piñón,3,F,,WWE,LM,EM,AB,N
ES2020_077,La vampira de Barcelona,ES2020_077_04,Francesc Orella,3,M,,WWE,UC,SE,AB,N
ES2020_078,Ane,ES2020_078_01,Fernando Albizu,2,M,,WWE,MC,EM,AB,N
ES2020_078,Ane,ES2020_078_02,Karmele Larrinaga,2,F,,WWE,LM,SE,AB,N
GB2021_053,The Electrical Life of Louis Wain,GB2021_053_01,Phoebe Nicholls,3,F,HE,WWE,UM,UN,AB,N
GB2021_053,The Electrical Life of Louis Wain,GB2021_053_02,Nick Cave,3,M,HE,WWE,UM,SE,AB,N
GB2021_054,Nowhere Special,GB2021_054_01,Carol Moore,3,F,,WWE,,,,
GB2021_055,Dream Horse,GB2021_055_01,Owen Teale,3,M,HE,WWE,LM,,AB,N
GB2021_055,Dream Horse,GB2021_055_02,Alan David,3,M,,WWE,LM,,AB,N
GB2021_055,Dream Horse,GB2021_055_03,Lynda Baron,4,F,,WWE,LM,,AB,N
GB2021_055,Dream Horse,GB2021_055_04,Karl Johnson,3,M,,WWE,LM,UN,AB,N
GB2021_055,Dream Horse,GB2021_055_05,Siân Phillips,4,F,,WWE,LM,RE,AB,N
GB2021_056,The Power of the Dog,GB2021_056_01,Peter Carroll,3,M,HE,WNA,UC,SE,AB,N
GB2021_056,The Power of the Dog,GB2021_056_02,Frances Conroy,3,F,HE,WNA,UC,SE,AB,N
GB2021_056,The Power of the Dog,GB2021_056_03,Alison Bruce,3,F,HE,WNA,UC,UN,AB,N
GB2021_056,The Power of the Dog,GB2021_056_04,Keith Carradine,3,M,HE,WNA,UC,EM,AB,N
GB2021_057,Censor,GB2021_057_01,Michael Smiley,2,M,,WWE,UM,SE,AB,N
GB2021_057,Censor,GB2021_057_02,Adrian Schiller,2,M,HE,WWE,MC,,AB,N
GB2021_057,Censor,GB2021_057_03,Clare Holman,2,F,HE,WWE,MC,,AB,N
GB2020_049,Falling for Figaro,GB2020_049_01,Joanna Lumley,3,F,HE,WWE,MC,SE,AB,N
GB2020_049,Falling for Figaro,GB2020_049_02,Gary Lewis,3,M,HE,WWE,MC,SE,AB,N
GB2020_050,Stardust,GB2020_050_01,Julian Richings,3,M,,WWE,UM,EM,AB,N
GB2020_051,The Reckoning,GB2020_051_01,Sean Pertwee,2,M,HE,WWE,UM,EM,AB,N
GB2020_051,The Reckoning,GB2020_051_02,Bill Fellows,3,M,HE,WWE,LM,,AB,N
GB2021_058,Boys from County Hell,GB2021_058_01,John Lynch,3,M,HE,WWE,LM,EM,AB,N
GB2021_060,Surge,GB2021_060_01,Bogdan Kominowski,3,M,,WEE,,,,
GB2021_060,Surge,GB2021_060_02,Ian Gelder,3,M,HE,WWE,LM,,AB,N
GB2021_060,Surge,GB2021_060_03,Ellie Haddington,3,F,HE,WWE,LM,,AB,N
GB2021_061,The Nest,GB2021_061_01,Wendy Crewson,3,M,HE,WNA,,,,
GB2021_061,The Nest,GB2021_061_02,Michael Culkin,3,M,HE,WWE,UM,SE,AB,N
GB2021_061,The Nest,GB2021_061_03,Annabel Leventon,3,F,HE,WWE,UM,UN,AB,N
GB2021_061,The Nest,GB2021_061_04,Anne Reid,4,F,HE,WWE,,,,
GB2021_062,Ammonite,GB2021_062_01,Gemma Jones,3,F,HE,WWE,LM,EM,AB,N
GB2021_062,Ammonite,GB2021_062_02,Fiona Shaw,3,F,HE,WWE,UM,UN,AB,N
GB2020_044,The Rhythm Section,GB2020_044_01,Matilda Ziegler,2,F,HE,WWE,,,,
GB2020_044,The Rhythm Section,GB2020_044_02,Geoff Bell,2,M,,WWE,,,,
GB2020_044,The Rhythm Section,GB2020_044_03,Nasser Memarzia,3,M,,MEA,,,,
GB2020_044,The Rhythm Section,GB2020_044_04,Amira Ghazalla,3,F,,MEA,,,,
GB2019_085,Rocketman,GB2019_085_01,Gemma Jones,3,F,,WWE,MC,,AB,N
GB2019_085,Rocketman,GB2019_085_02,Harriet Walter,3,F,,WWE,,,,
GB2019_086,Horrible Histories: The Movie - Rotten Romans,GB2019_086_01,Rupert Graves,2,M,,WWE,UC,EM,AB,N
GB2019_086,Horrible Histories: The Movie - Rotten Romans,GB2019_086_02,Derek Jacobi,4,M,,WWE,UM,EM,AB,N
GB2019_086,Horrible Histories: The Movie - Rotten Romans,GB2019_086_03,Kim Cattrall,3,F,HE,WWE,UC,SE,AB,N
GB2020_049,Radioactive,GB2020_049_01,Simon Russell Beale,2,M,HE,WWE,UM,EM,AB,N
GB2019_087,The Informer,GB2019_087_01,Clive Owen,2,M,,WNA,MC,EM,AB,N
GB2019_087,The Informer,GB2019_087_02,Eugene Lipinski,3,M,,WEE,UM,SE,AB,N
GB2019_090,Sometimes Always Never,GB2019_090_01,Bill Nighy,3,M,HE,WWE,MC,,AB,N
GB2019_090,Sometimes Always Never,GB2019_090_02,Tim McInnerny,3,M,HE,WWE,MC,,AB,N
GB2019_091,Animals,GB2019_091_01,Olwen Fouéré,3,F,,WWE,,,,
GB2019_092,In Fabric,GB2019_092_01,Richard Bremmer,3,M,,WWE,,,AB,N
GB2019_093,The Last Tree,GB2019_093_01,Denise Black,3,F,,WWE,LM,SE,AB,N
GB2019_094,The Favourite,GB2019_094_01,James Smith,3,M,HE,WWE,UC,EM,AB,N
GB2018_078,Patrick,GB2018_078_01,Ann Queensberry,4,F,HE,WWE,MC,RE,,
GB2018_078,Patrick,GB2018_078_02,Peter Davison,3,M,,WWE,MC,EM,AB,N
GB2018_078,Patrick,GB2018_078_03,Gemma Jones,3,F,HE,WWE,MC,,AB,N
GB2018_078,Patrick,GB2018_078_04,Jennifer Saunders,3,F,HE,WWE,LM,EM,AB,N
GB2018_079,Nativity Rocks!,GB2018_079_01,Celia Imrie,3,F,,WWE,MC,EM,AB,N
GB2018_080,Mary Shelley,GB2018_080_01,Stephen Dillane,3,M,HE,WWE,UM,,AB,N
GB2018_081,7 Days in Entebbe,GB2018_081_01,Brontis Jodorowsky,2,M,,WLA,UM,EM,AB,N
GB2018_082,Edie,GB2018_082_01,Sheila Hancock,4,F,HE,WWE,MC,RE,AB,N
GB2018_083,Swimming with Men,GB2018_083_01,Rupert Graves,2,M,HE,WWE,MC,EM,AB,N
GB2018_083,Swimming with Men,GB2018_083_02,Jim Carter,3,M,HE,WWE,MC,RE,AB,N
GB2018_083,Swimming with Men,GB2018_083_03,Nathaniel Parker,2,M,HE,WWE,MC,EM,AB,N
GB2018_084,Peterloo,GB2018_084_01,Philip Jackson,3,M,,WWE,MC,,AB,N
GB2018_084,Peterloo,GB2018_084_02,Karl Johnson,3,M,,WWE,UC,EM,AB,N
GB2018_084,Peterloo,GB2018_084_03,Kenneth Hadley,3,M,,WWE,UM,,AB,N
GB2018_084,Peterloo,GB2018_084_04,Tim McInnerny,3,M,HE,WWE,UC,EM,AB,N
GB2018_087,Funny Cow,GB2018_087_01,Tony Pitts,2,M,HE,WWE,LM,,AB,N
GB2018_087,Funny Cow,GB2018_087_02,Kevin Rowland,3,M,,WWE,MC,,AB,N
GB2018_087,Funny Cow,GB2018_087_03,Alun Armstrong,3,M,,WWE,MC,SE,AB,N
GB2018_088,The Escape,GB2018_088_01,Frances Barber,3,F,HE,WWE,MC,,AB,N
GB2018_088,The Escape,GB2018_088_02,Marthe Keller,3,F,HE,WWE,MC,,AB,N
GB2018_089,In Darkness,GB2018_089_01,James Cosmo,3,M,,WWE,,,AB,N
GB2018_092,Journeyman,GB2018_092_01,Tony Pitts,2,M,HE,WWE,LM,,AB,N
GB2018_092,Journeyman,GB2018_092_02,Brendan Ingle,4,M,HE,WWE,MC,,,
GB2018_093,The Last Witness,GB2018_093_01,Michael Gambon,4,M,,WWE,MC,SE,AB,N
GB2018_093,The Last Witness,GB2018_093_02,Anita Carey,3,F,,WWE,,,,
IT2018_001,A casa tutti bene,IT2018_001_01,Stefania Sandrelli,4,F,HE,WWE,MC,,,N
IT2018_001,A casa tutti bene,IT2018_001_02,Ivano Marescotti,4,M,HE,WWE,MC,,,N
IT2018_002,Benedetta follia,IT2018_002_01,Carlo Verdone,3,M,HE,WWE,MC,SE,AB,N
IT2018_003,La Befana vien di notte,IT2018_003_01,Paola Cortellesi,4,F,,WWE,LC,SE,AB,N
IT2018_004,Amici come prima,IT2018_004_02,Christian De Sica,3,GF,HE,WWE,MC,EM,AB,N
IT2018_004,Amici come prima,IT2018_004_01,Massimo Boldi,4,M,HE,WWE,UM,SE,,N
IT2018_005,Moschettieri del re: La Penultima Missione,IT2018_005_01,Rocco Papaleo,3,M,HE,WWE,LC,EM,AB,N
IT2018_005,Moschettieri del re: La Penultima Missione,IT2018_005_02,Sergio Rubini,3,M,HE,WWE,LC,EM,AB,N
IT2018_006,Loro 1,IT2018_006_02,Elena Sofia Ricci,3,F,HE,WWE,UC,UN,AB,N
IT2018_006,Loro 1,IT2018_006_01,Toni Servillo,3,M,HE,WWE,UC,EM,AB,N
IT2018_008,The Leisure Seeker,IT2018_008_01,Helen Mirren,4,F,HE,WWE,LM,RE,CI,N
IT2018_008,The Leisure Seeker,IT2018_008_02,Donald Sutherland,4,M,HE,WWE,LM,RE,CI,N
IT2018_013,Loro 2,IT2018_013_02,Elena Sofia Ricci,3,F,HE,WWE,UC,UN,AB,N
IT2018_013,Loro 2,IT2018_013_01,Toni Servillo,3,M,HE,WWE,UC,EM,AB,N
IT2018_014,Puoi baciare lo sposo,IT2018_014_02,Monica Guerritore,3,F,HE,WWE,MC,,AB,N
IT2018_014,Puoi baciare lo sposo,IT2018_014_01,Diego Abatantuono,3,M,HE,WWE,MC,EM,AB,N
IT2018_015,Sono tornato,IT2018_015_01,Massimo Popolizio,2,M,HE,WWE,LM,SE,AB,N
IT2018_016,Una festa esagerata,IT2018_016_01,Vincenzo Salemme,3,M,HE,WWE,MC,EM,AB,N
IT2018_018,Arrivano i prof,IT2018_018_01,Claudio Bisio,2,M,,WWE,LM,EM,AB,N
IT2018_018,Arrivano i prof,IT2018_018_02,Maurizio Nichetti,3,M,,WWE,LM,EM,AB,N
IT2018_019,Io sono Tempesta,IT2018_019_01,Marco Giallini,3,M,HE,WWE,UM,SE,AB,N
IT2018_022,Io c'è,IT2018_022_01,Margherita Buy,2,F,,WWE,MC,SE,AB,N
IT2018_026,Sconnessi,IT2018_026_01,Fabrizio Bentivoglio,3,M,HE,WWE,MC,SE,AB,N
IT2018_030,Cosa fai a Capodanno?,IT2018_030_01,Alessandro Haber,4,M,HE,WWE,UM,EM,PD,Y
IT2018_031,Michelangelo - Infinito,IT2018_031_01,Ivano Marescotti,4,M,,WWE,MC,SE,AB,N
IT2018_032,Ricchi di fantasia,IT2018_032_01,Sergio Castellitto,3,M,HE,WWE,LM,EM,AB,N
IT2018_037,Tu mi nascondi qualcosa,IT2018_037_01,Rocco Papaleo,3,M,HE,WWE,MC,SE,TD,N
IT2018_038,Hotel Gagarin,IT2018_038_01,Claudio Amendola,2,M,HE,WWE,LM,EM,AB,N
IT2018_039,Il tuttofare,IT2018_039_01,Sergio Castellitto,3,M,HE,WWE,UM,EM,AB,N
IT2018_042,La prima pietra,IT2018_042_02,Iaia Forte,2,F,HE,WWE,LM,,AB,N
IT2018_042,La prima pietra,IT2018_042_01,Serra Yilmaz,3,F,HE,MEA,LM,,AB,N
IT2018_043,Nobili bugie,IT2018_043_03,Ivano Marescotti,3,M,HE,WWE,MC,UN,AB,N
IT2018_043,Nobili bugie,IT2018_043_01,Claudia Cardinale,4,F,HE,WWE,UC,UN,AB,N
IT2018_043,Nobili bugie,IT2018_043_02,Raffaele Pisu,4,M,HE,WWE,UC,UN,AB,N
IT2018_044,Un nemico che ti vuole bene,IT2018_044_01,Diego Abatantuono,3,M,HE,WWE,UM,EM,AB,N
IT2018_045,Achille Tarallo,IT2018_045_01,Biagio Izzo,2,M,HE,WWE,LM,EM,AB,N
IT2018_046,Bob & Marys,IT2018_046_01,Rocco Papaleo,2,M,HE,WWE,LM,EM,AB,N
IT2018_046,Bob & Marys,IT2018_046_02,Laura Morante,2,F,HE,WWE,LM,UN,AB,N
IT2018_055,Il bene mio,IT2018_055_01,Sergio Rubini,2,M,HE,WWE,LM,UN,AB,N
IT2018_066,Ovunque proteggimi,IT2018_066_01,Alessandro Gazale,2,M,HE,WWE,LC,UN,AB,N
IT2018_067,Il mio nome è Thomas,IT2018_067_01,Terence Hill,3,M,HE,WWE,LM,UN,AB,N
IT2018_068,Menocchio,IT2018_068_01,Marcello Martini,3,M,,WWE,LC,SE,AB,N
IT2018_070,In viaggio con Adele,IT2018_070_01,Alessandro Haber,3,M,HE,WWE,LM,SE,AB,N
IT2018_071,Hannah,IT2018_071_01,Charlotte Rampling,3,F,HE,WWE,LM,EM,AB,N
IT2018_077,Il ragazzo più felice del mondo,IT2018_077_01,Gian Alfonso Pacinotti Gipi,2,M,,WWE,LM,SE,AB,N
IT2018_079,Due piccoli italiani,IT2018_079_01,Paolo Sassanelli,2,M,HE,WWE,LM,UN,PD,N
IT2018_080,Resina,IT2018_080_01,Thierry Toscan,3,M,,WWE,LM,RE,AB,N
IT2018_088,Isabelle,IT2018_088_01,Ariane Ascaride,3,F,HE,WWE,MC,EM,AB,N
IT2018_099,Te lo dico pianissimo,IT2018_099_01,Lucia Vasini,3,F,HE,WWE,MC,,AB,N
IT2018_101,Pane dal Cielo,IT2018_101_01,Sergio Leone,2,M,HE,WWE,LC,UN,AB,N
IT2018_102,Din Don - Una parrocchia in due,IT2018_102_01,Enzo Salvi,2,M,,WWE,LM,EM,AB,N
IT2018_102,Din Don - Una parrocchia in due,IT2018_102_02,Maurizio Battista,2,M,,WWE,LM,EM,AB,N
IT2018_105,Cattivi & Cattivi,IT2018_105_01,Massimo Bonetti,3,M,HE,WWE,LM,EM,AB,N
IT2018_108,Buon lavoro,IT2018_108_01,Giancarlo Giannini,3,M,,WWE,LM,EM,AB,N
IT2018_110,Oltre la nebbia - Il mistero di Rainer Merz,IT2018_110_01,Pippo Delbono,3,M,HE,WWE,LM,EM,AB,N
IT2018_112,Wine to love,IT2018_112_01,Ornella Muti,3,F,HE,WWE,MC,,AB,N
IT2019_002,Pinocchio,IT2019_002_01,Roberto Benigni,3,M,HE,WWE,LC,SE,AB,N
IT2019_010,Non ci resta che il crimine,IT2019_010_01,Marco Giallini,2,M,,WWE,LM,SE,AB,N
IT2019_013,L'uomo del labirinto,IT2019_013_01,Dustin Hoffman,3,M,,WWE,MC,EM,AB,N
IT2019_013,L'uomo del labirinto,IT2019_013_02,Toni Servillo,3,M,HE,WWE,LM,EM,CI,N
IT2019_014,Domani è un altro giorno,IT2019_014_01,Marco Giallini,3,M,HE,WWE,MC,EM,CI,N
IT2019_016,Bentornato presidente,IT2019_016_01,Claudio Bisio,3,M,HE,WWE,LM,EM,AB,N
IT2019_019,Sono solo fantasmi,IT2019_019_01,Christian De Sica,3,M,HE,WWE,LM,SE,AB,N
IT2019_019,Sono solo fantasmi,IT2019_019_02,Carlo Buccirosso,3,M,HE,WWE,MC,SE,AB,N
IT2019_020,Modalità aereo,IT2019_020_01,Pasquale Lillo Petrolo,2,M,HE,WWE,LM,EM,AB,N
IT2019_021,Croce e delizia,IT2019_021_01,Fabrizio Bentivoglio,3,M,HO,WWE,UM,SE,AB,N
IT2019_022,Compromessi sposi,IT2019_022_01,Vincenzo Salemme,3,M,HE,WWE,MC,EM,AB,N
IT2019_022,Compromessi sposi,IT2019_022_02,Diego Abatantuono,3,M,HE,WWE,MC,SE,AB,N
IT2019_023,Scappo a casa,IT2019_023_01,Aldo Baglio,2,M,HE,WWE,LM,EM,AB,N
IT2019_026,Suspiria,IT2019_026_01,Tilda Swinton,4,M,HE,WWE,MC,SE,,N
IT2019_028,Se mi vuoi bene,IT2019_028_01,Claudio Bisio,2,M,HE,WWE,MC,SE,AB,N
IT2019_030,L'uomo che comprò la luna,IT2019_030_01,Francesco Pannofino,3,M,,WWE,LM,EM,AB,N
IT2019_032,5 è il numero perfetto,IT2019_032_01,Toni Servillo,3,M,HE,WWE,LM,RE,AB,N
IT2019_038,Genitori quasi perfetti,IT2019_038_01,Paolo Calabresi,2,M,HE,WWE,MC,,AB,N
IT2019_045,Il grande spirito,IT2019_045_01,Sergio Rubini,3,M,,WWE,LC,SE,AB,N
IT2019_045,Il grande spirito,IT2019_045_02,Rocco Papaleo,3,M,HE,WWE,LC,,PD,N
IT2019_046,Il grande salto,IT2019_046_01,Giorgio Tirabassi,2,M,HE,WWE,LM,SE,AB,N
IT2019_049,Dolceroma,IT2019_049_01,Luca Barbareschi,3,M,HE,WWE,MC,SE,AB,N
IT2019_057,Effetto Domino,IT2019_057_01,Diego Ribon,3,M,HE,WWE,MC,SE,AB,N
IT2019_061,Non Ci Resta Che Ridere,IT2019_061_01,Alessandro Paci,2,M,HE,WWE,,,AB,N
IT2019_067,Tutto liscio,IT2019_067_01,Piero Maggiò,2,M,HE,WWE,LM,SE,AB,N
IT2019_069,Il flauto magico di Piazza Vittorio,IT2019_069_01,Fabrizio Bentivoglio,3,M,,,,,,N
IT2019_072,Ed è subito sera,IT2019_072_01,Franco Nero,3,M,HE,WWE,MC,EM,AB,N
IT2019_074,Il conte magico,IT2019_074_02,Eraldo Turra,2,M,,WWE,,,AB,N
IT2019_074,Il conte magico,IT2019_074_01,Luciano Manzalini,3,M,,WWE,,,PD,Y
IT2019_076,Il Giovane Pertini Combattente per la libertà,IT2019_076_01,Dominique Sanda,4,F,HE,WWE,LM,RE,CI,N
IT2019_078,Nevermind,IT2019_078_01,Paolo Sassanelli,3,M,,WWE,MC,SE,AB,N
IT2019_079,Qui Non Si Muore,IT2019_079_02,Margherita Fumero,4,F,,WWE,LM,,AB,N
IT2019_079,Qui Non Si Muore,IT2019_079_01,Tony Sperandeo,4,M,,WWE,LM,EM,AB,N
IT2020_003,Odio l'estate,IT2020_003_01,Aldo Baglio,2,M,HE,WWE,LM,EM,AB,N
IT2020_003,Odio l'estate,IT2020_003_02,Giacomo Poretti,2,M,HE,WWE,MC,SE,AB,N
IT2020_003,Odio l'estate,IT2020_003_03,Giovanni Storti,2,M,HE,WWE,MC,SE,AB,N
IT2020_004,Gli anni più belli,IT2020_004_03,Micaela Ramazzotti,5,F,HE,WWE,MC,,AB,N
IT2020_004,Gli anni più belli,IT2020_004_01,Pierfrancesco Favino,5,M,HE,WWE,MC,SE,AB,N
IT2020_004,Gli anni più belli,IT2020_004_02,Kim Rossi Stuart,5,M,HE,WWE,LM,EM,AB,N
IT2020_004,Gli anni più belli,IT2020_004_04,Claudio Santamaria,5,M,HE,WWE,LM,SE,AB,N
IT2020_005,Hammamet,IT2020_005_01,Pierfrancesco Favino,3,M,HE,WWE,UM,RE,CI,Y
IT2020_009,Volevo nascondermi,IT2020_009_01,Elio Germano,5,M,HE,WWE,LC,SE,PD,N
IT2020_010,Lacci,IT2020_010_01,Laura Morante,3,F,HE,WWE,LM,,AB,N
IT2020_010,Lacci,IT2020_010_02,Silvio Orlando,3,M,HE,WWE,LM,RE,AB,N
IT2020_011,Waiting for the Barbarians,IT2020_011_01,Mark Rylance,3,M,HE,WWE,UM,EM,AB,N
IT2020_011,Waiting for the Barbarians,IT2020_011_02,Johnny Depp,3,M,HE,WWE,UM,EM,AB,N
IT2020_012,Le sorelle Macaluso,IT2020_012_01,Maria Rosaria Alati,3,F,HE,WWE,LC,RE,,N
IT2020_012,Le sorelle Macaluso,IT2020_012_02,Ileana Riganò,3,F,HE,WWE,LC,RE,,N
IT2020_012,Le sorelle Macaluso,IT2020_012_03,Rosalba Bologna,3,F,HE,WWE,LC,RE,,N
IT2020_014,Non odiare,IT2020_014_01,Alessandro Gassmann,2,M,HE,WWE,UM,EM,AB,N
IT2020_015,Lasciami andare,IT2020_015_01,Valeria Golino,2,F,HE,WWE,UM,SE,AB,N
IT2020_016,Lockdown all'italiana,IT2020_016_01,Ezio Greggio,3,M,HE,WWE,UM,SE,AB,N
IT2020_017,Burraco fatale,IT2020_017_01,Angela Finocchiaro,2,F,HE,WWE,MC,UN,AB,N
IT2020_020,I predatori,IT2020_020_01,Massimo Popolizio,3,M,HE,WWE,UM,EM,AB,N
IT2020_021,Mai per sempre,IT2020_021_01,Cristina Donadio,3,F,HE,WWE,MC,,AB,N
IT2020_023,Villetta con ospiti,IT2020_023_01,Marco Giallini,3,M,HE,WWE,MC,SE,AB,N
IT2020_024,Lontano lontano,IT2020_024_01,Gianni Di Gregorio,4,M,HE,WWE,MC,RE,AB,N
IT2020_024,Lontano lontano,IT2020_024_02,Ennio Fantastichini,4,M,HE,WWE,LM,RE,AB,N
IT2020_024,Lontano lontano,IT2020_024_03,Giorgio Colangeli,4,M,HE,WWE,LM,RE,AB,N
IT2020_025,Creators: The Past,IT2020_025_01,Gérard Depardieu,4,M,,WWE,,,AB,N
IT2020_025,Creators: The Past,IT2020_025_02,William Shatner,4,M,,WWE,,,AB,N
IT2020_025,Creators: The Past,IT2020_025_03,Bruce Payne,4,M,,WWE,,,AB,N
IT2020_025,Creators: The Past,IT2020_025_04,Marc Fiorini,4,M,,WWE,,,AB,N
IT2020_029,Assandira,IT2020_029_01,Gavino Ledda,4,M,HE,WWE,LC,SE,AB,N
IT2020_031,Picciridda - Con i piedi nella sabbia,IT2020_031_01,Lucia Sardo,4,F,HE,WWE,LM,RE,AB,N
IT2020_032,Ammen,IT2020_032_02,Davide Marotta,3,M,HE,WWE,,,PD,N
IT2020_032,Ammen,IT2020_032_01,Maurizio Mattioli,4,M,,WWE,LM,EM,AB,N
IT2020_034,L'agnello,IT2020_034_01,Luciano Curreli,3,M,HE,WWE,LM,SE,CI,N
IT2020_035,Siberia,IT2020_035_01,Willem Dafoe,3,M,HE,WWE,LM,SE,AB,N
IT2020_039,Palazzo di giustizia,IT2020_039_01,Nicola Rignanese,3,M,HE,WWE,LM,SE,AB,N
IT2020_040,Il Drago di Romagna,IT2020_040_01,Dilva Ragazzini,4,F,HE,WWE,LM,RE,AB,N
IT2020_041,Il Ladro di Cardellini,IT2020_041_01,Nando Paone,3,M,HE,WWE,LM,UN,TD,N
IT2020_042,Sulle mie spalle,IT2020_042_01,Paolo De Vita,3,M,,WEE,LM,EM,AB,N
IT2020_043,La volta buona,IT2020_043_01,Massimo Ghini,3,M,HE,WWE,LM,UN,AB,N
IT2020_045,La vacanza,IT2020_045_01,Catherine Spaak,3,F,HE,WWE,MC,RE,CI,N
IT2020_047,Buio,IT2020_047_01,Valerio Binasco,3,M,HE,WWE,LM,EM,AB,N
IT2020_050,La partita,IT2020_050_01,Francesco Pannofino,3,M,HE,WWE,LM,EM,AB,N
IT2020_050,La partita,IT2020_050_02,Alberto Di Stasio,3,M,HE,WWE,LM,EM,AB,N
IT2020_051,Nour,IT2020_051_01,Sergio Castellitto,3,M,HE,WWE,MC,EM,AB,N
IT2020_052,La Val che urla,IT2020_052_01,Piergiorgio Piccoli,2,M,HE,WWE,MC,UN,AB,N
IT2020_058,D.N.A.: Decisamente non adatti,IT2020_058_01,Claudio Greg Gregori,2,M,HE,WWE,MC,EM,AB,N
IT2020_058,D.N.A.: Decisamente non adatti,IT2020_058_02,Pasquale Lillo Petrolo,2,M,HE,WWE,LM,EM,AB,N
IT2020_060,Al Dio ignoto,IT2020_060_01,Paolo Bonacelli,4,M,,WWE,,RE,PD,N
IT2020_061,Una storia d'arte,IT2020_061_01,Loretta Micheloni,3,F,HE,WWE,UM,,AB,N
IT2020_063,Un eretico in corsia - a heretic in the ward,IT2020_063_01,Ciro Scalera,3,M,,WWE,LM,EM,TD,N
IT2020_064,Lui è mio padre,IT2020_064_01,Gianni Parisi,3,M,HE,WWE,LM,EM,AB,N
IT2020_067,La mia banda suona il pop,IT2020_067_03,Angela Finocchiaro,3,F,HE,WWE,LM,EM,AB,N
IT2020_067,La mia banda suona il pop,IT2020_067_01,Christian De Sica,3,M,HE,WWE,LM,SE,AB,N
IT2020_067,La mia banda suona il pop,IT2020_067_02,Massimo Ghini,3,M,HE,WWE,LM,EM,AB,N
IT2020_067,La mia banda suona il pop,IT2020_067_04,Paolo Rossi,3,M,HE,WWE,LM,SE,AB,N
IT2020_067,La mia banda suona il pop,IT2020_067_05,Diego Abatantuono,3,M,HE,WWE,LM,SE,AB,N
IT2020_069,La vita davanti a sé,IT2020_069_01,Sophia Loren,4,F,HE,WWE,LM,SE,AB,N
IT2020_070,Last words,IT2020_070_01,Charlotte Rampling,3,F,HE,NEU,,,AB,N
IT2020_070,Last words,IT2020_070_03,Stellan Skarsgård,3,M,HE,CEU,,,AB,N
IT2020_070,Last words,IT2020_070_02,Nick Nolte,4,M,HE,WNA,,,AB,N
IT2020_071,È per il tuo bene,IT2020_071_02,Isabella Ferrari,2,F,HE,WWE,MC,,AB,N
IT2020_071,È per il tuo bene,IT2020_071_01,Marco Giallini,3,M,HE,WWE,MC,EM,AB,N
IT2020_071,È per il tuo bene,IT2020_071_03,Vincenzo Salemme,3,M,HE,WWE,MC,,AB,N
IT2021_001,Lei mi parla ancora,IT2021_001_01,Renato Pozzetto,4,M,HE,WWE,UM,RE,PD,Y
IT2021_005,Il cattivo poeta,IT2021_005_01,Sergio Castellitto,3,M,HE,WWE,UC,SE,PD,Y
IT2021_009,School of mafia,IT2021_009_01,Emilio Solfrizzi,2,M,HE,WWE,LM,SE,AB,N
IT2021_011,Boys,IT2021_011_01,Neri Marcorè,3,M,HE,WWE,MC,SE,AB,N
IT2021_011,Boys,IT2021_011_02,Giovanni Storti,3,M,HE,WWE,MC,SE,AB,N
IT2021_011,Boys,IT2021_011_03,Marco Paolini,3,M,HE,WWE,MC,SE,AB,N
IT2021_011,Boys,IT2021_011_04,Giorgio Tirabassi,3,M,HE,WWE,MC,SE,AB,N
IT2021_014,Occhi blu,IT2021_014_01,Valeria Golino,2,F,,WWE,MC,EM,AB,N
IT2021_019,Il mostro della cripta,IT2021_019_01,Pasquale Lillo Petrolo,2,M,,WWE,LM,SE,AB,N
IT2021_020,Free - liberi,IT2021_020_03,Enzo Salvi,2,M,HE,WWE,MC,EM,AB,N
IT2021_020,Free - liberi,IT2021_020_04,Corinne Cléry,3,F,HE,WWE,MC,RE,CI,Y
IT2021_020,Free - liberi,IT2021_020_05,Babak Karimi,3,M,HE,MEA,MC,RE,AB,N
IT2021_020,Free - liberi,IT2021_020_06,Antonio Catania,3,M,HE,WEE,LM,SE,AB,N
IT2021_020,Free - liberi,IT2021_020_01,Sandra Milo,4,F,HE,WEE,MC,RE,AB,N
IT2021_020,Free - liberi,IT2021_020_02,Ivano Marescotti,4,M,HE,WWE,MC,RE,AB,N
IT2021_022,Qui rido io,IT2021_022_01,Toni Servillo,2,M,HE,WWE,LM,SE,AB,N
IT2021_025,Il silenzio grande,IT2021_025_01,Margherita Buy,2,F,HE,WWE,UM,UN,AB,N
IT2021_028,Il buco,IT2021_028_01,Nicola Lanza,3,M,,WWE,LC,SE,AB,N
IT2021_029,Sulla giostra,IT2021_029_01,Lucia Sardo,3,F,HE,WWE,LM,EM,AB,N
IT2021_032,Ai confini del male,IT2021_032_01,Massimo Popolizio,2,M,HE,WWE,MC,EM,AB,N
IT2021_033,Con tutto il cuore,IT2021_033_01,Vincenzo Salemme,2,M,HE,WWE,MC,EM,CI,N
IT2021_034,Il materiale emotivo,IT2021_034_01,Sergio Castellitto,2,M,HE,WWE,MC,EM,AB,N
IT2021_036,The Italian banker,IT2021_036_01,Diego Ribon,2,M,HE,WWE,UM,SE,AB,N
IT2021_036,The Italian banker,IT2021_036_03,Mirko Artuso,2,M,HE,WWE,UM,SE,AB,N
IT2021_036,The Italian banker,IT2021_036_02,Fabio Sartor,3,M,HE,WWE,UM,SE,AB,N
IT2021_037,Bentornato papà,IT2021_037_01,Domenico Fortunato,2,M,HE,WWE,MC,SE,PD,N
IT2021_038,Ariaferma,IT2021_038_01,Toni Servillo,3,M,HE,WWE,LM,EM,AB,N
IT2021_038,Ariaferma,IT2021_038_02,Silvio Orlando,3,M,HE,WWE,LM,UN,AB,N
IT2021_040,Medium,IT2021_040_01,Tony Sperandeo,3,M,,WWE,LM,SE,AB,N
IT2021_045,Una notte da dottore,IT2021_045_01,Diego Abatantuono,3,M,,WWE,MC,EM,AB,N
IT2021_046,Freaks out,IT2021_046_01,Giorgio Tirabassi,2,M,,WWE,LC,SE,AB,N
IT2021_046,Freaks out,IT2021_046_02,Giancarlo Martini,2,M,,WWE,LC,EM,PD,N
IT2021_047,Io sono Babbo Natale,IT2021_047_02,Marco Giallini,2,M,,WWE,LM,UN,AB,N
IT2021_047,Io sono Babbo Natale,IT2021_047_01,Gigi Proietti,4,M,,WWE,MC,SE,AB,N
IT2021_048,Il bambino nascosto,IT2021_048_01,Silvio Orlando,3,M,,WWE,MC,EM,AB,N
IT2021_053,Promises,IT2021_053_01,Jean Reno,3,M,,WWE,MC,,,
IT2021_054,Querido Fidel,IT2021_054_01,Gianfelice Imparato,3,M,HE,WWE,LM,RE,AB,N
IT2021_056,È stata la mano di Dio,IT2021_056_01,Toni Servillo,3,M,HE,WWE,MC,EM,AB,N
IT2021_058,Una famiglia mostruosa,IT2021_058_01,Massimo Ghini,3,M,HE,WWE,UM,,AB,N
IT2021_060,Gianni Schicchi,IT2021_060_01,Roberto Frontali,2,M,HE,WWE,MC,EM,AB,N
IT2021_061,The girl in the fountain,IT2021_061_01,Monica Bellucci,2,F,HE,WWE,UM,EM,AB,N
IT2021_067,Din don - un paese in due,IT2021_067_01,Enzo Salvi,2,M,HE,WWE,LM,EM,AB,N
IT2021_067,Din don - un paese in due,IT2021_067_02,Maurizio Mattioli,3,M,,WWE,MC,EM,AB,N
IT2021_068,Chi ha incastrato Babbo Natale?,IT2021_068_01,Christian De Sica,4,M,,WWE,,SE,AB,N
IT2021_070,La sorpresa - l'eccezionale storia di Padre Marella,IT2021_070_01,Stefano Abbati,3,M,,WWE,LM,EM,AB,N
IT2021_073,8 donne e un mistero,IT2021_073_01,Margherita Buy,2,F,BI,WWE,UM,UN,AB,N
IT2021_074,La Befana vien di notte: le origini,IT2021_074_01,Monica Bellucci,4,F,,WWE,LC,,AB,N
IT2021_075,"L'acqua, l'insegna la sete",IT2021_075_01,Gianclaudio Lopez,4,M,,WWE,MC,RE,AB,N
IT2021_076,The book of vision,IT2021_076_01,Charles Dance,4,M,,WWE,MC,SE,,
IT2022_001,Il grande giorno,IT2022_001_01,Giovanni Storti,3,M,HE,WWE,UM,SE,AB,N
IT2022_001,Il grande giorno,IT2022_001_02,Aldo Baglio,3,M,HE,WWE,MC,EM,AB,N
IT2022_001,Il grande giorno,IT2022_001_03,Giacomo Poretti,3,M,HE,WWE,UM,SE,AB,N
IT2022_002,La stranezza,IT2022_002_01,Toni Servillo,2,M,HE,WWE,MC,SE,AB,N
IT2022_004,Il colibrì,IT2022_004_01,Pierfrancesco Favino,2,M,HE,WWE,UM,EM,AB,N
IT2022_008,Siccità,IT2022_008_02,Tommaso Ragno,2,M,HE,WWE,MC,UN,AB,N
IT2022_008,Siccità,IT2022_008_01,Silvio Orlando,3,M,HE,WWE,LC,UN,AB,N
IT2022_008,Siccità,IT2022_008_03,Max Tortora,3,M,HE,WWE,LC,UN,AB,N
IT2022_008,Siccità,IT2022_008_04,Diego Ribon,3,M,HE,WWE,MC,EM,AB,N
IT2022_009,Vicini di casa,IT2022_009_01,Claudio Bisio,2,M,HE,WWE,MC,EM,AB,N
IT2022_010,Il sesso degli angeli,IT2022_010_01,Leonardo Pieraccioni,2,M,HE,WWE,LM,EM,AB,N
IT2022_012,Il Principe di Roma,IT2022_012_01,Marco Giallini,2,M,HE,WWE,MC,UN,AB,N
IT2022_013,Astolfo,IT2022_013_02,Stefania Sandrelli,3,F,HE,WWE,MC,RE,AB,N
IT2022_013,Astolfo,IT2022_013_01,Gianni Di Gregorio,3,M,HE,WWE,LM,RE,AB,N
IT2022_015,Esterno notte - Parte 1,IT2022_015_02,Margherita Buy,3,F,HE,WWE,UM,UN,AB,N
IT2022_015,Esterno notte - Parte 1,IT2022_015_01,Fabrizio Gifuni,3,M,HE,WWE,UM,EM,AB,N
IT2022_016,C'era una volta il crimine,IT2022_016_01,Marco Giallini,2,M,HE,WWE,LM,SE,AB,N
IT2022_017,Settembre,IT2022_017_01,Fabrizio Bentivoglio,2,M,HE,WWE,MC,EM,AB,N
IT2022_020,Esterno notte - Parte 2,IT2022_020_01,Margherita Buy,3,F,HE,WWE,UM,UN,AB,N
IT2022_020,Esterno notte - Parte 2,IT2022_020_01,Fabrizio Gifuni,3,M,HE,WWE,UM,EM,AB,N
IT2022_021,Tutti a bordo,IT2022_021_01,Giovanni Storti,3,M,HE,WWE,MC,RE,AB,N
IT2022_021,Tutti a bordo,IT2022_021_02,Carlo Buccirosso,3,M,HE,WWE,LM,EM,AB,N
IT2022_025,La mia ombra è tua,IT2022_025_01,Marco Giallini,3,M,HE,WWE,MC,SE,AB,N
IT2022_029,Orlando,IT2022_029_01,Michele Placido,3,M,HE,WWE,LC,SE,AB,N
IT2022_030,Una boccata d'aria,IT2022_030_01,Aldo Baglio,3,M,HE,WWE,LM,SE,AB,N
IT2022_032,Gigi la legge,IT2022_032_01,Pier Luigi Mecchia,2,M,HE,WWE,LM,EM,AB,N
IT2022_034,Acqua e anice,IT2022_034_01,Stefania Sandrelli,4,F,HE,WWE,LM,RE,CI,N
IT2022_036,Aiuto! È Natale!,IT2022_036_01,Richard Dreyfuss,4,M,,WWE,,SE,AB,N
IT2022_039,Bentu,IT2022_039_01,Peppeddu Cuccu,4,M,,WWE,LC,SE,,
IT2022_046,Il Cristo in gola,IT2022_046_01,Antonio Rezza,2,M,,,,,,
IT2022_047,Vetro,IT2022_047_01,Tommaso Ragno,2,M,HE,WWE,LM,EM,AB,N
IT2022_051,Quel posto nel tempo,IT2022_051_01,Leo Gullotta,4,M,HE,WWE,MC,RE,PD,N
IT2022_054,Femminile Singolare,IT2022_054_02,Monica Guerritore,2,F,HE,WWE,LM,EM,AB,N
IT2022_054,Femminile Singolare,IT2022_054_01,Catherine Deneuve,3,F,,WWE,UM,EM,AB,N
IT2022_055,The Last Ride of the Wolves,IT2022_055_01,Pasquale De Michele,3,M,,WWE,LC,SE,AB,N
IT2022_058,L'angelo dei muri,IT2022_058_01,Pierre Richard,4,M,,WWE,LC,,,N
IT2022_060,Le voci sole,IT2022_060_01,Giovanni Storti,3,M,HE,WWE,LM,EM,AB,N
IT2022_060,Le voci sole,IT2022_060_02,Alessandra Faiella,3,F,HE,WWE,LM,SE,AB,N
IT2022_061,Con chi viaggi,IT2022_061_01,Pasquale Lillo Petrolo,2,M,HE,WWE,LM,SE,AB,N
IT2022_062,Quattordici giorni - Una storia d'amore,IT2022_062_01,Thomas Trabacchi,2,M,HE,WWE,MC,,AB,N
IT2022_063,Il mammone,IT2022_063_01,Diego Abatantuono,3,M,HE,WWE,MC,SE,AB,N
IT2022_063,Il mammone,IT2022_063_02,Angela Finocchiaro,3,F,HE,WWE,MC,,AB,N
IT2022_066,My Soul Summer,IT2022_066_01,Tommaso Ragno,3,M,,WWE,,SE,AB,N
IT2022_070,Mindemic,IT2022_070_01,Giorgio Colangeli,3,M,HE,WWE,LM,SE,,N
IT2022_071,(Im)perfetti Criminali,IT2022_071_01,Babak Karimi,2,M,,,LM,EM,AB,N
IT2022_073,Amici per la pelle,IT2022_073_01,Massimo Ghini,3,M,HE,WWE,MC,SE,AB,N
IT2022_073,Amici per la pelle,IT2022_073_02,Nancy Brilli,3,F,HE,WWE,MC,,AB,N
IT2022_076,La Banda del Buffardello e il manoscritto di Leonardo da Vinci,IT2022_076_01,Umberto Smaila,3,M,HE,WWE,MC,SE,AB,N
IT2022_076,La Banda del Buffardello e il manoscritto di Leonardo da Vinci,IT2022_076_02,Pippo Franco,3,M,HE,WWE,MC,EM,AB,N
IT2022_076,La Banda del Buffardello e il manoscritto di Leonardo da Vinci,IT2022_076_03,Maurizio Mattioli,3,M,HE,WWE,LM,SE,AB,N
IT2022_076,La Banda del Buffardello e il manoscritto di Leonardo da Vinci,IT2022_076_04,Max Cavallari,3,M,HE,WWE,MC,SE,AB,N
IT2022_076,La Banda del Buffardello e il manoscritto di Leonardo da Vinci,IT2022_076_05,Loretta Micheloni,3,F,,WWE,,,AB,N
IT2022_077,I cassamortari,IT2022_077_01,Massimo Ghini,3,M,HE,WWE,MC,SE,AB,N
IT2022_078,Din Don - Il paese dei balocchi,IT2022_078_02,Enzo Salvi,2,M,HE,WWE,LM,EM,AB,N
IT2022_078,Din Don - Il paese dei balocchi,IT2022_078_01,Maurizio Mattioli,3,M,HE,WWE,LM,EM,AB,N
IT2022_080,Troppa famiglia!,IT2022_080_01,Antonello Fassari,3,M,HE,WWE,LM,RE,AB,N
IT2022_080,Troppa famiglia!,IT2022_080_02,Daniela Giordano,3,F,HE,WWE,LM,RE,AB,N
IT2023_003,Tre di troppo,IT2023_003_01,Fabio De Luigi,2,M,HE,WWE,MC,,AB,N
IT2023_005,Il sol dell'avvenire,IT2023_005_02,Margherita Buy,2,F,HE,WWE,MC,SE,AB,N
IT2023_005,Il sol dell'avvenire,IT2023_005_01,Nanni Moretti,3,M,HE,WWE,MC,SE,AB,N
IT2023_007,L'ultima notte di Amore,IT2023_007_01,Pierfrancesco Favino,3,M,HE,WWE,LM,EM,AB,N
IT2023_009,Grazie ragazzi,IT2023_009_01,Antonio Albanese,2,M,HE,WWE,LM,EM,AB,N
IT2023_010,Il primo giorno della mia vita,IT2023_010_01,Toni Servillo,3,M,,WWE,,,AB,N
IT2023_011,Rapito,IT2023_011_01,Paolo Pierobon,3,M,,WWE,UM,EM,AB,N
IT2023_012,Cento domeniche,IT2023_012_01,Antonio Albanese,3,M,HE,WWE,LM,RE,AB,N
IT2023_013,I migliori giorni,IT2023_013_01,Max Tortora,3,M,HE,WWE,UM,SE,AB,N
IT2023_015,Il punto di rugiada,IT2023_015_01,Massimo De Francovich,4,M,HE,WWE,MC,RE,,N
IT2023_016,Scordato,IT2023_016_01,Rocco Papaleo,3,M,HE,WWE,LM,SE,CI,N
IT2023_019,La quattordicesima domenica del tempo ordinario,IT2023_019_01,Gabriele Lavia,3,M,HE,WWE,LM,SE,AB,N
IT2023_019,La quattordicesima domenica del tempo ordinario,IT2023_019_02,Edwige Fenech,3,F,HE,WWE,LM,,AB,N
IT2023_020,Volevo un figlio maschio,IT2023_020_01,Enrico Brignano,2,M,HE,WWE,LM,EM,AB,N
IT2023_021,Adagio,IT2023_021_01,Toni Servillo,3,M,HE,WWE,LC,,CI,N
IT2023_023,Il ritorno di Casanova,IT2023_023_01,Toni Servillo,3,M,HE,WWE,MC,SE,AB,N
IT2023_025,I peggiori giorni,IT2023_025_03,Neri Marcorè,2,M,HE,WWE,MC,EM,AB,N
IT2023_025,I peggiori giorni,IT2023_025_04,Ricky Memphis,2,M,HE,WWE,LM,EM,AB,N
IT2023_025,I peggiori giorni,IT2023_025_06,Giuseppe Battiston,2,M,,WWE,LM,UN,AB,N
IT2023_025,I peggiori giorni,IT2023_025_01,Rocco Papaleo,3,M,HE,WWE,LM,SE,AB,N
IT2023_025,I peggiori giorni,IT2023_025_05,Fabrizio Bentivoglio,3,M,HE,WWE,MC,SE,AB,N
IT2023_025,I peggiori giorni,IT2023_025_02,Renato Carpentieri,4,M,HE,WWE,MC,RE,CI,Y
IT2023_026,Felicità,IT2023_026_02,Max Tortora,3,M,HE,WWE,LM,,AB,N
IT2023_026,Felicità,IT2023_026_01,Anna Galiena,3,F,HE,WWE,LM,,AB,N
IT2023_028,La guerra dei nonni,IT2023_028_01,Vincenzo Salemme,3,M,HE,WWE,MC,RE,AB,N
IT2023_028,La guerra dei nonni,IT2023_028_02,Max Tortora,3,M,HE,WWE,MC,RE,AB,N
IT2023_029,Quando,IT2023_029_01,Neri Marcorè,3,M,HE,WWE,LM,UN,TD,N
IT2023_031,L'ordine del tempo,IT2023_031_01,Alessandro Gassmann,2,M,HE,WWE,MC,,AB,N
IT2023_034,Il più bel secolo della mia vita,IT2023_034_01,Sergio Castellitto,4,M,HE,WWE,LM,RE,PD,Y
IT2023_035,The Palace,IT2023_035_01,Oliver Masucci,3,M,,WWE,LM,EM,AB,N
IT2023_035,The Palace,IT2023_035_02,Fanny Ardant,4,F,HE,WWE,UC,,AB,N
IT2023_035,The Palace,IT2023_035_03,John Cleese,4,M,HE,WWE,UM,SE,AB,N
IT2023_036,Home Education. Le regole del male,IT2023_036_01,Julia Ormond,2,F,HE,WWE,LM,,AB,N
IT2023_037,Improvvisamente a Natale mi sposo,IT2023_037_01,Diego Abatantuono,3,M,HE,WWE,MC,SE,AB,N
IT2023_038,Una commedia pericolosa,IT2023_038_01,Enrico Brignano,2,M,HE,WWE,LM,EM,AB,N
IT2023_041,Delta,IT2023_041_01,Luigi Lo Cascio,2,M,HE,WWE,LM,EM,AB,N
IT2023_042,Educazione fisica,IT2023_042_01,Sergio Rubini,2,M,HE,WWE,LM,EM,AB,N
IT2023_042,Educazione fisica,IT2023_042_02,Angela Finocchiaro,2,F,HE,WWE,LM,EM,AB,N
IT2023_043,Io vivo altrove!,IT2023_043_01,Giuseppe Battiston,2,M,,WWE,LM,SE,AB,N
IT2023_044,Un matrimonio mostruoso,IT2023_044_02,Ricky Memphis,2,M,HE,WWE,LM,,AB,N
IT2023_044,Un matrimonio mostruoso,IT2023_044_01,Massimo Ghini,3,M,HE,WWE,MC,,AB,N
IT2023_058,La caccia,IT2023_058_01,Paolo Pierobon,2,M,HE,WWE,LM,EM,AB,N
IT2023_062,The Ritual Killer,IT2023_062_01,Morgan Freeman,3,M,,BNA,MC,EM,AB,N
IT2023_063,Enigma Rol,IT2023_063_01,Lorenzo Acquaviva,2,M,,WWE,MC,SE,AB,N
IT2023_075,C'è di nuovo la valigia sul letto,IT2023_075_01,Eduardo Tartaglia,2,M,HE,WWE,LM,SE,AB,N
IT2023_075,C'è di nuovo la valigia sul letto,IT2023_075_02,Biagio Izzo,3,M,HE,WWE,LM,SE,AB,N
IT2023_077,Lo Sposo indeciso che non poteva o forse non voleva più uscire dal bagno,IT2023_077_01,Gianmarco Tognazzi,2,M,HE,WWE,MC,EM,AB,N
IT2023_079,La Divina Cometa,IT2023_079_01,Toni Servillo,3,M,,WWE,,,AB,N
IT2023_081,Evelyne tra le nuvole,IT2023_081_01,Gilbert Melki,3,M,HE,WWE,MC,EM,AB,N
IT2023_082,Non morirò di fame,IT2023_082_01,Michele Di Mauro,3,M,HE,WWE,LC,UN,AB,N
IT2023_082,Non morirò di fame,IT2023_082_02,Jerzy Stuhr,4,M,,WWE,LC,UN,,N
IT2023_083,Una preghiera per Giuda,IT2023_083_01,Tony Sperandeo,3,M,HE,WWE,LM,,PD,Y
IT2023_087,Da grandi,IT2023_087_01,Enrico Brignano,2,M,HE,WWE,LM,UN,AB,N
IT2023_089,L'uomo che disegnò Dio,IT2023_089_01,Franco Nero,3,M,HE,WWE,LM,SE,PD,Y
IT2023_091,Tell It Like a Woman,IT2023_091_02,Margherita Buy,2,F,,WWE,MC,EM,AB,N
IT2023_091,Tell It Like a Woman,IT2023_091_01,Marcia Gay Harden,3,F,,WNA,MC,EM,AB,N
IT2023_094,Brividi d'autore,IT2023_094_01,Maria Grazia Cucinotta,2,F,HE,WWE,MC,SE,AB,N
IT2023_100,Con la grazia di un Dio,IT2023_100_01,Tommaso Ragno,2,M,HE,WWE,LM,SE,AB,N
IT2023_101,Le proprietà dei metalli,IT2023_101_01,David Pasquesi,2,M,HE,WNA,MC,EM,AB,N
IT2023_107,Il meglio di te,IT2023_107_01,Maria Grazia Cucinotta,2,F,HE,WWE,MC,SE,AB,N
IT2023_107,Il meglio di te,IT2023_107_02,Vincent Riotta,3,M,HE,WWE,MC,SE,CI,N
IT2023_111,Christmas Thieves,IT2023_111_01,Tom Arnold,3,M,,WNA,LM,,AB,N
IT2023_111,Christmas Thieves,IT2023_111_02,Michael Madsen,3,M,HE,WNA,LM,,AB,N
IT2023_116,Un mondo fantastico,IT2023_116_02,Andrea Bruschi,2,M,HE,WWE,LM,EM,AB,N
IT2023_116,Un mondo fantastico,IT2023_116_01,Diego Ribon,3,M,HE,WWE,LM,SE,AB,N
IT2023_118,La chiocciola,IT2023_118_01,Enzo Decaro,3,M,HE,WWE,LM,SE,AB,N
IT2023_119,La seconda chance,IT2023_119_01,Max Giusti,2,M,HE,WWE,LM,EM,AB,N
IT2023_121,Da domani mi alzo tardi,IT2023_121_01,John Lynch,2,M,HE,WWE,MC,SE,CI,N
IT2023_123,Giorni Felici,IT2023_123_02,Franco Nero,3,M,HE,WWE,MC,SE,AB,N
IT2023_123,Giorni Felici,IT2023_123_01,Anna Galiena,3,F,HE,WWE,MC,SE,PD,N
IT2023_124,El Paraiso,IT2023_124_01,Margarita Rosa de Francisco,3,F,HE,WLA,LM,SE,AB,N
IT2023_126,L'orafo,IT2023_126_02,Stefania Casini,4,F,HE,WWE,MC,SE,AB,N
IT2023_126,L'orafo,IT2023_126_01,Giuseppe Pambieri,4,M,HE,WWE,MC,SE,AB,N
IT2023_128,Cinque stanze,IT2023_128_01,Riccardo Magherini,3,M,HE,WWE,LM,RE,AB,N
IT2023_130,Good Vibes,IT2023_130_01,Vincent Riotta,3,M,HE,WWE,MC,SE,AB,N
IT2023_132,Avanzers Italian Super Heroes,IT2023_132_01,Maurizio Mattioli,3,M,HE,WNA,UM,EM,AB,N
IT2023_134,L'età giusta,IT2023_134_01,Valeria Fabrizi,4,F,HE,WWE,MC,RE,AB,N
IT2023_134,L'età giusta,IT2023_134_02,Paola Pitagora,4,F,HE,WWE,MC,RE,AB,N
IT2023_134,L'età giusta,IT2023_134_03,Gigliola Cinquetti,4,F,HE,WWE,MC,RE,AB,N
IT2023_134,L'età giusta,IT2023_134_04,Giuliana Lojodice,4,F,HE,WWE,MC,RE,AB,N
IT2023_136,Senza Età,IT2023_136_01,Patrizia La Fonte,4,F,HE,WWE,LM,RE,PD,Y
IT2023_137,À la Recherche,IT2023_137_02,Giulio Base,2,M,HE,WWE,LM,SE,AB,N
IT2023_137,À la Recherche,IT2023_137_01,Anne Parillaud,3,F,HE,WWE,UC,SE,AB,N
IT2023_138,Volare,IT2023_138_01,Margherita Buy,2,F,HE,WWE,MC,SE,AB,N
IT2023_142,Sbagliando s'impara,IT2023_142_01,Alessandro Paci,2,M,HE,WWE,LM,SE,AB,N
IT2023_142,Sbagliando s'impara,IT2023_142_02,Graziano Salvadori,2,M,HE,WWE,LM,SE,AB,N
IT2023_143,Te l'avevo detto,IT2023_143_01,Valeria Bruni Tedeschi,2,F,HE,WWE,MC,,AB,N
IT2023_146,La vera storia di Luisa Bonfanti,IT2023_146_01,Livia Bonifazi,2,M,HE,WWE,LM,SE,AB,N
IT2023_149,Non tutto è perduto,IT2023_149_01,Gioele Dix,3,M,,WWE,LM,SE,,
IT2023_150,Un weekend particolare,IT2023_150_01,Nancy Brilli,2,F,HE,WWE,MC,SE,AB,N
IT2023_150,Un weekend particolare,IT2023_150_02,Enzo Decaro,3,M,HE,WWE,MC,,AB,N
IT2023_153,The Penitent,IT2023_153_01,Luca Barbareschi,3,M,HE,WNA,MC,SE,AB,N
IT2023_154,Tutti i cani muoiono soli,IT2023_154_01,Orlando Angius,3,M,HE,WWE,LM,SE,AB,N
IT2023_155,Bassifondi,IT2023_155_01,Romano Talevi,3,M,,WWE,LC,UN,AB,N
IT2023_156,La memoria del mondo,IT2023_156_01,Maurizio Soldà,3,M,HE,WWE,MC,SE,CI,N
IT2023_157,Ok Boomer,IT2023_157_01,Gianfranco Pannone,3,M,HE,WWE,LM,SE,AB,N
IT2023_157,Ok Boomer,IT2023_157_02,Andrea Gropplero,3,M,HE,WWE,LM,SE,AB,N
IT2023_160,Gli altri,IT2023_160_01,Ida Di Benedetto,3,F,HE,WWE,LM,SE,AB,N
IT2017_003,Poveri ma ricchissimi,IT2017_003_01,Christian De Sica,3,M,HE,WWE,LM,SE,AB,N
IT2017_008,La ragazza nella nebbia,IT2017_008_01,Toni Servillo,3,M,,WWE,MC,EM,AB,N
IT2017_010,Natale da chef,IT2017_010_01,Massimo Boldi,3,M,HE,WWE,MC,EM,AB,N
IT2017_011,La tenerezza,IT2017_011_01,Renato Carpentieri,4,M,HE,WWE,MC,RE,TD,N
IT2017_012,Gli sdraiati,IT2017_012_01,Claudio Bisio,2,M,HE,WWE,MC,EM,AB,N
IT2017_014,Lasciati andare,IT2017_014_01,Toni Servillo,3,M,HE,WWE,UM,SE,AB,N
IT2017_018,Caccia al tesoro,IT2017_018_01,Vincenzo Salemme,3,M,HE,WWE,LM,SE,AB,N
IT2017_021,Tutto quello che vuoi,IT2017_021_01,Giuliano Montaldo,4,M,HE,WWE,MC,RE,AB,Y
IT2017_022,Il Premio,IT2017_022_01,Gigi Proietti,4,M,HE,WWE,MC,SE,AB,N
IT2017_036,Piccoli crimini coniugali,IT2017_036_01,Sergio Castellitto,3,M,HE,WWE,MC,SE,TD,N
IT2017_036,Piccoli crimini coniugali,IT2017_036_02,Margherita Buy,2,F,HE,WWE,MC,,AB,N
IT2017_048,L'intrusa,IT2017_048_01,Raffaella Giordano,2,F,,WWE,LM,EM,AB,N
IT2017_060,Vieni a vivere a Napoli!,IT2017_060_01,Gianfelice Imparato,3,M,,WWE,LM,EM,AB,N
IT2017_065,Una famiglia,IT2017_065_01,Patrick Bruel,2,M,HE,WWE,LM,,AB,N
IT2017_068,Chi salverà le rose?,IT2017_068_01,Carlo Delle Piane,4,M,HO,WWE,LM,RE,AB,N
IT2017_071,Riccardo va all'inferno,IT2017_071_01,Massimo Ranieri,3,M,,WWE,UC,,PD,N
IT2017_078,Il Giardino Dei Numeri,IT2017_078_01,Anna Teresa Eugeni,3,F,HE,WWE,LM,RE,AB,N
IT2017_079,Babylon Sisters,IT2017_079_01,Renato Carpentieri,4,M,,WWE,LM,EM,AB,N
IT2017_080,Dove cadono le ombre,IT2017_080_01,Elena Cotta,4,F,,WWE,LM,RE,CI,N
IT2017_085,Il vangelo secondo Mattei,IT2017_085_01,Flavio Bucci,3,M,,WWE,,,AB,N
IT2017_087,E se mi comprassi una sedia?,IT2017_087_01,Pasquale Falcone,3,M,,WWE,LM,SE,AB,N
IT2017_087,E se mi comprassi una sedia?,IT2017_087_02,Gianni Ferreri,2,M,,WWE,LM,SE,AB,N
IT2017_088,Fausto e Furio,IT2017_088_01,Maurizio Battista,2,M,HE,WWE,LM,SE,AB,N
IT2017_093,7 Giorni,IT2017_093_01,Bruno Todeschini,2,M,HE,WWE,MC,EM,AB,N
IT2017_095,My Italy,IT2017_095_01,Krzysztof Bednarski,3,M,,CEU,MC,SE,AB,N
IT2017_095,My Italy,IT2017_095_02,Mark Kostabi,3,M,,WNA,MC,SE,AB,N
IT2017_095,My Italy,IT2017_095_03,Thorsten Kirchhoff,3,M,,WWE,MC,SE,AB,N
IT2017_095,My Italy,IT2017_095_04,H.H. Lim,3,M,,SEA,MC,SE,AB,N
IT2017_096,Per un figlio,IT2017_096_01,Kaushalaya Fernando,2,F,HE,SOA,LM,EM,AB,N
IT2017_101,Te absolvo,IT2017_101_01,Toni Garrani,3,M,,WWE,LM,EM,AB,N
IT2017_102,Il crimine non va in pensione,IT2017_102_01,Stefania Sandrelli,3,F,HE,WWE,LM,RE,AB,N
IT2017_103,L'Esodo,IT2017_103_01,Daniela Poggi,2,F,HE,WWE,LM,UN,AB,N
IT2016_004,L'abbiamo fatta grossa,IT2016_004_01,Carlo Verdone,3,M,HE,WWE,LM,SE,AB,N
IT2016_005,Poveri ma Ricchi,IT2016_005_01,Christian De Sica,3,M,HE,WWE,LM,UN,AB,N
IT2016_010,Non c'è più religione,IT2016_010_01,Claudio Bisio,2,M,,WWE,MC,EM,AB,N
IT2016_011,La corrispondenza,IT2016_011_01,Jeremy Irons,3,M,HE,WWE,UM,EM,AB,N
IT2016_012,Un Natale al Sud,IT2016_012_01,Massimo Boldi,3,M,HE,WWE,LM,EM,AB,N
IT2016_013,Fuga da Reuma Park,IT2016_013_01,Aldo Baglio,4,M,HE,WWE,LM,RE,AB,Y
IT2016_013,Fuga da Reuma Park,IT2016_013_02,Giovanni Storti,4,M,HE,WWE,LM,RE,PD,N
IT2016_013,Fuga da Reuma Park,IT2016_013_03,Giacomo Poretti,4,M,HE,WWE,LM,RE,AB,Y
IT2016_014,Non si ruba a casa dei ladri,IT2016_014_01,Vincenzo Salemme,3,M,HE,WWE,MC,SE,AB,N
IT2016_014,Non si ruba a casa dei ladri,IT2016_014_02,Massimo Ghini,3,M,HE,WWE,UM,EM,AB,N
IT2016_016,Se mi lasci non vale,IT2016_016_01,Vincenzo Salemme,3,M,HE,WWE,MC,EM,AB,N
IT2016_022,Forever Young,IT2016_022_01,Fabrizio Bentivoglio,2,M,HE,WWE,MC,EM,AB,N
IT2016_025,Un paese quasi perfetto,IT2016_025_01,Silvio Orlando,3,M,,WWE,LM,EM,AB,N
IT2016_026,Le confessioni,IT2016_026_01,Toni Servillo,3,M,,WWE,MC,EM,AB,N
IT2016_035,Onda su onda,IT2016_035_01,Rocco Papaleo,3,M,HE,WWE,LC,EM,AB,N
IT2016_036,Prima di lunedì,IT2016_036_01,Vincenzo Salemme,3,M,HE,WWE,MC,SE,AB,N
IT2016_041,La coppia dei campioni,IT2016_041_01,Massimo Boldi,3,M,HE,WWE,UM,SE,AB,N
IT2016_043,My Father Jack,IT2016_043_01,Francesco Pannofino,2,M,HE,WWE,LM,SE,AB,N
IT2016_045,La pelle dell'orso,IT2016_045_01,Marco Paolini,2,M,HE,WWE,LC,EM,AB,N
IT2016_048,La macchinazione,IT2016_048_01,Massimo Ranieri,2,M,HO,WWE,MC,SE,AB,N
IT2016_054,La stoffa dei sogni,IT2016_054_01,Sergio Rubini,2,M,HE,WWE,LM,SE,AB,N
IT2016_054,La stoffa dei sogni,IT2016_054_02,Ennio Fantastichini,3,M,HE,WWE,LM,EM,AB,N
IT2016_060,Fräulein: una fiaba d'inverno,IT2016_060_01,Christian De Sica,3,M,,WWE,MC,,AB,N
IT2016_063,Seconda primavera,IT2016_063_01,Claudio Botosso,2,M,HE,WWE,MC,SE,AB,N
IT2016_064,La buona uscita,IT2016_064_01,Gea Martire,2,F,HE,WWE,MC,SE,AB,N
IT2016_068,Il Ragazzo Della Giudecca,IT2016_068_01,Carmelo Zappulla,3,M,HE,WWE,LM,SE,AB,N
IT2016_072,L'età d'oro,IT2016_072_01,Laura Morante,3,F,HE,WWE,LM,RE,AB,N
IT2016_073,Infernet,IT2016_073_01,Remo Girone,3,M,,WWE,LM,EM,AB,N
IT2016_073,Infernet,IT2016_073_02,Ricky Tognazzi,2,M,HE,WWE,MC,SE,AB,N
IT2016_078,Assolo,IT2016_078_01,Laura Morante,2,F,HE,WWE,MC,,AB,N
IT2016_088,Cronaca di una passione,IT2016_088_01,Vittorio Viviani,3,M,HE,WWE,LM,UN,AB,N
IT2016_088,Cronaca di una passione,IT2016_088_02,Valeria Ciangottini,3,F,HE,WWE,LM,UN,AB,N
IT2016_092,Montedoro,IT2016_092_01,Pia Marie Mann,2,F,HE,WNA,MC,,AB,N
IT2016_096,Il camionista,IT2016_096_01,Giorgio Tirabassi,2,M,HE,WWE,LM,EM,AB,N
IT2016_103,80 Voglia di te,IT2016_103_01,Andrea Roncato,3,M,HE,WWE,MC,RE,AB,N
IT2016_107,L'altro Adamo,IT2016_107_01,Lino Capolicchio,3,M,HE,,,,AB,N
IT2015_003,Vacanze ai Caraibi,IT2015_003_01,Christian De Sica,3,M,HE,WWE,MC,SE,AB,N
IT2015_003,Vacanze ai Caraibi,IT2015_003_02,Massimo Ghini,3,M,HE,WWE,LM,UN,AB,N
IT2015_004,Youth - la giovinezza,IT2015_004_01,Michael Caine,4,M,HE,WWE,MC,RE,CI,N
IT2015_004,Youth - la giovinezza,IT2015_004_02,Harvey Keitel,4,M,HE,WNA,MC,SE,AB,N
IT2015_005,Ma che bella sorpresa,IT2015_005_01,Claudio Bisio,2,M,HE,WWE,LM,EM,AB,N
IT2015_007,Belli di papà,IT2015_007_01,Diego Abatantuono,3,M,HE,WWE,MC,SE,AB,N
IT2015_011,Chiamatemi Francesco - Il Papa della gente,IT2015_011_01,Sergio Hernández,4,M,HE,WLA,LM,EM,AB,N
IT2015_013,Matrimonio al Sud,IT2015_013_01,Massimo Boldi,3,M,HE,WWE,MC,SE,AB,N
IT2015_016,Il racconto dei racconti,IT2015_016_01,Shirley Henderson,4,F,HE,WWE,LC,,AB,N
IT2015_016,Il racconto dei racconti,IT2015_016_02,Hayley Carmichael,4,F,HE,WWE,LC,,AB,N
IT2015_017,Il nome del figlio,IT2015_017_01,Rocco Papaleo,2,M,HE,WWE,MC,EM,AB,N
IT2015_020,Latin Lover,IT2015_020_01,Virna Lisi,3,F,HE,WWE,MC,RE,AB,N
IT2015_020,Latin Lover,IT2015_020_02,Marisa Paredes,3,F,HE,WWE,MC,RE,CI,N
IT2015_020,Latin Lover,IT2015_020_03,Angela Finocchiaro,2,F,HE,WWE,MC,EM,AB,N
IT2015_027,Maraviglioso Boccaccio,IT2015_027_01,Lello Arena,3,M,HE,WWE,UC,SE,AB,N
IT2015_029,Dobbiamo parlare,IT2015_029_01,Sergio Rubini,2,M,HE,WWE,MC,SE,AB,N
IT2015_029,Dobbiamo parlare,IT2015_029_02,Fabrizio Bentivoglio,2,M,HE,WWE,MC,EM,AB,N
IT2015_036,Sangue del mio sangue,IT2015_036_01,Roberto Herlitzka,4,M,HE,WWE,UC,EM,AB,N
IT2015_038,Soldato semplice,IT2015_038_01,Paolo Cevoli,2,M,HE,WWE,LM,EM,AB,N
IT2015_041,Uno per tutti,IT2015_041_01,Giorgio Panariello,2,M,HE,WWE,LM,EM,AB,N
IT2015_049,Il Bacio Azzurro,IT2015_049_01,Remo Girone,3,M,HE,WWE,LM,RE,AB,N
IT2015_052,Uno anzi due,IT2015_052_01,Maurizio Battista,3,M,HE,WWE,LM,EM,AB,N
IT2015_058,L'amour ne pardonne pas,IT2015_058_01,Ariane Ascaride,3,F,HE,WWE,LM,EM,AB,N
IT2015_064,Mirafiori Lunapark,IT2015_064_01,Antonio Catania,3,M,HE,WWE,LM,RE,AB,N
IT2015_064,Mirafiori Lunapark,IT2015_064_02,Alessandro Haber,3,M,HE,WWE,LM,RE,AB,N
IT2015_064,Mirafiori Lunapark,IT2015_064_03,Giorgio Colangeli,3,M,HE,WWE,LM,RE,AB,N
IT2015_076,Patria,IT2015_076_01,Francesco Pannofino,2,M,HE,WWE,LM,EM,AB,N
IT2015_076,Patria,IT2015_076_02,Roberto Citran,2,M,HE,WWE,LM,EM,AB,N
IT2015_079,Le Badanti,IT2015_079_01,Pino Ammendola,3,M,HE,WWE,LM,RE,AB,N
IT2015_080,Bolgia totale,IT2015_080_01,Giorgio Colangeli,3,M,HE,WWE,LM,EM,CI,N
IT2015_084,La voce,IT2015_084_01,Rocco Papaleo,2,M,HE,WWE,LM,SE,CI,N
IT2015_086,Leone nel basilico,IT2015_086_01,Ida Di Benedetto,3,F,HE,WWE,LM,RE,AB,N
IT2015_090,Fuorigioco,IT2015_090_01,Toni Garrani,2,M,HE,WWE,LM,UN,AB,N
IT2015_092,L'ospite,IT2015_092_01,Amerigo Fontani,3,M,HE,WWE,MC,EM,AB,N
IT2015_095,Terra,IT2015_095_01,Hal Yamanouchi,3,M,,EAS,,,AB,N
IT2014_003,"Il ricco, il povero e il maggiordomo",IT2014_003_01,Aldo Baglio,2,M,HE,WWE,LM,SE,AB,N
IT2014_003,"Il ricco, il povero e il maggiordomo",IT2014_003_02,Giacomo Poretti,2,M,HE,WWE,UM,SE,AB,N
IT2014_003,"Il ricco, il povero e il maggiordomo",IT2014_003_03,Giovanni Storti,2,M,HE,WWE,LM,EM,AB,N
IT2014_004,Un boss in salotto,IT2014_004_01,Rocco Papaleo,2,M,HE,WWE,LM,UN,AB,N
IT2014_005,Sotto una buona stella,IT2014_005_01,Carlo Verdone,3,M,HE,WWE,MC,SE,AB,N
IT2014_008,La scuola più bella del mondo,IT2014_008_01,Christian De Sica,3,M,HE,WWE,LM,EM,AB,N
IT2014_008,La scuola più bella del mondo,IT2014_008_02,Rocco Papaleo,2,M,HE,WWE,LM,EM,AB,N
IT2014_009,Il capitale umano,IT2014_009_01,Fabrizio Bentivoglio,2,M,HE,WWE,MC,SE,AB,N
IT2014_014,... E fuori nevica!,IT2014_014_01,Vincenzo Salemme,2,M,HE,WWE,LM,EM,AB,N
IT2014_014,... E fuori nevica!,IT2014_014_02,Carlo Buccirosso,3,M,HE,WWE,LM,UN,AB,N
IT2014_014,... E fuori nevica!,IT2014_014_03,Nando Paone,2,M,HE,WWE,LM,UN,PD,N
IT2014_015,Confusi e felici,IT2014_015_01,Claudio Bisio,2,M,HE,WWE,MC,SE,CI,N
IT2014_016,Ma tu di che segno 6?,IT2014_016_01,Gigi Proietti,3,M,HE,WWE,MC,SE,TD,N
IT2014_016,Ma tu di che segno 6?,IT2014_016_02,Massimo Boldi,3,M,HE,WWE,MC,SE,AB,N
IT2014_016,Ma tu di che segno 6?,IT2014_016_03,Vincenzo Salemme,2,M,HE,WWE,LM,EM,AB,N
IT2014_020,Sapore di te,IT2014_020_01,Maurizio Mattioli,3,M,HE,WWE,LM,SE,AB,N
IT2014_020,Sapore di te,IT2014_020_02,Vincenzo Salemme,2,M,HE,WWE,UM,EM,AB,N
IT2014_024,La gente che sta bene,IT2014_024_01,Claudio Bisio,2,M,HE,WWE,UM,EM,AB,N
IT2014_031,Un ragazzo d'oro,IT2014_031_01,Sharon Stone,2,F,HE,WNA,MC,EM,AB,N
IT2014_032,La mossa del pinguino,IT2014_032_01,Ennio Fantastichini,3,M,HE,WWE,LM,RE,AB,N
IT2014_032,La mossa del pinguino,IT2014_032_02,Antonello Fassari,3,M,HE,WWE,LM,RE,AB,N
IT2014_033,La buca,IT2014_033_01,Sergio Castellitto,3,M,HE,WWE,MC,SE,AB,N
IT2014_033,La buca,IT2014_033_02,Rocco Papaleo,2,M,HE,WWE,LM,UN,AB,N
IT2014_039,Buoni a nulla,IT2014_039_01,Gianni Di Gregorio,3,M,HE,WWE,MC,EM,AB,N
IT2014_048,Se chiudo gli occhi non sono più qui,IT2014_048_01,Giorgio Colangeli,3,M,,WWE,LM,RE,AB,N
IT2014_051,2047 - Sights of Death,IT2014_051_01,Danny Glover,3,M,,BNA,MC,EM,AB,N
IT2014_051,2047 - Sights of Death,IT2014_051_02,Rutger Hauer,3,M,,WNA,MC,EM,AB,N
IT2014_056,Take Five,IT2014_056_01,Peppe Lanzetta,3,M,HO,WWE,LC,UN,AB,N
IT2014_058,Il pretore,IT2014_058_01,Francesco Pannofino,2,M,HE,WWE,UM,EM,AB,N
IT2014_060,Il leone di vetro,IT2014_060_01,Claudio De Davide,3,M,HE,WWE,LM,SE,AB,N
IT2014_062,Il Mistero di Dante,IT2014_062_01,F. Murray Abraham,3,M,HE,WWE,MC,SE,AB,N
IT2014_063,Il segreto di Italia,IT2014_063_01,Romina Power,3,F,HE,WWE,LM,,AB,N
IT2014_065,Nessuno mi pettina bene come il vento,IT2014_065_01,Laura Morante,2,F,HE,WWE,MC,SE,AB,N
IT2014_068,Zio Angelo e i tempi moderni,IT2014_068_01,Angelo Lopardo,3,M,HE,WWE,LC,SE,AB,N
IT2014_069,Vacanz...Ieri Oggi E Domani,IT2014_069_01,Lucio Ciotola,2,M,HE,WWE,LM,EM,AB,N
IT2014_072,Ore diciotto in punto,IT2014_072_01,Paride Benassai,3,M,,WWE,,EM,AB,N
IT2014_076,La foresta di ghiaccio,IT2014_076_01,Emir Kusturica,2,M,HE,WEE,LM,EM,AB,N
IT2014_079,Sogni di gloria,IT2014_079_01,Carlo Monni,3,M,HE,WWE,LM,RE,AB,N
IT2014_082,La madre,IT2014_082_01,Carmen Maura,3,F,HE,WWE,LM,RE,AB,N
IT2014_086,Maicol Jecson,IT2014_086_01,Remo Girone,3,M,HE,WWE,,RE,AB,N
FR2023_007,Les Cadors,FR2023_007_01,Jean-Paul Rouve,2,M,HE,WWE,LM,UN,AB,N
FR2023_014,Le Clan,FR2023_014_01,Jean-François Perrone,3,M,,WWE,LM,SE,AB,N
FR2023_014,Le Clan,FR2023_014_02,Philippe Corti,3,M,,WWE,LM,SE,AB,N
FR2023_023,Un petit miracle,FR2023_023_01,Eddy Mitchell,4,M,HE,WWE,MC,RE,AB,N
FR2023_035,Les Têtes givrées,FR2023_035_01,Clovis Cornillac,2,M,,WWE,MC,EM,AB,N
FR2023_036,La Grande Magie,FR2023_036_01,Denis Podalydès,3,M,HE,WWE,UM,,AB,N
FR2023_036,La Grande Magie,FR2023_036_02,Sergi López,2,M,,WWE,MC,SE,AB,N
FR2023_041,Un homme heureux,FR2023_041_01,Fabrice Luchini,3,M,HE,WWE,UC,EM,AB,N
FR2023_041,Un homme heureux,FR2023_041_02,Catherine Frot,3,T,,WWE,UC,UN,AB,N
FR2023_042,Juste ciel !,FR2023_042_01,Claire Nadeau,4,F,,WWE,MC,EM,AB,N
FR2023_042,Juste ciel !,FR2023_042_02,Guilaine Londez,2,F,,WWE,MC,EM,AB,N
FR2023_042,Juste ciel !,FR2023_042_03,Sidse Babett Knudsen,2,F,,NEU,MC,EM,AB,N
FR2023_043,Le Grand Cirque,FR2023_043_01,Gérard Giroudon,3,M,,WWE,MC,EM,AB,N
FR2023_046,Les Choses simples,FR2023_046_01,Lambert Wilson,3,M,HE,WWE,UC,SE,AB,N
FR2023_048,Arrête avec tes mensonges,FR2023_048_01,Guillaume de Tonquédec,2,M,HO,WWE,UM,SE,AB,N
FR2023_050,Last Dance,FR2023_050_01,François Berléand,3,M,HE,WWE,MC,RE,AB,N
FR2023_052,Les Petites Victoires,FR2023_052_01,Michel Blanc,3,M,,WWE,LM,RE,AB,N
FR2023_053,La Syndicaliste,FR2023_053_01,Isabelle Huppert,3,F,HE,WWE,MC,EM,AB,N
FR2023_056,En plein feu,FR2023_056_01,André Dussollier,3,M,HE,WWE,MC,RE,AB,N
FR2023_063,Sage-homme,FR2023_063_01,Karin Viard,2,F,,WWE,MC,EM,AB,N
FR2023_076,Voyages en Italie,FR2023_076_01,Philippe Katerine,2,M,HE,WWE,MC,EM,AB,N
FR2023_077,Les Trois Mousquetaires : D'Artagnan,FR2023_077_01,Vincent Cassel,2,M,HE,WWE,MC,EM,AB,N
FR2023_078,"Mon chat et moi, la grande aventure de Rroû",FR2023_078_01,Corinne Masiero,2,F,,WWE,MC,,AB,N
FR2023_081,Normale,FR2023_081_01,Benoît Poelvoorde,2,M,HE,WWE,LM,UN,CI,N
FR2023_083,10 jours encore sans maman,FR2023_083_01,Franck Dubosc,2,M,HE,WWE,MC,UN,AB,N
FR2023_090,La Vie pour de vrai,FR2023_090_01,Dany Boon,2,M,HE,WWE,MC,UN,AB,N
FR2023_090,La Vie pour de vrai,FR2023_090_02,Kad Merad,2,M,HE,NAF,MC,UN,AB,N
FR2023_092,La Plus Belle pour aller danser,FR2023_092_01,Philippe Katerine,2,M,HE,WWE,MC,EM,AB,N
FR2023_092,La Plus Belle pour aller danser,FR2023_092_02,Pierre Richard,4,M,,WWE,MC,RE,AB,N
FR2023_098,Ma langue au chat,FR2023_098_01,Zabou Breitman,3,F,HE,WWE,UM,EM,AB,N
FR2023_098,Ma langue au chat,FR2023_098_02,Pascal Elbé,2,M,HE,WWE,UM,EM,AB,N
FR2023_101,Pour l'honneur,FR2023_101_01,Olivier Marchal,3,M,HE,WWE,MC,EM,AB,N
FR2023_102,La Marginale,FR2023_102_01,Corinne Masiero,2,F,,WWE,LC,UN,AB,N
FR2023_106,Le Principal,FR2023_106_01,Roschdy Zem,2,M,HE,NAF,UM,EM,AB,N
FR2023_108,Le Cours de la vie,FR2023_108_01,Agnès Jaoui,2,F,HE,WWE,UM,SE,AB,N
FR2023_113,Jeanne du Barry,FR2023_113_01,Johnny Depp,2,M,HE,WWE,UC,,AB,N
FR2023_114,Umami,FR2023_114_01,Gérard Depardieu,3,M,HE,WWE,UM,SE,AB,N
FR2023_115,L'Homme debout,FR2023_115_01,Jacques Gamblin,3,M,HE,WWE,MC,EM,AB,N
FR2023_116,Monsieur Constant,FR2023_116_01,Jean-Claude Drouot,4,M,HE,WWE,MC,RE,AB,N
FR2023_116,Monsieur Constant,FR2023_116_02,Cali,2,M,HE,WWE,MC,SE,AB,N
FR2023_122,Des mains en or,FR2023_122_01,Lambert Wilson,3,M,HE,WWE,UC,SE,AB,N
FR2023_122,Des mains en or,FR2023_122_02,Josiane Balasko,3,F,,WWE,LM,SE,AB,N
FR2023_123,Wahou !,FR2023_123_01,Bruno Podalydès,3,M,HE,WWE,UM,EM,AB,N
FR2023_123,Wahou !,FR2023_123_02,Karin Viard,2,F,HE,WWE,UM,EM,AB,N
FR2023_125,Sexygénaires,FR2023_125_01,Thierry Lhermitte,3,M,HE,WWE,UM,SE,AB,N
FR2023_125,Sexygénaires,FR2023_125_02,Patrick Timsit,3,M,HE,WWE,UM,SE,AB,N
FR2023_129,Magnificat,FR2023_129_01,Karin Viard,2,F,HE,WWE,MC,EM,AB,N
FR2023_130,38°5 quai des Orfèvres,FR2023_130_01,Didier Bourdon,3,M,,WWE,UM,EM,AB,N
FR2023_131,La Fille et le Garçon,FR2023_131_01,Arielle Dombasle,3,F,BI,WWE,UC,RE,AB,N
FR2023_131,La Fille et le Garçon,FR2023_131_02,Aurélien Recoing,3,M,BI,WWE,UC,RE,AB,N
FR2023_132,Les Vengeances de Maître Poutifard,FR2023_132_01,Christian Clavier,3,M,HE,WWE,MC,RE,AB,N
FR2023_137,Une nuit,FR2023_137_01,Karin Viard,2,F,HE,WWE,MC,EM,AB,N
FR2023_138,"Cléo, Melvil et moi",FR2023_138_01,Arnaud Viard,2,M,HE,WWE,MC,,AB,N
FR2023_138,"Cléo, Melvil et moi",FR2023_138_02,Marianne Denicourt,2,F,HE,WWE,MC,EM,AB,N
FR2023_144,Sous le tapis,FR2023_144_01,Ariane Ascaride,3,F,HE,WWE,MC,RE,AB,N
FR2023_146,Sur la branche,FR2023_146_01,Benoît Poelvoorde,2,M,,WWE,UM,SE,AB,N
FR2023_152,Un coup de maître,FR2023_152_01,Bouli Lanners,2,M,HE,WWE,UM,SE,AB,N
FR2023_163,Les Secrets de la princesse de Cadignan,FR2023_163_01,Arielle Dombasle,3,F,HE,WWE,UC,UN,AB,N
FR2023_164,La Petite,FR2023_164_01,Fabrice Luchini,3,M,HE,WWE,MC,RE,AB,N
FR2023_169,Nouveau Départ,FR2023_169_01,Franck Dubosc,2,M,HE,WWE,MC,EM,AB,N
FR2023_169,Nouveau Départ,FR2023_169_02,Karin Viard,2,F,HE,WWE,MC,EM,AB,N
FR2023_174,Bernadette,FR2023_174_01,Catherine Deneuve,5,F,HE,WWE,UC,UN,AB,N
FR2023_178,Le Consentement,FR2023_178_01,Jean-Paul Rouve,2,M,HE,WWE,UC,SE,AB,N
FR2023_179,Marie-Line et son juge,FR2023_179_01,Michel Blanc,3,M,,WWE,UC,EM,AB,N
FR2023_180,La Fiancée du poète,FR2023_180_01,Yolande Moreau,3,F,HE,WWE,LM,EM,AB,N
FR2023_186,Un prince,FR2023_186_01,Pierre Creton,2,M,HO,WWE,MC,EM,AB,N
FR2023_188,Second Tour,FR2023_188_01,Albert Dupontel,2,M,HE,WWE,UC,EM,AB,N
FR2023_191,Inestimable,FR2023_191_01,Didier Bourdon,3,M,HE,WWE,MC,,AB,N
FR2023_191,Inestimable,FR2023_191_02,Philippe Corti,3,M,HE,WWE,MC,,AB,N
FR2023_193,Monsieur le maire,FR2023_193_01,Clovis Cornillac,2,M,HE,WWE,MC,EM,AB,N
FR2023_194,L'Abbé Pierre : Une vie de combat,FR2023_194_01,Benjamin Lavernhe,5,M,,WWE,MC,,AB,N
FR2023_195,La Passion de Dodin Bouffant,FR2023_195_01,Juliette Binoche,2,F,HE,WWE,LM,EM,AB,N
FR2023_197,Comme par magie,FR2023_197_01,Gérard Jugnot,3,M,HE,WWE,MC,RE,AB,N
FR2023_198,Et la fête continue !,FR2023_198_01,Ariane Ascaride,3,F,HE,WWE,MC,EM,AB,N
FR2023_198,Et la fête continue !,FR2023_198_02,Jean-Pierre Darroussin,3,M,HE,WWE,MC,RE,AB,N
FR2023_202,Gueules noires,FR2023_202_01,Samuel Le Bihan,2,M,,WWE,LM,EM,AB,N
FR2023_202,Gueules noires,FR2023_202_02,Jean-Hugues Anglade,3,M,,WWE,UM,EM,AB,N
FR2023_202,Gueules noires,FR2023_202_03,Philippe Torreton,2,M,,WWE,UC,EM,AB,N
FR2023_207,L'Arche de Noé,FR2023_207_01,Valérie Lemercier,2,F,,WWE,MC,EM,AB,N
FR2023_213,Noël joyeux,FR2023_213_01,Franck Dubosc,2,M,HE,WWE,UM,,AB,N
FR2023_213,Noël joyeux,FR2023_213_02,Emmanuelle Devos,2,F,HE,WWE,UM,,AB,N
FR2023_216,Les Trois Mousquetaires : Milady,FR2023_216_01,Vincent Cassel,2,M,HE,WWE,MC,EM,AB,N
FR2023_223,Ma France à moi,FR2023_223_01,Fanny Ardant,3,F,HE,WWE,UM,RE,AB,N
FR2023_227,Une affaire d'honneur,FR2023_227_01,Roschdy Zem,2,M,,NAF,UM,EM,AB,N
FR2023_229,5 hectares,FR2023_229_01,Lambert Wilson,3,M,HE,WWE,UM,EM,AB,N
FR2022_002,Adieu Monsieur Haffmann,FR2022_002_01,Daniel Auteuil,3,M,HE,WWE,UM,SE,AB,N
FR2022_004,Le Cygne des héros,FR2022_004_01,Raphaël Almosni,3,M,HE,WWE,MC,RE,AB,N
FR2022_005,Ouistreham,FR2022_005_01,Juliette Binoche,2,F,,WWE,UC,SE,AB,N
FR2022_007,Sans toi,FR2022_007_01,Thierry Godard,2,M,HE,WWE,UC,SE,AB,N
FR2022_008,"Eurídice, là-bas...",FR2022_008_01,François Frappier,3,M,HE,WWE,MC,EM,AB,N
FR2022_010,L'amour c'est mieux que la vie,FR2022_010_01,Gérard Darmon,3,M,HE,NAF,UM,,CI,N
FR2022_010,L'amour c'est mieux que la vie,FR2022_010_02,Philippe Lellouche,2,M,,WWE,UM,,AB,N
FR2022_010,L'amour c'est mieux que la vie,FR2022_010_03,Sandrine Bonnaire,2,F,HE,WWE,UM,SE,AB,N
FR2022_011,La Place d'une autre,FR2022_011_01,Sabine Azéma,3,F,HE,WWE,UC,UN,AB,N
FR2022_013,Rumba la vie,FR2022_013_01,Franck Dubosc,2,M,HE,WWE,LM,EM,AB,N
FR2022_015,Adieu Paris,FR2022_015_01,Pierre Arditi,4,M,HE,WWE,UC,SE,AB,N
FR2022_015,Adieu Paris,FR2022_015_02,Benoît Poelvoorde,2,M,HE,WWE,UC,SE,AB,N
FR2022_015,Adieu Paris,FR2022_015_03,Bernard Le Coq,3,M,HE,WWE,UC,SE,AB,N
FR2022_015,Adieu Paris,FR2022_015_04,Bernard Murat,4,M,HE,WWE,UC,SE,AB,N
FR2022_016,Les Promesses,FR2022_016_01,Isabelle Huppert,3,F,,WWE,UC,SE,AB,N
FR2022_017,Presque,FR2022_017_01,Bernard Campan,3,M,,WWE,UM,SE,AB,N
FR2022_021,Les Jeunes Amants,FR2022_021_01,Fanny Ardant,3,F,HE,WWE,UM,RE,AB,N
FR2022_024,Enquête sur un scandale d'État,FR2022_024_01,Roschdy Zem,2,M,,NAF,UM,EM,AB,N
FR2022_024,Enquête sur un scandale d'État,FR2022_024_02,Vincent Lindon,3,M,,WWE,UC,EM,AB,N
FR2022_029,Vous ne désirez que moi,FR2022_029_01,Emmanuelle Devos,2,F,,WWE,MC,EM,AB,N
FR2022_030,After Blue (Paradis sale),FR2022_030_01,Elina Löwensohn,2,F,,WEE,,UN,AB,N
FR2022_031,King,FR2022_031_01,Gérard Darmon,3,M,HE,NAF,MC,RE,AB,N
FR2022_035,Un autre monde,FR2022_035_01,Vincent Lindon,3,M,HE,WWE,UC,EM,AB,N
FR2022_036,Compagnons,FR2022_036_01,Agnès Jaoui,3,F,,WWE,MC,SE,AB,N
FR2022_038,Maigret,FR2022_038_01,Gérard Depardieu,3,M,HE,WWE,UM,EM,AB,N
FR2022_039,Selon la police,FR2022_039_01,Patrick d'Assumçao,3,M,,WWE,MC,EM,AB,N
FR2022_040,Zaï Zaï Zaï Zaï,FR2022_040_01,Jean-Paul Rouve,2,M,HE,WWE,UC,SE,AB,N
FR2022_042,Robuste,FR2022_042_01,Gérard Depardieu,3,M,HE,WWE,UC,SE,AB,N
FR2022_043,Viens je t'emmène,FR2022_043_01,Noémie Lvovsky,2,F,HE,WWE,MC,SE,AB,N
FR2022_048,Murder Party,FR2022_048_01,Eddy Mitchell,4,M,HE,WWE,UC,SE,AB,N
FR2022_048,Murder Party,FR2022_048_02,Miou-Miou,3,F,HE,WWE,UC,UN,AB,N
FR2022_049,Permis de construire,FR2022_049_01,Didier Bourdon,3,M,HE,WWE,UM,SE,AB,N
FR2022_051,Alors on danse,FR2022_051_01,Michèle Laroque,3,F,HE,WWE,UM,UN,AB,N
FR2022_051,Alors on danse,FR2022_051_02,Isabelle Nanty,3,F,HE,WWE,LM,,AB,N
FR2022_054,Notre-Dame brûle,FR2022_054_01,Samuel Labarthe,2,M,,WWE,UC,EM,AB,N
FR2022_054,Notre-Dame brûle,FR2022_054_02,Jean-Paul Bordes,2,M,,WWE,UC,EM,AB,N
FR2022_055,Trois fois rien,FR2022_055_01,Philippe Rebbot,2,M,,WWE,LC,UN,AB,N
FR2022_061,Une mère,FR2022_061_01,Karin Viard,2,F,HE,WWE,MC,,AB,N
FR2022_063,Le Monde d'hier,FR2022_063_01,Denis Podalydès,2,M,,WWE,UC,EM,AB,N
FR2022_067,Qu'est-ce qu'on a tous fait au bon Dieu ?,FR2022_067_01,Christian Clavier,3,M,HE,WWE,UC,RE,AB,N
FR2022_067,Qu'est-ce qu'on a tous fait au bon Dieu ?,FR2022_067_02,Chantal Lauby,3,F,HE,WWE,UC,RE,AB,N
FR2022_070,Vortex,FR2022_070_01,Dario Argento,4,M,HE,WWE,MC,RE,AB,N
FR2022_070,Vortex,FR2022_070_02,Françoise Lebrun,4,F,HE,WWE,MC,RE,AB,N
FR2022_075,Les Sans-dents,FR2022_075_01,Yolande Moreau,3,F,HE,WWE,LC,UN,AB,N
FR2022_075,Les Sans-dents,FR2022_075_02,Gustave Kervern,3,M,HE,WWE,LC,UN,AB,N
FR2022_080,Ténor,FR2022_080_01,Michèle Laroque,3,F,,WWE,UM,EM,AB,N
FR2022_083,On sourit pour la photo,FR2022_083_01,Jacques Gamblin,3,M,HE,WWE,MC,RE,AB,N
FR2022_085,J'adore ce que vous faites,FR2022_085_01,Gérard Lanvin,3,M,,WWE,UC,SE,AB,N
FR2022_093,Champagne !,FR2022_093_01,Stéphane De Groodt,2,M,HE,WWE,UM,,AB,N
FR2022_096,Incroyable mais vrai,FR2022_096_01,Alain Chabat,2,M,HE,WWE,UM,EM,AB,N
FR2022_098,L'Homme parfait,FR2022_098_01,Didier Bourdon,2,M,HE,WWE,MC,UN,AB,N
FR2022_106,Ducobu Président !,FR2022_106_01,Élie Semoun,2,M,,NAF,MC,EM,AB,N
FR2022_109,Joyeuse retraite ! 2,FR2022_109_01,Michèle Laroque,3,F,HE,WWE,MC,RE,AB,N
FR2022_109,Joyeuse retraite ! 2,FR2022_109_02,Thierry Lhermitte,3,M,HE,WWE,MC,RE,AB,N
FR2022_110,Magdala,FR2022_110_01,Elsa Wolliaston,4,F,HE,BLA,LC,UN,AB,N
FR2022_111,L'Année du requin,FR2022_111_01,Kad Merad,3,M,HE,NAF,MC,RE,AB,N
FR2022_113,Les Vieux Fourneaux 2 : Bons pour l'asile,FR2022_113_01,Pierre Richard,3,M,HE,WWE,MC,RE,TD,Y
FR2022_113,Les Vieux Fourneaux 2 : Bons pour l'asile,FR2022_113_02,Eddy Mitchell,3,M,HE,WWE,MC,RE,AB,N
FR2022_113,Les Vieux Fourneaux 2 : Bons pour l'asile,FR2022_113_03,Bernard Le Coq,3,M,HE,WWE,MC,RE,AB,N
FR2022_114,Les Volets verts,FR2022_114_01,Gérard Depardieu,3,M,HE,WWE,UC,SE,AB,N
FR2022_115,Avec amour et acharnement,FR2022_115_01,Juliette Binoche,2,F,HE,WWE,UM,EM,AB,N
FR2022_115,Avec amour et acharnement,FR2022_115_02,Vincent Lindon,2,M,HE,WWE,UM,EM,AB,N
FR2022_120,Le Tigre et le Président,FR2022_120_01,Jacques Gamblin,3,M,HE,WWE,UC,EM,AB,N
FR2022_120,Le Tigre et le Président,FR2022_120_02,André Dussollier,4,M,HE,WWE,UC,EM,AB,N
FR2022_123,À propos de Joan,FR2022_123_01,Isabelle Huppert,3,F,HE,WWE,UM,RE,AB,N
FR2022_124,Canailles,FR2022_124_01,François Cluzet,3,M,,WWE,LM,UN,AB,N
FR2022_124,Canailles,FR2022_124_02,José Garcia,2,M,,WWE,MC,EM,AB,N
FR2022_125,Citoyen d'honneur,FR2022_125_01,Kad Merad,2,M,HE,NAF,UC,SE,AB,N
FR2022_129,Les Enfants des autres,FR2022_129_01,Roschdy Zem,2,M,HE,NAF,UM,EM,AB,N
FR2022_131,Une belle course,FR2022_131_01,Line Renaud,4,F,HE,WWE,MC,RE,AB,N
FR2022_135,Maria rêve,FR2022_135_01,Karin Viard,2,F,HE,WWE,LM,EM,AB,N
FR2022_138,L'Origine du mal,FR2022_138_01,Jacques Weber,3,M,HE,WWE,UC,SE,AB,N
FR2022_142,Une femme de notre temps,FR2022_142_01,Sophie Marceau,2,F,HE,WWE,UM,EM,AB,N
FR2022_143,L'Innocent,FR2022_143_01,Anouk Grinberg,2,F,HE,WWE,MC,RE,AB,N
FR2022_143,L'Innocent,FR2022_143_02,Roschdy Zem,2,M,HE,NAF,MC,SE,AB,N
FR2022_146,"Simone, le voyage du siècle",FR2022_146_01,Elsa Zylberstein,5,F,HE,WWE,UC,EM,AB,N
FR2022_148,Belle et Sébastien : Nouvelle génération,FR2022_148_01,Michèle Laroque,3,F,,WWE,MC,SE,AB,N
FR2022_149,Le Nouveau Jouet,FR2022_149_01,Daniel Auteuil,3,M,HE,WWE,UC,SE,AB,N
FR2022_154,Plancha,FR2022_154_01,Lambert Wilson,2,M,HE,WWE,MC,EM,AB,N
FR2022_154,Plancha,FR2022_154_02,Franck Dubosc,2,M,HE,WWE,MC,EM,AB,N
FR2022_154,Plancha,FR2022_154_03,Guillaume de Tonquédec,2,M,HE,WWE,MC,EM,AB,N
FR2022_156,Mascarade,FR2022_156_01,Isabelle Adjani,3,F,HE,WWE,UC,SE,AB,N
FR2022_162,Pétaouchnok,FR2022_162_01,Philippe Rebbot,2,M,,WWE,LM,SE,AB,N
FR2022_173,Les Miens,FR2022_173_01,Sami Bouajila,2,M,HE,NAF,MC,EM,TD,N
FR2022_173,Les Miens,FR2022_173_02,Roschdy Zem,2,M,HE,NAF,UC,EM,AB,N
FR2022_179,Le Torrent,FR2022_179_01,André Dussollier,4,M,HE,WWE,MC,RE,AB,N
FR2022_181,Maestro(s),FR2022_181_01,Yvan Attal,2,M,HE,WWE,UC,SE,AB,N
FR2022_181,Maestro(s),FR2022_181_02,Pierre Arditi,4,M,HE,WWE,UC,SE,AB,N
FR2022_186,Le Petit Piaf,FR2022_186_01,Marc Lavoine,3,M,,WWE,UC,SE,AB,N
FR2021_002,L'Étreinte,FR2021_002_01,Emmanuelle Béart,2,F,HE,WWE,MC,UN,AB,N
FR2021_008,Chacun chez soi,FR2021_008_01,Michèle Laroque,3,F,HE,WWE,MC,RE,AB,N
FR2021_009,Des hommes,FR2021_009_01,Gérard Depardieu,3,M,HE,WWE,MC,RE,AB,N
FR2021_009,Des hommes,FR2021_009_02,Catherine Frot,3,F,HE,WWE,MC,RE,AB,N
FR2021_009,Des hommes,FR2021_009_03,Jean-Pierre Darroussin,3,M,HE,WWE,MC,RE,AB,N
FR2021_011,Villa Caprice,FR2021_011_01,Niels Arestrup,3,M,HO,WWE,UC,SE,AB,N
FR2021_011,Villa Caprice,FR2021_011_02,Patrick Bruel,2,M,HE,WWE,UC,SE,AB,N
FR2021_018,Les 2 Alfred,FR2021_018_01,Denis Podalydès,2,M,HE,WWE,MC,EM,AB,N
FR2021_020,Un tour chez ma fille,FR2021_020_01,Josiane Balasko,3,F,HE,WWE,MC,RE,AB,N
FR2021_024,Tokyo Shaking,FR2021_024_01,Karin Viard,2,F,HE,WWE,UM,EM,AB,N
FR2021_025,La Fine Fleur,FR2021_025_01,Catherine Frot,3,F,HE,WWE,UM,SE,AB,N
FR2021_026,Le Sens de la famille,FR2021_026_01,Franck Dubosc,2,M,HE,WWE,MC,EM,AB,N
FR2021_028,Soeurs,FR2021_028_01,Isabelle Adjani,2,F,HE,WWE,MC,,AB,N
FR2021_033,Bergman Island,FR2021_033_01,Tim Roth,2,M,HE,WWE,UM,SE,AB,N
FR2021_035,Mystère à Saint-Tropez,FR2021_035_01,Christian Clavier,3,M,HE,WWE,UM,EM,AB,N
FR2021_035,Mystère à Saint-Tropez,FR2021_035_02,Benoît Poelvoorde,2,M,HE,WWE,UC,SE,AB,N
FR2021_036,Titane,FR2021_036_01,Vincent Lindon,2,M,HE,WWE,MC,EM,AB,N
FR2021_039,"Onoda, 10 000 nuits dans la jungle",FR2021_039_01,Kanji Tsuda,3,M,HE,EAS,LM,EM,AB,N
FR2021_039,"Onoda, 10 000 nuits dans la jungle",FR2021_039_02,Tetsuya Chiba,3,M,HE,EAS,LM,EM,AB,N
FR2021_040,C'est la vie,FR2021_040_01,Josiane Balasko,3,F,HE,WWE,MC,EM,AB,N
FR2021_042,Profession du père,FR2021_042_01,Benoît Poelvoorde,2,M,HE,WWE,MC,EM,AB,N
FR2021_045,Messe basse,FR2021_045_01,Jacqueline Bisset,3,F,HE,WWE,UM,RE,AB,N
FR2021_047,C'est quoi ce papy ?!,FR2021_047_01,Chantal Ladesou,3,F,HE,WWE,MC,RE,AB,N
FR2021_047,C'est quoi ce papy ?!,FR2021_047_02,Patrick Chesnais,3,M,HE,WWE,MC,RE,AB,N
FR2021_051,Attention au départ,FR2021_051_01,André Dussollier,3,M,HE,WWE,MC,RE,AB,N
FR2021_053,Les Fantasmes,FR2021_053_01,Karin Viard,2,F,HE,WWE,MC,EM,AB,N
FR2021_053,Les Fantasmes,FR2021_053_02,Carole Bouquet,2,F,HO,WWE,MC,,AB,N
FR2021_053,Les Fantasmes,FR2021_053_03,Monica Bellucci,2,F,HO,WWE,MC,,AB,N
FR2021_053,Les Fantasmes,FR2021_053_04,Denis Podalydès,2,M,HE,WWE,MC,,AB,N
FR2021_060,Un triomphe,FR2021_060_01,Kad Merad,2,M,HE,NAF,LM,SE,AB,N
FR2021_061,Boîte noire,FR2021_061_01,André Dussollier,3,M,HE,WWE,UM,EM,AB,N
FR2021_066,L'Origine du monde,FR2021_066_01,Karin Viard,2,F,HE,WWE,UM,,AB,N
FR2021_068,Les Amours d'Anaïs,FR2021_068_01,Denis Podalydès,2,M,HE,WWE,UM,,AB,N
FR2021_068,Les Amours d'Anaïs,FR2021_068_02,Valeria Bruni Tedeschi,2,F,BI,WWE,UM,SE,AB,N
FR2021_069,Pourris gâtés,FR2021_069_01,Gérard Jugnot,3,M,HE,WWE,UC,SE,AB,N
FR2021_072,Tout s'est bien passé,FR2021_072_01,André Dussollier,4,M,BI,WWE,MC,RE,CI,N
FR2021_072,Tout s'est bien passé,FR2021_072_02,Sophie Marceau,2,F,HE,WWE,UM,SE,AB,N
FR2021_073,Cette musique ne joue pour personne,FR2021_073_01,Gustave Kervern,3,M,HE,WWE,LM,EM,AB,N
FR2021_073,Cette musique ne joue pour personne,FR2021_073_02,Bouli Lanners,3,M,HE,WWE,LM,EM,AB,N
FR2021_075,Eugénie Grandet,FR2021_075_01,Olivier Gourmet,3,M,HE,WWE,UC,SE,AB,N
FR2021_079,Gaza mon amour,FR2021_079_01,Salim Daw,3,M,HE,MEA,LM,SE,AB,N
FR2021_079,Gaza mon amour,FR2021_079_02,Hiam Abbass,3,F,HE,MEA,LM,SE,AB,N
FR2021_081,Tralala,FR2021_081_01,Mathieu Amalric,2,M,HE,WWE,LC,UN,AB,N
FR2021_084,L'Homme de la cave,FR2021_084_01,François Cluzet,3,M,HE,WWE,MC,UN,AB,N
FR2021_091,Les Héroïques,FR2021_091_01,François Creton,2,M,HE,WWE,LM,UN,AB,N
FR2021_095,La Fracture,FR2021_095_01,Valeria Bruni Tedeschi,2,F,HO,WWE,UM,,TD,Y
FR2021_103,Aline,FR2021_103_01,Valérie Lemercier,5,F,HE,WWE,UC,SE,AB,N
FR2021_105,Haute Couture,FR2021_105_01,Nathalie Baye,3,F,HE,WWE,UM,EM,AB,N
FR2021_108,Les Bodin's en Thaïlande,FR2021_108_01,Vincent Dubois,4,F,HE,WWE,LM,RE,AB,N
FR2021_110,Oranges sanguines,FR2021_110_01,Denis Podalydès,2,M,HE,WWE,UC,SE,AB,N
FR2021_112,De son vivant,FR2021_113_01,Catherine Deneuve,3,F,HE,WWE,MC,RE,AB,N
FR2021_115,La Pièce rapportée,FR2021_116_01,Josiane Balasko,3,F,HE,WWE,UC,UN,AB,N
FR2021_120,Les Tuche 4,FR2021_121_01,Isabelle Nanty,2,F,HE,WWE,LM,UN,AB,N
FR2021_122,Rose,FR2021_123_01,Françoise Fabian,4,F,HE,WWE,MC,RE,AB,N
FR2021_124,Mes très chers enfants,FR2021_126_01,Josiane Balasko,3,F,HE,WWE,MC,RE,AB,N
FR2021_124,Mes très chers enfants,FR2021_126_02,Didier Bourdon,3,M,HE,WWE,MC,RE,AB,N
FR2021_128,Mince alors 2 !,FR2021_130_01,Charlotte de Turckheim,3,F,HE,WWE,MC,SE,AB,N
FR2021_128,Mince alors 2 !,FR2021_130_02,Catherine Hosmalin,3,F,HE,WWE,MC,SE,AB,N
FR2021_130,Tromperie,FR2021_132_01,Denis Podalydès,2,M,HE,WWE,UM,SE,AB,N
FR2020_003,Sol,FR2020_003_01,Chantal Lauby,3,F,HE,WWE,UM,SE,AB,N
FR2020_006,Une belle équipe,FR2020_006_01,Kad Merad,2,M,HE,NAF,MC,EM,AB,N
FR2020_008,Je ne rêve que de vous,FR2020_008_01,Hippolyte Girardot,3,M,HE,WWE,UC,EM,AB,N
FR2020_015,Les Traducteurs,FR2020_015_01,Lambert Wilson,3,M,,WWE,UC,EM,AB,N
FR2020_016,L'Esprit de famille,FR2020_016_01,François Berléand,3,M,HE,WWE,UM,RE,AB,N
FR2020_016,L'Esprit de famille,FR2020_016_02,Josiane Balasko,3,F,HE,WWE,UM,RE,AB,N
FR2020_019,Les Mélancolies de Sade,FR2020_019_01,Didier Sauvegrain,3,M,HE,WWE,UC,SE,AB,N
FR2020_020,Ducobu 3,FR2020_020_01,Élie Semoun,2,M,,NAF,MC,EM,AB,N
FR2020_021,#jesuislà,FR2020_021_01,Alain Chabat,3,M,HE,WWE,UM,SE,AB,N
FR2020_027,La Fille au bracelet,FR2020_027_01,Roschdy Zem,2,M,HE,NAF,UM,EM,AB,N
FR2020_028,Deux,FR2020_028_01,Barbara Sukowa,3,F,HO,WWE,UM,RE,AB,N
FR2020_028,Deux,FR2020_028_02,Martine Chevallier,3,F,HO,WWE,UM,RE,TD,N
FR2020_029,10 jours sans maman,FR2020_029_01,Franck Dubosc,2,M,HE,WWE,UC,EM,AB,N
FR2020_032,Mine de rien,FR2020_032_01,Philippe Rebbot,2,M,HE,WWE,LM,UN,AB,N
FR2020_036,De Gaulle,FR2020_036_01,Lambert Wilson,2,M,HE,WWE,UC,EM,AB,N
FR2020_037,Papi Sitter,FR2020_037_01,Gérard Lanvin,3,M,HE,WWE,MC,RE,AB,N
FR2020_037,Papi Sitter,FR2020_037_02,Olivier Marchal,3,M,HE,WWE,LM,RE,AB,N
FR2020_039,La Bonne Épouse,FR2020_039_01,Juliette Binoche,2,F,HE,WWE,UC,SE,AB,N
FR2020_042,Les Parfums,FR2020_042_01,Emmanuelle Devos,2,F,HE,WWE,UC,SE,AB,N
FR2020_051,Terrible Jungle,FR2020_051_01,Catherine Deneuve,4,F,HE,WWE,UC,SE,AB,N
FR2020_056,Belle-fille,FR2020_056_01,Miou-Miou,3,F,HE,WWE,MC,RE,AB,N
FR2020_058,Effacer l'historique,FR2020_058_01,Denis Podalydès,2,M,HE,WWE,LM,EM,AB,N
FR2020_058,Effacer l'historique,FR2020_058_02,Corinne Masiero,2,F,HE,WWE,LM,EM,AB,N
FR2020_060,Poissonsexe,FR2020_060_01,Gustave Kervern,2,M,HE,WWE,UM,EM,AB,N
FR2020_061,La Daronne,FR2020_061_01,Isabelle Huppert,2,F,,WWE,MC,SE,AB,N
FR2020_063,Un soupçon d'amour,FR2020_063_01,Marianne Basler,2,F,HE,WWE,UC,SE,AB,N
FR2020_063,Un soupçon d'amour,FR2020_063_02,Fabienne Babe,3,F,HE,WWE,UC,SE,AB,N
FR2020_063,Un soupçon d'amour,FR2020_063_03,Jean-Philippe Puymartin,3,M,HE,WWE,UC,SE,AB,N
FR2020_068,J'irai mourir dans les Carpates,FR2020_068_01,Antoine de Maximy,3,M,HE,WWE,UC,SE,AB,N
FR2020_072,Boutchou,FR2020_073_01,Carole Bouquet,3,F,HE,WWE,UM,RE,AB,N
FR2020_072,Boutchou,FR2020_073_02,Gérard Darmon,3,M,HE,WWE,UM,RE,AB,N
FR2020_072,Boutchou,FR2020_073_03,Clémentine Célarié,3,F,HE,WWE,UM,RE,AB,N
FR2020_072,Boutchou,FR2020_073_04,Pascal N'zonzi,3,M,HE,WWE,UM,RE,AB,N
FR2020_074,Mon cousin,FR2020_075_01,Vincent Lindon,3,M,HE,WWE,UC,SE,AB,N
FR2020_085,Adieu les cons,FR2020_086_01,Albert Dupontel,2,M,,WWE,UM,EM,AB,N
FR2020_092,Sous les étoiles de Paris,FR2020_093_01,Catherine Frot,3,F,,WWE,LC,UN,AB,N
FR2020_093,Garçon chiffon,FR2020_094_01,Nathalie Baye,3,F,HE,WWE,MC,RE,AB,N
FR2019_002,Un beau voyou,FR2019_002_01,Charles Berling,3,M,HE,WWE,UM,EM,AB,N
FR2019_003,Les Invisibles,FR2019_003_01,Corinne Masiero,2,F,,WWE,MC,EM,AB,N
FR2019_004,Edmond,FR2019_004_01,Olivier Gourmet,2,M,,WWE,UC,SE,AB,N
FR2019_008,L'Incroyable Histoire du facteur Cheval,FR2019_008_01,Jacques Gamblin,5,M,HE,WWE,LM,EM,AB,N
FR2019_009,Doubles Vies,FR2019_009_01,Juliette Binoche,2,F,HE,WWE,UC,SE,AB,N
FR2019_010,Holy Lands,FR2019_010_01,James Caan,4,M,HE,WNA,MC,SE,AB,N
FR2019_011,Une jeunesse dorée,FR2019_011_01,Isabelle Huppert,2,F,BI,WWE,UC,UN,AB,N
FR2019_015,L'Ordre des médecins,FR2019_015_01,Marthe Keller,3,F,HE,WWE,MC,RE,CI,N
FR2019_018,Alien Crystal Palace,FR2019_018_01,Arielle Dombasle,3,F,,WWE,UM,SE,AB,N
FR2019_020,Qu'est-ce qu'on a encore fait au bon Dieu ?,FR2019_020_01,Christian Clavier,3,M,HE,WWE,UC,RE,AB,N
FR2019_020,Qu'est-ce qu'on a encore fait au bon Dieu ?,FR2019_020_02,Chantal Lauby,3,F,HE,WWE,UC,RE,AB,N
FR2019_021,Les Estivants,FR2019_021_01,Valeria Bruni Tedeschi,2,F,HE,WWE,UM,SE,AB,N
FR2019_028,Une intime conviction,FR2019_028_01,Olivier Gourmet,2,M,HE,WWE,UC,SE,AB,N
FR2019_030,La Dernière Folie de Claire Darling,FR2019_030_01,Catherine Deneuve,4,F,HE,WWE,UM,RE,AB,N
FR2019_031,All Inclusive,FR2019_031_01,Franck Dubosc,2,M,HE,WWE,MC,,AB,N
FR2019_032,Deux Fils,FR2019_032_01,Benoît Poelvoorde,2,M,HE,WWE,UM,SE,AB,N
FR2019_034,"Moi, maman, ma mère et moi",FR2019_034_01,Philippe Rebbot,2,M,HE,WWE,MC,,AB,N
FR2019_041,Celle que vous croyez,FR2019_041_01,Juliette Binoche,2,F,HE,WWE,UM,EM,AB,N
FR2019_043,Le Mystère Henri Pick,FR2019_043_01,Fabrice Luchini,3,M,,WWE,UC,SE,AB,N
FR2019_049,On ment toujours à ceux qu'on aime,FR2019_049_01,Fionnula Flanagan,4,F,HE,WNA,UM,RE,AB,N
FR2019_049,On ment toujours à ceux qu'on aime,FR2019_049_02,Marthe Keller,3,F,HE,WWE,UM,RE,AB,N
FR2019_050,Rebelles,FR2019_050_01,Yolande Moreau,3,F,,WWE,LM,EM,AB,N
FR2019_052,Convoi exceptionnel,FR2019_052_01,Gérard Depardieu,3,M,,WWE,LC,UN,AB,N
FR2019_052,Convoi exceptionnel,FR2019_052_02,Christian Clavier,3,M,,WWE,UC,,AB,N
FR2019_053,Qui m'aime me suive !,FR2019_053_01,Daniel Auteuil,3,M,HE,WWE,MC,RE,AB,N
FR2019_053,Qui m'aime me suive !,FR2019_053_02,Catherine Frot,3,F,HE,WWE,MC,RE,AB,N
FR2019_053,Qui m'aime me suive !,FR2019_053_03,Bernard Le Coq,3,M,HE,WWE,MC,RE,AB,N
FR2019_056,Dernier Amour,FR2019_056_01,Vincent Lindon,2,M,HE,WWE,UC,UN,AB,N
FR2019_069,"Tanguy, le retour",FR2019_069_01,Sabine Azéma,3,F,HE,WWE,MC,RE,AB,N
FR2019_069,"Tanguy, le retour",FR2019_069_02,André Dussollier,3,M,HE,WWE,MC,RE,AB,N
FR2019_070,Blanche comme neige,FR2019_070_01,Isabelle Huppert,3,F,,WWE,UC,SE,AB,N
FR2019_072,Just a Gigolo,FR2019_072_01,Kad Merad,2,M,HE,NAF,UC,UN,AB,N
FR2019_073,Raoul Taburin,FR2019_073_01,Benoît Poelvoorde,2,M,HE,WWE,MC,SE,AB,N
FR2019_077,L'Adieu à la nuit,FR2019_077_01,Catherine Deneuve,4,F,HE,WWE,MC,RE,AB,N
FR2019_082,Nous finirons ensemble,FR2019_082_01,François Cluzet,2,M,HE,WWE,UC,SE,AB,N
FR2019_089,Cold Blood Legacy : La mémoire du sang,FR2019_089_01,Jean Reno,3,M,,WWE,MC,RE,AB,N
FR2019_094,Les Plus Belles Années d'une vie,FR2019_094_01,Jean-Louis Trintignant,4,M,HE,WWE,MC,RE,PD,Y
FR2019_094,Les Plus Belles Années d'une vie,FR2019_094_02,Anouk Aimée,4,F,HE,WWE,MC,RE,AB,N
FR2019_097,Venise n'est pas en Italie,FR2019_097_01,Benoît Poelvoorde,2,M,HE,WWE,LM,EM,AB,N
FR2019_105,Le Chant de la couleuvre,FR2019_105_01,Miklos Bacs,2,M,,WEE,MC,EM,AB,N
FR2019_110,Beaux-parents,FR2019_110_01,Josiane Balasko,3,F,HE,WWE,MC,RE,AB,N
FR2019_110,Beaux-parents,FR2019_110_02,Didier Bourdon,3,M,HE,WWE,MC,RE,AB,N
FR2019_120,Ibiza,FR2019_120_01,Christian Clavier,3,M,HE,WWE,UC,SE,AB,N
FR2019_121,Quand on crie au loup,FR2019_121_01,Gérard Jugnot,3,M,HE,WWE,LM,EM,AB,N
FR2019_127,Premier de la classe,FR2019_127_01,Pascal N'zonzi,2,M,HE,BWE,LM,EM,AB,N
FR2019_138,C'est quoi cette mamie ?!,FR2019_138_01,Chantal Ladesou,3,F,HE,WWE,LM,RE,AB,N
FR2019_141,Thalasso,FR2019_141_01,Gérard Depardieu,3,M,HE,WWE,UC,SE,AB,N
FR2019_141,Thalasso,FR2019_141_02,Michel Houellebecq,3,M,HE,WWE,UC,SE,AB,N
FR2019_142,Ma famille et le loup,FR2019_142_01,Carmen Maura,3,F,HE,WWE,MC,RE,AB,N
FR2019_143,Frankie,FR2019_143_01,Isabelle Huppert,3,F,HE,WWE,UC,SE,CI,N
FR2019_146,Fête de famille,FR2019_146_01,Catherine Deneuve,3,F,HE,WWE,UM,RE,AB,N
FR2019_150,Liberté,FR2019_150_01,Helmut Berger,3,M,BI,WWE,UC,UN,AB,N
FR2019_159,Alice et le Maire,FR2019_159_01,Fabrice Luchini,3,M,HE,WWE,UC,EM,AB,N
FR2019_164,"Vous êtes jeunes, vous êtes beaux",FR2019_164_01,Gérard Darmon,3,M,HE,WWE,LM,RE,AB,N
FR2019_164,"Vous êtes jeunes, vous êtes beaux",FR2019_164_02,Josiane Balasko,3,F,HE,WWE,LM,RE,AB,N
FR2019_170,Fahim,FR2019_170_01,Gérard Depardieu,3,M,,WWE,MC,SE,AB,N
FR2019_170,Fahim,FR2019_170_02,Isabelle Nanty,2,F,,WWE,UM,SE,AB,N
FR2019_175,"Les Municipaux, trop c'est trop",FR2019_175_01,Éric Carrière,2,M,HE,WWE,LM,EM,AB,N
FR2019_175,"Les Municipaux, trop c'est trop",FR2019_175_02,Isabelle Nanty,2,M,HE,WWE,LM,EM,AB,N
FR2019_181,La Belle Époque,FR2019_181_01,Daniel Auteuil,3,M,HE,WWE,MC,RE,AB,N
FR2019_196,Joyeuse retraite !,FR2019_196_01,Thierry Lhermitte,3,M,HE,WWE,MC,RE,AB,N
FR2019_196,Joyeuse retraite !,FR2019_196_02,Michèle Laroque,3,F,HE,WWE,MC,RE,AB,N
FR2019_197,Les Éblouis,FR2019_197_01,Jean-Pierre Darroussin,3,M,,WWE,UM,,AB,N
FR2019_202,Gloria Mundi,FR2019_202_01,Jean-Pierre Darroussin,3,M,HE,WWE,LM,EM,AB,N
FR2019_202,Gloria Mundi,FR2019_202_02,Gérard Meylan,3,M,HE,WWE,LM,UN,AB,N
FR2019_202,Gloria Mundi,FR2019_202_03,Ariane Ascaride,3,F,HE,WWE,LM,EM,AB,N
FR2019_205,Toute ressemblance,FR2019_205_01,Franck Dubosc,2,M,HE,WWE,UC,EM,AB,N
FR2019_206,Le meilleur reste à venir,FR2019_206_01,Fabrice Luchini,3,M,HE,WWE,UC,EM,AB,N
FR2019_206,Le meilleur reste à venir,FR2019_206_02,Patrick Bruel,3,M,HE,WWE,UM,,CI,N
FR2019_207,It Must Be Heaven,FR2019_207_01,Elia Suleiman,3,M,,MEA,UM,SE,AB,N
FR2019_213,Docteur ?,FR2019_213_01,Michel Blanc,3,M,,WWE,UM,SE,TD,N
FR2019_219,Rendez-vous chez les Malawas,FR2019_219_01,Christian Clavier,3,M,,WWE,UC,EM,AB,N
FR2019_220,La Vérité,FR2019_220_01,Catherine Deneuve,4,F,HE,WWE,UC,SE,AB,N
FR2019_220,La Vérité,FR2019_220_02,Juliette Binoche,2,F,HE,WWE,UC,SE,AB,N
FR2019_221,La Sainte Famille,FR2019_221_01,Louis-Do de Lencquesaing,2,M,HE,WWE,UC,SE,AB,N
FR2017_003,Mes trésors,FR2017_003_01,Jean Reno,3,M,HE,WWE,MC,RE,AB,N
FR2017_005,La Mécanique de l'ombre,FR2017_005_01,François Cluzet,3,M,HE,WWE,MC,EM,AB,N
FR2017_008,Le Divan de Staline,FR2017_008_01,Gérard Depardieu,3,M,HE,WEE,UC,SE,AB,N
FR2017_010,Il a déjà tes yeux,FR2017_010_01,Zabou Breitman,2,F,,WWE,UM,EM,AB,N
FR2017_011,Un sac de billes,FR2017_011_01,Patrick Bruel,2,M,HE,WWE,MC,EM,AB,N
FR2017_028,L'Histoire d'une mère,FR2017_028_01,Catherine Ferran,3,F,HE,WWE,MC,RE,AB,N
FR2017_034,La DorMeuse Duval,FR2017_034_01,Dominique Pinon,3,M,HE,WWE,LM,EM,AB,N
FR2017_035,Seule... mais pas trop!,FR2017_035_01,Denise Dodé,3,F,HE,WWE,MC,RE,AB,N
FR2017_044,Paris pieds nus,FR2017_044_01,Dominique Abel,2,M,HE,WWE,LC,UN,AB,N
FR2017_044,Paris pieds nus,FR2017_044_02,Fiona Gordon,2,F,HE,WNA,MC,EM,AB,N
FR2017_051,Vénéneuses,FR2017_051_01,Jean-Pierre Mocky,4,M,HE,WWE,LM,UN,AB,N
FR2017_052,Sage Femme,FR2017_052_01,Catherine Frot,2,F,HE,WWE,MC,EM,AB,N
FR2017_052,Sage Femme,FR2017_052_02,Catherine Deneuve,3,F,HE,WWE,MC,RE,AB,N
FR2017_058,Paris la blanche,FR2017_058_01,Tassadit Mandi,3,F,HE,NAF,LM,UN,AB,N
FR2017_060,À bras ouverts,FR2017_060_01,Christian Clavier,3,M,HE,WWE,UC,SE,AB,N
FR2017_064,C'est beau la vie quand on y pense,FR2017_064_01,Gérard Jugnot,3,M,HE,WWE,MC,RE,AB,N
FR2017_065,Un profil pour deux,FR2017_065_01,Pierre Richard,4,M,HE,WWE,MC,RE,AB,N
FR2017_073,À mon âge je me cache encore pour fumer,FR2017_073_01,Hiam Abbass,2,F,HE,NAF,MC,SE,AB,N
FR2017_078,Vive la crise !,FR2017_078_01,Jean-Claude Dreyfus,3,M,HE,WWE,LM,UN,AB,N
FR2017_078,Vive la crise !,FR2017_078_02,Jean-Marie Bigard,3,M,HE,WWE,MC,UN,AB,N
FR2017_080,Soleils,FR2017_080_01,Binda Ngazolo,3,M,,SAF,LM,,AB,N
FR2017_084,Rodin,FR2017_084_01,Vincent Lindon,1,M,HE,WWE,UM,SE,AB,N
FR2017_089,Drôles d'oiseaux,FR2017_089_01,Jean Sorel,4,M,HE,WWE,MC,SE,AB,N
FR2017_102,Mon poussin,FR2017_102_01,Isabelle Nanty,2,F,HE,WWE,MC,,AB,N
FR2017_105,Grand Froid,FR2017_105_01,Jean-Pierre Bacri,3,M,,WWE,MC,EM,AB,N
FR2017_115,Chouquette,FR2017_115_01,Sabine Azéma,3,F,HE,WWE,UM,RE,AB,N
FR2017_115,Chouquette,FR2017_115_02,Michèle Laroque,2,F,HE,WWE,MC,,AB,N
FR2017_117,Lola Pater,FR2017_117_01,Fanny Ardant,3,T,HO,NAF,MC,SE,AB,N
FR2017_124,Bonne Pomme,FR2017_124_01,Catherine Deneuve,3,F,HE,WWE,MC,SE,AB,N
FR2017_124,Bonne Pomme,FR2017_124_02,Gérard Depardieu,3,M,HE,WWE,MC,SE,AB,N
FR2017_141,Le Sens de la fête,FR2017_141_01,Jean-Pierre Bacri,3,M,HE,WWE,UM,SE,AB,N
FR2017_142,Happy End,FR2017_142_01,Isabelle Huppert,3,F,HE,WWE,UC,SE,AB,N
FR2017_142,Happy End,FR2017_142_02,Jean-Louis Trintignant,4,M,HE,WWE,UC,RE,AB,N
FR2017_145,L'École buissonnière,FR2017_145_01,François Cluzet,3,M,,WWE,LM,SE,AB,N
FR2017_153,Votez pour moi !,FR2017_153_01,Bonnafet Tarbouriech,3,M,,WWE,MC,EM,AB,N
FR2017_159,Ton coeur est plus noir que la nuit,FR2017_159_01,Jean-Yves Arrivé,3,M,,WWE,UM,EM,AB,N
FR2017_166,Tout nous sépare,FR2017_166_01,Catherine Deneuve,3,F,HE,WWE,UM,UN,AB,N
FR2017_168,En attendant les hirondelles,FR2017_168_01,Mohamed Djouhri,3,M,HE,NAF,UM,SE,AB,N
FR2017_179,Le Brio,FR2017_179_01,Daniel Auteuil,3,M,HE,WWE,UM,EM,AB,N
FR2017_182,L'Œil du cyclone,FR2017_182_01,Fargass Assandé,2,M,,SAF,LM,UN,AB,N
FR2017_184,La Villa,FR2017_184_01,Ariane Ascaride,3,F,HE,WWE,UM,SE,AB,N
FR2017_184,La Villa,FR2017_184_02,Jean-Pierre Darroussin,3,M,HE,WWE,MC,RE,AB,N
FR2017_184,La Villa,FR2017_184_03,Gérard Meylan,3,M,HE,WWE,MC,SE,AB,N
FR2017_188,Santa & Cie,FR2017_188_01,Alain Chabat,2,M,HE,WWE,UC,SE,AB,N
FR2017_189,Les Gardiennes,FR2017_189_01,Nathalie Baye,3,F,HE,WWE,LM,SE,AB,N
FR2017_190,"Stars 80, la suite",FR2017_190_01,Richard Anconina,3,M,HE,WWE,UM,SE,AB,N
FR2017_190,"Stars 80, la suite",FR2017_190_02,Patrick Timsit,2,M,HE,WWE,UM,SE,AB,N
FR2017_196,Garde alternée,FR2017_196_01,Didier Bourdon,2,M,HE,WWE,UM,EM,AB,N
FR2017_199,Momo,FR2017_199_01,Christian Clavier,2,M,HE,WWE,UM,EM,AB,N
FR2017_199,Momo,FR2017_199_02,Catherine Frot,2,F,HE,WWE,UM,EM,AB,N
FR2017_200,Le Rire de Madame Lin,FR2017_200_01,Yu Fengyuan,4,F,HE,EAS,LM,RE,TD,N
FR2016_003,Je vous souhaite d'être follement aimée,FR2016_003_01,Anne Benoît,2,F,HE,WWE,LM,EM,AB,N
FR2016_005,Arrête ton cinéma !,FR2016_005_01,Josiane Balasko,3,F,,WWE,UC,SE,AB,N
FR2016_005,Arrête ton cinéma !,FR2016_005_02,Zabou Breitman,2,F,,WWE,UC,SE,AB,N
FR2016_007,Gaz de France,FR2016_007_01,Olivier Rabourdin,2,M,,WWE,UC,EM,AB,N
FR2016_014,Koan de Printemps,FR2016_014_01,Jim-Adhi Limas,4,M,,SEA,UM,EM,AB,N
FR2016_027,Les Naufragés,FR2016_027_01,Daniel Auteuil,3,M,HE,WWE,UC,SE,AB,N
FR2016_033,Saint Amour,FR2016_033_01,Gérard Depardieu,3,M,HE,WWE,MC,SE,AB,N
FR2016_035,Moonwalkers,FR2016_035_01,Ron Perlman,3,M,,WNA,UM,EM,AB,N
FR2016_041,Louis-Ferdinand Céline,FR2016_041_01,Denis Lavant,2,M,HE,WWE,UM,SE,AB,N
FR2016_046,Marseille,FR2016_046_01,Patrick Bosso,2,M,HE,WWE,MC,EM,AB,N
FR2016_047,Au nom de ma fille,FR2016_047_01,Daniel Auteuil,5,M,HE,WWE,UM,SE,AB,N
FR2016_051,Médecin de campagne,FR2016_051_01,François Cluzet,3,M,HE,WWE,UM,SE,CI,N
FR2016_053,La Dream Team,FR2016_053_01,Gérard Depardieu,3,M,HE,WWE,MC,SE,AB,N
FR2016_058,Les Visiteurs : La Révolution,FR2016_058_01,Christian Clavier,3,M,HE,WWE,LC,EM,AB,N
FR2016_058,Les Visiteurs : La Révolution,FR2016_058_02,Jean Reno,3,M,HE,WWE,UC,UN,AB,N
FR2016_060,L'Avenir,FR2016_060_01,Isabelle Huppert,3,F,HE,WWE,UM,EM,AB,N
FR2016_067,Adopte un veuf,FR2016_067_01,André Dussollier,3,M,HE,WWE,UM,RE,AB,N
FR2016_071,D'une pierre deux coups,FR2016_071_01,Milouda Chaqiq,4,F,HE,NAF,LM,RE,AB,N
FR2016_075,Mobile Étoile,FR2016_075_01,Luc Picard,2,M,HE,WNA,UC,SE,AB,N
FR2016_080,Vendeur,FR2016_080_01,Gilbert Melki,2,M,HE,WWE,UM,SE,AB,N
FR2016_082,"Tout, tout de suite",FR2016_082_01,Richard Berry,3,M,HE,WWE,MC,,AB,N
FR2016_083,Ma Loute,FR2016_083_01,Fabrice Luchini,3,M,HE,WWE,UC,SE,AB,N
FR2016_085,Elle,FR2016_085_01,Isabelle Huppert,3,F,HE,WWE,UC,SE,AB,N
FR2016_086,L'Origine de la violence,FR2016_086_01,Richard Berry,3,M,HE,WWE,MC,,AB,N
FR2016_087,Retour chez ma mère,FR2016_087_01,Josiane Balasko,3,F,HE,WWE,MC,RE,AB,N
FR2016_091,La Nouvelle Vie de Paul Sneijder,FR2016_091_01,Thierry Lhermitte,2,M,HE,WWE,UM,EM,TD,N
FR2016_094,Celui qu'on attendait,FR2016_094_01,Patrick Chesnais,3,M,,WWE,UM,SE,AB,N
FR2016_101,Un homme d'État,FR2016_101_01,Pierre Santini,4,M,HE,WWE,UC,RE,AB,N
FR2016_101,Un homme d'État,FR2016_101_02,Patrick Braoudé,3,M,HE,WWE,UC,SE,AB,N
FR2016_106,Futur antérieur,FR2016_106_01,Chris Imberdis,3,M,,WWE,UC,SE,AB,N
FR2016_114,Parenthèse,FR2016_114_01,Gilles Gaston-Dreyfus,2,M,HE,WWE,MC,,AB,N
FR2016_116,Ma vie de chat,FR2016_116_01,Kevin Spacey,2,M,HE,WNA,UC,SE,AB,N
FR2016_119,Moka,FR2016_119_01,Nathalie Baye,3,F,,WWE,MC,SE,AB,N
FR2016_124,Blood Father,FR2016_124_01,Mel Gibson,3,M,HE,WNA,MC,UN,AB,N
FR2016_138,Le Cancre,FR2016_138_01,Paul Vecchiali,4,M,HE,WWE,MC,RE,AB,N
FR2016_140,L'Odyssée,FR2016_140_01,Lambert Wilson,2,M,HE,WWE,UM,SE,AB,N
FR2016_147,Willy 1er,FR2016_147_01,Daniel Vannet,2,M,,WWE,LM,EM,AB,N
FR2016_153,La Mort de Louis XIV,FR2016_153_01,Jean-Pierre Léaud,4,M,HE,WWE,UC,,CI,N
FR2016_155,L'Histoire de l'amour,FR2016_155_01,Derek Jacobi,4,M,HE,WNA,MC,RE,AB,N
FR2016_160,Mon père en grand,FR2016_160_01,Serge Renou,3,M,HE,WWE,MC,,AB,N
FR2016_164,Tour de France,FR2016_164_01,Gérard Depardieu,3,M,HE,WWE,LM,RE,AB,N
FR2016_178,Carole Matthieu,FR2016_178_01,Isabelle Adjani,3,F,,WWE,UM,EM,AB,N
FR2016_182,À fond,FR2016_182_01,André Dussollier,3,M,HE,WWE,MC,RE,AB,N
FR2016_183,Père fils thérapie !,FR2016_183_01,Richard Berry,3,M,HE,WWE,UM,RE,AB,N
FR2015_002,Chic !,FR2015_002_01,Fanny Ardant,3,F,HE,WWE,UC,SE,AB,N
FR2015_005,Les Souvenirs,FR2015_005_01,Michel Blanc,3,M,HE,WWE,MC,EM,AB,N
FR2015_005,Les Souvenirs,FR2015_005_02,Annie Cordy,4,F,HE,WWE,MC,RE,AB,N
FR2015_005,Les Souvenirs,FR2015_005_03,Chantal Lauby,3,F,HE,WWE,MC,EM,AB,N
FR2015_006,Loin des hommes,FR2015_006_01,Viggo Mortensen,2,M,HE,WWE,MC,EM,AB,N
FR2015_011,Taken 3,FR2015_011_01,Liam Neeson,3,M,HE,WNA,UM,RE,AB,N
FR2015_025,Un village presque parfait,FR2015_025_01,Didier Bourdon,2,M,HE,WWE,MC,EM,AB,N
FR2015_029,Réalité,FR2015_029_01,Alain Chabat,2,M,,WWE,UM,SE,AB,N
FR2015_030,La Duchesse de Varsovie,FR2015_030_01,Alexandra Stewart,3,F,HE,WWE,MC,RE,AB,N
FR2015_041,Louise,FR2015_041_01,Claudine Baschet,4,F,,WWE,MC,RE,AB,N
FR2015_042,Voyage en Chine,FR2015_042_01,Yolande Moreau,3,F,HE,WWE,MC,,AB,N
FR2015_047,Journal d'une femme de chambre,FR2015_047_01,Vincent Lindon,2,M,HE,WWE,LM,EM,AB,N
FR2015_060,Entre amis,FR2015_060_01,Daniel Auteuil,2,M,HE,WWE,UM,,AB,N
FR2015_060,Entre amis,FR2015_060_02,Gérard Jugnot,2,M,HE,WWE,UM,,AB,N
FR2015_060,Entre amis,FR2015_060_03,François Berléand,2,M,HE,WWE,UM,,AB,N
FR2015_064,Nos femmes,FR2015_064_01,Daniel Auteuil,3,M,HE,WWE,UM,SE,AB,N
FR2015_064,Nos femmes,FR2015_064_02,Richard Berry,3,M,HE,WWE,UM,SE,AB,N
FR2015_064,Nos femmes,FR2015_064_03,Thierry Lhermitte,3,M,HE,WWE,UM,SE,AB,N
FR2015_071,La Tête haute,FR2015_071_01,Catherine Deneuve,3,F,,WWE,UM,EM,AB,N
FR2015_073,La Loi du marché,FR2015_073_01,Vincent Lindon,2,M,HE,WWE,LM,EM,AB,N
FR2015_077,On voulait tout casser,FR2015_077_01,Charles Berling,2,M,HE,WWE,MC,SE,AB,N
FR2015_084,Valley of Love,FR2015_084_01,Gérard Depardieu,3,M,HE,WWE,MC,RE,AB,N
FR2015_084,Valley of Love,FR2015_084_02,Isabelle Huppert,3,F,HE,WWE,MC,RE,AB,N
FR2015_088,Des pierres en ce jardin,FR2015_088_01,Aurélien Recoing,2,M,HE,WWE,UM,SE,AB,N
FR2015_091,Un moment d'égarement,FR2015_091_01,François Cluzet,2,M,HE,WWE,UM,,AB,N
FR2015_092,Gunman,FR2015_092_01,Sean Penn,2,M,HE,WNA,UM,RE,AB,N
FR2015_104,Papa Lumière,FR2015_104_01,Niels Arestrup,3,M,HE,WWE,MC,SE,AB,N
FR2015_106,Floride,FR2015_106_01,Jean Rochefort,4,M,HE,WWE,UM,RE,CI,N
FR2015_107,Coup de chaud,FR2015_107_01,Jean-Pierre Darroussin,3,M,,WWE,MC,EM,AB,N
FR2015_111,La Volante,FR2015_111_01,Nathalie Baye,3,F,HE,WWE,MC,EM,AB,N
FR2015_114,Marguerite,FR2015_114_01,Catherine Frot,2,F,HE,WWE,UC,UN,AB,N
FR2015_118,Premiers Crus,FR2015_118_01,Gérard Lanvin,3,M,HE,WWE,UM,SE,AB,N
FR2015_129,L'Étudiante et Monsieur Henri,FR2015_129_01,Claude Brasseur,4,M,HE,WWE,MC,RE,CI,N
FR2015_130,Asphalte,FR2015_130_01,Isabelle Huppert,3,F,,WWE,MC,RE,AB,N
FR2015_142,Lamia,FR2015_142_01,Joelle Hélary,2,F,HE,MEA,MC,UN,PD,N
FR2015_148,La Dernière Leçon,FR2015_148_01,Marthe Villalonga,4,F,HE,WWE,MC,RE,AB,N
FR2015_153,Ange et Gabrielle,FR2015_153_01,Patrick Bruel,2,M,HE,WWE,UM,SE,AB,N
FR2015_158,L'Hermine,FR2015_158_01,Fabrice Luchini,3,M,HE,WWE,UM,EM,AB,N
FR2015_164,Chant d'hiver,FR2015_164_01,Rufus,3,M,,WWE,LM,EM,AB,N
FR2015_172,Cosmos,FR2015_172_01,Sabine Azéma,3,F,HE,WWE,UC,RE,AB,N
FR2015_172,Cosmos,FR2015_172_02,Jean-François Balmer,3,M,HE,WWE,UC,RE,AB,N
FR2015_174,La Vie très privée de Monsieur Sim,FR2015_174_01,Jean-Pierre Bacri,3,M,HE,WWE,LM,UN,AB,N
FR2015_178,L'Engagement 1.0,FR2015_178_01,Geoffroy Thiebaut,2,M,,WWE,UM,SE,AB,N
FR2015_179,Le Grand Partage,FR2015_179_01,Didier Bourdon,2,M,HE,WWE,UM,SE,AB,N
FR2015_180,Pension complète,FR2015_180_01,Gérard Lanvin,3,M,HE,WWE,MC,UN,AB,N
FR2014_005,Passer l'hiver,FR2014_005_01,Gabrielle Lazure,2,F,,WWE,MC,EM,AB,N
FR2014_008,Belle comme la femme d'un autre,FR2014_008_01,Zabou Breitman,2,F,HE,WWE,UM,EM,AB,N
FR2014_008,Belle comme la femme d'un autre,FR2014_008_02,Olivier Marchal,2,M,HE,WWE,UM,SE,AB,N
FR2014_011,Afrik'aïoli,FR2014_011_01,Jean-Marc Ravera,3,M,HE,WWE,MC,RE,AB,N
FR2014_018,Mea culpa,FR2014_018_01,Vincent Lindon,2,M,HE,WWE,MC,EM,AB,N
FR2014_022,"Les Trois Frères, le retour",FR2014_022_01,Didier Bourdon,2,M,HE,WWE,MC,SE,AB,N
FR2014_022,"Les Trois Frères, le retour",FR2014_022_02,Pascal Légitimus,2,M,HE,BWE,UM,UN,AB,N
FR2014_022,"Les Trois Frères, le retour",FR2014_022_03,Bernard Campan,2,M,HE,WWE,LM,SE,AB,N
FR2014_025,Abus de faiblesse,FR2014_025_01,Isabelle Huppert,3,F,HE,WWE,UM,SE,PD,N
FR2014_029,Y a des limites,FR2014_029_01,Michel Coste,3,M,,WWE,UM,EM,AB,N
FR2014_031,Week-ends,FR2014_031_01,Jacques Gamblin,2,M,HE,WWE,MC,EM,AB,N
FR2014_031,Week-ends,FR2014_031_02,Ulrich Tukur,2,M,HE,WWE,MC,EM,AB,N
FR2014_034,Diplomatie,FR2014_034_01,Niels Arestrup,3,M,HE,WWE,UC,EM,AB,N
FR2014_034,Diplomatie,FR2014_034_02,André Dussollier,3,M,HE,WWE,UC,EM,AB,N
FR2014_045,De toutes nos forces,FR2014_045_01,Jacques Gamblin,2,M,HE,WWE,MC,UN,AB,N
FR2014_046,"Aimer, Boire et Chanter",FR2014_046_01,Caroline Silhol,3,F,HE,WWE,UM,,AB,N
FR2014_046,"Aimer, Boire et Chanter",FR2014_046_02,Sabine Azéma,3,F,HE,WWE,UM,,AB,N
FR2014_046,"Aimer, Boire et Chanter",FR2014_046_03,Hippolyte Girardot,2,M,HE,WWE,UM,SE,AB,N
FR2014_046,"Aimer, Boire et Chanter",FR2014_046_04,André Dussollier,3,M,HE,WWE,UM,,AB,N
FR2014_049,Avis de mistral,FR2014_049_01,Jean Reno,3,M,HE,WWE,MC,RE,AB,N
FR2014_050,"Salaud, on t'aime",FR2014_050_01,Johnny Hallyday,3,M,HE,WWE,UM,RE,AB,N
FR2014_050,"Salaud, on t'aime",FR2014_050_02,Eddy Mitchell,3,M,HE,WWE,UM,SE,AB,N
FR2014_052,Eastern Boys,FR2014_052_01,Olivier Rabourdin,2,M,HO,WWE,UM,,AB,N
FR2014_054,La Braconne,FR2014_054_01,Patrick Chesnais,3,M,,WWE,MC,SE,AB,N
FR2014_058,Qu'est-ce qu'on a fait au Bon Dieu ?,FR2014_058_01,Christian Clavier,3,M,HE,WWE,UM,SE,AB,N
FR2014_058,Qu'est-ce qu'on a fait au Bon Dieu ?,FR2014_058_02,Chantal Lauby,3,F,HE,WWE,UM,UN,AB,N
FR2014_060,Une promesse,FR2014_060_01,Alan Rickman,3,M,HE,WWE,UC,SE,AB,N
FR2014_063,Une rencontre,FR2014_063_01,François Cluzet,2,M,HE,WWE,UM,SE,AB,N
FR2014_064,Dans la cour,FR2014_064_01,Catherine Deneuve,3,F,HE,WWE,MC,RE,AB,N
FR2014_065,96 heures,FR2014_065_01,Gérard Lanvin,3,M,HE,WWE,UM,EM,AB,N
FR2014_065,96 heures,FR2014_065_02,Niels Arestrup,3,M,HE,WWE,UM,SE,AB,N
FR2014_069,Barbecue,FR2014_069_01,Lambert Wilson,2,M,HE,WWE,MC,EM,AB,N
FR2014_072,"24 jours, la vérité sur l'affaire Ilan Halimi",FR2014_072_01,Zabou Breitman,2,F,HE,WWE,MC,,AB,N
FR2014_084,Sous les jupes des filles,FR2014_084_01,Isabelle Adjani,2,F,HE,WWE,UM,SE,AB,N
FR2014_088,La Ritournelle,FR2014_088_01,Isabelle Huppert,3,F,HE,WWE,MC,SE,AB,N
FR2014_088,La Ritournelle,FR2014_088_02,Jean-Pierre Darroussin,3,M,HE,WWE,MC,SE,AB,N
FR2014_090,Au fil d'Ariane,FR2014_090_01,Ariane Ascaride,2,F,HE,WWE,MC,,AB,N
FR2014_097,L'Homme qu'on aimait trop,FR2014_097_01,Catherine Deneuve,3,M,HE,WWE,UC,SE,AB,N
FR2014_099,Le Mystère des jonquilles,FR2014_099_01,Jean-Pierre Mocky,4,M,,WWE,UM,EM,AB,N
FR2014_101,Maestro,FR2014_101_01,Michael Lonsdale,4,M,HE,WWE,UM,SE,AB,N
FR2014_102,Loup-Garou,FR2014_102_01,Régis Jauffret,2,M,HE,WWE,MC,,AB,N
FR2014_105,Colt 45,FR2014_105_01,Gérard Lanvin,3,M,,WWE,UM,EM,AB,N
FR2014_108,La Dune,FR2014_108_01,Niels Arestrup,3,M,HO,WWE,UM,EM,AB,N
FR2014_113,Party Girl,FR2014_113_01,Angélique Litzenburger,3,F,HE,WWE,MC,EM,AB,N
FR2014_118,Gemma Bovery,FR2014_118_01,Fabrice Luchini,3,M,HE,WWE,MC,SE,AB,N
FR2014_119,Near Death Experience,FR2014_119_01,Michel Houellebecq,2,M,HE,WWE,MC,EM,AB,N
FR2014_123,Bon rétablissment !,FR2014_123_01,Gérard Lanvin,3,M,HE,WWE,MC,,AB,N
FR2014_128,Brèves de comptoir,FR2014_128_01,Chantal Neuwirth,2,F,HE,WWE,MC,SE,AB,N
FR2014_128,Brèves de comptoir,FR2014_128_02,Didier Bénureau,2,M,HE,WWE,MC,SE,AB,N
FR2014_130,Tu veux... ou tu veux pas ?,FR2014_130_01,Patrick Bruel,2,M,HE,WWE,UM,SE,AB,N
FR2014_141,Le Grimoire d'Arkandias,FR2014_141_01,Christian Clavier,3,M,,WWE,MC,SE,AB,N
FR2014_156,Casanova Variations,FR2014_156_01,John Malkovich,3,M,HE,WWE,UC,SE,AB,N
FR2014_163,Les Héritiers,FR2014_163_01,Ariane Ascaride,3,F,,WWE,MC,EM,AB,N
FR2014_164,Repas de famille,FR2014_164_01,Éric Carrière,2,M,HE,WWE,MC,EM,AB,N
FR2014_164,Repas de famille,FR2014_164_02,Francis Ginibre,2,M,HE,WWE,UM,SE,AB,N
FR2014_164,Repas de famille,FR2014_164_03,Noëlle Perna,2,F,HE,WWE,UM,UN,AB,N
FR2014_164,Repas de famille,FR2014_164_04,Lorella Cravotta,2,F,HE,WWE,MC,EM,AB,N
FR2014_169,Zouzou,FR2014_169_01,Jeanne Ferron,3,F,HE,WWE,MC,RE,AB,N
FR2014_170,Une heure de tranquillité,FR2014_170_01,Christian Clavier,3,M,HE,WWE,UM,SE,AB,N
FR2014_172,Pasolini,FR2014_172_01,Willem Dafoe,2,M,HO,WWE,UM,SE,AB,N
FR2018_002,Le lion est mort ce soir,FR2018_002_01,Jean-Pierre Léaud,3,M,HE,WWE,UC,SE,AB,N
FR2018_003,Normandie nue,FR2018_003_01,François Cluzet,2,M,HE,WWE,MC,SE,AB,N
FR2018_006,Que le diable nous emporte,FR2018_006_01,Fabienne Babe,2,F,HO,WWE,MC,,AB,N
FR2018_008,Brillantissime,FR2018_008_01,Michèle Laroque,2,F,HE,WWE,UM,UN,AB,N
FR2018_013,Les Tuche 3,FR2018_013_01,Isabelle Nanty,2,F,HE,WWE,LM,UN,AB,N
FR2018_014,L'Insulte,FR2018_014_01,Kamel El Basha,2,M,HE,MEA,MC,EM,AB,N
FR2018_023,La Sculpture vivante,FR2018_023_01,Pierre Glénat,3,M,HE,WWE,UM,SE,AB,N
FR2018_024,"Belle et Sébastien 3, le dernier chapitre",FR2018_024_01,Tchéky Karyo,3,M,HE,WWE,MC,RE,AB,N
FR2018_026,L'Apparition,FR2018_026_01,Vincent Lindon,2,M,,WWE,UM,EM,AB,N
FR2018_032,Corps étranger,FR2018_032_01,Hiam Abbass,2,F,HE,MEA,UM,UN,AB,N
FR2018_038,"Madame Mills, une voisine si parfaite",FR2018_038_01,Pierre Richard,4,M,,WWE,MC,SE,AB,N
FR2018_039,Eva,FR2018_039_01,Isabelle Huppert,3,F,HE,WWE,UM,SE,AB,N
FR2018_043,Tout le monde debout,FR2018_043_01,Franck Dubosc,2,M,HE,WWE,UC,SE,AB,N
FR2018_049,La Finale,FR2018_049_01,Thierry Lhermitte,3,M,HE,WWE,MC,RE,CI,N
FR2018_060,Le Collier rouge,FR2018_060_01,François Cluzet,3,M,,WWE,UM,EM,AB,N
FR2018_061,Madame Hyde,FR2018_061_01,Isabelle Huppert,3,F,HE,WWE,MC,EM,AB,N
FR2018_073,Larguées,FR2018_073_01,Miou-Miou,3,F,HE,WWE,MC,RE,AB,N
FR2018_075,Place publique,FR2018_075_01,Jean-Pierre Bacri,3,M,HE,WWE,UC,EM,AB,N
FR2018_079,"Les Municipaux, ces héros",FR2018_079_01,Éric Carrière,2,M,HE,WWE,LM,EM,AB,N
FR2018_079,"Les Municipaux, ces héros",FR2018_079_02,Francis Ginibre,2,M,HE,WWE,LM,EM,AB,N
FR2018_080,Amoureux de ma femme,FR2018_080_01,Daniel Auteuil,3,M,HE,WWE,UM,SE,AB,N
FR2018_080,Amoureux de ma femme,FR2018_080_02,Gérard Depardieu,3,M,HE,WWE,UM,RE,AB,N
FR2018_086,Abdel et la Comtesse,FR2018_086_01,Charlotte de Turckheim,3,F,HE,WWE,UC,UN,AB,N
FR2018_089,En guerre,FR2018_089_01,Vincent Lindon,2,M,HE,WWE,LM,EM,AB,N
FR2018_102,Comment tuer sa mère,FR2018_102_01,Chantal Ladesou,3,F,HE,WWE,MC,RE,AB,N
FR2018_119,Moi et le Che,FR2018_119_01,Patrick Chesnais,3,M,HE,WWE,UM,EM,AB,N
FR2018_126,Les Versets de l'oubli,FR2018_126_01,Juan Margallo,4,M,,WWE,LM,EM,AB,N
FR2018_128,Le monde est à toi,FR2018_128_01,Isabelle Adjani,3,F,HE,WWE,MC,RE,AB,N
FR2018_129,Il se passe quelque chose,FR2018_129_01,Bojena Horackova,2,F,HE,CEU,MC,,AB,N
FR2018_131,Les Vieux Fourneaux,FR2018_131_01,Pierre Richard,3,M,HE,WWE,MC,RE,AB,N
FR2018_131,Les Vieux Fourneaux,FR2018_131_02,Roland Giraud,3,M,HE,WWE,MC,RE,AB,N
FR2018_131,Les Vieux Fourneaux,FR2018_131_03,Eddy Mitchell,3,M,HE,WWE,MC,RE,AB,N
FR2018_132,Lukas,FR2018_132_01,Jean-Claude Van Damme,2,M,HE,WWE,LM,EM,AB,N
FR2018_134,Guy,FR2018_134_01,Alex Lutz,5,M,HE,WWE,UM,SE,AB,N
FR2018_141,Le Grand Perdu,FR2018_141_01,Serge Blazevic,3,M,,WWE,LC,UN,AB,N
FR2018_146,I Feel Good,FR2018_146_01,Yolande Moreau,3,F,HE,WWE,LM,EM,AB,N
FR2018_152,En mille morceaux,FR2018_152_01,Clémentine Célarié,3,F,HE,WWE,LM,RE,AB,N
FR2018_152,En mille morceaux,FR2018_152_02,Serge Riaboukine,3,M,HE,WWE,LM,UN,AB,N
FR2018_153,Une fois comme jamais,FR2018_153_01,Catherine Carteret,4,F,HE,WWE,LM,RE,PD,Y
FR2018_155,Voyez comme on danse,FR2018_155_01,Carole Bouquet,3,F,HE,WWE,UM,UN,AB,N
FR2018_155,Voyez comme on danse,FR2018_155_02,Charlotte Rampling,3,F,HE,WWE,UM,UN,AB,N
FR2018_160,Le Flic de Belleville,FR2018_160_01,Luis Guzmán,3,M,,BLA,UM,EM,AB,N
FR2018_163,Le Grand Bain,FR2018_163_01,Jean-Hugues Anglade,2,M,HE,WWE,LM,EM,AB,N
FR2018_164,Chacun pour tous,FR2018_164_01,Jean-Pierre Darroussin,3,M,,WWE,MC,EM,AB,N
FR2018_168,Un homme pressé,FR2018_168_01,Fabrice Luchini,3,M,HE,WWE,UC,EM,TD,N
FR2018_170,Kursk,FR2018_170_01,Colin Firth,2,M,,WWE,UM,EM,AB,N
FR2018_173,Mauvaises Herbes,FR2018_173_01,Catherine Deneuve,3,F,,WWE,MC,RE,AB,N
FR2018_173,Mauvaises Herbes,FR2018_173_02,André Dussollier,3,M,,WWE,MC,EM,AB,N
FR2018_183,Ma mère est folle,FR2018_183_01,Fanny Ardant,3,F,HE,WWE,LM,RE,AB,N
FR2018_187,Rémi sans famille,FR2018_187_01,Daniel Auteuil,3,M,,WWE,LC,SE,AB,N
FR2018_194,Au bout des doigts,FR2018_194_01,Lambert Wilson,2,M,,WWE,UC,EM,AB,N
RO2021_003,,RO2021_003_01,Ovidiu Crișan,2,M,HE,WEE,LM,EM,AB,N
RO2021_003,,RO2021_003_02,Ion Sapdaru,3,M,HE,WEE,UC,EM,AB,N
RO2021_007,,RO2021_007_01,Mircea Andreescu,4,M,HE,WEE,LM,RE,AB,N
RO2021_007,,RO2021_007_02,Valer Dellakeza,4,M,HE,WEE,LM,RE,PD,Y
RO2021_016,,RO2021_016_01,Adrian Titieni,2,M,HE,WEE,UM,RE,AB,N
RO2021_017,,RO2021_017_01,Costel Cașcaval,2,M,HE,WEE,LM,EM,AB,N
RO2022_003,,RO2022_003_01,Maia Morgenstern,2,F,HE,WEE,LC,SE,AB,N
RO2022_003,,RO2022_003_02,Marius Bodochi,3,M,HE,WEE,LC,,AB,N
RO2022_011,,RO2022_011_01,Răzvan Vasilescu,3,M,HE,WEE,LM,RE,AB,N
RO2022_013,,RO2022_013_01,Gabriel Spahiu,2,M,HE,WEE,MC,,AB,N
RO2022_014,,RO2022_014_01,Constantin Cotimanis,3,M,HE,WEE,UC,SE,AB,N
RO2020_005,,RO2020_005_01,Teodor Corban,3,M,HE,WEE,MC,EM,AB,N
RO2020_008,,RO2020_008_01,Mihai Călin,2,M,HE,WEE,MC,EM,AB,N
RO2019_004,,RO2019_004_01,Vlad Ivanov,2,M,HE,WEE,UC,EM,AB,N
RO2019_006,,RO2019_006_01,Radu Botar,5,M,HE,WEE,LC,,AB,N
RO2019_008,,RO2019_008_01,Răzvan Vasilescu,3,M,HE,WEE,MC,EM,AB,N
RO2019_013,,RO2019_013_01,Gheorghe Visu,3,M,HE,WEE,MC,EM,AB,N
RO2019_016,,RO2019_016_01,Teodor Corban,3,M,HE,WEE,LC,RE,CI,N
RO2019_017,,RO2019_017_01,Dorian Boguţă,2,M,HE,WEE,UC,EM,AB,N
RO2019_018,,RO2019_018_01,Ioan Romeo,3,M,HE,WEE,MC,EM,AB,N
RO2018_001,,RO2018_001_01,Horațiu Mălăele,3,M,HE,WEE,LC,EM,AB,Y
RO2018_007,,RO2018_007_01,Armand Assante,3,M,HE,WNA,UM,EM,AB,N
RO2018_014,,RO2018_014_01,Valeriu Andriuță,2,M,HE,WEE,LC,EM,AB,N
RO2017_002,,RO2017_002_01,Marcel Iureș,3,M,HE,WEE,UC,RE,AB,N
RO2017_011,,RO2017_011_01,Adrian Titieni,2,M,HE,WEE,LM,,AB,N
RO2017_016,,RO2017_016_01,Elena Ivanca,3,F,HE,ROM,LC,,AB,N
RO2017_017,,RO2017_017_01,Mircea Albulescu,4,M,HE,WEE,UC,RE,AB,N
RO2017_018,,RO2017_018_01,Dan Condurache,2,M,HE,WEE,MC,EM,AB,N
RO2017_021,,RO2017_021_01,Doru Ana,3,M,HE,WEE,MC,EM,AB,N
RO2017_024,,RO2017_024_01,Elena Ivanca,3,F,HE,ROM,LC,,AB,N
RO2016_002,,RO2016_002_01,Adrian Titieni,2,M,HE,WEE,MC,EM,AB,N
RO2016_010,,RO2016_010_01,Ion Sapdaru,2,M,HE,WEE,LM,,AB,N
RO2016_014,,RO2016_014_01,Rudy Moca,3,M,HE,ROM,LM,,,N
RO2016_020,,RO2016_020_01,Mihai Mălaimare,3,M,HE,WEE,LM,EM,AB,N
RO2015_001,,RO2015_001_01,Teodor Corban,2,M,HE,WEE,LC,EM,AB,N
RO2015_007,,RO2015_007_01,Bogdan Stanoevici,3,M,HE,WEE,MC,,AB,N
RO2015_008,,RO2015_008_01,Teodor Corban,3,M,HE,WEE,MC,,AB,N
RO2015_010,,RO2015_010_01,Mircea Diaconu,3,M,HE,WEE,LM,EM,AB,N
RO2015_010,,RO2015_010_02,Dorel Vișan,4,M,HE,WEE,LM,RE,AB,N
RO2014_002,,RO2014_002_01,Mircea Diaconu,3,M,HE,WEE,UM,,AB,N
RO2014_002,,RO2014_002_02,Luminița Gheorghiu,3,F,HE,WEE,UM,,AB,N
RO2014_004,,RO2014_004_01,Mark Strong,2,M,HE,WWE,UC,,AB,N
RO2014_007,,RO2014_007_01,Ioan Andrei Ionescu,5,M,HE,WEE,UM,SE,AB,N
RO2014_010,,RO2014_010_01,Victor Rebengiuc,4,M,HE,WEE,UC,EM,AB,N
RO2014_010,,RO2014_010_02,Victoria Cociaș,3,F,HE,WEE,LM,,AB,N
RO2014_013,,RO2014_013_01,Răzvan Vasilescu,3,M,HE,WEE,LM,,AB,N
RO2023_006,,RO2023_006_01,Dorian Boguţă,2,M,HE,WEE,LM,,AB,N
RO2023_009,,RO2023_009_01,Carmen Tănase,3,F,HE,WEE,UC,EM,AB/CI,Y
RO2023_016,,RO2023_016_01,Soliman Cruz,2,M,HE,SEA,LM,EM,AB,N
RO2023_021,,RO2023_021_01,Alin Panc,2,M,HE,WEE,LC,,AB,N
RO2023_028,,RO2023_028_01,Diana Gheorghian,3,F,HE,WEE,MC,SE,AB,N
RO2014_015,,RO2014_015_01,Serge Riaboukine,2,M,HE,WWE,UM,SE,AB,N
RO2016_004,,RO2016_004_01,Gheorghe Visu,3,M,HE,WEE,UM,EM,AB,N
RO2016_003,,RO2016_003_01,Dana Dogaru,3,F,HE,WEE,MC,,AB,N
HU2022_001,,HU2022_001_01,Lia Pokorny,2,F,HE,CEU,MC,,AB,N
HU2022_002,,HU2022_002_01,Szabolcs Thuróczy,2,M,HE,CEU,UM,EM,AB,N
HU2022_003,,HU2022_003_01,Zoltán Seress,3,M,HE,CEU,UM,EM,CI,N
HU2022_005,,HU2022_005_01,Ljasuk Dimitry,2,M,HE,CEU,UM,,AB,N
HU2022_020,,HU2022_020_01,Péter Erdei,2,M,HE,CEU,LM,EM,AB,N
HU2022_023,,HU2022_023_01,Steve Hajdu,2,M,HE,CEU,UC,EM,AB,N
HU2021_004,,HU2021_004_01,Tamás Jordán,4,M,HE,CEU,MC,RE,AB,N
HU2021_009,,HU2021_009_01,Károly Eperjes,3,M,HE,CEU,LM,EM,AB,N
HU2020_002,,HU2020_002_01,Klaus Maria Brandauer,3,M,HE,CEU,MC,EM,AB,N
HU2020_005,,HU2020_005_01,Tibor Gáspár,3,M,HE,CEU,MC,EM,AB,N
HU2020_013,,HU2020_013_01,Miklós Székely B.,3,M,HE,CEU,LC,EM,AB,N
HU2019_010,,HU2019_010_01,Gábor Máté,3,M,HE,CEU,MC,EM,AB,N
HU2019_017,,HU2019_017_01,Ferenc Lengyel,2,M,HE,CEU,UM,EM,AB,N
HU2019_020,,HU2019_020_01,Erik Novák,2,M,HE,CEU,LM,,AB,N
HU2019_022,,HU2019_022_01,Éva Vándor,3,F,HE,CEU,MC,EM,AB,N
HU2019_022,,HU2019_022_02,Kornél Pusztaszeri,3,M,HE,CEU,UC,UN,AB,N
HU2018_011,,HU2018_011_01,Géza D. Hegedűs,3,M,HE,CEU,UC,SE,AB,N
HU2018_017,,HU2018_017_01,Vlad Ivanov,2,M,HE,WWE,UC,SE,AB,N
HU2017_004,,HU2017_004_01,Géza Morcsányi,2,M,HE,CEU,MC,EM,AB,N
HU2017_006,,HU2017_006_01,Mari Törőcsik,4,F,HE,CEU,LM,RE,TD,N
HU2017_006,,HU2017_006_02,Ildikó Tóth,2,F,HE,CEU,UM,EM,AB,N
HU2017_008,,HU2017_008_01,Péter Rudolf,2,M,HE,CEU,MC,EM,AB,N
HU2017_010,,HU2017_010_01,Cake-Baly Marcelo,2,M,HE,NAF/SAF,LC,EM,AB,N
HU2017_011,,HU2017_011_01,Merab Ninidze,2,M,HE,CEU,MC,EM,AB,N
HU2017_018,,HU2017_018_01,Zsolt László,2,M,HE,CEU,MC,EM,AB,N
HU2017_020,,HU2017_020_01,Márton Szipál,4,M,HE,CEU,LM,RE,AB,N
HU2016_005,,HU2016_005_01,András Kern,2,M,HE,CEU,MC,EM,CI,N
HU2016_011,,HU2016_011_01,Adél Kováts,2,F,HE,CEU,LM,,AB,N
HU2015_003,,HU2015_003_01,Lajos Kovács,3,M,HE,CEU,LC,EM,AB,N
HU2015_005,,HU2015_005_01,László Hadházi,2,M,HE,CEU,MC,EM,AB,N
HU2015_010,,HU2015_010_01,József Tálos,2,M,HE,CEU,MC,,AB,N
HU2015_012,,HU2015_012_01,Ferenc Lengyel,2,M,HE,CEU,LC,,AB,N
HU2015_012,,HU2015_012_02,Tibor Szervét,2,M,HE,CEU,UC,EM,AB,N
HU2014_002,,HU2014_002_01,Eszter Csákányi,3,F,HE,CEU,MC,EM,AB,N
HU2014_006,,HU2014_006_01,László Gálffi,3,M,HE,CEU,LM,EM,CI,N
HU2014_013,,HU2014_013_01,Isaach De Bankolé,2,M,HE,NAF/SAF,LC,EM,AB,N
HU2023_004,,HU2023_004_01,Zsolt Trill,2,M,HE,CEU,UM,EM,AB,N
HU2023_016,,HU2023_016_01,László Szacsvay,4,M,HE,CEU,LM,RE,AB/TD,N
HU2023_027,,HU2023_027_01,József Gyabronka,3,M,HE,CEU,LM,,AB,N
HU2023_028,,HU2023_028_01,Ernő Fekete,2,M,HE,CEU,MC,,AB,N
HU2022_007,,HU2022_007_01,János Kulka,3,M,HE,CEU,MC,EM,AB,N
HU2017_010,,HU2017_010_02,Ágnes Máhr,2,F,HE,CEU,MC,EM,AB,N
HU2016_005,,HU2016_005_02,Enikő Eszenyi,2,F,HE,CEU,MC,,AB,N
HU2015_004,,HU2015_004_01,Juli Básti,2,F,HE,CEU,MC,,AB,N
HU2015_004,,HU2015_004_02,Tibor Gáspár,5,M,HE,CEU,MC,EM,AB,N
HU2014_002,,HU2014_002_02,János Kulka,2,M,HO,CEU,MC,EM,AB,N
HU2021_026,,HU2021_026_01,Barnabás Szabó Sipos,2,M,HE,CEU,MC,EM,AB,N
DE2017_007,Kundschafter des Friedens,DE2017_007_01,Henry Hübchen,4,M,HE,WWE,MC,RE,AB,N
DE2017_007,Kundschafter des Friedens,DE2017_007_02,Michael Gwisdek,4,M,HE,WWE,MC,RE,AB,N
DE2017_007,Kundschafter des Friedens,DE2017_007_03,Thomas Thieme,4,M,HE,WWE,MC,RE,AB,N
DE2017_007,Kundschafter des Friedens,DE2017_007_04,Winfried Glatzeder,4,M,HE,WWE,MC,RE,AB,N
DE2017_007,Kundschafter des Friedens,DE2017_007_05,Jürgen Prochnow,4,M,HE,WWE,MC,RE,AB,N
DE2017_010,Timm Thaler oder das verkaufte Lachen,DE2017_010_01,Justus Von Dohnanyi,2,M,HE,,,,AB,N
DE2017_025,Zwischen den Jahren,DE2017_025_01,Peter Kurth,3,M,HE,WWE,MC,EM,AB,N
DE2017_028,Der Hund begraben,DE2017_028_01,Justus Von Dohnanyi,2,M,HE,WWE,MC,EM,AB,N
DE2017_037,Einsamkeit und Sex und Mitleid,DE2017_037_01,Bernhard Schütz,2,M,HE,WWE,MC,EM,AB,N
DE2017_037,Einsamkeit und Sex und Mitleid,DE2017_037_02,Rainer Bock,3,M,HE,WWE,MC,EM,AB,N
DE2017_040,Return to Montauk,DE2017_040_01,Stellan Skarsgård,3,M,HE,WNA,MC,SE,AB,N
DE2017_050,In Zeiten des abnehmenden Lichts,DE2017_050_01,Bruno Ganz,4,M,HE,WWE,MC,RE,CI,N
DE2017_077,Magical Mystery oder die Rückkehr des Karl Schmidt,DE2017_077_01,Detlev Buck,3,F,HE,WWE,MC,,AB,N
DE2017_083,Leanders letzte Reise,DE2017_083_01,Jürgen Prochnow,4,M,HE,WWE,MC,RE,AB,N
DE2017_086,Macho Man 2,DE2017_086_01,Ruggero Deodato,4,M,HE,WWE,MC,RE,AB,N
DE2017_087,Wann endlich küsst Du mich?,DE2017_087_01,Marlen Diekhoff,4,F,HE,WWE,MC,RE,AB,N
DE2017_089,Vorwärts immer!,DE2017_089_01,Jörg Schüttauf,2,M,HE,WWE,MC,EM,AB,N
DE2017_092,Die Einsiedler,DE2017_092_01,Ingrid Burkhard,4,F,HE,WWE,MC,UN,AB,N
DE2016_014,Tetarti 04:45,DE2016_014_01,Stelios Mainas,2,M,HE,WEE,MC,EM,AB,N
DE2016_017,Antons Fest,DE2016_017_01,Brigitte Böttrich,3,F,HE,WWE,MC,RE,AB,N
DE2016_017,Antons Fest,DE2016_017_02,Oliver Törner,3,M,HE,WWE,MC,RE,AB,N
DE2016_021,Trash Detective,DE2016_021_01,Rudolf Waldemar Brem,3,M,HE,WWE,LC,UN,CI,N
DE2016_029,Grüße aus Fukushima,DE2016_029_01,Kaori Momoi,3,F,HE,EAS,LC,RE,AB,N
DE2016_030,Herbert,DE2016_030_01,Peter Kurth,2,M,HE,WWE,LC,EM,CI,N
DE2016_032,Bach in Brazil,DE2016_032_01,Edgar Selge,3,M,HE,WWE,MC,RE,AB,N
DE2016_042,A Hologram for the King,DE2016_042_01,Tom Hanks,3,M,HE,WNA,UC,SE,AB,N
DE2016_045,Mannheim - Neurosen zwischen Rhein und Neckar,DE2016_045_01,Rainer Lott,3,M,HE,WWE,MC,EM,AB,N
DE2016_046,Frauen,DE2016_046_01,Heiner Lauterbach,3,M,HE,WWE,UC,SE,AB,N
DE2016_054,Stefan Zweig: Farewell to Europe,DE2016_054_01,Josef Hader,3,M,HE,WWE,UC,SE,AB,N
DE2016_058,Hannas schlafende Hunde,DE2016_055_01,Hannelore Elsner,3,F,HE,WWE,MC,RE,AB,N
DE2016_066,Milhemet 90 Hadakot,DE2016_066_01,Moshe Ivgi,3,M,HE,MEA,MC,EM,AB,N
DE2016_072,Toni Erdmann,DE2016_072_01,Peter Simonischek,3,M,HE,WWE,MC,SE,AB,N
DE2016_078,"Antonio, ihm schmeckt's nicht!",DE2016_078_01,Alessandro Bressanello,3,M,HE,WWE,MC,RE,AB,N
DE2016_104,Schwester Weiß,DE2016_104_01,Željka Preksavec,2,F,,WWE,MC,EM,AB,N
DE2016_105,Gleißendes Glück,DE2016_105_01,Martina Gedeck,2,F,HE,WWE,MC,EM,AB,N
DE2016_105,Gleißendes Glück,DE2016_105_02,Ulrich Tukur,2,M,HE,WWE,MC,SE,AB,N
DE2016_106,Ostfriesisch für Anfänger,DE2016_106_01,Dieter Hallervorden,4,M,HE,WWE,MC,RE,AB,N
DE2016_112,Willkommen bei den Hartmanns,DE2016_112_01,Senta Berger,4,F,HE,WWE,UC,RE,AB,N
DE2016_112,Willkommen bei den Hartmanns,DE2016_112_02,Heiner Lauterbach,4,M,HE,WWE,UC,RE,AB,N
DE2016_113,Pettersson und Findus 2 - Das schönste Weihnachten überhaupt,DE2016_113_01,Stefan Kurt,2,M,HE,WWE,MC,,AB,N
DE2016_123,Alone in Berlin,DE2016_123_01,Brendan Gleeson,3,M,HE,WWE,MC,EM,AB,N
DE2016_123,Alone in Berlin,DE2016_123_02,Emma Thompson,2,F,HE,WWE,MC,EM,AB,N
DE2016_124,Die Reise mit Vater,DE2016_124_01,Ovidiu Schumacher,4,M,HE,WWE,MC,RE,AB,N
DE2015_015,Traumfrauen,DE2015_015_01,Iris Berben,3,F,HE,WWE,MC,RE,AB,N
DE2015_042,Die abhandene Welt,DE2015_042_01,Barbara Sukowa,3,F,HE,WWE,UC,EM,AB,N
DE2015_053,Mädchen im Eis,DE2015_053_01,Aleksei Guskov,3,M,HE,WWE,UC,SE,AB,N
DE2015_057,Amok,DE2015_057_01,Tilo Nest,2,M,HE,WEE,MC,EM,AB,N
DE2015_077,I Am Here,DE2015_077_01,Kim Basinger,3,F,HE,WNA,MC,EM,AB,N
DE2015_081,Toilet Stories,DE2015_081_01,Rudolf Waldemar Brem,3,M,HE,WWE,MC,,AB,N
DE2015_081,Toilet Stories,DE2015_081_02,Marie Anne Fliegel,4,F,HE,WWE,MC,RE,AB,N
DE2015_081,Toilet Stories,DE2015_081_03,Horst-Günter Marx,3,M,HE,WWE,MC,EM,AB,N
DE2015_094,Der Staat gegen Fritz Bauer,DE2015_094_01,Burghart Klaußner,3,M,HE,WWE,UC,EM,AB,N
DE2015_100,Nicht schon wieder Rudi!,DE2015_100_01,Matthias Brenner,2,M,HE,WWE,MC,EM,AB,N
DE2015_102,Familienfest,DE2015_102_01,Günther Maria Halmer,3,M,HE,WWE,UC,RE,AB,N
DE2015_102,Familienfest,DE2015_102_02,Hannelore Elsner,3,F,HE,WWE,UC,RE,AB,N
DE2015_102,Familienfest,DE2015_102_03,Michaela May,3,F,HE,WWE,UC,RE,AB,N
DE2015_111,Schmitke,DE2015_111_01,Peter Kurth,2,M,HE,WWE,MC,EM,AB,N
DE2015_123,Si-o-se Pol,DE2015_123_01,Ramin Yazdani,3,M,HE,MEA,LC,UN,CI,N
DE2015_124,Heidi,DE2015_124_01,Bruno Ganz,3,M,HE,WWE,MC,SE,AB,N
DE2014_008,Illusion,DE2014_008_01,Thomas Kollhoff,2,M,HE,WWE,MC,,AB,N
DE2014_008,Illusion,DE2014_008_02,Andreas Pegler,2,M,HE,WWE,MC,,AB,N
DE2014_009,Crashkurs,DE2014_009_01,Monika Lennartz,4,F,HE,WWE,LC,RE,AB,N
DE2014_013,Und Äktschn!,DE2014_013_01,Gerhard Polt,3,M,HE,WWE,MC,,AB,N
DE2014_016,Lovely Louise,DE2014_016_01,Stefan Kurt,2,M,HE,WWE,MC,EM,AB,N
DE2014_016,Lovely Louise,DE2014_016_02,Annemarie Düringer,4,F,HE,WWE,MC,RE,CI,N
DE2014_020,Alles Inklusive,DE2014_020_01,Hannelore Elsner,3,F,HE,WWE,MC,RE,AB,N
DE2014_025,"Pettersson und Findus - Kleiner Quälgeist, große Freundschaft",DE2014_025_01,Ulrich Noethen,2,M,HE,WWE,MC,,AB,N
DE2014_036,Stiller Sommer,DE2014_036_01,Dagmar Manzel,2,F,HE,WWE,UC,EM,AB,N
DE2014_036,Stiller Sommer,DE2014_036_02,Ernst Stötzner,3,M,HE,WWE,UC,EM,AB,N
DE2014_039,Miss Sixty,DE2014_039_01,Iris Berben,3,F,HE,WWE,MC,EM,AB,N
DE2014_045,Über-Ich und Du,DE2014_045_01,André Wilms,3,M,HE,WWE,UC,RE,AB,N
DE2014_046,Der letzte Mentsch,DE2014_046_01,Mario Adorf,4,M,HE,WWE,MC,RE,CI,N
DE2014_055,Harms,DE2014_055_01,Heiner Lauterbach,3,M,HE,WWE,MC,SE,AB,N
DE2014_059,Nebenwege,DE2014_059_01,Christine Ostermayer,4,F,HE,WWE,MC,RE,CI,N
DE2014_062,Wir sind die Neuen,DE2014_062_01,Gisela Schneeberger,3,F,HE,WWE,MC,,AB,N
DE2014_062,Wir sind die Neuen,DE2014_062_02,Heiner Lauterbach,3,M,HE,WWE,MC,,AB,N
DE2014_062,Wir sind die Neuen,DE2014_062_03,Michael Wittenborn,3,M,HE,WWE,MC,EM,AB,N
DE2014_081,Töchter,DE2014_081_01,Corinna Kirchhoff,2,F,HE,WWE,MC,EM,AB,N
DE2014_095,Lamento,DE2014_095_01,Gunilla Röör,2,F,HE,WWE,MC,RE,AB,N
DE2014_125,Honig im Kopf,DE2014_125_01,Dieter Hallervorden,4,M,HE,WWE,MC,RE,CI,N
SI2023_011,L'uomo senza colpa,SI2023_011_01,Branko Završan,3,M,HE,WEE,MC,RE,CI,Y
SI2022_009,Zastoj,SI2022_009_01,Mirjam Korbar,2,F,HE,WEE,MC,EM,AB,N
SI2022_009,Zastoj,SI2022_009_02,Peter Musevski,2,M,HE,WEE,MC,EM,AB,N
SI2022_009,Zastoj,SI2022_009_03,Barbara Cerar,2,F,HE,WEE,UM,SE,AB,N
SI2021_001,Inventura,SI2021_001_01,Radoš Bolčina,2,M,HE,WEE,MC,EM,AB,N
SI2021_001,Inventura,SI2021_001_02,Mirel Knez,2,F,HE,WEE,MC,EM,AB,N
SI2021_002,Sanremo,SI2021_002_01,Sandi Pavlin,4,M,HE,WEE,MC,RE,CI,N
SI2021_003,Sanremo,SI2021_002_02,Silva Čušin,4,F,HE,WEE,MC,RE,CI,N
SI2020_001,Vsi proti vsem,SI2020_001_01,Vlado Novák,3,M,HE,WEE,UM,EM,AB,N
SI2018_011,Žaba,SI2018_011_01,Emir Hadžihafizbegović,2,M,HE,WEE,MC,RE,CI,N
SI2017_009,A Comedy of Tears,SI2017_009_01,Ivo Barišič,3,M,HE,WEE,MC,RE,CI,Y
HR2022_002,Razgovor,HR2022_002_01,Caspar Phillipson,2,M,HE,WEE,MC,EM,AB,N
HR2022_005,Divljaci,HR2022_005_01,Alen Liverić,2,M,HE,WEE,MC,EM,AB,N
HR2022_007,Nosila je rubac črleni,HR2022_007_01,Nataša Dorčić,2,F,HE,WEE,,,AB,N
HR2022_013,Stric,HR2022_013_01,Miki Manojlović,3,M,HE,WEE,MC,EM,AB,N
HR2020_003,Ribanje i ribarsko prigovaranje,HR2020_003_01,Rade Šerbedžija,3,M,HE,WEE,,,AB,N
HR2019_001,Koja je ovo država!,HR2019_001_01,Lazar Ristovski,3,M,HE,WEE,MC,RE,AB,N
HR2019_005,Lada Kamenski,HR2019_005_01,Nataša Dorčić,2,F,HE,WEE,MC,EM,AB,N
HR2019_005,Lada Kamenski,HR2019_005_02,Ksenija Marinković,2,F,HE,WEE,MC,EM,AB,N
HR2019_005,Lada Kamenski,HR2019_005_03,Doris Šarić-Kukuljica,2,F,HE,WEE,MC,EM,AB,N
HR2019_007,Moj dida je pao s Marsa,HR2019_007_01,Nils Ole Oftebro,4,M,HE,WEE,MC,RE,CI,N
HR2019_013,Dnevnik Diane Budisavljević,HR2019_013_01,Alma Prica,2,F,HE,WEE,MC,EM,AB,N
HR2019_014,Dopunska nastava,HR2019_014_01,Milivoj Beader,2,M,HE,WEE,MC,EM,AB,N
HR2018_001,Ljetnikovac,HR2018_001_01,Vojin Perić,3,M,HE,WEE,MC,SE,CI,N
HR2017_002,Svinjari,HR2017_002_01,Jasna Bilušić,2,F,HE,WEE,MC,,AB,N
HR2017_003,Lavina,HR2017_003_01,Stojan Matavulj,2,M,HE,WEE,MC,,AB,N
HR2017_007,Mrtve ribe,HR2017_007_01,Dragan Despot,3,M,HE,WEE,MC,,AB,N
HR2016_001,S one strane,HR2016_001_01,Ksenija Marinković,2,F,HE,WEE,MC,,AB,N
HR2016_005,Sve najbolje,HR2016_005_01,Ksenija Marinković,2,F,HE,WEE,MC,EM,AB,N
HR2015_002,Takva su pravila,HR2015_002_01,Emir Hadžihafizbegović,2,M,HE,WEE,MC,EM,AB,N
HR2015_003,Kosac,HR2015_003_01,Ivo Gregurević,3,M,HE,WEE,MC,,AB,N
DE2023_028,Der Pfau,DE2023_028_01,Philip Jackson,3,M,HE,WWE,UC,,AB,N
DE2023_028,Der Pfau,DE2023_028_02,Victoria Carling,,F,HE,WWE,UC,,AB,N
DE2023_033,Seneca,DE2023_033_01,John Malkovich,3,M,HE,WNA,,,AB,N
DE2023_038,"Manta, Manta - Zwoter Teil",DE2023_038_01,Til Schweiger,2,M,HE,WWE,MC,EM,AB,N
DE2023_049,Mediterranean Fever,DE2023_049_01,Amer Hlehel,3,M,HE,MEA,MC,EM,AB,N
DE2023_053,153 Meter,DE2023_053_01,Michaela Caspar,3,F,,WWE,MC,,AB,N
DE2023_060,Coming home,DE2023_060_01,Michael Wittenborn,3,M,HE,WWE,MC,RE,AB,N
DE2023_063,The Investor - The Independent Surf Movie,DE2023_063_01,Henry Hübchen,4,M,HE,WWE,UC,SE,AB,N
DE2023_064,Die Unschärferelation der Liebe,DE2023_064_01,Burghart Klaußner,3,M,HE,WWE,MC,EM,AB,N
DE2023_079,Enkel für Fortgeschrittene,DE2023_079_01,Maren Kroymann,3,F,HE,WWE,MC,RE,AB,N
DE2023_079,Enkel für Fortgeschrittene,DE2023_079_02,Heiner Lauterbach,3,M,HE,WWE,MC,RE,AB,N
DE2023_079,Enkel für Fortgeschrittene,DE2023_079_03,Barbara Sukowa,3,F,HE,WWE,MC,RE,AB,N
DE2023_084,Weißt du noch,DE2023_084_01,Senta Berger,4,F,HE,WWE,MC,RE,AB,N
DE2023_084,Weißt du noch,DE2023_084_02,Günther Maria Halmer,4,M,HE,WWE,MC,RE,AB,N
DE2023_092,Ein Fest fürs Leben,DE2023_092_01,Christoph Maria Herbst,2,M,HE,WWE,MC,SE,AB,N
DE2023_107,Das Beste kommt noch!,DE2023_107_01,Til Schweiger,3,M,HE,WWE,MC,UN,CI,N
DE2023_107,Das Beste kommt noch!,DE2023_107_02,Michael Maertens,3,M,HE,WWE,MC,EM,AB,N
DE2023_110,791 km,DE2023_110_01,Iris Berben,3,F,HE,WWE,MC,,AB,N
DE2023_110,791 km,DE2023_110_02,Joachim Król,3,M,HE,WWE,MC,EM,AB,N
DE2022_003,Wunderschön,DE2022_003_01,Martina Gedeck,3,F,HE,WWE,MC,EM,AB,N
DE2022_007,Das Mädchen mit den goldenen Hände,DE2022_007_01,Corinna Harfouch,3,F,HE,WWE,MC,EM,AB,N
DE2022_010,Vatersland,DE2022_010_01,Bernhard Schütz,3,M,HE,WWE,MC,EM,AB,N
DE2022_024,"Der Mann, der die Welt aß",DE2022_024_01,Hannes Hellmann,4,M,HE,WWE,MC,RE,AB,N
DE2022_026,Der Onkel,DE2022_026_01,Anke Engelke,3,F,HE,WWE,UC,EM,AB,N
DE2022_033,Ökozid,DE2022_033_01,Edgar Selge,3,M,HE,WWE,UC,EM,AB,N
DE2022_037,Alles in bester Ordnung,DE2022_037_01,Corinna Harfouch,3,F,HE,WWE,MC,EM,AB,N
DE2022_042,Ein großes Versprechen,DE2022_042_01,Dagmar Manzel,3,F,HE,WWE,UC,RE,PD,Y
DE2022_042,Ein großes Versprechen,DE2022_042_02,Rolf Lassgård,3,M,HE,WWE,UC,RE,AB,N
DE2022_043,Zum Tod meiner Mutter,DE2022_043_01,Hede Beck,3,F,HE,WWE,MC,RE,CI,N
DE2022_044,Die Geschichte der Menschheit - leicht gekürzt,DE2022_044_01,Christoph Maria Herbst,3,M,HE,WWE,,,AB,N
DE2022_048,A E I O U - Das schnelle Alphabet der Liebe,DE2022_048_01,Sophie Rois,3,F,HE,WWE,MC,EM,AB,N
DE2022_049,Dear Memories - Eine Reise mit dem Magnum-Fotografen Thomas Hoepker,DE2022_049_01,Thomas Hoepker,4,M,HE,WWE,MC,SE,CI,N
DE2022_066,Evolution,DE2022_066_01,Lili Monori,4,F,HE,WEE,MC,RE,AB,N
DE2022_067,Freibad,DE2022_067_01,Andrea Sawatzki,2,F,HE,WWE,MC,EM,AB,N
DE2022_069,L'état et moi,DE2022_069_01,Sophie Rois,3,F,HE,WWE,MC,EM,AB,N
DE2022_072,Lieber Kurt,DE2022_072_01,Til Schweiger,2,M,HE,WWE,MC,EM,AB,N
DE2022_075,Da kommt noch was,DE2022_075_01,Ulrike Willenbacher,3,F,HE,WWE,UC,RE,AB,N
DE2022_077,Mutter,DE2022_077_01,Anke Engelke,2,F,HE,WWE,MC,EM,AB,N
DE2022_080,Rimini,DE2022_080_01,Michael Thomas,3,M,HE,WWE,MC,SE,AB,N
DE2022_081,Margarethe von Trotta - Zeit der Frauen,DE2022_081_01,Margarethe von Trotta,4,F,HE,WWE,UC,SE,AB,N
DE2022_085,Der Nachname,DE2022_085_01,Iris Berben,3,F,HE,WWE,UC,UN,AB,N
DE2022_085,Der Nachname,DE2022_085_02,Christoph Maria Herbst,3,M,HE,WWE,UC,EM,AB,N
DE2022_085,Der Nachname,DE2022_085_03,Justus Von Dohnanyi,3,M,HE,WWE,UC,EM,AB,N
DE2022_093,Wer gräbt den Bestatter ein?,DE2022_093_01,Thomas Kress,2,M,HE,WWE,MC,EM,AB,N
DE2022_093,Wer gräbt den Bestatter ein?,DE2022_093_02,Angelika Sedlmeier,2,F,HE,WWE,MC,EM,AB,N
DE2022_105,Die stillen Trabanten,DE2022_105_01,Nastassja Kinski,3,F,HO,WWE,MC,,AB,N
DE2021_002,Weissbier im Blut,DE2021_001_01,Sigi Zimmerschied,3,M,HE,WEE,LM,EM,AB,N
DE2021_006,Sommer-Rebellen,DE2021_007_01,Pavel Nový,3,M,HE,WEE,MC,UN,TD,N
DE2021_011,Nebenan,DE2021_018_01,Peter Kurth,3,M,HE,WWE,LM,UN,AB,N
DE2021_016,Die Vergesslichkeit der Eichhörnchen,DE2021_002_01,Günther Maria Halmer,4,M,HE,WEE,UM,RE,TD,N
DE2021_018,Julia muss sterben,DE2021_023_01,Mohammad-Ali Behboudi,3,M,HE,WWE,LM,UN,PD,Y
DE2021_046,Zu den Sternen,DE2021_050_01,Günter Barton,3,M,HE,WWE,MC,UN,AB,N
DE2021_046,Zu den Sternen,DE2021_050_02,Florian Martens,3,M,HE,WWE,MC,SE,AB,N
DE2021_051,Töchter,DE2021_005_01,Josef Bierbichler,3,M,HE,WEE,MC,,TD,N
DE2021_052,Das Haus,DE2021_055_01,Tobias Moretti,3,M,HE,WWE,UM,EM,AB,N
DE2021_054,Uta,DE2021_057_01,Uta,3,F,HO,WWE,LC,UN,AB,N
DE2021_057,"Es ist nur eine Phase, Hase",DE2021_060_01,Christoph Maria Herbst,2,M,HE,WWE,MC,EM,AB,N
DE2021_062,Contra,DE2021_064_01,Christoph Maria Herbst,2,M,HE,WWE,UC,EM,AB,N
DE2021_065,Die Rettung der uns bekannten Welt,DE2021_067_01,Til Schweiger,2,M,HE,WWE,UC,EM,AB,N
DE2021_066,Eine Handvoll Wasser,DE2021_068_01,Jürgen Prochnow,4,M,HE,WWE,MC,RE,AB,N
DE2021_070,Mein Sohn,DE2021_008_01,Anke Engelke,3,F,HE,WEE,MC,EM,AB,N
DE2021_071,Das schwarze Quadrat,DE2021_009_01,Bernhard Schütz,3,M,HE,WEE,UM,EM,AB,N
DE2021_072,Baden gegen Württemberg,DE2021_072_01,Stephan Baumecker,2,M,HE,WWE,UC,EM,AB,N
DE2021_072,Baden gegen Württemberg,DE2021_072_02,Babett Arens,2,F,HE,WWE,UC,EM,AB,N
DE2021_075,A Pure Place,DE2021_075_01,Sam Louwyck,2,M,HE,WWE,MC,SE,AB,N
DE2020_005,Crescendo,DE2020_005_01,Peter Simonischek,3,M,HE,WWE,MC,SE,AB,N
DE2020_006,Die Hochzeit,DE2020_006_01,Til Schweiger,2,M,HE,WWE,MC,EM,AB,N
DE2020_010,Roland Rebers Todesrevue,DE2020_010_01,Eisi Gulp,3,M,HE,WWE,MC,EM,AB,N
DE2020_013,Enkel für Anfänger,DE2020_013_01,Maren Kroymann,3,F,HE,WWE,UC,RE,AB,N
DE2020_013,Enkel für Anfänger,DE2020_013_02,Barbara Sukowa,3,F,HE,WWE,MC,RE,AB,N
DE2020_013,Enkel für Anfänger,DE2020_013_03,Heiner Lauterbach,3,M,HE,WWE,MC,RE,AB,N
DE2020_030,Bleichercode der Film,DE2020_030_01,Marion Mitterhammer,2,F,HE,WWE,MC,RE,AB,N
DE2020_044,Max und die wilde 16,DE2020_044_01,Uschi Glas,4,F,HE,WWE,UC,RE,AB,N
DE2020_044,Max und die wilde 17,DE2020_044_02,Günther Maria Halmer,4,M,HE,WWE,MC,RE,AB,N
DE2020_044,Max und die wilde 18,DE2020_044_03,Thomas Thieme,3,M,HE,WWE,MC,RE,AB,N
DE2020_045,Es ist zu deinem Besten,DE2020_045_01,Heiner Lauterbach,3,M,HE,WWE,MC,EM,AB,N
DE2019_001,Kalte Füße,DE2019_001_01,Wolfgang Groos,3,M,HE,WWE,MC,SE,TD,Y
DE2019_007,Glück ist was für Weicheier,DE2019_007_01,Martin Wuttke,2,M,HE,WWE,MC,EM,AB,N
DE2019_017,The Bra,DE2019_017_01,Miki Manojlović,3,M,HE,WEE,MC,EM,AB,N
DE2019_024,Head Full of Honey,DE2019_024_01,Nick Nolte,4,M,HE,WNA,MC,RE,CI,N
DE2019_034,Goliath96,DE2019_034_01,Katja Riemann,2,F,HE,WWE,MC,EM,AB,N
DE2019_043,The Silence,DE2019_043_01,Stanley Tucci,2,M,HE,WNA,MC,EM,AB,N
DE2019_065,Und wer nimmt den Hund?,DE2019_065_01,Martina Gedeck,2,F,HE,WWE,MC,EM,AB,N
DE2019_065,Und wer nimmt den Hund?,DE2019_065_02,Ulrich Tukur,3,M,HE,WWE,MC,EM,AB,N
DE2019_067,"Berlin, I Love You",DE2019_067_01,Helen Mirren,3,F,HE,WWE,MC,RE,AB,N
DE2019_067,"Berlin, I Love You",DE2019_067_02,Mickey Rourke,3,M,HE,WNA,MC,EM,AB,N
DE2019_073,Frau Stern,DE2019_073_01,Ahuva Sommerfeld,4,F,,,MC,RE,CI,N
DE2019_083,Eine ganz heiße Nummer 2.0,DE2019_083_01,Gisela Schneeberger,3,F,HE,WWE,MC,,AB,N
DE2019_095,Heimsuchung,DE2019_095_01,Markus Fennert,3,M,HE,WWE,MC,EM,AB,N
DE2019_099,Justice - Verstrickt im Netz der Macht,DE2019_099_001,Bruno Eyron,3,M,HE,WWE,MC,EM,AB,N
DE2019_101,Lara,DE2019_101_01,Corinna Harfouch,3,F,HE,WWE,UC,RE,AB,N
DE2018_004,Hot Dog,DE2018_004_01,Til Schweiger,2,M,HE,WWE,MC,EM,AB,N
DE2018_005,Die Anfängerin,DE2018_005_01,Ulrike Krumbiegel,3,F,HE,WWE,MC,EM,AB,N
DE2018_023,Arthur & Claire,DE2018_023_01,Josef Hader,2,M,HE,WWE,MC,,CI,N
DE2018_027,Zwei Herren im Anzug,DE2018_027_01,Josef Bierbichler,3,M,HE,WWE,UC,SE,AB,N
DE2018_027,Zwei Herren im Anzug,DE2018_027_02,Martina Gedeck,2,F,HE,WWE,UC,UN,AB,N
DE2018_044,Herrliche Zeiten,DE2018_044_01,Katja Riemann,2,F,HE,WWE,UC,UN,AB,N
DE2018_045,Wer hat eigentlich die Liebe erfunden?,DE2018_045_01,Corinna Harfouch,3,F,HE,WWE,MC,,AB,N
DE2018_054,The Happy Prince,DE2018_054_01,Rupert Everett,2,M,HO,WWE,UC,,AB,N
DE2018_073,"Grüner wird's nicht, sagte der Gärtner und flog davon",DE2018_073_01,Elmar Wepper,3,M,HE,WWE,MC,EM,AB,N
DE2018_079,Peropero: Breakdown in Tokyo,DE2018_079_01,Zoltan Paul,3,M,HE,WWE,MC,SE,AB,N
DE2018_080,Pettersson und Findus - Findus zieht um,DE2018_080_01,Stefan Kurt,3,M,HE,WWE,MC,,AB,N
DE2018_085,Klassentreffen 1.0,DE2018_085_01,Til Schweiger,2,M,HE,WWE,MC,,AB,N
DE2018_098,Der Vorname,DE2018_098_01,Justus Von Dohnanyi,2,F,HE,WWE,MC,,AB,N
DE2018_103,Was uns nicht umbringt,DE2018_103_01,August Zirner,3,M,HE,WWE,UC,SE,AB,N
DE2018_106,So viel Zeit,DE2018_106_01,Armin Rohde,3,M,HE,WWE,MC,,AB,N
DE2018_106,So viel Zeit,DE2018_106_02,Richy Müller,3,M,HE,WWE,MC,,AB,N
DE2019_036,Atlas,DE2019_036_01,Rainer Bock,3,M,HE,WWE,MC,EM,AB,N