film_id,nat_title,eng_title,director,release_type,release_date,film_type
ES2018_001,El mejor verano de mi vida,The Best Summer Of My Life,Dani de la Orden,THE,2018-05-23,F
ES2018_002,La tribu,The Tribe,Fernando Colomo,THE,2018-03-16,F
ES2018_003,Todos lo saben,Everybody Knows,Asghar Farhadi,THE,2018-09-14,F
ES2018_004,Ola de crímenes,Wave Of Crimes,Gracia Querejeta,THE,2018-10-05,F
ES2018_005,El reino,The Candidate,Rodrigo Sorogoyen,THE,2018-09-28,F
ES2018_006,Miamor perdido,Mylove Lost,Emilio Martínez Lázaro,THE,2018-12-14,F
ES2018_007,Tu hijo,Your Son,Miguel Ángel Vivas,THE,2018-11-09,F
ES2018_008,Petra,,Jaime Rosales,THE,2018-10-19,F
ES2018_009,Quién te cantará,Who Will Sing To You?,Carlos Vermut,THE,2018-10-26,F
ES2018_010,La enfermedad del domingo,Sunday's Illness,Ramón Salazar,THE,2018-02-23,F
ES2018_011,Mudar la piel,,"Cristóbal Fernández, Ana Schulz",THE,2018-10-04,D
ES2018_012,El silencio de otros,The Silence Of Others,Robert Bahar and Almudena Carracedo,THE,2018-11-16,D
ES2018_013,Mi querida cofradía,Hoplessly Devout,Marta Díaz de Lope Díaz,THE,2018-04-26,F
ES2018_014,El árbol de la sangre,The Tree Of Blood,Julio Medem,THE,2018-10-31,F
ES2018_015,Oreina,The Deer,Koldo Amandoz,THE,2018-09-28,F
ES2018_016,The Man Who Killed Don Quixote,,Terry Gilliam,THE,2018-06-01,F
ES2018_017,En las estrellas,Up Among The Stars,Zoe Berriatúa,THE,2018-08-31,F
ES2018_018,Figuras,Figures,Eugenio Canevari,FES,2018-09-25,F
ES2018_019,Trote,,Xacio Baño,THE,2018-12-14,F
ES2018_020,Cuando dejes de quererme,When You No Longer Love Me,Igor Legarreta,THE,2018-02-16,F
ES2018_021,Formentera Lady,,Pau Durà,THE,2018-06-29,F
ES2018_022,Miau,,Ignacio Estaregui,THE,2018-10-19,F
ES2018_023,Miss Dalí,,Ventura Pons,THE,2018-04-06,F
ES2018_024,Sea Beasts,,Felipe González,THE,2018-11-24,F
ES2018_025,Apocalipsis Voodoo,Voodoo Apocalypse,Vasni Ramos,FES,2018-11-20,F
ES2018_026,"Escoréu, 24 d'avientu de 1937",,Ramón Lluís Bande,THE,2018-05-19,D
ES2018_027,Good Bye Mister Marshall,,Ana Victoria Pérez,THE,2018-07-04,D
ES2018_028,Los gigantes no existen,Giants Don't Exist,Chema Rodríguez,THE,2018-09-28,F
ES2018_029,"Director Z, el vendedor de ilusiones",,Oskar Tejedor,THE,2018-10-26,D
ES2018_030,El pintor de Calaveras,,Sigfrid Monleón,THE,2018-04-15,D
ES2018_031,La última toma,,Jesús Ponce,THE,2018-11-26,D
ES2018_032,A palabra xusta,,Miguel Piñeiro,THE,2018-02-19,D
ES2018_033,"Alegría, tristeza",,Ibón Cormenzana,THE,2018-11-16,F
ES2018_034,Sin novedad,,Miguel Berzal de Miguel,THE,2018-12-10,F
ES2018_035,No quiero perderte nunca,,Alejo Levis,THE,2018-07-13,F
ES2018_036,El último invierno,,Julio de la Fuente,THE,2018-05-18,F
ES2018_037,Carrasca,,Alejandro Cortés Calahorra,THE,2018-11-30,D
ES2018_038,Akemarropa,,F.J. Arranz,THE,2018-05-04,F
ES2018_039,Querido Fotogramas,,Sergio Oksman,THE,2018-09-29,D
ES2018_040,Blue Rai,,Pedro B. Abreu,THE,2018-04-13,F
ES2018_041,Doctrina El pecat original i la reinserció,,Joan Frank Charansonnet,THE,2018-05-11,F
ES2018_042,"Els karamazoff, a walk on the SoHo years",,"Carmen Rodríguez, Juan Gamero",THE,2018-05-24,D
ES2018_043,Universal i faraona,,Ventura Pons,THE,2018-01-19,D
ES2018_044,Ánimas,,"Laura Alvea, Jose F. Ortuño",THE,2018-10-05,F
ES2018_045,Penélope,,Eva Vila,THE,2018-09-07,F
ES2018_046,Bernarda,,Emilio Ruiz Barrachina,THE,2018-10-26,F
ES2018_047,A estación violenta,The Wild Season,Anxos Fazáns,THE,2018-06-01,F
ES2018_048,Rota n' Roll,,Vanesa Benítez,THE,2018-06-04,D
ES2018_049,I Hate New York,,Gustavo Sánchez,THE,2018-10-31,D
ES2018_050,El corazón del Teatro Real,,José Luis López-Linares,THE,2018-09-23,D
ES2018_051,Media hora (y un epílogo),,Epigmenio Rodríguez,THE,2018-05-11,F
ES2018_052,El pomo azul,,"Montse Bodas, Raquel Gómez Troyano",THE,2018-09-06,F
ES2018_053,Oh! Mammy Blue,,Antonio Hens,THE,2018-06-29,F
ES2018_054,Experimento Stuka,Experiment Stuka,"José Andreu, Rafael Moles",THE,2018-11-08,D
ES2018_055,El año de la plaga,,C. Martín Ferrera,THE,2018-05-17,F
ES2018_056,Sâdhaka: la senda del yoga,,Nicolás Gauthier,THE,2018-04-04,D
ES2018_057,Lunas de Nueva York,,Juan José Ponce,THE,2018-05-31,D
ES2018_058,Lo posible y lo necesario,,Adolfo Dufour,THE,2018-09-13,D
ES2018_059,Memorias de un hombre en pijama,,Carlos Fernández de Vigo,THE,2018-11-09,A
ES2018_060,El amor y la muerte. Historia de Enrique Granados,,Arantxa Aguirre,THE,2018-11-08,D
ES2018_061,Jaulas,,Nicolás Pacheco,THE,2018-11-20,F
ES2018_062,La vida lliure,,Marc Recha,THE,2018-03-02,F
ES2018_063,Onyx: Kings of the Grail,,Roberto Girault,THE,2018-12-15,D
ES2018_064,Paella Today!,,César Sabater,THE,2018-03-23,F
ES2018_065,Desenterrando Sad Hill,Unearthing Sad Hill,Guillermo de Oliveira,THE,2018-10-19,D
ES2018_066,Face au vent,,Meritxell Colell,THE,2018-11-23,F
GB2018_001,Fantastic Beasts: The Crimes of Grindelwald,,David Yates,THE,2018-11-16,F
GB2018_002,Darkest Hour,,Joe Wright,THE,2018-01-12,F
GB2018_003,Johnny English Strikes Again,,David Kerr,THE,2018-10-05,F
GB2018_004,"Three Billboards Outside Ebbing, Missouri",,Martin McDonagh,THE,2018-01-12,F
GB2018_005,King of Thieves,,James Marsh,THE,2018-09-14,F
GB2018_006,The Guernsey Literary and Potato Peel Pie Society,,Mike Newell,THE,2018-04-20,F
GB2018_007,Finding Your Feet,,Richard Loncraine,THE,2018-02-23,F
GB2018_008,The Children Act,,Richard Eyre,THE,2018-08-24,F
GB2018_009,The Wife,,Björn Runge,THE,2018-09-28,F
GB2018_010,You Were Never Really Here,,Lynne Ramsay,THE,2018-03-09,F
GB2018_011,The Mercy,,James Marsh,THE,2018-02-09,F
GB2018_012,Lean on Pete,,Andrew Haigh,THE,2018-05-04,F
GB2018_013,Island,,Steven Eastwood,THE,2014-01-09,D
GB2018_014,"Happy New Year, Colin Burstead",,Ben Wheatley,THE,2018-12-28,F
GB2018_015,Dead in a Week Or Your Money Back,,Tom Edmunds,THE,2018-11-16,F
GB2018_016,Tea with the Dames,,Roger Michell,THE,2018-04-27,D
GB2018_017,The Little Stranger,,Lenny Abrahamson,THE,2018-09-21,F
GB2018_018,Final Score,,Scott Mann,THE,2018-09-07,F
GB2018_019,Walk Like a Panther,,Dan Cadan,THE,2018-03-09,F
GB2018_020,The Titan,,Lennart Ruf,THE,2018-04-13,F
GB2018_021,Cake,,Asim Abbasi,THE,2018-03-30,F
GB2018_022,How to Talk to Girls at Parties,,John Cameron Mitchell,THE,2018-05-11,F
GB2018_023,Pin Cushion,,Deborah Haywood,THE,2018-07-13,F
GB2018_024,Euphoria,,Lisa Langseth,THE,2018-02-02,F
GB2018_025,That Good Night,,Eric Styles,THE,2018-05-11,F
GB2018_026,Hansa Studios: By The Wall 1976-90,,Mike Christie,THE,2018-01-10,D
GB2018_027,Milk and Honey: The Movie,,Matt Gambell,THE,2018-11-02,F
GB2018_028,The Chaperone,,Michael Engler,FES,2018-09-23,F
GB2018_029,Kaufman's Game,,Helier Bissell-Thomas,THE,2018-02-02,F
GB2018_030,The Trial of Ratko Mladic,,"Robert Miller, Henry Singer",FES,2018-11-18,D
GB2018_031,Alan Hinkes: The First Briton To Climb The World's Highest Mountains,,Terry Abraham,THE,2018-04-13,D
GB2018_032,Book of Monsters,,Stewart Sparke,FES,2018-08-25,F
GB2018_033,Await Further Instructions,,Johnny Kevorkian,THE,2018-12-07,F
GB2018_034,Sink,,Mark Gillis,THE,2018-10-12,F
GB2018_035,Modern Life Is Rubbish,,Daniel Jerome Gill,THE,2018-05-04,F
GB2018_036,"You, Me and Him",,Daisy Aitkens,THE,2018-04-13,F
GB2018_037,Winter Ridge,,Dom Lenoir,THE,2018-09-14,F
GB2018_038,One Note at a Time,,Renee Edwards,THE,2018-08-24,D
GB2018_039,Erase and Forget,,Andrea Luka Zimmerman,THE,2018-03-02,D
GB2018_040,Back to Berlin,,Catherine Lurie,THE,2018-11-23,D
GB2018_041,Datsche,,Lara Hewitt,FES,2018-10-05,F
GB2018_042,Lies We Tell,,Mitu Misra,THE,2018-02-02,F
GB2018_043,Being Blacker,,Molly Dineen,THE,2018-03-02,D
GB2018_044,Waiting for You,,Charles Garrad,THE,2018-10-26,F
GB2018_045,Viking Destiny,,David L.G. Hughes,THE,2018-07-20,F
GB2018_046,Scott and Sid,,"Scott Elliott, Sid Sadowskyj",THE,2018-03-09,F
GB2018_047,Amá,,Lorna Tucker,THE,2018-11-30,D
GB2018_048,Stanley a Man of Variety,,Stephen Cookson,THE,2018-06-15,F
GB2018_049,Damascus Cover,,Daniel Zelik Berk,THE,2018-08-03,F
GB2018_050,Vengeance,I Am Vengeance,Ross Boyask,THE,2018-09-28,F
GB2018_051,New Town Utopia,,Christopher Ian Smith,THE,2018-05-04,D
GB2018_052,The Bromley Boys,,Steve Kelly,THE,2018-06-01,F
GB2018_053,Together,,Paul Duddridge,THE,2018-06-15,F
GB2018_054,My Days of Mercy,,Tali Shalom-Ezer,FES,2018-03-21,F
GB2018_055,Kaiser: The Greatest Footballer Never to Play Football,,Louis Myles,THE,2018-07-27,D
GB2018_056,Postcards from the 48%,,David Wilkinson,THE,2018-07-06,D
GB2018_057,VS.,,Ed Lilly,THE,2018-10-19,F
GB2018_058,The Spiritualist,,Carl Medland,THE,2018-09-27,F
GB2018_059,The Ballymurphy Precedent,,Callum Macrae,THE,2018-08-31,D
GB2018_060,Possum,,Matthew Holness,THE,2018-10-26,F
GB2018_061,An Evening with Beverly Luff Linn,,Jim Hosking,THE,2018-10-26,F
GB2018_062,Surviving Christmas with the Relatives,Christmas Survival,James Dearden,THE,2018-11-30,F
GB2018_063,The Devil's Doorway,,Aislinn Clarke,FES,2018-08-25,F
GB2018_064,My Life Story,,"Julien Temple, Owen Lewis",THE,2018-01-12,D
GB2018_065,Postcards from London,,Steve McLean,THE,2018-11-23,F
GB2018_066,McKellen: Playing the Part,,Joe Stephenson,THE,2018-05-25,D
GB2018_067,The Aspern Papers,,Julien Landais,FES,2018-08-30,F
GB2018_068,Blue Iguana,,Hadi Hajaig,THE,2018-10-05,F
GB2018_069,The More You Ignore Me,,Keith English,THE,2018-07-06,F
GB2018_070,Agatha And the Truth Of Murder,,Terry Loane,THE,2018-12-23,F
GB2018_071,Dark River,,Clio Barnard,THE,2018-02-23,F
GB2018_072,Leaning into the Wind,,Thomas Riedelsheimer,THE,2018-10-08,D
ES2019_001,Si yo fuera rico,If I Were A Rich Man,Álvaro Fernández Armero,THE,2019-11-15,F
ES2019_002,Mientras dure la guerra,While At War,Alejandro Amenábar,THE,2019-11-27,F
ES2019_003,Dolor y gloria,Pain And Glory,Pedro Almodóvar,THE,2019-03-22,F
ES2019_004,Perdiendo el Este,Off Course To China,Paco Caballero,THE,2019-02-15,F
ES2019_005,Quien a hierro mata,Eye For An Eye,Paco Plaza,THE,2019-08-30,F
ES2019_006,Adiós,,Paco Cabezas,THE,2019-11-22,F
ES2019_007,Legado en los huesos,The Legacy Of The Bones,Fernando González Molina,THE,2019-12-05,F
ES2019_008,Los Rodríguez y el más allá,The Rodriguez And The Beyond,Paco Arango,THE,2019-10-31,F
ES2019_009,Gente que viene y bah,In Family I Trust,Patricia Font,THE,2019-01-18,F
ES2019_010,La pequeña Suiza,The Little Switzerland,Kepa Sojo,THE,2019-04-26,F
ES2019_011,Lo nunca visto,A Remarkable Tale,Marina Seresesky,THE,2019-07-12,F
ES2019_012,Klaus,,"Sergio Pablos, Carlos Martínez López",THE,2019-11-08,A
ES2019_013,O que arde,Fire Will Come,Óliver Laxe,THE,2019-10-10,F
ES2019_014,Aute Retrato,,Gaizka Urresti,THE,2019-09-12,D
ES2019_015,Historias de nuestro cine,,"Ana Pérez Lorente, Antonio Resines",THE,2019-02-11,D
ES2019_016,La hija de un ladrón,A Thief's Daughter,Belén Funes,THE,2019-11-29,F
ES2019_017,El hoyo,The Platform,Galder Gaztelu-Urrutia,THE,2019-08-11,F
ES2019_018,El crack cero,The Crack: Inception,José Luis Garci,THE,2019-04-10,F
ES2019_019,Abuelos,Grandfathers,Santiago Requejo,THE,2019-10-11,F
ES2019_020,4 latas,4l,Gerardo Olivares,THE,2019-03-01,F
ES2019_021,Vivir dos veces,"Live Twice, Love Once",Maria Ripoll,THE,2019-09-06,F
ES2019_022,El silencio del pantano,The Silence Of The Marsh,Marc Vigil,THE,2019-11-15,F
ES2019_023,Remember me,,Martín Rosete,THE,2019-08-01,F
ES2019_024,Salir del ropero,So My Grandma's A Lesbian!,Ángeles Reiné,THE,2019-12-13,F
ES2019_025,Agur Etxebeste,,"Asier Altuna, Telmo Esnal",THE,2019-09-26,F
ES2019_026,El precio de la risa,,Gabriel Lechón,THE,2019-10-15,D
ES2019_027,Mario Y Los Perros,,Chema de la Peña,THE,2019-06-28,D
ES2019_028,"Manolo Sanlúcar, el legado",,Juanma Suárez,THE,2019-10-21,D
ES2019_029,Universo Pinzás,,Víctor Olid,THE,2019-11-15,D
ES2019_030,Cuca (Retrato de una mujer),Cuca (story Of A Woman),Carlos Navarro,THE,2019-11-28,D
ES2019_031,Se prohíbe el cante,,"Paco Ortiz, Félix Vazquez",THE,2019-12-03,D
ES2019_032,Jesús López Cobos. Música En Las Manos,,Cristina Otero Roth,THE,2019-05-09,D
ES2019_033,Cordes,Prey,José Luis Montesinos,THE,2019-11-22,F
ES2019_034,¿Qué coño está pasando?,,"Marta Jaenes, Rosa Márquez",VOD,2019-11-25,D
ES2019_035,Soñando Un Lugar,,Alfonso Kint,THE,2019-08-20,D
ES2019_036,Dolorosa Gioia,Sweet Pain,Gonzalo López,THE,2019-06-14,F
ES2019_037,"Beirut, la vie en rose",,Èric Motjer,THE,2019-11-12,D
ES2019_038,The Invocation of Enver Simaku,,Marco Lledó Escartín,THE,2019-05-03,F
ES2019_039,El brazalete de oro,,"José Manuel Fernández-Jardón, Luis Fernández-Jardón",THE,2019-11-08,F
ES2019_040,La felicidad de los perros,,David Hernández,THE,2019-12-13,F
ES2019_041,Goodbye Ringo,,Pere Marzo,THE,2019-03-19,D
ES2019_042,Sesión Salvaje,Wild Session,"Paco Limón, Julio César Sánchez",THE,2019-12-13,D
ES2019_043,Almost Ghosts,,Ana Ramón Rubio,THE,2019-10-21,D
ES2019_044,The Chain,Chain Of Death,David Martín Porras,THE,2019-05-31,F
ES2019_045,Tierras Construidas,,Arturo Dueñas Herrero,THE,2019-11-25,D
ES2019_046,City for Sale,,Laura Álvarez Soler,THE,2019-06-21,D
ES2019_047,En busca del Óscar,Searching For Oscar,Octavio Guerra,THE,2019-03-29,D
ES2019_048,Moira,,Daniel Lovecchio,THE,2019-12-10,F
ES2019_049,Regresa El Cepa,,Víctor Matellano,THE,2019-05-23,D
ES2019_050,Si me borrara el viento lo que yo canto,,David Trueba,THE,2019-11-12,D
ES2019_051,Be Happy! (the musical),,Ventura Pons,THE,2019-09-21,F
ES2019_052,Love Me Not,,Lluís Miñarro,THE,2019-10-31,F
ES2019_053,Univers(o) Pecanins,,Ventura Pons,THE,2019-07-12,D
ES2019_054,Peret: yo soy la rumba,Peret: My Name Is Rumba,Paloma Zapata,THE,2019-03-22,D
ES2019_055,"Mujeres, de Coque Malla",,Gonzalo Visedo,THE,2019-01-18,D
ES2019_056,Basque Selfie,,Joaquín Calderón,THE,2019-02-08,D
ES2019_057,Antonio López: apuntes del natural,,Nicolás Muñoz Avia,THE,2019-03-01,D
ES2019_058,Enterrados,They Buried,Luis Trapiello,THE,2019-05-10,F
ES2019_059,Zaniki,,Gabriel Velázquez,THE,2019-02-07,D
ES2019_060,La primera cita,,Jesús Ponce,THE,2019-04-30,F
ES2019_061,Sense sostre,,"Xesc Cabot, Pep Garrido",THE,2019-12-16,F
ES2019_062,Yo Galgo,,Yeray López Portillo,THE,2019-09-05,D
ES2019_063,Boi,,Jorge M. Fontana,THE,2019-03-29,F
ES2019_064,"Yo, mi mujer y mi mujer muerta",,Santi Amodeo,THE,2019-07-26,F
ES2019_065,"522. Un gato, un chino y mi padre","522. A Cat, A Chinese Guy And My Father",Paco R. Baños,THE,2019-05-07,F
ES2019_066,El cuadro,,Andrés Sanz,THE,2019-05-11,D
ES2019_067,Ojos Negros,,"Iván Alarcón, Ivet Castelo, Sandra García, Marta Lallana",THE,2019-07-18,F
ES2019_068,"La defensa, por la libertad",,Pilar Pérez Solano,THE,2019-10-25,D
ES2019_069,La noche de las dos lunas,The Night Of The Two Moons,Miguel Ferrari,THE,2019-08-30,F
ES2019_070,Viva la vida,,José Luis García Berlanga,THE,2019-05-24,F
ES2019_071,La estrategia del pequinés,,Elio Quiroga,THE,2019-05-13,F
ES2019_072,"¡Ay, mi madre!",,"Rafa Montesinos, Frank Ariza",THE,2019-03-29,F
ES2019_073,Sanfelices,,Roberto Lázaro,THE,2019-09-12,F
ES2019_074,Diecisiete,,Daniel Sánchez Arévalo,THE,2019-04-10,F
ES2019_075,Elisa y Marcela,Elisa & Marcela,Isabel Coixet,THE,2019-05-25,F
ES2019_076,La Banda,Love Beats,Roberto Bueso,THE,2019-07-06,F
ES2019_077,Me llamo Gennet,,Miguel Ángel Tobías,THE,2019-03-18,F
ES2019_078,La vida sense la Sara Amat,Life Without Sara Amat,Laura Jou,THE,2019-12-07,F
ES2019_079,Barcelona 1714,,Anna Bofarull,THE,2019-09-20,F
ES2019_080,Sordo,The (silent) War,Alfonso Cortés-Cavanillas,THE,2019-09-13,F
GB2019_001,Downton Abbey,,Michael Engler,THE,2019-09-13,F
GB2019_002,Cats,,Tom Hooper,THE,2019-12-20,F
GB2019_003,Stan & Ollie,,Jon S. Baird,THE,2019-01-11,F
GB2019_004,Mary Queen of Scots,,Josie Rourke,THE,2019-01-18,F
GB2019_005,Judy,,Rupert Goold,THE,2019-10-04,F
GB2019_006,Fisherman's Friends,,Chris Foggin,THE,2019-03-15,F
GB2019_007,The Kid Who Would Be King,,Joe Cornish,THE,2019-02-15,F
GB2019_008,Blinded by the Light,,Gurinder Chadha,THE,2019-08-09,F
GB2019_009,Wild Rose,,Tom Harper,THE,2019-04-12,F
GB2019_010,Red Joan,,Trevor Nunn,THE,2019-04-19,F
GB2019_011,Colette,,Wash Westmoreland,THE,2019-01-11,F
GB2019_012,Official Secrets,,Gavin Hood,THE,2019-10-18,F
GB2019_013,The White Crow,,Ralph Fiennes,THE,2019-03-22,F
GB2019_014,Mrs Lowry and Son,,Adrian Noble,THE,2019-08-30,F
GB2019_015,All Is True,,Kenneth Branagh,THE,2019-02-08,F
GB2019_016,The Souvenir,,Joanna Hogg,THE,2019-08-30,F
GB2019_017,The Vanishing,,Kristoffer Nyholm,THE,2019-03-29,F
GB2019_018,Vita & Virginia,,Chanya Button,THE,2019-07-05,F
GB2019_019,Tucked,,Jamie Patterson,THE,2019-05-17,F
GB2019_020,The Street,,Zed Nelson,THE,2019-11-29,D
GB2019_021,Ordinary love,,Lisa Barros D'Sa and Glenn Leyburn,THE,2019-12-06,F
GB2019_022,The Corrupted,,Ron Scalpello,THE,2019-05-10,F
GB2019_023,Ray & Liz,,Richard Billingham,THE,2019-03-08,F
GB2019_024,Out of Blue,,Carol Morley,THE,2019-03-29,F
GB2019_025,Meeting Gorbachev,,"Werner Herzog, André Singer",THE,2019-08-11,D
GB2019_026,The Convent,,Paul Hyett,THE,2019-05-31,F
GB2019_027,Untouchable,,Ursula Macfarlane,FES,2019-01-25,D
GB2019_028,My Zoe,,Julie Delpy,FES,2019-09-07,F
GB2019_029,Art & Mind,,Amélie Ravalec,THE,2019-04-27,D
GB2019_030,Out of Innocence,,Danny Hiller,THE,2019-04-19,F
GB2019_031,An Accidental Studio,,"Bill Jones, Kim Leggatt, Ben Timlett",THE,2019-04-29,D
GB2019_032,Fanny Lye Deliver'd,The Delivered,Thomas Clay,FES,2019-10-10,F
GB2019_033,Fulci for Fake,,Simone Scafidi,FES,2019-09-03,D
GB2019_034,Born a King,,Agustí Villaronga,FES,2019-04-25,F
GB2019_035,The Quiet One,,Oliver Murray,FES,2019-05-02,D
GB2019_036,Division 19,,S.A. Halewood,THE,2019-06-21,F
GB2019_037,Songbird,Alright Now,Jamie Adams,THE,2019-05-10,F
GB2019_038,Arifa,,Sadia Saeed,THE,2019-06-28,F
GB2019_039,Wild Honey Pie!,,Jamie Adams,THE,2019-06-14,F
GB2019_040,Ophelia,,Claire McCarthy,THE,2019-11-22,F
GB2019_041,Crucible of the Vampire,,Iain Ross-McNamee,THE,2019-02-01,F
GB2019_042,Once Upon a Time in London,,Simon Rumley,THE,2019-04-19,F
GB2019_043,Invasion Planet Earth,,Simon Cox,THE,2019-12-05,F
GB2019_044,Winterlong,,David Jackson,THE,2019-03-29,F
GB2019_045,I Love My Mum,,Alberto Sciamma,THE,2019-05-31,F
GB2019_046,Busby,,Joe Pearlman,THE,2019-11-08,D
GB2019_047,Connect,,Marilyn Edmond,THE,2019-10-25,F
GB2019_048,The Courier,,Zackary Adler,THE,2019-12-20,F
GB2019_049,The Amber Light,,Adam Park,THE,2019-11-22,D
GB2019_050,Burning Men,,Jeremy Wooding,THE,2019-03-01,F
GB2019_051,Steel Country,A Dark Place,Simon Fellows,THE,2019-04-19,F
GB2019_052,Dead Good,,Rehana Rose,THE,2019-05-10,D
GB2019_053,Making Noise Quietly,,Dominic Dromgoole,THE,2019-07-19,F
GB2019_054,Mari,,Georgia Parris,THE,2019-06-21,F
GB2019_055,Pink Wall,,Tom Cullen,THE,2019-12-13,F
GB2019_056,The Big Meeting,,Daniel Draper,THE,2019-09-06,D
GB2019_057,Neither Wolf Nor Dog,,Steven Lewis Simpson,THE,2019-10-25,F
GB2019_058,Say My Name,,Jay Stern,THE,2019-03-15,F
GB2019_059,Rise of the Footsoldier 4: Marbella,Rise Of The Footsoldier: The Heist,Andrew Loveday,THE,2019-11-08,F
GB2019_060,The Flood,,Anthony Woodley,THE,2019-06-21,F
GB2019_061,London Unplugged,,"Layke Anderson, Natalia Casali, Nick Cohen, Mitchell Crawford, Andrew Cryan, Andres Heger-Bratterud, Ben Jacobson, Rosanna Lowe, Gaelle Mourre, George Taylor, Kaki Wong, Qi Zhang",THE,2019-01-18,F
GB2019_062,Strike,,Trevor Hardy,THE,2019-05-10,A
GB2019_063,Prophecy,,Charlie Paul,THE,2019-06-14,D
GB2019_064,Destination: Dewsbury,,Jack Spring,THE,2019-03-01,F
GB2019_065,"Everton, Howard's Way",,Rob Sloman,THE,2019-11-08,D
GB2019_066,American Woman,,Jake Scott,THE,2019-10-11,F
GB2019_067,Scotch: A Golden Dream,,Andrew Peat,THE,2019-03-08,D
GB2019_068,Tomorrow,,Martha Pinson,THE,2019-09-27,F
GB2019_069,The Dirty War on the National Health Service,,John Pilger,THE,2019-11-29,D
GB2019_070,Lost Lives,,"Michael Hewitt, Dermot Lavery",FES,2019-10-11,D
GB2019_071,Somebody Up There Likes Me,,Mike Figgis,THE,2019-11-22,D
GB2019_072,The Fight,,Jessica Hynes,THE,2019-03-15,F
GB2019_073,Final Ascent: The Legend of Hamish MacInnes,,Robbie Fraser,THE,2019-09-10,D
GB2019_074,Jellyfish,,James Gardner,THE,2019-02-15,F
GB2019_075,Churchill and the Movie Mogul,,John Fleet,THE,2019-01-24,D
GB2019_076,The Party's Just Beginning,,Karen Gillan,THE,2019-11-29,F
GB2019_077,Puppet Master: The Littlest Reich,,"Sonny Laguna, Tommy Wiklund",THE,2019-04-19,F
GB2019_078,Serengeti Rules,,Nicolas Brown,THE,2019-05-11,D
GB2019_079,Where Hands Touch,,Amma Asante,THE,2019-05-10,F
GB2019_080,Coup 53,,Taghi Amirani,FES,2019-05-10,D
ES2020_001,Padre no hay más que uno 2: La llegada de la suegra,Father There Is Only One 2,Santiago Segura,THE,2020-07-28,F
ES2020_002,Malasaña 32,32 Malasaña Street,Albert Pintó,THE,2020-01-17,F
ES2020_003,Superagente Makey,,Alfonso Sánchez,THE,2020-07-17,F
ES2020_004,La boda de Rosa,Rosa's Wedding,Icíar Bollaín,THE,2020-08-21,F
ES2020_005,El plan,The Plan,Polo Menárguez,THE,2020-02-21,F
ES2020_006,El inconveniente,One Careful Owner,Bernabé Rico,THE,2020-10-27,F
ES2020_007,Orígenes secretos,Unknown Origins,David Galán Galindo,VOD,2020-08-28,F
ES2020_008,Baby,Baby,Juanma Bajo Ulloa,THE,2020-12-03,F
ES2020_009,El arte de volver,The Art Of Return,Pedro Collantes,THE,2020-12-09,F
ES2020_010,Nieva en Benidorm,It Snows In Benidorm,Isabel Coixet,THE,2020-11-05,F
ES2020_011,El Drogas,,Natxo Leuza,THE,2020-09-25,F
ES2020_012,Invisibles,The Invisible,Gracia Querejeta,THE,2020-02-21,F
ES2020_013,La lista de los deseos,Wishlist,Álvaro Díaz Lorenzo,THE,2020-06-23,F
ES2020_014,La suite nupcial,The Honeymoon Suite,Carlos Iglesias,THE,2020-01-10,F
ES2020_015,La maldición del guapo,The Curse Of The Handsome Man,Beda Docampo Feijóo,THE,2020-07-10,F
ES2020_016,Ofrenda a la tormenta,Offering To The Storm,Fernando González Molina,VOD,2020-07-24,F
ES2020_017,Lagun y la resistencia frente a ETA,,Belén Verdugo,THE,2020-12-16,D
ES2020_018,La última guardia,The Last Day On Duty,Jon Cortegoso,THE,2020-11-21,D
ES2020_019,No nacimos refugiados,We Are Not Born Refugees,Claudio Zulian,THE,2020-10-16,D
ES2020_020,Diari de bosc,,Joan Vall Karsunke,THE,2020-03-03,D
ES2020_021,"Calç blanca, negro carbón",,Antoni P. Canet,THE,2020-11-10,D
ES2020_022,Lo perdido,What Has Been Lost,Santiago Solera,THE,2020-02-07,D
ES2020_023,Una dona amb unes ales tremendes,,Pedro Pérez Rosado,THE,2020-10-23,F
ES2020_024,El abuelo Víctor - Víctor Manuel,,Emilio Ruiz Barrachina,THE,2020-07-09,D
ES2020_025,Amalia en el otoño,,"Octavio Lasheras, Anna Utrecht",THE,2020-11-01,F
ES2020_026,Una mañana fría,A Cold Morning,Raquel Gómez Troyano,THE,2020-02-06,D
ES2020_027,El que la lleva la entiende,,"Rocío Martín, José Luis García Cossío",FES,2020-11-07,D
ES2020_028,Un trabajo y una película,,Xavier Martínez-Soler,THE,2020-10-02,F
ES2020_029,Olea... ¡Más alto!,,Pablo Malo,THE,2020-06-11,D
ES2020_030,"Los Últimos De La Mejana, Rebeldía y Esperanza",,Patxi Uriz,THE,2020-09-21,D
ES2020_031,El secreto de Ibosim,,Miguel Ángel Tobías,FES,2020-08-28,F
ES2020_032,Vampus Horror Tales,,"Víctor Matellano, Manuel Martínez Velasco, Isaac Berrocal, Piter Moreira, Erika Elizalde",THE,2020-11-26,F
ES2020_033,Tierra de leche y miel,,"Héctor Domínguez-Viguera, Gonzalo Recio, Carlos Mora Fuentes",FES,2020-10-24,D
ES2020_034,Meseta,Inland,Juan Palacios,THE,2020-10-23,D
ES2020_035,La loba parda,,Cristina Ortega Blanco,THE,2020-01-20,D
ES2020_036,¿Puedes oírme?,Can You Hear Me?,Pedro Ballesteros,THE,2020-02-10,D
ES2020_037,Pullman,,Toni Bestard,THE,2020-09-24,F
ES2020_038,El último Arquero,The Last Archer,Dacil Manrique de Lara,THE,2020-07-17,D
ES2020_039,Rol & Rol,Rol & Rol,Chus Gutiérrez,THE,2020-09-09,D
ES2020_040,"Marcelino, el mejor payaso del mundo",,Germán Roda,THE,2020-07-10,D
ES2020_041,Arzak since 1897,,Asier Altuna,THE,2020-10-09,D
ES2020_042,2020,,Hernán Zin,THE,2020-11-27,D
ES2020_043,Dear Werner,,Pablo Maqueda,THE,2020-11-20,D
ES2020_044,Estándar,,Fernando González Gómez,THE,2020-12-11,F
ES2020_045,Billy,,Max Lemcke,THE,2020-12-01,D
ES2020_046,"El vino, el mundo y nosotros","The Wine, The World And Us",Antonio Lobo,THE,2020-02-18,D
ES2020_047,Lobster Soup,,"Rafael Molés, José Andreu",FES,2020-09-25,D
ES2020_048,La mancha negra,,Enrique García,THE,2020-12-04,F
ES2020_049,Mi gran despedida,My Grand Farewell,"Antonio Hens, Antonio Álamo",THE,2020-08-26,F
ES2020_050,El siglo de Galdós,,Miguel Ángel Calvo Buttini,THE,2020-10-30,D
ES2020_051,Antonio Machado. Los días azules,,Laura Hojman,THE,2020-12-03,D
ES2020_052,A este lado del mundo,,David Trueba,FES,2020-08-27,F
ES2020_053,Urubú,,Alejandro Ibáñez,THE,2020-09-18,F
ES2020_054,Reboiras. Acción e corazón,,Alberte Mera,THE,2020-10-09,D
ES2020_055,Lúa vermella,Red Moon Harvest,Lois Patiño,THE,2020-10-19,F
ES2020_056,Una ventana al mar,Window To The Sea,Miguel Ángel Jiménez,THE,2020-10-02,F
ES2020_057,Los Hijos de San Luis,,"Álex López, Antonio Jesus Rojas",THE,2020-02-20,F
ES2020_058,La dona il·legal,Illegal Woman,Ramon Térmens,THE,2020-11-28,F
ES2020_059,Blanco en blanco,White On White,Théo Court,THE,2020-07-31,F
ES2020_060,Ons,,Alfonso Zarauza,THE,2020-12-17,F
ES2020_061,Ilargi Guztiak,All The Moons,Igor Legarreta,THE,2020-12-25,F
ES2020_062,El año del descubrimiento,The Year Of The Discovery,Luis López Carrasco,THE,2020-11-13,D
ES2020_063,La isla de las mentiras,The Island Of Lies,Paula Cons,THE,2020-10-02,F
ES2020_064,Hil-Kanpaiak,Death Knell,Imanol Rayo,THE,2020-11-20,F
ES2020_065,Lur eta Amets,,"Joseba Ponce, Imanol Zinkunegi",THE,2020-02-07,A
ES2020_066,Palabras para un fin del mundo,,Manuel Menchón,THE,2020-11-13,D
ES2020_067,Un mundo normal,A Normal World,Achero Mañas,THE,2020-09-11,F
GB2020_001,1917,,Sam Mendes,THE,2020-01-10,F
GB2020_002,Emma,,Autumn de Wilde,THE,2020-02-14,F
GB2020_003,The Personal History of David Copperfield,,Armando Ianucci,THE,2020-01-24,F
GB2020_004,Military Wives,,Peter Cattaneo,THE,2020-03-06,F
GB2020_005,Greed,,Michael Winterbottom,THE,2020-02-21,F
GB2020_006,The Secret Garden,,Marc Munden,THE,2020-10-23,F
GB2020_007,Misbehaviour,,Philippa Lowthorpe,THE,2020-03-13,F
GB2020_008,Pixie,,Barnaby Thompson,THE,2020-10-23,F
GB2020_009,Hope Gap,,William Nicholson,THE,2020-08-28,F
GB2020_010,Summerland,,Jessica Swale,THE,2020-07-31,F
GB2020_011,23 walks,,Paul Morrison,THE,2020-09-25,F
GB2020_012,Come Away,,Brenda Chapman,THE,2020-12-18,F
GB2020_013,Love Sarah,,Eliza Schroeder,THE,2020-07-10,F
GB2020_014,Four Kids and It,,Andy De Emmony,VOD,2020-04-03,F
GB2020_015,The Owners,,Julius Berg,FES,2020-10-23,F
GB2020_016,Fatman,,Eshom Nelms and Ian Nelms,THE,2020-11-19,F
GB2020_017,Crock of Gold: A Few Rounds With Shane MacGowan,,Julien Temple,THE,2020-12-04,D
GB2020_018,Rebecca,,Ben Wheatley,THE,2020-10-16,F
GB2020_019,Being a Human Person,,Fred Scott,THE,2020-10-16,D
GB2020_020,Eternal Beauty,,Craig Roberts,THE,2020-10-02,F
GB2020_021,American Dharma,,Errol Morris,THE,2020-08-03,D
GB2020_022,Concrete Plans,,Will Jewell,THE,2020-11-13,F
GB2020_023,C.L.E.A.N.,,Aurelio Toni Agliata,THE,2020-10-29,F
GB2020_024,Villain,,Philip Barantini,THE,2020-02-28,F
GB2020_025,Cordelia,,Adrian Shergold,THE,2020-10-23,F
GB2020_026,The Loss Adjuster,,Vincent Woods,THE,2020-11-27,F
GB2020_027,Finding Jack Charlton,,"Gabriel Clarke, Pete Thomas",VOD,2020-11-06,D
GB2020_028,Perfect Strangers,,Ryan Hendrick,THE,2020-12-04,F
GB2020_029,Show Me The Picture: The Story of Jim Marshall,,Alfred George Bailey,THE,2020-01-31,D
GB2020_030,Philophobia,As I Am,Guy Davies,THE,2020-10-30,F
GB2020_031,Everything - The Real Thing Story,,Simon Sheridan,THE,2020-01-24,D
GB2020_032,The Man in the Hat,,"John-Paul Davidson, Stephen Warbeck",THE,2020-09-18,F
GB2020_033,The Runaways,,Richard Heap,THE,2020-01-10,F
GB2020_034,Idiot Prayer,,Nick Cave,THE,2020-11-05,D
GB2020_035,Mogul Mowgli,,Bassam Tariq,THE,2020-10-30,F
GB2020_036,Calm with Horses,,Nick Rowland,THE,2020-03-13,F
GB2020_037,Final Account,,Luke Holland,FES,2020-09-02,D
GB2020_038,Schemers,,Dave Mclean,THE,2020-09-25,F
GB2020_039,Nomad: In the Footsteps of Bruce Chatwin,,Werner Herzog,THE,2020-10-19,D
GB2020_040,David Attenborough: A Life on Our Planet,,"Alastair Fothergill, Jonathan Hughes, Keith Scholey",THE,2020-09-28,D
GB2020_041,Patients of a Saint,Immate Zero,Russell Owen,THE,2020-01-30,F
GB2020_042,The Burnt Orange Heresy,,Giuseppe Capotondi,THE,2020-10-30,F
GB2020_043,The Banishing,,Christopher Smith,FES,2020-10-22,F
ES2021_001,¡A todo tren! Destino Asturias,,Santiago Segura,THE,2021-07-08,F
ES2021_002,Way Down,The Vault,Jaume Balagueró,THE,2021-11-12,F
ES2021_003,Maixabel,,Icíar Bollaín,THE,2021-09-24,F
ES2021_004,La familia perfecta,The Perfect Family,Arantxa Echevarría,THE,2021-12-03,F
ES2021_005,García y García,Garcia & Garcia,Ana Murugarren,THE,2021-08-24,F
ES2021_006,Mediterráneo,Mediterraneo: The Law Of The Sea,Marcel Barrena,THE,2021-09-24,F
ES2021_007,Libertad,Libertad,Clara Roquet,THE,2021-10-26,F
ES2021_008,La vida era eso,That Was Life,David Martín de los Santos,THE,2021-12-09,F
ES2021_009,La abuela,The Grandmother,Paco Plaza,THE,2021-10-07,F
ES2021_010,El Cover,The Cover,Secun de la Rosa,THE,2021-07-23,F
ES2021_011,El sustituto,The Replacement,Óscar Aibar,THE,2021-10-26,F
ES2021_012,Sis dies corrents,The Odd-job Men,Neus Ballús,THE,2021-11-25,F
ES2021_013,Un efecto óptico,An Optical Illusion,Juan Cavestany,THE,2021-03-26,F
ES2021_014,Viaje a alguna parte,Journey To Somewhere,Helena de Llanos,THE,2021-11-23,D
ES2021_015,Bolante Baten Historia,Story Of A Steering Wheel,Iñaki Alforja and Iban Toledo,THE,2021-11-19,D
ES2021_016,Destello Bravío,Mighty Flash,Ainhoa Rodríguez,THE,2021-06-15,D
ES2021_017,Poliamor para principiantes,Polyamory For Dummies,Fernando Colomo,THE,2021-05-21,F
ES2021_018,Amanece en Calcuta,,José María Zavala,THE,2021-04-16,D
ES2021_019,El lodo,Wetland,Iñaki Sánchez,THE,2021-12-10,F
ES2021_020,100 días con la Tata,100 Days With Tata,Miguel Ángel Muñoz,THE,2021-12-29,D
ES2021_021,Las consecuencias,The Consequences,Claudia Pinto,THE,2021-09-17,F
ES2021_022,Nora,Nora,Lara Izagirre,THE,2021-03-09,F
ES2021_023,Los que buscamos,,Óscar Bernàcer,THE,2021-04-14,D
ES2021_024,Making Malinche: A Documentary by Nacho Cano,,Marta Hermida and Lana Love,VOD,2021-10-08,D
ES2021_025,Clown's planet,,Héctor Carré,FES,2021-09-29,D
ES2021_026,Endless Cinema,,Lucía Tello Díaz,THE,2021-10-06,D
ES2021_027,"Gustau, La Transicio Al Descobert",,Jaume Domènech,THE,2021-09-04,D
ES2021_028,La ley del embudo,,Alfredo Carrasco Alonso,FES,2021-07-23,F
ES2021_029,Occidente,,Jorge Acebo Caneda,THE,2021-03-18,F
ES2021_030,Retrato de mujer blanca con pelo cano y arrugas,,Ivan Ruiz Flores,THE,2021-11-19,F
ES2021_031,Piel de barro,,Luís Gibert,FES,2021-08-30,D
ES2021_032,Tristesse,,Emilio Ruiz Barrachina,FES,2021-02-05,F
ES2021_033,De Quijotes y semillas,,Patxi Uriz,FES,2021-08-23,D
ES2021_034,Entre perro y lobo,,Irene Gutiérrez Torres,THE,2021-06-18,D
ES2021_035,Nueve Sevillas,,"Gonzalo García Pelayo, Pedro G. Romero",THE,2021-11-12,D
ES2021_036,Wan Xia,,Sivia Rey Canudo,FES,2021-11-20,D
ES2021_037,The Man Who Wanted to See It All,,Albert Albacete,THE,2021-03-25,D
ES2021_038,Traidores,,Jon Viar,THE,2021-03-26,D
ES2021_039,Los acordes de la memoria,,Fernando Vera,THE,2021-05-27,D
ES2021_040,Dos,,Mar Targarona,THE,2021-07-23,F
ES2021_041,Surcos,,Julio Mazarico,THE,2021-05-18,F
ES2021_042,Fantasía,,Aitor Merino,THE,2021-11-26,D
ES2021_043,Enero,,Ione Atenea,THE,2021-01-29,D
GB2021_001,No Time to Die,,Cary Joji Fukunaga,THE,2021-09-28,F
GB2021_002,The King's Man,,Matthew Vaughn,THE,2021-12-31,F
GB2021_003,Minamata,,Andrew Levitas,THE,2021-08-13,F
GB2021_004,Last Night in Soho,,Edgar Wright,THE,2021-10-29,F
GB2021_005,The Father,,Florian Zeller,THE,2021-06-11,F
GB2021_006,A Boy Called Christmas,,Gil Kenan,THE,2021-11-26,F
GB2021_007,Supernova,,Harry Macqueen,THE,2021-06-25,F
GB2021_008,Boxing Day,,Aml Ameen,THE,2021-12-03,F
GB2021_009,Mothering Sunday,,Eva Husson,THE,2021-11-12,F
GB2021_010,The Last Bus,,Gillies McKinnon,THE,2021-08-27,F
GB2021_011,Off the rails,,Jules Williamson,THE,2021-07-23,F
GB2021_012,The Mauritanian,,Kevin MacDonald,THE,2021-04-02,F
GB2021_013,Rise of the Footsoldier: Origins,,Nick Nevern,THE,2021-09-03,F
GB2021_014,To Olivia,,John Hay,VOD,2021-02-19,F
GB2021_015,Sir Alex Ferguson: Never Give In,,Jason Ferguson,THE,2021-05-21,D
GB2021_016,After Love,,Aleem Khan,THE,2021-05-07,F
GB2021_017,Six Minutes to Midnight,,Andy Goddard,THE,2021-03-26,F
GB2021_018,The Dig,,Simon Stone,VOD,2021-01-29,F
GB2021_019,The Unforgivable,,Nora Fingscheidt,THE,2021-11-26,F
GB2021_020,Mosley,,Michael Shevloff,THE,2021-07-09,D
GB2021_021,Dracula on Holiday,,Robbie Moffat,THE,2021-03-28,F
GB2021_022,The Football Monologues,,Greg Cruttwell,THE,2021-10-29,F
GB2021_023,The United Way,,Matt Hodgson,THE,2021-05-10,D
GB2021_024,Everybody's Talking About Jamie,,"Jonathan Butterell, Tom MacRae, Dan Gillespie Sells",THE,2021-09-10,F
GB2021_025,The Obscure Life of the Grand Duke of Corsica,,Daniel Graham,THE,2021-09-17,F
GB2021_026,Great North: A Run. A River. A Region.,,Paul Middleton,THE,2021-09-08,D
GB2021_027,Red Mist,,Chris Crow,THE,2021-09-24,F
GB2021_028,Almost Liverpool 8,,"Daniel Draper, Allan Melia",THE,2021-07-09,D
GB2021_029,Creation Stories,,Nick Moran,FES,2021-02-24,F
GB2021_030,Twist,,Martin Owen,VOD,2021-01-29,F
GB2021_031,To Be Someone,,Ray Burdis,VOD,2021-07-09,F
GB2021_032,The Human Factor,,Dror Moreh,THE,2021-05-21,D
GB2021_033,The Toll,,Ryan Andrew Hooper,THE,2021-08-27,F
GB2021_034,Undergods,,Chino Moya,THE,2021-05-17,F
GB2021_035,Lawrence: After Arabia,,Mark J.T. Griffin,THE,2021-10-08,F
GB2021_036,Men Who Sing,,Dylan Williams,THE,2021-11-05,D
GB2021_037,The War Below,,J.P. Watts,THE,2021-09-10,F
GB2021_038,Janine Jansen Falling for Stradivari,,Gerald Fox,THE,2021-09-02,D
GB2021_039,Misha and the Wolves,,Sam Hobkinson,THE,2021-09-03,D
GB2021_040,Bull,,Paul Andrew Williams,THE,2021-11-05,F
GB2021_041,La Cha Cha,,Kevin Allen,THE,2021-09-17,F
GB2021_042,Shepherd,,Russell Owen,THE,2021-11-22,F
GB2021_043,Arsène Wenger: Invincible,,"Gabriel Clarke, Christian Jeanpierre",THE,2021-11-12,D
GB2021_044,The Colour Room,,Claire McCarthy,THE,2021-11-12,F
GB2021_045,Rebel Dykes,,"Siân A. Williams, Harri Shanahan",THE,2021-03-17,D
GB2021_046,Rare Beasts,,Billie Piper,THE,2021-05-21,F
GB2021_047,Blithe Spirit,,Edward Hall,VOD,2021-01-15,F
GB2021_048,Made in Italy,,James D'Arcy,THE,2021-11-06,F
GB2021_049,The Beatles and India,,"Peter Compton, Ajoy Bose",FES,2021-05-29,D
GB2021_050,The Kindred,,Jamie Patterson,FES,2021-01-08,F
ES2022_001,Tadeo Jones 3. La tabla esmeralda,Tad The Lost Explorer And The Emerald Tablet,Enrique Gato,THE,2022-08-26,A
ES2022_002,Padre no hay más que uno 3,Father There Is Only One 3,Santiago Segura,THE,2022-07-14,F
ES2022_003,As bestas,The Beasts,Rodrigo Sorogoyen,THE,2022-10-20,F
ES2022_004,A todo tren 2: Ahora son ellas,The Kids Are Alright 2,Inés de León,THE,2022-12-02,F
ES2022_005,Los renglones torcidos de Dios,God's Crooked Lines,Oriol Paulo,THE,2022-10-04,F
ES2022_006,Competencia oficial,Official Competition,"Mariano Cohn, Gastón Duprat",THE,2022-02-23,F
ES2022_007,Alcarràs,,Carla Simón,THE,2022-04-29,F
ES2022_008,El cuarto pasajero,Four's A Crowd,Álex de la Iglesia,THE,2022-10-28,F
ES2022_009,Inspector Sun y la maldición de la viuda negra,Inspector Sun,Julio Soto Gurpide,THE,2022-12-28,A
ES2022_010,Modelo 77,Prison 77,Alberto Rodríguez,THE,2022-09-23,F
ES2022_011,La vida padre,Two Many Chefs,Joaquín Mazón,THE,2022-09-16,F
ES2022_012,En los márgenes,On The Fringe,Juan Diego Botto,THE,2022-10-06,F
ES2022_013,Llenos de Gracia,Full Of Grace,Roberto Bueso,THE,2022-06-20,F
ES2022_014,Historias para no contar,Stories Not To Be Told,Cesc Gay,THE,2022-11-25,F
ES2022_015,Malnazidos,Valley Of The Dead,"Alberto de Toro, Javier Ruiz Caldera",THE,2022-03-11,F
ES2022_016,Cinco lobitos,Lullaby,Alauda Ruiz de Azúa,THE,2022-05-17,F
ES2022_017,Código Emperador,Code Name: Emperor,Jorge Coira,THE,2022-03-18,F
ES2022_018,Irati,,Paul Urkijo Alijo,THE,2022-12-09,F
ES2022_019,13 exorcismos,13 Exorcisms,Jacobo Martínez,THE,2022-11-04,F
ES2022_020,Canallas,,Daniel Guzmán,THE,2022-03-31,F
ES2022_021,"Camera Café, la película",,Ernesto Sevilla,THE,2022-03-25,F
ES2022_022,El Test,,Dani de la Orden,THE,2022-09-02,F
ES2022_023,Pacifiction,,Albert Serra,THE,2022-08-19,F
ES2022_024,Reyes contra Santa,The Three Wise Kings Vs. Santa,Paco Caballero,THE,2022-11-18,F
ES2022_025,"Por los pelos, una historia de autoestima",,Nacho G. Velilla,THE,2022-08-12,F
ES2022_026,Héroes de barrio,,Ángeles Reiné,THE,2022-07-26,F
ES2022_027,Sintiéndolo mucho,,Fernando León de Aranoa,THE,2022-11-15,D
ES2022_028,Cerdita,Piggy,Carlota Pereda,THE,2022-10-09,F
ES2022_029,Venus,,Jaume Balagueró,THE,2022-11-20,F
ES2022_030,Objetos,Lost & Found,Jorge Dorado,THE,2022-09-17,F
ES2022_031,La piel del tambor,The Man From Rome,Sergio Dow,THE,2022-10-21,F
ES2022_032,Live Is Life,,Dani de la Torre,THE,2022-06-03,F
ES2022_033,Vasil,,Avelina Prat,THE,2022-10-30,F
ES2022_034,Girasoles silvestres,Wild Flowers,Jaime Rosales,THE,2022-09-26,F
ES2022_035,El mundo es vuestro,,Alfonso Sánchez,THE,2022-03-18,F
ES2022_036,No mires a los ojos,Staring At Strangers,Félix Viscarret,THE,2022-11-04,F
ES2022_037,"Un año, una noche","One Year, One Night",Isaki Lacuesta,THE,2022-10-21,F
ES2022_038,Lobo Feroz,,Gustavo Hernández,THE,2022-12-09,F
ES2022_039,Llegaron de noche,What Lucia Saw,Imanol Uribe,THE,2022-03-22,F
ES2022_040,Todos lo hacen,,Martín Cuervo,THE,2022-12-28,F
ES2022_041,La voluntaria,,Nely Reguera,THE,2022-06-08,F
ES2022_042,El vasco,,Jabi Elortegi,THE,2022-09-24,F
ES2022_043,Unicorn Wars,,Alberto Vázquez,THE,2022-10-20,A
ES2022_044,La maniobra de la tortuga,Unfinished Affairs,Juan Miguel del Castillo,THE,2022-05-04,F
ES2022_045,El beso de Dios,,Pietro Ditano,THE,2022-04-23,D
ES2022_046,Petra de San José,,Pablo Moreno,THE,2022-02-04,F
ES2022_047,La consagración de la primavera,The Rite Of Spring,Fernando Franco,THE,2022-09-28,F
ES2022_048,El fred que crema,The Burning Cold,Santi Trullenque,THE,2022-12-16,F
ES2022_049,"Espejo, Espejo","Mirror, Mirror",Marc Crehuet,THE,2022-05-20,F
ES2022_050,75 días,,Marc Romero,THE,2022-04-22,F
ES2022_051,La cima,Beyond The Summit,Ibón Cormenzana,THE,2022-03-23,F
ES2022_052,El comensal,The Dinner Guest,Ángeles González Sinde,THE,2022-05-26,F
ES2022_053,No somos nada,,Javier Corcuera,THE,2022-01-27,D
ES2022_054,Sin ti no puedo,Can't Live Without You,Chus Gutiérrez,THE,2022-05-30,F
ES2022_055,En otro lugar,,Jesús del Cerro,THE,2022-05-26,F
ES2022_056,El universo de Óliver,,Alexis Morante,THE,2022-05-11,F
ES2022_057,Toscana,,Pau Durà,THE,2022-05-19,F
ES2022_058,Las paredes hablan,,Carlos Saura,THE,2022-11-07,D
ES2022_059,Las cartas perdidas,,Amparo Climent,THE,2022-11-04,D
ES2022_060,La jefa,Under Her Control,Fran Torres,THE,2022-04-29,F
ES2022_061,O Corpo Aberto,,Ángeles Huerta,THE,2022-11-09,F
ES2022_062,Mendiak 1976,,"Luis Arrieta Etxeberría, Daniel Burgui Iguzkiza, Jesús Iriarte Salinas",THE,2022-02-09,D
ES2022_063,En temporada baja,,David Marqués,THE,2022-11-04,F
ES2022_064,Rainbow,,Paco León,THE,2022-09-23,F
ES2022_065,HollyBlood,,Jesús Font,THE,2022-07-22,F
ES2022_066,La Piedad,Piety,Eduardo Casanova,THE,2022-12-17,F
ES2022_067,Los Negros,The Blacks,Antonio Palacios,THE,2022-03-21,D
ES2022_068,A las mujeres de España. María Lejárraga,,Laura Hojman,THE,2022-05-07,D
ES2022_069,Sinjar,,Anna M. Bofarull,THE,2022-06-17,F
ES2022_070,Pico Reja,,"Arturo Andújar, Remedios Malvárez",THE,2022-06-17,D
ES2022_071,Mi vacío y yo,My Emptiness And I,Adrián Silvestre,THE,2022-07-02,F
ES2022_072,Jacinto,,Javi Camino,THE,2022-10-07,F
ES2022_073,El que sabem,What We Know,Jordi Núñez,THE,2022-11-18,F
ES2022_074,La pasajera,,"Raúl Cerezo, Fernando González Gómez",THE,2022-02-18,F
ES2022_075,Donde acaba la memoria,,Pablo Romero-Fresco,THE,2022-12-02,D
ES2022_076,Edén,,Estefanía Cortés,THE,2022-10-28,F
ES2022_077,Parias de la tierra,,"Rodrigo Bazzano, Rosa Valiente",THE,2022-02-17,D
ES2022_078,Ciudad de la Selva. Fuxidos y guerrilleros en los montes de Casaio,,Miguel Riaño Roa,THE,2022-10-22,D
ES2022_079,La paradoja de Antares,The Antares Paradox,Luis Tinoco,THE,2022-11-18,F
ES2022_080,Cantando en las azoteas,,Enric Ribes,THE,2022-06-27,D
ES2022_081,Viejos,The Elderly,"Raúl Cerezo, Fernando González Gómez",THE,2022-11-20,F
ES2022_082,El radioaficionado,The Radio Amateur,Iker Elorrieta,THE,2022-08-31,F
ES2022_083,La vida más larga,,David Valero,THE,2022-10-14,D
ES2022_084,"Matrioskas, Las niñas de la guerra",,Helena Bengoetxea,THE,2022-06-16,D
ES2022_085,Nightclubbing: The Birth of Punk Rock in NYC,,Danny García,FES,2022-05-05,D
ES2022_086,"Tequila. Sexo, drogas y rock and roll",,Álvaro Longoria,THE,2022-11-25,D
ES2022_087,La memoria escondida,,José Luis Pecharromán,THE,2022-11-12,D
ES2022_088,Francesca i l'Amor,,Alba Sotorra,THE,2022-10-14,D
ES2022_089,Oswald. El falsificador,,Kike Maíllo,THE,2022-09-30,D
ES2022_090,Inmotep,,Julián Génisson,THE,2022-11-19,F
ES2022_091,Con los años que me quedan,,Frank Ariza,THE,2022-12-09,F
ES2022_092,El crítico,,"Javier Morales Pérez, Juan Zavala",THE,2022-10-07,D
ES2022_093,Me cuesta hablar de mí,,Chema de la Peña,THE,2022-02-28,D
ES2022_094,El color del cielo,,Joan Marc Zapata,THE,2022-10-21,F
ES2022_095,Para entrar a vivir,,"Pablo Aragüés, Marta Cabrera",THE,2022-11-05,F
ES2022_096,Culpa,,Ibón Cormenzana,THE,2022-05-06,F
ES2022_097,Pijamas Espaciales,,Clara Martínez-Lázaro,THE,2022-07-01,D
ES2022_098,Las niñas de cristal,Dancing On Glass,Jota Linares,THE,2022-04-02,F
ES2022_099,Mario Camus según el cine,,Sigfrid Monleón,THE,2022-10-25,D
ES2022_100,Sonic Fantasy,,Marcos Cabotá,THE,2022-06-21,D
ES2022_101,Frente al Silencio,,Emilio Ruiz Barrachina,THE,2022-10-07,F
ES2022_102,Una película póstuma,,Sigfrid Monleón,THE,2022-04-23,F
ES2022_103,Vamos A Volvernos Locos,,José Luis Velázquez,THE,2022-10-07,F
ES2022_104,Kuartk Valley,,Maider Oleaga,THE,2022-03-04,D
ES2022_105,El corazón de Europa,,Juan Pinzás,THE,2022-05-27,F
ES2022_106,El Tirabeque,,Darío Autrán,THE,2022-11-25,F
ES2022_107,Controverso,,Nuria Vargas Rivas,THE,2022-11-16,D
ES2022_108,Mujeres sin censura,,Eva Vizcarra,THE,2022-12-21,D
ES2022_109,La piel en llamas,,David Martín Porras,THE,2022-05-27,F
ES2022_110,Film: The Living Record of Our Memory,,Inés Toharia Terán,THE,2022-08-12,D
ES2022_111,El vent que ens mou,,Pere Puigbert,THE,2022-09-27,D
ES2022_112,Vilas y sus dobles,,Germán Roda,THE,2022-06-03,D
ES2022_113,El viaje de Julieta,,Pancho García Matienzo,THE,2022-08-30,D
ES2022_114,Voces de una ciudad,,Curro Sánchez,THE,2022-11-15,D
ES2022_115,Mi adorado Monster,,Víctor Matellano,THE,2022-01-21,D
ES2022_116,Veneciafrenia,Venicephrenia,Álex de la Iglesia,THE,2022-04-22,F
ES2022_117,Karpeta Urdinak,,Ander Iriarte,FES,2022-09-17,D
GB2022_001,Downton Abbey: A New Era,,Simon Curtis,THE,2022-04-29,F
GB2022_002,Fantastic Beasts: The Secrets of Dumbledore,,David Yates,THE,2022-04-08,F
GB2022_003,Roald Dahl's Matilda the Musical,,Matthew Warchus,THE,2022-11-25,F
GB2022_004,The Amazing Maurice,,"Toby Genkel, Florian Westermann",THE,2022-12-16,A
GB2022_005,Operation Mincemeat,,John Madden,THE,2022-04-15,F
GB2022_006,Mrs. Harris Goes to Paris,,Anthony Fabian,THE,2022-09-30,F
GB2022_007,"Good Luck to You, Leo Grande",,Sophie Hyde,THE,2022-06-17,F
GB2022_008,Living,,Oliver Hermanus,THE,2022-11-04,F
GB2022_009,Fisherman's Friends: One and All,,"Meg Leonard, Nick Moorcroft",THE,2022-08-19,F
GB2022_010,Emily,,Frances O'Connor,THE,2022-10-14,F
GB2022_011,The Railway Children Return,,Morgan Matthews,THE,2022-07-15,F
GB2022_012,The Lost King,,Stephen Frears,THE,2022-10-07,F
GB2022_013,Fall,,Scott Mann,THE,2022-09-02,F
GB2022_014,The Phantom of the Open,,Craig Roberts,THE,2022-03-18,F
GB2022_015,The Nan Movie,,Josie Rourke,THE,2022-03-18,F
GB2022_016,The Forgiven,,John Michael McDonagh,THE,2022-09-02,F
GB2022_017,The Estate,,Dean Craig,FES,2022-10-06,F
GB2022_018,Freedom Uncut,,"David Austin, George Michael",THE,2022-06-17,D
GB2022_019,Brian and Charles,,Jim Archer,THE,2022-07-08,F
GB2022_020,Benediction,,Terence Davies,THE,2022-05-20,F
GB2022_021,The Souvenir: Part II,,Joanna Hogg,THE,2022-02-04,F
GB2022_022,Eric Ravilious: Drawn to War,,Margy Kinmonth,THE,2022-07-01,F
GB2022_023,This Much I Know to Be True,,Andrew Dominik,THE,2022-05-06,D
GB2022_024,Elizabeth: A Portrait in Part(s),,Roger Michell,THE,2022-05-27,D
GB2022_025,My Old School,,Jono McLeod,THE,2022-08-19,D
GB2022_026,True Things,,Harry Wootliff,THE,2022-04-01,F
GB2022_027,The Loneliest Boy in the World,,Martin Owen,FES,2022-10-06,F
GB2022_028,All My Friends Hate Me,,Andrew Gaynord,THE,2022-06-10,F
GB2022_029,Flux Gourmet,,Peter Strickland,THE,2022-09-30,F
GB2022_030,Save the Cinema,,Sara Sugarman,THE,2022-01-14,F
GB2022_031,The Lady of Heaven,,Eli King,THE,2022-06-03,F
GB2022_032,A Bunch of Amateurs,,Kim Hopkins,THE,2022-11-11,D
GB2022_033,a-ha: True North,,Stian Andersen,THE,2022-09-09,D
GB2022_034,McEnroe,,Barney Douglas,THE,2022-07-15,D
GB2022_035,The Fence,,William Stone,THE,2022-09-02,F
GB2022_036,Duran Duran: A Hollywood High,,"Gavin Elder, Vincent Adam Paul, George Scott",THE,2022-11-04,D
GB2022_037,Three Day Millionaire,,Jack Spring,THE,2022-11-25,F
GB2022_038,Rebel Dread,,William E. Badgley,THE,2022-03-04,D
GB2022_039,She Will,,Charlotte Colbert,THE,2022-07-22,F
GB2022_040,Explorer,,Matthew Dyas,THE,2022-07-08,D
GB2022_041,Amulet,,Romola Garai,THE,2022-01-28,F
GB2022_042,You Won't Be Alone,,Goran Stolevski,FES,2022-10-14,F
GB2022_043,Long Way Back,,Brett Harvey,THE,2022-09-02,F
GB2022_044,Merkel,,Eva Weber,FES,2022-09-03,D
GB2022_045,The Hermit of Treig,,Lizzie MacKenzie,THE,2022-03-25,D
GB2022_046,Doineann,,Damian McCann,THE,2022-01-28,F
GB2022_047,Boiling Point,,Philip Barantini,THE,2022-01-07,F
GB2022_048,Burial,,Ben Parker,FES,2022-08-29,F
GB2022_049,Deus,,Steve Stone,THE,2022-11-04,F
GB2022_050,The Felling - an Epic Tale of People Power,,"Eve Wood, Jacqui Bellamy",THE,2022-04-01,D
GB2022_051,Munich: The Edge of War,,Christian Schwochow,THE,2022-01-07,F
GB2022_052,Maisie,,Lee Cooper,THE,2022-08-05,D
GB2022_053,The Score,,Malachi Smyth,THE,2022-09-09,F
GB2022_054,McCurry: The Pursuit of Colour,,Denis Delestrac,FES,2022-03-12,D
GB2022_055,Mind-Set,,Mikey Murray,THE,2022-05-20,F
GB2022_056,Gerry Anderson: A Life Uncharted,,Benjamin Field,THE,2022-08-04,D
GB2022_057,Future TX,,"Tim Clague, Danny Stack",THE,2022-10-21,F
GB2022_058,Give Them Wings,,Sean Cronin,THE,2022-05-08,F
GB2022_059,My Policeman,,Michael Grandage,FES,2022-10-15,F
GB2022_060,Dùthchas,,"Kirsty MacDonald, Andy MacKinnon",THE,2022-08-19,D
GB2022_061,Sideshow,,Adam Oldroyd,THE,2022-11-03,F
GB2022_062,Followers,,Marcus Harben,THE,2022-03-18,F
GB2022_063,Tomorrow Morning,,Nick Winston,THE,2022-02-09,F
GB2022_064,Battle of Amritsar,,Shamsher Singh,THE,2022-01-07,D
GB2022_065,A Banquet,,Ruth Paxton,THE,2022-11-03,F
GB2022_066,Tosh,,Pete Jones,THE,2022-05-13,D
GB2022_067,Mambo Man,,"Edesio Alejandro, Mo Fini",THE,2022-04-29,F
GB2022_068,The Lost Girls,,Livia De Paolis,THE,2022-06-17,F
GB2022_069,Donna,,Jay Bedwani,THE,2022-07-15,D
GB2022_070,A Bird Flew In,,Kirsty Bell,THE,2022-09-30,F
GB2022_071,Lady Chatterley's Lover,,Laure de Clermont-Tonnerre,THE,2022-11-25,F
GB2022_072,The Creeping,,Jamie Hooper,FES,2022-10-28,F
GB2022_073,Poison Arrows,,Simon Sprackling,THE,2022-12-16,F
GB2022_074,Hounded,,Tommy Boulding,THE,2022-10-28,F
GB2022_075,Belfast,,Kenneth Branagh,THE,2022-01-21,F
GB2022_076,The Duke,,Roger Michell,THE,2022-02-25,F
GB2022_077,The Fire Within: A Requiem for Katia and Maurice Krafft,,Werner Herzog,FES,2022-06-26,D
ES2023_001,Mummies,,Juan Jesús García Galocha,THE,2023-02-24,A
ES2023_002,Campeonex,Championext,Javier Fesser,THE,2023-08-18,F
ES2023_003,Ocho apellidos marroquís,A Moroccan Affair,Álvaro Fernández Armero,THE,2023-12-01,F
ES2023_004,Vacaciones de verano,,Santiago Segura,THE,2023-07-06,F
ES2023_005,¡Vaya vacaciones!,One Hell Of A Holiday!,Víctor García León,THE,2023-04-21,F
ES2023_006,La Navidad en sus manos,,Joaquín Mazón,THE,2023-12-01,F
ES2023_007,El hotel de los líos. García y García 2,,Ana Murugarren,THE,2023-03-24,F
ES2023_008,Como Dios manda,,Paz Jiménez,THE,2023-06-02,F
ES2023_009,La niña de la comunión,The Communion Girl,Víctor García,THE,2023-02-10,F
ES2023_010,Mi soledad tiene alas,,Mario Casas,THE,2023-08-25,F
ES2023_011,El mestre que va prometre el mar,The Teacher Who Promised The Sea,Patricia Font,THE,2023-11-10,F
ES2023_012,20.000 especies de abejas,"20,000 Species Of Bees",Estibaliz Urresola Solaguren,THE,2023-04-17,F
ES2023_013,Alimañas,,"Pep Anton Gómez, Jordi Sánchez",THE,2023-10-27,F
ES2023_014,Todos los nombres de Dios,All The Names Of God,Daniel Calparsoro,THE,2023-09-15,F
ES2023_015,Me he hecho viral,,Jorge Coira,THE,2023-10-11,F
ES2023_016,Saben aquell,Jokes & Cigarettes,David Trueba,THE,2023-11-01,F
ES2023_017,Cerrar los ojos,Close Your Eyes,Víctor Erice,THE,2023-09-29,F
ES2023_018,El favor,Just One Small Favour,Juana Macías,THE,2023-11-10,F
ES2023_019,Mi otro Jon,,Paco Arango,THE,2023-10-10,F
ES2023_020,Te estoy amando locamente,Love & Revolution,Alejandro Marín,THE,2023-06-27,F
ES2023_021,O corno,The Rye Horn,Jaione Camborda,THE,2023-10-11,F
ES2023_022,Verano en rojo,,Belén Macías,THE,2023-09-08,F
ES2023_023,Los buenos modales,,Marta Díaz de Lope Díaz,THE,2023-04-28,F
ES2023_024,Matria,,Álvaro Gago Díaz,THE,2023-03-24,F
ES2023_025,¡Salta!,Jump!,Olga Osorio,THE,2023-09-01,F
ES2023_026,La ternura,,Vicente Villanueva,THE,2023-09-29,F
ES2023_027,Las buenas compañías,In The Company Of Women,Silvia Munt,THE,2023-05-03,F
ES2023_028,Teresa,,Paula Ortiz,THE,2023-11-20,F
ES2023_029,La voz del sol,,Carol Polakoff,THE,2023-09-22,F
ES2023_030,They Shot the Piano Player,,"Javier Mariscal, Fernando Trueba",THE,2023-09-27,A
ES2023_031,El hombre del saco,,Ángel Gómez Hernández,THE,2023-08-11,F
ES2023_032,De Caperucita a loba,,Chus Gutiérrez,THE,2023-04-04,F
ES2023_033,Els encantats,,Elena Trapé,THE,2023-05-23,F
ES2023_034,Que nadie duerma,Something Is About To Happen,Antonio Méndez Esparza,THE,2023-11-06,F
ES2023_035,La sirvienta,The Maid,Pablo Moreno,THE,2023-03-23,F
ES2023_036,Tin & Tina,,Rubin Stein,THE,2023-03-27,F
ES2023_037,La novia de América,My Father's Mexican Wedding,Alfonso Albacete,THE,2023-02-14,F
ES2023_038,La ermita,,Carlota Pereda,THE,2023-10-18,F
ES2023_039,Loli Tormenta,,Agustí Villaronga,THE,2023-03-30,F
ES2023_040,Samsara,,Lois Patiño,THE,2023-11-22,F
ES2023_041,Esperando a Dalí,Waiting For Dali,David Pujol,THE,2023-07-14,F
ES2023_042,Secaderos,Tobacco Barns,Rocío Mesa,THE,2023-05-31,F
ES2023_043,El Cuco,The Cuckoo's Curse,Mar Targarona,THE,2023-09-15,F
ES2023_044,Si todas las puertas se cierran,,Antonio Cuadri,THE,2023-04-14,F
ES2023_045,La desconocida,Girl Unknown,Pablo Maqueda,THE,2023-04-28,F
ES2023_046,La manzana de oro,,Jaime Chávarri,THE,2023-08-29,F
ES2023_047,Olvido,,Inés París,THE,2023-06-29,F
ES2023_048,Alguien que cuide de mí,,"Daniela Fejerman, Elvira Lindo",THE,2023-04-28,F
ES2023_049,Sobre todo de noche,Foremost By Night,Víctor Iriarte,THE,2023-11-28,F
ES2023_050,Delfines de plata,,Javier Elorrieta,THE,2023-07-28,F
ES2023_051,Tierra de nuestras madres,,Liz Lobato,THE,2023-07-20,F
ES2023_052,La Singla,,Paloma Zapata,THE,2023-10-13,D
ES2023_053,La Fortaleza,,Chiqui Carabante,THE,2023-06-09,F
ES2023_054,Últimas voluntades,Last Wishes,Joaquín Carmona Hidalgo,THE,2023-06-30,F
ES2023_055,Mamacruz,,Patricia Ortega,THE,2023-10-26,F
ES2023_056,La espera,The Wait,F. Javier Gutiérrez,THE,2023-12-15,F
ES2023_057,El fantástico caso del Golem,,"Juan González, Nando Martínez",THE,2023-06-16,F
ES2023_058,Kepler Sexto B,,Alejandro Suárez Lozano,THE,2023-06-16,F
ES2023_059,O home e o can,,Ángel de la Cruz,THE,2023-10-19,F
ES2023_060,Ruta salvatge,,Marc Recha,THE,2023-11-14,F
ES2023_061,"Cante Jondo, Granada 1922",,José Sánchez-Montes,THE,2023-02-02,D
ES2023_062,Cristina García Rodero: La mirada oculta,,Carlota Nelson,THE,2023-12-02,D
ES2023_063,A los libros y a las mujeres canto,,María Elorza,THE,2023-04-19,D
ES2023_064,La imatge permanent,The Permanent Picture,Laura Ferrés,THE,2023-11-17,F
ES2023_065,Desmadre incluido,,Miguel Martí,THE,2023-09-22,F
ES2023_066,Caleta Palace,,José Antonio Hergueta,THE,2023-11-24,D
ES2023_067,Quan no acaba la nit,,Óscar Montón,THE,2023-06-08,F
ES2023_068,Secundarias,,Arturo Dueñas,THE,2023-11-16,F
ES2023_069,Un día Lobo López,,Alejandro González Salgado,THE,2023-03-21,D
ES2023_070,Tiempo de Zarzuela,,Cristina Otero Roth,THE,2023-10-10,D
ES2023_071,Literato,,Carlos Navarro,THE,2023-11-23,F
ES2023_072,Mujeres olvidadas,,J. Echevarría Torres,THE,2023-06-09,D
ES2023_073,Venus,,Víctor Conde,THE,2023-02-18,F
ES2023_074,Los Saldos,Remainders,Raúl Capdevila Murillo,THE,2023-05-04,D
ES2023_075,Liuben,,Venci Kostov,THE,2023-07-06,F
ES2023_076,Camino de la suerte,,Jorge Alonso,THE,2023-10-20,F
ES2023_077,Amanece,,Juan Francisco Viruega,THE,2023-11-15,F
ES2023_078,Bidean jarraituz,,Aitor López de Aberásturi,THE,2023-02-10,D
ES2023_079,Semilla del son,,Juan Manuel Villar Betancort,THE,2023-11-10,D
ES2023_080,Muyeres,,Marta Lallana,THE,2023-12-16,D
ES2023_081,8 años,,JD Alcázar,THE,2023-01-20,F
ES2023_082,Los Caballeros de Santiago,Knights Of Santiago,Ana L. Martín,THE,2023-06-14,D
ES2023_083,Una noche con Adela,,Hugo Ruíz,THE,2023-12-01,F
ES2023_084,Nato 0. El origen del mal,,Gonzalo Crespo Gil,THE,2023-06-09,F
ES2023_085,El embrujo de Quijat,,Juan Manuel Chumilla,THE,2023-11-06,D
ES2023_086,Toda una vida,,Marta Romero Coll,THE,2023-05-07,D
ES2023_087,Quest,,Antonina Obrador,THE,2023-11-29,F
ES2023_088,Alteritats,Otherness,"Alba Cros, Nora Haddad",THE,2023-06-13,D
ES2023_089,La importancia de llamarse Ernesto y la gilipollez de llamarse Eric,,César Martínez Herrada,THE,2023-11-11,D
ES2023_090,Ganado o Desierto,,Francisco Vaquero Robustillo,THE,2023-10-18,D
ES2023_091,Quatre raons,,Pedro Pérez Rosado,THE,2023-06-07,F
ES2023_092,El Hogar,,Julio De La Fuente,THE,2023-03-03,F
ES2023_093,Petricor,,Victòria Morell,THE,2023-08-25,D
ES2023_094,Balas y Katanas,,Nacho Serapio,THE,2023-05-26,F
ES2023_095,La memoria del cine: una película sobre Fernando Méndez-Leite,,Moisés Salama,THE,2023-11-07,D
ES2023_096,La última lidia,,Tomás Ocaña,THE,2023-05-12,D
ES2023_097,Odradek,,Julio Suárez Maireles,THE,2023-05-31,D
ES2023_098,Un Hogar sin Armarios,,Eduardo Cubillo,THE,2023-11-18,D
ES2023_099,Set de Dau Arnau,,"Joan Vall Karsunke, Laia Requesens",THE,2023-04-20,D
ES2023_100,Soy una buena persona,,Norberto Ramos del Val,THE,2023-05-12,F
ES2023_101,El Amigo de Todos,,José Antonio Quirós,THE,2023-11-06,D
ES2023_102,"Antonio Canales, bailaor",,Raúl Rosillo,THE,2023-05-19,D
ES2023_103,Capaz o incapaz?,,Oliver Reaza,THE,2023-06-06,F
ES2023_104,Domingo Domingo,,Laura García Andreu,THE,2023-07-23,D
ES2023_105,Fauna,,Pau Faus,THE,2023-05-24,D
ES2023_106,Siete Jereles,,"Pedro G. Romero, Gonzalo García Pelayo",THE,2023-03-03,D
ES2023_107,Conversaciones sobre el odio,,"Vera Fogwill, Diego Martínez",THE,2023-10-20,F
ES2023_108,Juan Mariné. Un siglo de cine,,María Luisa Pujol,THE,2023-11-22,D
ES2023_109,"Julia y Fernando, una historia de vida",,Luis Mancha,THE,2023-04-15,D
ES2023_110,Y todos arderán,Everyone Will Burn,David Hebrero,THE,2023-06-02,F
ES2023_111,Hilos,,Tito Montero,THE,2023-11-04,D
ES2023_112,El otro lado de la realidad,,Gonzalo García Pelayo,THE,2023-09-15,D
ES2023_113,Mentre siguis tu,,Claudia Pinto,THE,2023-11-24,D
ES2023_114,The Longest War,,Jorge Rivera,THE,2023-11-28,D
GB2023_001,What's Love Got to Do with It?,,Shekhar Kapur,THE,2023-02-24,F
GB2023_002,Empire of Light,,Sam Mendes,THE,2023-01-13,F
GB2023_003,The Old Oak,,Ken Loach,THE,2023-09-29,F
GB2023_004,The Unlikely Pilgrimage of Harold Fry,,Hettie MacDonald,THE,2023-04-28,F
GB2023_005,The Great Escaper,,Oliver Parker,THE,2023-10-06,F
GB2023_006,Allelujah,,Richard Eyre,THE,2023-03-17,F
GB2023_007,The Son,,Florian Zeller,THE,2023-02-17,F
GB2023_008,The Canterville Ghost,,"Kim Burdon, Robert Chandler",THE,2023-09-22,A
GB2023_009,Sumotherhood,,Adam Deacon,THE,2023-10-13,F
GB2023_010,Mafia Mamma,,Catherine Hardwicke,VOD,2023-11-24,F
GB2023_011,Golda,,Guy Nattiv,THE,2023-10-06,F
GB2023_012,Rye Lane,,Raine Allen-Miller,THE,2023-03-17,F
GB2023_013,Polite Society,,Nida Manzoor,THE,2023-04-28,F
GB2023_014,The Eternal Daughter,,Joanna Hogg,THE,2023-11-24,F
GB2023_015,Rise of the Footsoldier: Vengeance,,Nick Nevern,THE,2023-09-15,F
GB2023_016,Enys Men,,Mark Jenkin,THE,2023-01-13,F
GB2023_017,The Lesson,,Alice Troughton,THE,2023-09-22,F
GB2023_018,The Piper,,Anthony Waller,FES,2023-08-28,F
GB2023_019,Unwelcome,,Jon Wright,THE,2023-01-27,F
GB2023_020,Squaring the Circle: The Story of Hipgnosis,,Anton Corbijn,THE,2023-07-14,D
GB2023_021,Bank of Dave,,Chris Foggin,THE,2023-01-15,F
GB2023_022,Medusa Deluxe,,Thomas Hardiman,THE,2023-06-09,F
GB2023_023,Typist Artist Pirate King,,Carol Morley,THE,2023-10-27,F
GB2023_024,Mad About the Boy: The Noel Coward Story,,Barnaby Thompson,THE,2023-06-02,D
GB2023_025,Bolan's Shoes,,Ian Puleston-Davies,THE,2023-09-15,F
GB2023_026,Up on the Roof,,Ben Hecking,THE,2023-04-07,F
GB2023_027,And Then Come the Nightjars,,Paul Robinson,THE,2023-09-01,F
GB2023_028,Little English,,Pravesh Kumar,THE,2023-03-17,F
GB2023_029,In the Court of the Crimson King: King Crimson at 50,,Toby Amies,THE,2023-04-07,D
GB2023_030,The Last Rider,,Alex Holmes,THE,2023-06-23,D
GB2023_031,Have You Got It Yet? The Story of Syd Barrett and Pink Floyd,,"Roddy Bogawa, Storm Thorgerson",THE,2023-09-09,D
GB2023_032,Tetris,,Jon S. Baird,THE,2023-03-31,F
GB2023_033,Y Swn,,Lee Haven Jones,THE,2023-02-10,F
GB2023_034,My Extinction,,Josh Appignanesi,THE,2023-06-30,D
GB2023_035,Inland,,Fridtjof Ryder,THE,2023-06-16,F
GB2023_036,I Get Knocked Down,,"Sophie Robinson, Dunstan Bruce",THE,2023-02-24,D
GB2023_037,Doctor Jekyll,,Joe Stephenson,THE,2023-10-27,F
GB2023_038,Never Forget Tibet,,Jean-Paul Mertinez,THE,2023-04-14,D
GB2023_039,Winners,,Hassan Nazer,THE,2023-03-17,F
GB2023_040,A Clever Woman,,Jon Sanders,THE,2023-04-21,F
GB2023_041,Raging Grace,,Paris Zarcilla,THE,2023-12-29,F
GB2023_042,Sweet Sue,,Leo Leigh,THE,2023-12-22,F
GB2023_043,The Laureate,,William Nunez,THE,2023-05-05,F
GB2023_044,Billy Idol: State Line,,"Vincent Adam Paul, George Scott",THE,2023-11-10,D
GB2023_045,Love Without Walls,,Jane Gull,THE,2023-06-09,F
GB2023_046,A Kind of Kidnapping,,Dan Clark,THE,2023-07-14,F
GB2023_047,Wait for Me,,Keith Farrell,THE,2023-06-02,F
GB2023_048,The Other Fellow,,Matthew Bauer,THE,2023-05-19,D
GB2023_049,The Undertaker,,Michael Wright,THE,2023-11-03,F
GB2023_050,Big Trouble in Little India,,Bee2,THE,2023-11-24,F
GB2023_051,The Bystanders,,Gabriel Foster Prior,THE,2023-11-03,F
GB2023_052,God's Petting You,,Jamie Patterson,THE,2023-04-21,F
GB2023_053,To Nowhere,,Sian Astor-Lewis,THE,2023-06-30,F
GB2023_054,Golden Stripes,,Peace Osigbe,THE,2023-10-06,F
GB2023_055,Marooned Awakening,,Musaab Mustafa,THE,2023-02-03,F
GB2023_056,Goldfish,,Pushan Kripalani,THE,2023-10-13,F
GB2023_057,In the Middle,,Greg Cruttwell,THE,2023-03-31,D
GB2023_058,My One and Only,,Jonathan Albert Murphy,THE,2023-01-20,F
GB2023_059,Kindling,,Connor O'Hara,THE,2023-04-21,F
GB2023_060,The Hunting of the Snark,,Simon Davison,THE,2023-06-30,F
GB2023_061,Dario Argento: Panico,,Simone Scafidi,FES,2023-09-06,D
GB2023_062,Chicken Run: Dawn of the Nugget,,Sam Fell,THE,2023-12-08,A
GB2023_063,Sky Peals,,Moin Hussain,FES,2023-09-04,F
GB2017_001,Dunkirk,,Christopher Nolan,THE,2017-07-21,F
GB2017_002,Paddington 2,,Paul King,THE,2017-10-11,F
GB2017_003,Kingsman: The Golden Circle,,Matthew Vaughn,THE,2017-09-22,F
GB2017_004,T2: Trainspotting,,Danny Boyle,THE,2017-01-27,F
GB2017_005,Victoria & Abdul,,Stephen Frears,THE,2017-09-15,F
GB2017_006,The Death of Stalin,,Armando Ianucci,THE,2017-10-20,F
GB2017_007,Viceroy's House,,Gurinder Chadha,THE,2017-03-03,F
GB2017_008,Their Finest,,Lone Scherfig,THE,2017-04-21,F
GB2017_009,My Cousin Rachel,,Roger Michell,THE,2017-06-09,F
GB2017_010,Churchill,,Jonathan Teplitzky,THE,2017-06-16,F
GB2017_011,Hampstead,,Joel Hopkins,THE,2017-06-23,F
GB2017_012,47 Metres Down,,Johannes Roberts,THE,2017-07-28,F
GB2017_013,The Limehouse Golem,,Juan Carlos Medina,THE,2017-09-01,F
GB2017_014,The Sense of an Ending,,Ritesh Batra,THE,2017-04-14,F
GB2017_015,The Party,,Sally Potter,THE,2017-10-13,F
GB2017_016,Film Stars Don't Die in Liverpool,,Paul McGuigan,THE,2017-11-17,F
GB2017_017,God's Own Country,,Francis Lee,THE,2017-09-01,F
GB2017_018,Jawbone,,Thomas Napper,THE,2017-05-12,F
GB2017_019,Daphne,,Peter Mackie Burns,THE,2017-09-29,F
GB2018_071,Dark River,,Clio Barnard,THE,2018-02-23,F
GB2018_072,Leaning into the Wind,,Thomas Riedelsheimer,THE,2018-08-10,D
GB2017_020,Williams,,Morgan Matthews,THE,2017-08-04,D
GB2017_021,Final Portrait,,Stanley Tucci,THE,2017-08-18,F
GB2017_022,The Time of Their Lives,,Roger Goldby,THE,2017-03-10,F
GB2017_023,Stratton,,Simon West,THE,2017-09-01,F
GB2017_024,Mad to Be Normal,,Robert Mullan,THE,2017-04-07,F
GB2017_025,The Levelling,,Hope Dickson Leach,THE,2017-05-12,F
GB2017_026,Trespass Against Us,,Adam Smith,THE,2017-03-03,F
GB2017_027,Dough,,John Goldschmidt,THE,2017-06-02,F
GB2017_028,Earth: One Amazing Day,,"Richard Dale, Lixin Fan, Peter Webber",THE,2017-10-20,D
GB2017_029,Lady Macbeth,,William Oldroyd,THE,2017-04-28,F
GB2017_030,The Man Who Invented Christmas,,Bharat Nalluri,THE,2017-12-01,F
GB2017_031,Don't Knock Twice,,Caradog W. James,THE,2017-03-31,F
GB2018_073,Walk with Me,,"Marc Francis, Max Pugh",THE,2018-01-05,D
GB2017_032,Bob the Builder: Mega Machines,,Stuart Evans,THE,2017-05-26,A
GB2018_074,Beast,,Michael Pearce,THE,2018-04-27,F
GB2021_052,The Highway Rat,,Jeroen Jaspaert,THE,2021-08-06,A
GB2017_033,The Journey,,Nick Hamm,THE,2017-05-05,F
GB2017_034,Mindhorn,,Sean Foley,THE,2017-05-05,F
GB2017_035,Another Mother's Son,,Christopher Menaul,THE,2017-03-24,F
GB2017_036,Whisky Galore,,Gillies MacKinnon,THE,2017-05-05,F
GB2017_037,The Hippopotamus,,John Jencks,THE,2017-06-02,F
GB2017_038,Black Sabbath the End of the End,,Dick Carruthers,THE,2017-09-22,D
GB2017_039,Letters from Baghdad,,"Sabine Krayenbühl, Zeva Oelbaum",THE,2017-04-21,D
GB2017_040,Tommy's Honour,,Jason Connery,THE,2017-07-07,F
GB2017_041,Prevenge,,Alice Lowe,THE,2017-02-10,F
GB2017_042,Romans,Retaliation,"Ludwig Shammasian, Paul Shammasian",FES,2017-07-01,F
GB2017_043,Finding Fatimah,,Oz Arshad,THE,2017-04-21,F
GB2017_044,The White King,,"Alex Helfrecht, Jörg Tittel",THE,2017-01-27,F
GB2017_045,City of Tiny Lights,,Pete Travis,THE,2017-04-07,F
GB2017_046,The Ballad of Shirley Collins,,"Rob Curry, Tim Plester",THE,2017-10-20,D
GB2017_047,Summer in the Forest,,Randall Wright,THE,2017-06-23,D
GB2017_048,Nature of the Beast,,Daniel Draper,THE,2017-09-08,D
GB2019_082,Sea Sorrow,,Vanessa Redgrave,THE,2019-01-11,D
GB2017_049,Manolo: The Boy Who Made Shoes for Lizards,,Michael Roberts,THE,2017-09-29,D
GB2017_050,Where Is Kyra?,,Andrew Dosunmu,FES,2017-01-23,F
GB2017_051,The Ghoul,,Gareth Tunley,THE,2017-08-04,F
GB2017_052,The Stolen,,Niall Johnson,THE,2017-11-03,F
GB2018_075,Gholam,,Mitra Tabrizian,THE,2018-03-23,F
GB2017_053,Kenny,,Stewart Sugg,THE,2017-11-17,D
GB2017_054,Eat Locals,,Jason Flemyng,THE,2017-09-08,F
GB2017_055,Here to Be Heard: The Story of the Slits,,William E. Badgley,THE,2017-10-14,D
GB2017_056,Away,,David Blair,THE,2017-05-12,F
GB2017_057,A Change in the Weather,,Jon Sanders,THE,2017-07-07,F
GB2017_058,Let Me Go,,Polly Steele,THE,2017-09-15,F
GB2017_059,The Hatton Garden Job,,Ronnie Thompson,THE,2017-04-14,F
GB2019_083,Amazon Adventure,,Mike Slee,THE,2019-04-05,F
GB2017_060,SHOT! The Psycho-Spiritual Mantra of Rock,,Barney Clay,THE,2017-07-21,D
GB2017_061,Destination Unknown,,Claire Ferguson,THE,2017-06-16,D
GB2019_084,Penny Slinger: Out of the Shadows,,Richard Kovitch,THE,2019-06-28,D
GB2017_062,Bill Viola: The Road to St Paul's,,Gerald Fox,THE,2017-11-08,D
GB2017_063,Bad Day for the Cut,,Chris Baugh,THE,2017-10-20,F
GB2017_064,Kaleidoscope,,Rupert Jones,THE,2017-11-10,F
GB2017_065,Beautiful Devils,,James Marquand,THE,2017-03-17,F
GB2017_066,Dying Laughing,,"Lloyd Stanton, Paul Toogood",THE,2017-06-16,D
GB2017_067,The Marker,,Justin Edgar,THE,2017-09-29,F
GB2017_068,Beside Bowie: The Mick Ronson Story,,Jon Brewer,THE,2017-05-09,D
GB2017_069,My Name Is Lenny,,Ron Scalpello,THE,2017-06-09,F
GB2017_070,Aux,,John Adams,THE,2017-11-10,F
ES2017_001,Es por tu bien,It's For Your Own Good,Carlos Therón,THE,2017-02-24,F
ES2017_002,Toc toc,,Vicente Villanueva,THE,2017-10-06,F
ES2017_003,El guardián invisible,The Invisible Guardian,Fernando González Molina,THE,2017-02-24,F
ES2017_004,The Bookshop,,Isabel Coixet,THE,2017-10-24,F
ES2017_005,Que baje Dios y lo vea,Holy Goalie,Curro Velázquez,THE,2017-11-10,F
ES2017_006,La llamada,Holy Camp!,"Javier Ambrossi, Javier Calvo",THE,2017-09-29,F
ES2017_007,Lo que de verdad importa,The Healer,Paco Arango,THE,2017-02-17,F
ES2017_008,Fe de etarras,Bomb Scared,Borja Cobeaga,THE,2017-11-21,F
ES2017_009,El bar,The Bar,Álex de la Iglesia,THE,2017-03-24,F
ES2017_010,No sé decir adiós,Can't Say Goodbye,Lino Escalera,THE,2017-05-13,F
ES2017_011,Incerta glòria,Uncertain Glory,Agustí Villaronga,THE,2017-03-14,F
ES2017_012,La Chana,,Lucija Stojevic,THE,2017-11-10,D
ES2017_013,"Muchos hijos, un mono y un castillo","Lots Of Kids, A Monkey And A Castle",Gustavo Salmerón,THE,2017-11-30,D
ES2017_014,Tierra firme,Anchor And Hope,Carlos Marques-Marcet,THE,2017-11-24,F
ES2017_015,Saura(s),,Félix Viscarret,THE,2017-11-03,D
ES2017_016,Black Butterfly,,Brian Goodman,THE,2017-07-21,F
ES2017_017,Operación Concha,Operation Goldenshell,Antonio Cuadri,THE,2017-09-29,F
ES2017_018,La higuera de los bastardos,The Bastards Fig Tree,Ana Murugarren,THE,2017-11-22,F
ES2017_019,Mil coses que faria per tu,,Dídac Cervera,THE,2017-05-25,F
ES2017_020,Perfectos desconocidos,Perfect Strangers,Álex de la Iglesia,THE,2017-12-01,F
ES2017_021,Tadeo Jones 2: El secreto del Rey Midas,"Tad, The Lost Explorer, And The Secret Of King Midas","David Alonso, Enrique Gato",THE,2017-08-25,A
ES2017_022,Verónica,,Paco Plaza,THE,2017-08-25,F
ES2017_023,"Thi Mai, rumbo a Vietnam",,Patricia Ferreira,THE,2017-11-24,F
ES2017_024,The Promise,,Terry George,THE,2017-06-01,F
ES2017_025,Estiu 1993,Summer 1993,Carla Simón,THE,2017-05-14,F
ES2017_026,Abracadabra,,Pablo Berger,THE,2017-08-04,F
ES2017_027,Oro,Gold,Agustín Díaz Yanes,THE,2017-11-06,F
ES2017_028,Los del túnel,The Tunnel,Pepón Montero,THE,2017-01-20,F
ES2017_029,Handia,The Giant,"Aitor Arregi, Jon Garaño",THE,2017-10-02,F
ES2017_030,El autor,The Motive,Manuel Martín Cuenca,THE,2017-11-17,F
ES2017_031,Muse,,Jaume Balagueró,THE,2017-11-09,F
ES2017_032,Red de libertad,The Network Of Freedom,Pablo Moreno,THE,2017-10-18,F
ES2017_033,Pieles,,Eduardo Casanova,THE,2017-06-09,F
ES2017_034,Amar,,Esteban Crespo,THE,2017-04-21,F
ES2018_067,Matar a Dios,Killing God,"Caye Casas, Albert Pintó",THE,2018-09-21,F
ES2017_035,Arte al Agua - los bacaladeros de Terranova,,Olivier van der Zee,THE,2017-11-11,D
ES2017_036,Morir,,Fernando Franco,THE,2017-10-06,F
ES2017_037,Pàtria,,Joan Frank Charansonnet,THE,2017-06-09,F
ES2017_038,La mano invisible,The Invisible Hand,David Macián,THE,2017-04-28,F
ES2017_039,Sabates grosses,"The Bigger, The Better",Ventura Pons,THE,2017-08-31,F
ES2017_040,Pasaje al amanecer,,Andreu Castro,THE,2017-05-05,F
ES2017_041,Brava,,Roser Aguilar,THE,2017-07-05,F
ES2017_042,Garantía personal,,Rodrigo Rivas,THE,2017-04-20,F
ES2017_043,Las heridas del viento,Wounded By The Wind,Juan Carlos Rubio,THE,2017-11-17,F
ES2017_044,Esquece Monelos,,Ángeles Huerta,THE,2017-10-20,D
ES2017_045,La familia - Dementia,The Family: Dementia,Giovanna Ribes,THE,2017-08-31,F
ES2017_046,Llueven vacas,,Fran Arráez,THE,2017-12-05,F
ES2017_047,Stop Over in Hell,,Víctor Matellano,THE,2017-08-31,F
ES2017_048,"Luna grande, un tango por García Lorca",,Juan José Ponce,THE,2017-11-28,D
ES2017_049,Bajo la Rosa,,Josué Ramos,THE,2017-10-21,F
ES2017_050,Mi vida entre las hormigas,My Life Between The Worms,"Juan Moya, Chema Veiga",THE,2017-06-15,D
ES2017_051,Alberto García-Alix. La línea de sombra,,Nicolás Combarro,THE,2017-11-13,D
ES2017_052,"Los Secretos, una vida a tu lado",,Chema Vargas,THE,2017-08-11,D
ES2017_053,Capturar: Las 1001 novias,,Fernando Merinero,THE,2017-03-03,D
ES2017_054,"Pau, la força d'un silenci",The Power Of Silence,Manuel Huerga,THE,2017-11-03,F
ES2017_055,Cosmética Terror,,Fernando Simarro,THE,2017-05-26,F
ES2017_056,Donde el bosque se espesa,,"Miguel Ángel Calvo Buttini, Laila Ripoll",THE,2017-10-25,F
ES2017_057,Herederos de la bestia,,"Diego López, David Pizarro",THE,2017-05-04,D
ES2017_058,Alumbrar: Las 1001 novias,,Fernando Merinero,THE,2017-07-13,F
ES2017_059,Fátima o el Parque de la Fraternidad,,Jorge Perugorría,THE,2017-02-03,F
ES2017_060,Cortar: Las 1001 novias,,Fernando Merinero,THE,2017-11-23,F
ES2017_061,Luces,,Alfredo Contreras,THE,2017-11-24,F
ES2017_062,Yerma: Barren,,Emilio Ruiz Barrachina,THE,2017-04-07,F
ES2017_063,El vientre de Europa,,Juan Pinzás,THE,2017-11-17,F
ES2018_068,Santoalla,,"Andrew Becker, Daniel Mehrer",THE,2018-05-04,D
ES2017_064,Una función para olvidar,,Martín Garrido Ramis,THE,2017-11-09,F
ES2017_065,Lesa humanitat,,Héctor Faver,THE,2017-12-19,D
ES2017_066,Los pájaros no tienen vértigo,,Jorge Peña,THE,2017-10-20,D
ES2017_067,Fantasia by Escribà,,Xavier Atance,THE,2017-11-07,D
ES2017_068,Dream Songs,,Agustí Vila,THE,2017-12-11,D
ES2017_069,El último maestro ruso,The Last Russian Master,Anaís Berdié,THE,2017-04-28,D
GB2016_001,Bridget Jones's Baby,,Sharon Maguire,THE,2016-09-16,F
GB2016_002,Absolutely Fabulous: The Movie,,Mandie Fletcher,THE,2016-07-01,F
GB2016_003,Dad's Army,,Oliver Parker,THE,2016-02-05,F
GB2016_004,Eye in the Sky,,Gavin Hood,THE,2016-04-15,F
GB2016_005,David Brent: Life on the Road,,Ricky Gervais,THE,2016-08-19,F
GB2016_006,Florence Foster Jenkins,,Stephen Frears,THE,2016-05-06,F
GB2016_007,"I, Daniel Blake",,Ken Loach,THE,2016-10-21,F
GB2016_008,The Girl with All the Gifts,,Colm McCarthy,THE,2016-09-23,F
GB2017_071,A Quiet Passion,,Terence Davies,THE,2017-04-07,F
GB2016_009,My Feral Heart,,Jane Gull,THE,2016-11-04,F
GB2016_010,Versus: The Life and Films of Ken Loach,,Louise Osmond,THE,2016-06-03,D
GB2016_011,Our Kind of Traitor,,Susanna White,THE,2016-05-13,F
GB2016_012,Where You're Meant to be,,Paul Fegan,THE,2016-06-17,D
GB2016_013,Golden Years,,John Miller,THE,2016-04-29,F
GB2016_014,Despite the Falling Snow,,Shamim Sarif,THE,2016-04-15,F
GB2016_015,Fantastic Beasts and Where to Find Them,,David Yates,THE,2016-11-18,F
GB2016_016,Grimsby,The Brothers Grimsby,Louis Leterrier,THE,2016-02-26,F
GB2016_017,Eddie the Eagle,,Dexter Fletcher,THE,2016-04-01,F
GB2016_018,A Street Cat Named Bob,,Roger Spottiswoode,THE,2016-11-04,F
GB2016_019,Love & Friendship,,Whit Stillman,THE,2016-05-27,F
GB2016_020,High-Rise,,Ben Wheatley,THE,2016-03-18,F
GB2017_072,The Autopsy of Jane Doe,,André Øvredal,THE,2017-03-31,F
GB2016_021,Swallows and Amazons,,Philippa Lowthorpe,THE,2016-08-19,F
GB2017_073,This Beautiful Fantastic,,Simon Aboud,FES,2017-06-29,F
GB2016_022,War on Everyone,,John Michael McDonagh,THE,2016-10-07,F
GB2016_023,Born to Be Blue,,Robert Budreau,THE,2016-07-29,F
GB2016_024,One More Time with Feeling,,Andrew Dominik,THE,2016-09-02,D
GB2016_025,Alan Bennett's Diaries,,Adam Low,THE,2016-11-11,D
GB2016_026,Ali and Nino,,Asif Kapadia,FES,2016-01-27,F
GB2016_027,The Carer,,János Edelényi,THE,2016-08-05,F
GB2016_028,The Ones Below,,David Farr,THE,2016-03-11,F
GB2016_029,Remainder,,Omer Fast,THE,2016-06-24,F
GB2016_030,Mum's List,Acres And Acres,Niall Johnson,THE,2016-11-25,F
GB2016_031,Ethel & Ernest,,Roger Mainwood,THE,2016-10-28,A
GB2016_032,Departure,,Andrew Steggall,THE,2016-05-20,F
GB2016_033,Revolution: New Art for a New World,,Margy Kinmonth,THE,2016-11-04,D
GB2016_034,Adult Life Skills,,Rachel Tunnard,THE,2016-06-24,F
GB2016_035,Burn Burn Burn,,Chanya Button,THE,2016-10-28,F
GB2016_036,Starfish,,Bill Clark,THE,2016-10-28,F
GB2017_074,We Are X,,Stephen Kijak,THE,2017-02-24,D
GB2016_037,I Am Belfast,,Mark Cousins,THE,2016-04-08,D
GB2017_075,The Seasons in Quincy: Four Portraits of John Berger,,"Bartek Dziadosz, Colin MacCabe, Christopher Roth, Tilda Swinton",THE,2017-06-23,D
GB2016_038,The Last Man On The Moon,,Mark Craig,THE,2016-04-08,D
GB2016_039,The Coming War on China,,John Pilger,THE,2016-12-02,D
GB2016_040,ChickLit,,Tony Britten,THE,2016-09-02,F
GB2016_041,Love Is Thicker Than Water,,"Emily Harris, Ate de Jong",FES,2016-06-25,F
GB2016_042,Mom and Me,,Ken Wardrop,THE,2016-06-17,D
GB2016_043,A Plastic Ocean,,Craig Leeson,THE,2016-09-22,D
GB2016_044,The Weekend,,Sheridan De Myers,THE,2016-12-02,F
GB2016_045,The Silent Storm,,Corinna McFarlane,THE,2016-05-20,F
GB2016_046,Attacking the Devil: Harold Evans and the Last Nazi War Crime,,"David Morris, Jacqui Morris",THE,2016-01-22,D
GB2016_047,You've Been Trumped Too,,Anthony Baxter,THE,2016-11-04,D
GB2016_048,Uncle Howard,,Aaron Brookner,THE,2016-12-16,D
GB2016_049,100 Streets,,Jim O'Hanlon,THE,2016-11-11,F
GB2016_050,Bobby,,Ron Scalpello,THE,2016-05-27,D
GB2016_051,Chicken,,Joe Stephenson,THE,2016-05-20,F
GB2016_052,K-Shop,,Dan Pringle,THE,2016-07-22,F
GB2016_053,Breaking the Bank,,Vadim Jean,THE,2016-06-03,F
GB2016_054,Orthodox,,David Leon,THE,2016-02-19,F
GB2017_076,Detour,,Christopher Smith,THE,2017-05-26,F
GB2016_055,Don't Hang Up,,"Damien Macé, Alexis Wajsbrot",FES,2016-10-22,F
GB2016_056,Kill Command,,Steven Gomez,THE,2016-05-13,F
GB2016_057,Into the Inferno,,Werner Herzog,THE,2016-10-28,D
GB2016_058,The Truth Commissioner,,Declan Recks,THE,2016-02-26,F
GB2016_059,The Darkest Universe,,"Tom Kingsley, Will Sharpe",THE,2016-11-04,F
GB2016_060,Plan Z,,Stuart Brennan,THE,2016-11-04,F
GB2016_061,Gangsters Gamblers Geezers,,"Amar Adatia, Peter Peralta",THE,2016-09-23,F
GB2016_062,Molly Moon and the Incredible Book of Hypnotism,,Christopher N. Rowley,THE,2016-12-02,F
GB2016_063,Blood Orange,,Toby Tobias,THE,2016-06-10,F
GB2016_064,Breakdown,,Jonnie Malachi,THE,2016-01-15,F
GB2017_077,Chosen,,Jasmin Dizdar,THE,2017-03-03,F
GB2016_065,Norfolk,,Martin Radich,THE,2016-09-16,F
ES2016_001,A Monster Calls,,J.A. Bayona,THE,2016-10-07,F
ES2016_002,Cien años de perdón,To Steal From A Thief,Daniel Calparsoro,THE,2016-03-04,F
ES2016_003,Contratiempo,The Invisible Guest,Oriol Paulo,THE,2016-11-27,F
ES2016_004,El hombre de las mil caras,Smoke & Mirrors,Alberto Rodríguez,THE,2016-09-23,F
ES2016_005,Julieta,,Pedro Almodóvar,THE,2017-04-07,F
ES2016_006,El pregón,Party Town,Dani de la Orden,THE,2016-03-18,F
ES2016_007,100 metros,100 Metres,Marcel Barrena,THE,2016-11-04,F
ES2016_008,Toro,,Kike Maíllo,THE,2016-04-22,F
ES2016_009,Que Dios nos perdone,May God Save Us,Rodrigo Sorogoyen,THE,2016-10-01,F
ES2016_010,Tenemos que hablar,We Need To Talk,David Serrano,THE,2016-02-26,F
ES2016_011,La reina de España,The Queen Of Spain,Fernando Trueba,THE,2016-11-25,F
ES2016_012,La corona partida,The Broken Crown,Jordi Frades,THE,2016-02-11,F
ES2016_013,María (y los demás),,Nely Reguera,THE,2016-12-07,F
ES2016_014,La puerta abierta,The Open Door,Marina Seresesky,THE,2016-09-02,F
ES2016_015,El elegido,The Chosen,Antonio Chavarrías,THE,2016-09-01,F
ES2016_016,Nacida para ganar,Born To Win,Vicente Villanueva,THE,2016-05-06,F
ES2016_017,Rumbos,,Manuela Burló Moreno,THE,2016-06-10,F
ES2016_018,El futuro ya no es lo que era,,Pedro L. Barbero,THE,2016-09-16,F
ES2016_019,Las furias,The Furies,Miguel del Arco,THE,2016-11-01,F
ES2016_020,"Política, manual de instrucciones","Politics, Instructions Manual",Fernando León de Aranoa,THE,2016-06-03,D
ES2016_021,Quatretondeta,,Pol Rodríguez,THE,2016-04-29,F
ES2016_022,Villaviciosa de al lado,A Stroke Of Luck,Nacho G. Velilla,THE,2016-12-02,F
ES2016_023,"Señor, dame paciencia","Lord, Give Me Patience",Álvaro Díaz Lorenzo,THE,2016-12-17,F
ES2016_024,Tini: El gran cambio de Violetta,Tini: The New Life Of Violetta,Juan Pablo Buscarini,THE,2016-05-06,F
ES2016_025,Cuerpo de élite,Heroes Wanted,Joaquín Mazón,THE,2016-08-25,F
ES2016_026,El olivo,The Olive Tree,Icíar Bollaín,THE,2016-05-03,F
ES2016_027,Zipi y Zape y la Isla del Capitán,Zip & Zap And The Captain's Island,Oskar Santos,THE,2016-07-24,F
ES2016_028,1898. Los últimos de Filipinas,1898: Our Last Men In The Philippines,Salvador Calvo,THE,2016-11-21,F
ES2016_029,Embarazados,We Are Pregnant,Juana Macías,THE,2016-01-29,F
ES2016_030,Plan de fuga,,Iñaki Dorronsoro,THE,2016-11-25,F
ES2016_031,Secuestro,,Mar Targarona,THE,2016-08-19,F
ES2016_032,My Bakery in Brooklyn,,Gustavo Ron,THE,2016-07-01,F
ES2016_033,Gernika,,Koldo Serra,THE,2016-06-09,F
ES2016_034,La punta del iceberg,The Tip Of The Iceberg,David Cánovas,THE,2016-04-25,F
ES2017_070,Mimosas,,Oliver Laxe,THE,2017-01-04,F
ES2016_035,Pixi Post eta opari-emaileak,Pixi Saves Christmas,Gorka Sesma,THE,2016-12-23,A
ES2016_036,El último traje,The Last Suit,Pablo Solarz,THE,2016-12-30,F
ES2016_037,Vientos de la Habana,,Félix Viscarret,THE,2016-09-27,F
ES2016_038,Igelak,,Patxo Tellería,THE,2016-11-30,F
ES2016_039,Frágil equilibrio,,Guillermo García López,THE,2016-11-25,D
ES2016_040,Acantilado,The Cliff,Helena Taberna,THE,2016-06-03,F
ES2016_041,In the Same Boat,,Rudy Gnutti,THE,2016-11-18,D
ES2016_042,Luz de Soledad,,Pablo Moreno,THE,2016-10-19,F
ES2016_043,Cerca de tu casa,,Eduard Cortés,THE,2016-07-21,F
ES2016_044,La isla del viento,,Manuel Menchón,THE,2016-11-18,F
ES2016_045,Migas de pan,Breadcrumbs,Manane Rodríguez,THE,2016-12-07,F
ES2016_046,Todo es de color,,Gonzalo García Pelayo,THE,2016-03-11,D
ES2016_047,El tiempo de los monstruos,Age Of Monster,Félix Sabroso,THE,2016-09-30,F
ES2016_048,"Oh, quina joia!",,Ventura Pons,THE,2016-11-05,F
ES2016_049,Anomalous,,Hugo Stuven,THE,2016-11-11,F
ES2016_050,Mi valle,,"Lores Espinosa, Mario Santos",THE,2016-11-11,D
ES2016_051,Juegos de familia,,Belén Macías,THE,2016-09-28,F
ES2016_052,Julie,,Alba González de Molina,THE,2016-09-30,F
ES2016_053,"Sexo, maracas y chihuahuas",,Diego Mas Trelles,THE,2016-06-01,D
ES2016_054,La millor opció,,Óscar Pérez,THE,2016-12-02,F
ES2016_055,Oleg y las raras artes,Oleg And Strange Arts,Andrés Duque,THE,2016-10-01,D
ES2016_056,Re-emigrantes,,Óscar Parra de Carrizosa,THE,2016-05-06,F
ES2016_057,"Joana Biarnés, una entre tots",,"Òscar Moreno, Jordi Rovira",THE,2016-04-03,D
ES2016_058,Todo mujer,,Rafael Gordon,THE,2016-12-09,F
ES2016_059,Bombay Goa Express,,Juan Estelrich Jr.,THE,2016-05-13,F
ES2016_060,249. La noche en que una becaria encontró a Emiliano Revilla,,Luis María Ferrández,THE,2016-11-25,F
ES2016_061,Sacramento,,Carlos Cañeque,THE,2016-06-16,F
ES2016_062,Rumba Tres: De ida y vuelta,,"David Casademunt, Joan Capdevila",THE,2016-04-22,D
ES2016_063,The Second Act of Elliott Murphy,,Jorge Arenillas,THE,2016-10-22,D
ES2016_064,La mayor locura,,Adolfo Dufour,THE,2016-11-15,D
ES2016_065,Club de Reyes,,Andrea Barrionuevo,THE,2016-09-21,D
ES2016_066,L'Ovidi: El making of de la pel·lícula que mai es va fer,,Vicent Tamarit,THE,2016-01-29,D
ES2016_067,Playing Lecuona,,"Pavel Giroud, Juan Manuel Villar Betancort",THE,2016-04-08,D
ES2016_068,La Ama,,"Arantza Ibarra, Luisje Moyano",THE,2016-09-13,F
ES2016_069,Bienvenido Mr. Heston,,"Pedro Estepa Menéndez, Elena Ferrándiz Sanz",THE,2016-11-25,D
ES2016_070,"Cervantes, la búsqueda",,Javier Balaguer,THE,2016-05-13,D
ES2016_071,María conversa,,Lydia Zimmermann,THE,2016-11-30,D
ES2016_072,Querida Gina,,Susana Sotelo,THE,2016-04-11,D
ES2016_073,El manuscrito Vindel,,"José Manuel Fernández-Jardón, Luis Fernández-Jardón",THE,2016-11-18,F
ES2016_074,Relaxing Cup of Coffee,,José Semprún,THE,2016-10-07,F
ES2016_075,"Matilde Coral, acariciando el aire",,Paco Ortiz,THE,2016-09-16,D
ES2016_076,Robert Llimós: Art i ovnis,,José Antonio López de Espinosa,THE,2016-06-10,D
ES2016_077,"Miguel Picazo, un cineasta extramuros",,Enrique Iznaola,THE,2016-12-02,D
ES2016_078,7 años,,Roger Gual,THE,2016-11-18,F
ES2016_079,El País con la Constitución,,Daniel Cebrián,THE,2016-12-19,D
GB2015_001,Spectre,,Sam Mendes,THE,2015-10-30,F
GB2015_002,Kingsman: The Secret Service,,Matthew Vaughn,THE,2015-01-30,F
GB2015_003,The Second Best Marigold Exotic Hotel,,John Madden,THE,2015-02-27,F
GB2015_004,The Lady in the Van,,Nicholas Hytner,THE,2015-11-13,F
GB2015_005,Suffragette,,Sarah Gavron,THE,2015-10-16,F
GB2015_006,Brooklyn,,John Crowley,THE,2015-11-06,F
GB2015_007,Woman in Gold,,Simon Curtis,THE,2015-04-10,F
GB2015_008,Mr Holmes,,Bill Condon,THE,2015-06-19,F
GB2015_009,45 years,,Andrew Haigh,THE,2015-08-28,F
GB2015_010,A little chaos,,Alan Rickman,THE,2015-04-17,F
GB2015_011,Sunset Song,,Terence Davies,THE,2015-12-04,F
GB2015_012,Dark Horse,,Louise Osmond,THE,2015-04-17,D
GB2015_013,Miss You Already,,Catherine Hardwicke,THE,2015-09-25,F
GB2016_065,Antigang,The Squad,Benjamin Rocher,THE,2016-04-15,F
GB2015_014,The Program,,Stephen Frears,THE,2015-10-16,F
GB2015_015,Man Up,,Ben Palmer,THE,2015-05-29,F
GB2015_016,Life,,Anton Corbijn,THE,2015-09-25,F
GB2015_017,The Legend of Barney Thomson,,Robert Carlyle,THE,2015-07-24,F
GB2015_018,London Road,,Rufus Norris,THE,2015-06-12,F
GB2015_019,Hector,,Jake Gavin,THE,2015-12-11,F
GB2015_020,Catch Me Daddy,,"Daniel Wolfe, Matthew Wolfe",THE,2015-02-27,F
GB2015_021,Testament of Youth,,James Kent,THE,2015-01-16,F
GB2015_022,Second coming,,Debbie Tucker Green,THE,2015-06-05,F
GB2015_023,Suite Française,,Saul Dibb,THE,2015-03-13,F
GB2015_024,Roger Waters: The Wall,,"Sean Evans, Roger Waters",THE,2015-09-29,D
GB2015_025,Robot Overlords,,Jon Wright,THE,2015-03-27,F
GB2015_026,Radiator,,Tom Fisher,THE,2015-11-27,F
GB2016_066,The Danish Girl,,Tom Hooper,THE,2016-01-01,F
GB2015_027,Legend,,Brian Helgeland,THE,2015-09-11,F
GB2015_028,Far from the Madding Crowd,,Thomas Vinterberg,THE,2015-05-01,F
GB2015_029,Macbeth,,Justin Kurzel,THE,2015-10-02,F
GB2015_030,Absolutely Anything,,Terry Jones,THE,2015-08-14,F
GB2015_031,Spooks: The Greater Good,Mi-5,Bharat Nalluri,THE,2015-05-08,F
GB2015_032,A Royal Night Out,,Julian Jarrold,THE,2015-05-08,F
GB2015_033,Thomas & Friends: Sodor's Legend of the Lost Treasure,,David Stoten,THE,2015-07-17,A
GB2015_034,The Falling,,Carol Morley,THE,2015-04-24,F
GB2015_035,Howl,,Paul Hyett,THE,2015-10-16,F
GB2015_036,How to Change the World,,Jerry Rothwell,THE,2015-09-11,D
GB2015_037,A Christmas Star,,Richard Elson,THE,2015-11-13,F
GB2015_038,The D Train,,"Andrew Mogel, Jarrad Paul",THE,2015-09-18,F
GB2015_039,I Believe in Miracles,,Jonny Owen,THE,2015-10-09,D
GB2016_067,The Survivalist,,Stephen Fingleton,THE,2016-02-12,F
GB2015_040,Tin,,Bill Scott,THE,2015-04-17,F
GB2015_041,Amar Akbar & Tony,,Atul Malhotra,THE,2015-04-17,F
GB2015_042,The Ecstasy of Wilko Johnson,,Julien Temple,THE,2015-07-17,D
GB2015_043,My Nazi Legacy,What Our Fathers Did: A Nazi Legacy,David Evans,THE,2015-11-20,D
GB2015_044,Nina Forever,,"Ben Blaine, Chris Blaine",THE,2015-08-28,F
GB2015_045,Dartmoor Killing,,Peter Nicholson,THE,2015-09-18,F
GB2015_046,The Honourable Rebel,,Mike Fraser,THE,2015-12-04,F
GB2015_047,Filmovy dobrodruh Karel Zeman,Film Adventurer Karel Zeman,Tomáš Hodan,FES,2015-03-31,D
GB2015_048,Chuck Norris vs. Communism,,Ilinca Calugareanu,THE,2015-01-23,D
GB2015_049,SuperBob,,Jon Drever,THE,2015-10-16,F
GB2015_050,Honour Killing,,Avtar Bhogal,THE,2015-02-27,F
GB2015_051,Bypass,,Duane Hopkins,THE,2015-04-10,F
GB2015_052,By Our Selves,,Andrew Kötting,THE,2015-10-02,D
GB2015_053,A Dark Reflection,,Tristan Loraine,THE,2015-02-27,F
GB2015_054,Still,,Simon Blake,THE,2015-05-08,F
GB2018_076,Where Do We Go From Here?,,John McPhail,THE,2018-09-21,F
GB2015_055,Aaaaaaaah!,,Steve Oram,THE,2015-09-11,F
GB2015_056,Tales of the Grim Sleeper,,"Nick Broomfield, Barney Broomfield, Marc Hoeferlin",THE,2015-01-30,D
GB2015_057,The Last Sparks of Sundown,,James Kibbey,THE,2015-07-24,F
GB2015_058,Dreams Rewired,,"Manu Luksch, Martin Reinhart, Thomas Tode",THE,2015-11-01,D
GB2015_059,Peterman,In The Blood,Mark Abraham,THE,2015-05-01,F
GB2015_060,The First Film,,David Wilkinson,THE,2015-07-03,D
GB2015_061,Pleasure Island,,Mike Doxford,THE,2015-08-14,F
GB2015_062,Narcopolis,,Justin Trefgarne,THE,2015-09-25,F
GB2015_063,Elstree 1976,,Jon Spira,FES,2015-10-09,D
GB2015_064,A Dozen Summers,,Kenton Hall,THE,2015-08-21,F
GB2015_065,The Closer We Get,,Karen Guthrie,THE,2015-09-18,D
GB2015_066,"To Be Frank, Sinatra at 100",Sinatra Being Frank,Simon Napier-Bell,THE,2015-12-11,D
GB2015_067,Katherine of Alexandria,Decline Of An Empire,Michael Redwood,THE,2015-04-03,F
GB2015_068,Hustlers Convention,,Mike Todd,THE,2015-06-26,D
GB2015_069,Convenience,,Keri Collins,THE,2015-10-02,F
GB2015_070,North v South,,Steven Nesbit,THE,2015-10-16,F
GB2015_071,Born of War,,Vicky Jewson,THE,2015-05-01,F
GB2015_072,Solitary,,Sasha Krane,THE,2015-04-24,F
GB2015_073,Unhallowed Ground,,Russell England,THE,2015-06-12,F
GB2015_074,Blood Moon,,Jeremy Wooding,THE,2015-10-02,F
GB2015_075,Residue,,Alex García López,THE,2015-03-20,F
GB2015_076,Leading Lady,,Henk Pretorius,THE,2015-10-09,F
GB2015_077,Age of Kill,,Neil Jones,THE,2015-06-12,F
ES2015_001,Ocho apellidos catalanes,Spanish Affair 2,Emilio Martínez Lázaro,THE,2015-11-16,F
ES2015_002,Perdiendo el Norte,Off Course,Nacho G. Velilla,THE,2015-03-06,F
ES2015_003,Palmeras en la nieve,Palm Trees In The Snow,Fernando González Molina,THE,2015-09-11,F
ES2015_004,Truman,,Cesc Gay,THE,2015-10-30,F
ES2015_005,Anacleto: Agente Secreto,Spy Time,Javier Ruiz Caldera,THE,2015-09-04,F
ES2015_006,Mi gran noche,My Big Night,Álex de la Iglesia,THE,2015-10-23,F
ES2015_007,A perfect day,,Fernando León de Aranoa,THE,2015-08-28,F
ES2015_008,Rey Gitano,,Juanma Bajo Ulloa,THE,2015-07-01,F
ES2015_009,A cambio de nada,Nothing In Return,Daniel Guzmán,THE,2015-05-08,F
ES2015_010,La novia,The Bride,Paula Ortiz,THE,2015-11-12,F
ES2015_011,I Am Your Father,,"Toni Bestard, Marcos Cabotá",THE,2015-10-13,D
ES2015_012,Amama,When A Tree Falls,Asier Altuna,THE,2015-10-15,F
ES2015_013,Pikadero,,Ben Sharrock,FES,2015-09-18,F
ES2015_014,Barcelona nit d'hivern,Barcelona Christmas Night,Dani de la Orden,THE,2025-11-10,F
ES2015_015,Bendita calamidad,,Gaizka Urresti,THE,2015-10-29,F
ES2015_016,Isla Bonita,,Fernando Colomo,THE,2015-11-06,F
ES2015_017,Hablar,,Joaquín Oristrell,THE,2015-06-12,F
ES2015_018,Regression,,Alejandro Amenábar,THE,2015-10-02,F
ES2015_019,Ahora o nunca,,María Ripoll,THE,2015-06-01,F
ES2015_020,La final,,Valerio Boserman,THE,2015-04-16,F
ES2015_021,Francisco - El Padre Jorge,"Bergoglio, The Pope Francis",Beda Docampo Feijóo,THE,2015-09-15,F
ES2015_022,La playa de los ahogados,The Beach Of The Drowned,Gerardo Herrero,THE,2015-10-08,F
ES2015_023,Nadie quiere la noche,Endless Night,Isabel Coixet,THE,2015-11-27,F
ES2015_024,Incidencias,Incidents,"José Corbacho, Juan Cruz",THE,2015-10-20,F
ES2015_025,Summer Camp,,Alberto Marini,THE,2015-12-11,F
ES2015_026,La espina de Dios,,Óscar Parra de Carrizosa,THE,2015-03-11,F
ES2015_027,L'adopció,,Daniela Fejerman,THE,2015-11-12,F
ES2015_028,Techo y comida,Food And Shelter,Juan Miguel del Castillo,THE,2015-10-17,F
ES2015_029,Un otoño sin Berlín,An Autumn Without Berlin,Lara Izagirre,THE,2015-10-20,F
ES2015_030,Lejos del mar,Far From The Sea,Imanol Uribe,THE,2015-11-14,F
ES2015_031,Barça Dreams,,Jordi Llompart,THE,2015-09-29,D
ES2015_032,B,,David Ilundain,THE,2015-09-18,F
ES2015_033,El apóstata,The Apostate,Federico Veiroj,THE,2015-08-06,F
ES2015_034,El clan,,Jaime Falero,THE,2015-11-13,F
ES2015_035,De chica en chica,Girl Gets Girl,Sonia Sebastián,THE,2015-08-03,F
ES2015_036,"Gabo, la creación de Gabriel García Márquez",Gabo: The Creation Of Gabriel Garcia Marquez,Justin Webster,THE,2015-04-23,D
ES2015_037,Sicarivs: La noche y el silencio,,Javier Muñoz,THE,2015-01-09,F
ES2015_038,"Cola, Colita, Colassa",,Ventura Pons,THE,2015-09-17,D
ES2015_039,El país del miedo,,Francisco Espada,THE,2015-10-02,F
ES2015_040,Txarriboda,,"Alvar Gordejuela, Javier Rebollo",THE,2015-03-27,F
ES2015_041,Tercer grado,Day Release,Geoffrey Cowper,THE,2015-09-16,F
ES2015_042,Vulcania,,José Skaf,THE,2015-10-23,F
ES2015_043,Las aventuras de Moriana,,"David Perea, Luis Soravilla",THE,2015-08-31,F
ES2015_044,El somni català,,Josep Maria Forn,THE,2015-09-14,D
ES2015_045,Vampyres,,Víctor Matellano,THE,2015-08-26,F
ES2015_046,Capa Caída,Fallen Cape,Santiago Alvarado,THE,2015-02-24,F
ES2015_047,Rocco tiene tu nombre,,Angelo Orlando,THE,2015-04-05,F
ES2015_048,O futebol,On Football,Sergio Oksman,THE,2015-10-20,D
ES2015_049,No todo es vigilia,Not All Is Vigil,Hermes Paralluelo,THE,2015-04-21,D
ES2015_050,Tras Nazarin: Following Nazarin,,Javier Espada,THE,2015-02-03,D
ES2015_051,Cuento de verano,,Carlos Dorrego,THE,2015-06-16,F
ES2015_052,El violín de piedra,,Emilio Ruiz Barrachina,THE,2015-06-19,F
ES2015_053,L'artèria invisible,The Invisible Artery,Pere Vilà i Barceló,THE,2015-10-23,F
ES2015_054,L'assaig,,Lluís Baulida,THE,2015-05-27,F
ES2015_055,Sacristán: delantera de gallinero,,Pedro González Bermúdez,THE,2015-10-19,D
ES2015_056,El Señor Manolo,,Fernando Osuna Mascaró,THE,2015-02-17,F
ES2015_057,Darrera la porta,,"David Gimbernat, Pere Solés",THE,2015-09-09,F
ES2015_058,Queridos monstruos,,"K. Prada, Javi Prada",THE,2015-07-16,D
GB2014_001,Mr. Turner,,Mike Leigh,THE,2014-10-31,F
GB2014_002,"20,000 days on Earth",,"Ian Forsyth, Jane Pollard",THE,2014-09-19,D
GB2014_003,Pride,,Matthew Warchus,THE,2014-09-12,F
GB2014_004,Lilting,,Hong Khau,THE,2014-08-08,F
GB2014_005,Northern Soul,,Elaine Constantine,THE,2014-10-17,F
GB2014_006,Paddington,,Paul King,THE,2014-11-28,F
GB2014_007,Hockney,,Randall Wright,THE,2014-11-28,D
GB2014_008,Belle,,Amma Asante,THE,2014-06-13,F
GB2014_009,Frank,,Lenny Abrahamson,THE,2014-05-09,F
GB2014_010,Night Will Fall,,André Singer,THE,2014-09-19,D
GB2014_011,Mrs. Brown's Boys D'Movie,,Ben Kellett,THE,2014-06-27,F
GB2014_012,"Nativity 3: Dude, where's my donkey?",,Debbie Isitt,THE,2014-11-14,F
GB2014_013,The Two Faces of January,,Hossein Amini,THE,2014-05-16,F
GB2014_014,What We Did On Our Holiday,,"Andy Hamilton, Guy Jenkin",THE,2014-09-26,F
GB2014_015,Jimmy's Hall,,Ken Loach,THE,2014-05-30,F
GB2014_016,A Long Way Down,,Pascal Chaumeil,THE,2014-03-21,F
GB2014_017,My Old Lady,,Israel Horovitz,THE,2014-11-21,F
GB2014_018,Get Santa,,Christopher Smith,THE,2014-12-05,F
GB2015_078,Trash,,"Stephen Daldry, Christian Duurvoort",THE,2015-01-30,F
GB2014_019,Cuban Fury,,James Griffiths,THE,2014-02-14,F
GB2014_020,Pudsey the Dog: The Movie,,Nick Moore,THE,2014-07-18,F
GB2014_021,Effie Gray,,Richard Laxton,THE,2014-10-10,F
GB2016_068,Desert Dancer,,Richard Raymond,THE,2016-04-22,F
GB2014_022,The Guvnors,Hoodies Vs. Hooligans,Gabe Turner,THE,2014-08-29,F
GB2014_023,Stilll the Enemy Within,,Owen Gower,THE,2014-10-03,D
GB2014_024,The Anomaly,,Noel Clarke,THE,2014-07-04,F
GB2014_025,An Brontannas,The Gift,Tom Collins,THE,2014-09-12,F
GB2014_026,The Double,,Richard Ayoade,THE,2014-04-04,F
GB2014_027,The Machine,,Caradog W. James,THE,2014-03-21,F
GB2014_028,The Zero Theorem,,Terry Gilliam,THE,2014-03-13,F
GB2014_029,For No Good Reason,,Charlie Paul,THE,2014-05-30,D
GB2015_079,The Theory of Everything,,James Marsh,THE,2015-01-02,F
GB2014_030,The Love Punch,,Joel Hopkins,THE,2014-04-18,F
GB2014_031,Postman Pat: The Movie,,Mike Disa,THE,2014-05-23,A
GB2014_032,Hermitage Revealed,,Margy Kinmonth,THE,2014-09-05,D
GB2014_033,Road,,"Michael Hewitt, Dermot Lavery",THE,2014-06-06,D
GB2014_034,Ironclad: Battle for Blood,,Jonathan English,THE,2014-03-14,F
GB2014_035,Tony Benn: Will and Testament,,Skip Kite,THE,2014-10-03,D
GB2014_036,One Night in Istanbul,,James Marquand,THE,2014-09-11,F
GB2014_037,The Possibilities Are Endless,,"James Hall, Edward Lovelace",THE,2014-11-07,D
GB2014_038,Set Fire to the Stars,,Andy Goddard,THE,2014-11-07,F
GB2014_039,In Search of Chopin,,Phil Grabsky,THE,2017-05-05,D
GB2014_040,How We Used to Live,,Paul Kelly,THE,2014-06-06,D
GB2014_041,I Am Ali,,Clare Lewins,THE,2014-11-28,D
GB2014_042,Dexys: Nowhere Is Home,,"Kieran Evans, Paul Kelly",THE,2014-07-18,D
GB2014_043,Svengali,,John Hardwick,THE,2014-03-21,F
GB2014_044,Looking for Light: Jane Bown,,"Luke Dodd, Michael Whyte",THE,2014-04-25,D
GB2014_045,A Dangerous Game,,Anthony Baxter,THE,2014-09-05,D
GB2014_046,Believe,,David Scheinmann,THE,2014-07-25,F
GB2014_047,Journey to Le Mans,,Charlotte Fantelli,THE,2014-11-07,D
GB2014_048,Back to the Garden,,Jon Sanders,THE,2014-03-14,F
GB2014_049,Common People,,"Stewart Alexander, Kerry Skinner",THE,2014-06-06,F
GB2014_050,Bonobo,,Matthew Hammett Knott,THE,2014-12-05,F
GB2014_051,Genesis: Together and Apart,,John Edginton,THE,2014-10-04,D
GB2014_052,Luna,,Dave McKean,THE,2014-10-10,F
GB2014_053,The Borderlands,Final Prayer,Elliot Goldner,THE,2014-03-28,F
GB2014_054,Bette Bourne: It Goes with the Shoes,,"Jeremy Jeffs, Mark Ravenhill",THE,2014-02-14,D
GB2014_055,Almost Married,,Ben Cookson,THE,2014-03-28,F
GB2014_056,We Are the Freaks,,Justin Edgar,THE,2014-04-25,F
GB2014_057,Hello Carter,,Anthony Wilcox,THE,2014-12-05,F
GB2014_058,We Still Kill the Old Way,,Sacha Bennett,THE,2014-12-12,F
GB2014_059,The Last Showing,,Phil Hawkins,THE,2014-08-22,F
GB2014_060,Scar Tissue,,Scott Michell,THE,2014-07-25,F
GB2014_061,The Sleeping Room,,John Shackleton,THE,2014-12-05,F
ES2014_001,Negociador,,Borja Cobeaga,THE,2014-09-18,F
ES2014_002,Torrente 5: Operación Eurovegas,Torrente 5,Santiago Segura,THE,2014-09-19,F
ES2014_003,Carmina y amén.,,Paco León,THE,2014-04-14,F
ES2014_004,[REC] 4: Apocalipsis,,Jaume Balagueró,THE,2014-10-31,F
ES2014_005,Musarañas,Shrew's Nest,"Juanfer Andrés, Esteban Roel",THE,2014-11-24,F
ES2014_006,"2 francos, 40 pesetas","2 Francs, 40 Pesetas",Carlos Iglesias,THE,2014-03-14,F
ES2014_007,Las ovejas no pierden el tren,,Álvaro Fernández Armero,THE,2014-11-07,F
ES2014_008,Magical Girl,,Carlos Vermut,THE,2014-10-17,F
ES2014_009,Loreak,Flowers,"Jon Garaño, José Mari Goenaga",THE,2014-10-31,F
ES2014_010,Justi&Cia,,Ignacio Estaregui,THE,2014-11-07,F
ES2014_011,A escondidas,Hidden Away,Mikel Rueda,THE,2014-10-10,F
ES2014_012,Anochece en la India,Nightfall In India,Chema Rodríguez,THE,2014-04-10,F
ES2014_013,Paco de Lucía: La búsqueda,Paco De Lucía: A Journey,Curro Sánchez,THE,2014-09-22,D
ES2014_014,Kamikaze,,Álex Pina,THE,2014-03-28,F
ES2014_015,Solo química,Just A Little Chemistry,Alfonso Albacete,THE,2014-12-17,F
ES2014_016,Lasa y Zabala,,Pablo Malo,THE,2014-09-29,F
ES2014_017,Mr. Kaplan,,Álvaro Brechner,THE,2014-03-26,F
ES2014_018,Little Galicia,Wedding In New York,Alber Ponte,THE,2014-12-01,F
ES2014_019,Fuego,Fire,Luis Marías,THE,2014-11-13,F
ES2014_020,Murieron por encima de sus posibilidades,,Isaki Lacuesta,THE,2014-09-25,F
ES2014_021,10.000 noches en ninguna parte,"10,000 Nights Nowhere",Ramón Salazar,THE,2014-05-20,F
ES2014_022,Another me,,Isabel Coixet,THE,2014-06-27,F
ES2014_023,Mortadelo y Filemón contra Jimmy el Cachondo,Mortadelo And Filemon: Mission Implausible,Javier Fesser,THE,2014-11-12,A
ES2014_024,"Pancho, el perro millonario",Millionaire Dog,Tom Fernández,THE,2014-06-05,F
ES2014_025,Cómo sobrevivir a una despedida,,Manuela Burló Moreno,THE,2014-12-15,F
ES2014_026,Sweet Home,,Rafa Martínez,THE,2014-12-19,F
ES2014_027,Rastres de sàndal,Traces Of Sandalwood,María Ripoll,THE,2014-10-16,F
ES2014_028,La ignorancia de la sangre,The Ignorance Of Blood,Manuel Gómez Pereira,THE,2014-11-04,F
ES2014_029,Por un puñado de besos,For A Handful Of Kisses,David Menkes,THE,2014-05-14,F
ES2014_030,A Esmorga,,Ignacio Vilar,THE,2014-09-30,F
ES2014_031,Messi,,Álex de la Iglesia,THE,2014-08-18,D
ES2014_032,Asesinos inocentes,,Gonzalo Bendala,THE,2014-12-02,F
ES2014_033,Bajo un manto de estrellas,,Óscar Parra de Carrizosa,THE,2014-02-14,F
ES2014_034,La luz con el tiempo dentro,,Antonio Gonzalo,THE,2014-12-15,F
ES2014_035,La partida,,Antonio Hens,THE,2014-03-21,F
ES2014_036,Stella cadente,Falling Star,Lluís Miñarro,THE,2014-05-30,F
ES2014_037,Tres mentiras,,Ana Murugarren,THE,2014-09-12,F
ES2014_038,Pos eso,Possessed,Samuel Ortí Martí,THE,2014-07-23,A
ES2014_039,Mai és tan fosc,,Èrika Sánchez,THE,2014-09-19,D
ES2014_040,Cera,,Víctor Matellano,THE,2014-06-11,F
ES2014_041,Los tontos y los estúpidos,The Silly Ones And The Stupid Ones,Roberto Castón,THE,2014-10-02,F
ES2014_042,Neckan,,Gonzalo Tapia,THE,2014-04-30,F
ES2014_043,Sonata per a violoncel,Sonata For Cello,Anna Bofarull,THE,2014-11-28,F
ES2014_044,Investigación policial,,Daniel Aguirre,THE,2014-06-12,F
ES2014_045,Historias de Lavapiés,Lavapiés,Ramón Luque,THE,2014-10-15,F
ES2014_046,O ouro do tempo,The Value Of Time,Xavier Bermúdez,THE,2014-08-01,F
ES2014_047,1980,,Iñaki Arteta,THE,2014-11-12,D
ES2014_048,"Sacromonte, los sabios de la tribu",,Chus Gutiérrez,THE,2014-10-27,D
ES2014_049,Paradiso,,Omar A. Razzak,THE,2014-04-11,D
ES2014_050,Flow,,David Martínez,THE,2014-12-12,F
ES2014_051,Zarpazos! Un Viaje Por El Spanish Horror,Clawing! A Journey Through The Spanish Horror,Víctor Matellano,THE,2014-06-19,D
ES2014_052,Asmodexia,,Marc Carreté,THE,2014-11-14,F
ES2014_053,El mal del arriero,,José Camello Manzano,THE,2014-12-12,F
ES2014_054,L'Home del metro,,Joan Vall Karsunke,THE,2014-10-09,D
ES2014_055,Haz de tu vida una obra de arte,Make Your Life A Masterpiece In Progress,Fernando Merinero,THE,2014-05-30,F
ES2014_056,Hotel Nueva Isla,,"Irene Gutiérrez Torres, Javier Labrador Deulofeu",THE,2014-12-22,D
ES2014_057,L'últim partit. 40 anys de Johan Cruyff a Catalunya,,Jordi Marcos,THE,2014-12-12,D
ES2014_058,Cinema en temps de guerra,,Bartomeu Vilà,THE,2014-12-05,D
ES2014_059,La pantalla herida,,Luis María Ferrández,THE,2014-10-10,D
ES2014_060,Huidas,Escapes,Mercedes Gaspar,THE,2014-07-11,F
ES2014_061,Mis Cármenes,,Samuel Domingo,FES,2014-11-06,D
ES2021_044,Madres paralelas,Parallel Mothers,Pedro Almodóvar,THE,2021-10-08,F
ES2021_045,El buen patrón,The Good Boss,Fernando León de Aranoa,THE,2021-10-14,F
ES2021_046,Mamá o papá,You Keep The Kids,Dani de la Orden,THE,2021-12-17,F
ES2021_047,Pan de limón con semillas de amapola,Lemon And Poppy Seed Cake,Benito Zambrano,THE,2021-11-09,F
ES2021_048,Las leyes de la frontera,The Laws Of The Border,Daniel Monzón,THE,2021-10-06,F
ES2021_049,Tengamos la fiesta en paz,,Juan Manuel Cotelo,THE,2021-12-03,F
ES2021_050,Chavalas,,Carol Rodríguez Colás,THE,2021-09-03,F
ES2021_051,"España, la primera globalización",,José Luis López-Linares,THE,2021-10-15,D
ES2021_052,La hija,The Daughter,Manuel Martín Cuenca,THE,2021-11-11,F
ES2021_053,Love Gets a Room,,Rodrigo Cortés,THE,2021-11-16,F
ES2021_054,Cuidado con lo que deseas,,Fernando Colomo,THE,2021-11-07,F
ES2021_055,A Perfect Enemy,,Kike Maíllo,THE,2021-04-30,F
ES2021_056,El refugio,,Macarena Astorga,THE,2021-11-26,F
ES2021_057,Sevillanas de Brooklyn,,Vicente Villanueva,THE,2021-09-17,F
ES2021_058,Érase una vez en Euskadi,,Manu Gómez,THE,2021-10-22,F
ES2021_059,El club del paro,,David Marqués,THE,2021-09-17,F
ES2021_060,El año de la furia,The Year Of Fury,Rafa Russo,THE,2021-05-28,F
ES2021_061,Ama,,Júlia de Paz,THE,2021-07-02,F
ES2021_062,Alegría,,Violeta Salama,THE,2021-12-10,F
ES2021_063,Hombre muerto no sabe vivir,,Ezekiel Montes,THE,2021-07-02,F
ES2019_081,Padre no hay más que uno,Father There Is Only One,Santiago Segura,THE,2019-08-01,F
ES2019_082,Lo dejo cuando quiera,I Can Quit Whenever I Want,Carlos Therón,THE,2019-04-12,F
ES2019_083,Bajo el mismo techo,,Juana Macías,THE,2019-02-01,F
ES2019_084,Los Japón,The Japon,Álvaro Díaz Lorenzo,THE,2019-06-28,F
ES2019_085,El silencio de la ciudad blanca,Twin Murders: The Silence Of The White City,Daniel Calparsoro,THE,2019-10-25,F
ES2019_086,Elcano y Magallanes. La primera vuelta al mundo,Elcano & Magallanes: First Trip Around The World,Ángel Alonso,THE,2019-07-05,A
ES2019_087,Intemperie,Out In The Intemperie,Benito Zambrano,THE,2019-11-19,F
ES2019_088,La influencia,The Influence,Denis Rovira van Boekholt,THE,2019-06-21,F
ES2019_089,Litus,,Dani de la Orden,THE,2019-09-10,F
ES2019_090,El asesino de los caprichos,The Goya Murders,Gerardo Herrero,THE,2019-10-15,F
ES2019_091,Feedback,Hostage Radio,Pedro C. Alonso,THE,2019-03-01,F
ES2019_092,Antes de la quema,,Fernando Colomo,THE,2019-06-06,F
ES2019_093,Ventajas de viajar en tren,Advantages Of Travelling By Train,Aritz Moreno,THE,2019-10-25,F
ES2019_094,70 Binladens,70 Big Ones,Koldo Serra,THE,2019-03-08,F
ES2019_095,Madre,Mother,Rodrigo Sorogoyen,THE,2019-11-11,F
ES2019_096,7 raons per fugir,7 Reasons To Run Away (from Society),"Gerard Quinto, Esteve Soler, David Torras",THE,2019-04-05,F
ES2018_069,Campeones,Champions,Javier Fesser,THE,2018-04-06,F
ES2018_070,Superlópez,Super Lopez,Javier Ruiz Caldera,THE,2018-10-25,F
ES2018_071,Yucatán,Yucatan,Daniel Monzón,THE,2018-08-31,F
ES2018_072,El cuaderno de Sara,Sara's Notebook,Norberto López Amado,THE,2018-02-02,F
ES2018_073,El pacto,The Pact,David Victori,THE,2018-08-17,F
ES2018_074,Tiempo después,Some Time Later,José Luis Cuerda,THE,2018-12-21,F
ES2018_075,Down a Dark Hall,Blackwood,Rodrigo Cortés,THE,2018-08-01,F
ES2018_076,La sombra de la ley,Gun City,Dani de la Torre,THE,2018-11-10,F
ES2018_077,El mundo es suyo,,Alfonso Sánchez,THE,2018-06-22,F
ES2018_078,No dormirás,You Shall Not Sleep,Gustavo Hernández,THE,2018-06-15,F
ES2018_079,El aviso,The Warning,Daniel Calparsoro,THE,2018-03-23,F
ES2018_080,Las leyes de la termodinámica,,Mateo Gil,THE,2018-04-20,F
ES2018_081,Errementari,,Paul Urkijo Alijo,THE,2018-03-02,F
ES2018_082,Viaje al cuarto de una madre,Journey To A Mother's Room,Celia Rico Clavellino,THE,2018-10-05,F
ES2018_083,Black is Beltza,,Fermín Muguruza,THE,2018-10-05,A
ES2018_084,El desentierro,The Uncovering,Nacho Ruipérez,THE,2018-11-16,F
ES2018_085,Bajo la piel de lobo,The Skin Of The Wolf,Samu Fuentes,THE,2018-03-09,F
ES2018_086,Animales sin collar,Unbridled,Jota Linares,THE,2018-10-19,F
ES2018_087,Camarón: Flamenco y revolución,,Alexis Morante,THE,2018-06-01,D
ES2018_088,Dhogs,,Andrés Goteira,THE,2018-02-15,F
ES2018_089,Ana de día,Ana By Day,Andrea Jaurrieta,THE,2018-10-29,F
ES2020_068,Adú,,Salvador Calvo,THE,2020-01-31,F
ES2020_069,Operación Camarón,Undercover Wedding Crashers,Carlos Therón,THE,2020-03-13,F
ES2020_070,Hasta que la boda nos separe,The Wedding Unplanner,Dani de la Orden,THE,2020-02-11,F
ES2020_071,La Gallina Turuleca,"Turu, The Wacky Hen","Eduardo Gondell, Víctor Monigote",THE,2020-01-01,A
ES2020_072,El verano que vivimos,,Carlos Sedes,THE,2020-12-04,F
ES2020_073,Las niñas,Schoolgirls,Pilar Palomero,THE,2020-09-01,F
ES2020_074,Voces,Don't Listen,Ángel Gómez Hernández,THE,2020-07-24,F
ES2020_075,Explota Explota,My Heart Goes Boom!,Nacho Álvarez,THE,2020-09-30,F
ES2020_076,Ni de coña,,Fernando Ayllón,THE,2020-11-12,F
ES2020_077,La vampira de Barcelona,The Barcelona Vampiress,Lluís Danés,THE,2020-12-04,F
ES2020_078,Ane,Ane Is Missing,David Pérez Sañudo,THE,2020-10-13,F
GB2021_053,The Electrical Life of Louis Wain,,Will Sharpe,THE,2021-12-31,F
GB2021_054,Nowhere Special,,Uberto Pasolini,THE,2021-07-16,F
GB2021_055,Dream Horse,,Euros Lyn,THE,2021-06-04,F
GB2021_056,The Power of the Dog,,Jane Campion,THE,2021-11-19,F
GB2021_057,Censor,,Prano Bailey-Bond,THE,2021-08-20,F
GB2020_046,Falling for Figaro,,Ben Lewin,FES,2021-09-09,F
GB2020_047,Stardust,,Gabriel Range,FES,2020-10-28,F
GB2020_048,The Reckoning,,Neil Marshall,FES,2020-10-23,F
GB2021_058,Boys from County Hell,,Chris Baugh,THE,2021-08-06,F
GB2021_059,Quant,,Sadie Frost,THE,2021-10-29,D
GB2021_060,Surge,,Aneil Karia,THE,2021-05-28,F
GB2021_061,The Nest,,Sean Durkin,THE,2021-08-27,F
GB2021_062,Ammonite,,Francis Lee,THE,2021-04-16,F
GB2020_044,The Rhythm Section,,Reed Morano,THE,2020-01-31,F
GB2020_045,White Riot,,Rubika Shah,THE,2020-09-18,D
GB2019_085,Rocketman,,Dexter Fletcher,THE,2019-05-24,F
GB2019_086,Horrible Histories: The Movie - Rotten Romans,,Dominic Brigstocke,THE,2019-07-26,F
GB2020_049,Radioactive,,Marjane Satrapi,THE,2020-03-13,F
GB2019_087,The Informer,,Andrea Di Stefano,THE,2019-08-30,F
GB2019_088,StarDog and TurboCat,,Ben Smith,THE,2019-12-06,A
GB2019_089,Marianne & Leonard: Words of Love,,Nick Broomfield,THE,2019-07-26,D
GB2019_090,Sometimes Always Never,,Carl Hunter,THE,2019-06-14,F
GB2019_091,Animals,,Sophie Hyde,THE,2019-08-02,F
GB2019_092,In Fabric,,Peter Strickland,THE,2019-06-28,F
GB2019_093,The Last Tree,,Shola Amoo,THE,2019-09-27,F
GB2019_094,The Favourite,,Yorgos Lanthimos,THE,2019-01-04,F
GB2018_077,Early Man,,Nick Park,THE,2018-01-26,A
GB2018_078,Patrick,,Mandie Fletcher,THE,2018-06-29,F
GB2018_079,Nativity Rocks!,,Debbie Isitt,THE,2018-11-23,F
GB2018_080,Mary Shelley,,Haifaa Al-Mansour,THE,2018-07-06,F
GB2018_081,7 Days in Entebbe,,José Padilha,THE,2018-05-11,F
GB2018_082,Edie,,Simon Hunter,THE,2018-05-25,F
GB2018_083,Swimming with Men,,Oliver Parker,THE,2018-07-06,F
GB2018_084,Peterloo,,Mike Leigh,THE,2018-11-02,F
GB2018_085,Eric Clapton: Life in 12 Bars,,Lili Fini Zanuck,THE,2018-01-12,D
GB2018_086,My Generation,,David Batty,THE,2018-03-16,D
GB2018_087,Funny Cow,,Adrian Shergold,THE,2018-04-20,F
GB2018_088,The Escape,,Dominic Savage,THE,2018-08-03,F
GB2018_089,In Darkness,,Anthony Byrne,THE,2018-07-06,F
GB2018_090,"Westwood: Punk, Icon, Activist",,Lorna Tucker,THE,2018-03-23,D
GB2018_091,Spitfire,,"David Fairhead, Ant Palmer",THE,2018-07-20,D
GB2018_092,Journeyman,,Paddy Considine,THE,2018-03-30,F
GB2018_093,The Last Witness,,Piotr Szkopiak,THE,2018-08-17,F
GB2018_094,Nae Pasaran,,Felipe Bustos Sierra,THE,2018-11-02,D
IT2014_001,Rada,Roadstead,Alessandro Abba Legnazzi,FES,2014-11-21,D
IT2014_002,Una nobile rivoluzione,A Noble Revolution,Simone Cangelosi,FES,2014-11-22,D
IT2014_003,"Il ricco, il povero e il maggiordomo",,"Aldo Baglio, Morgan Bertacca, Giacomo Poretti, Giovanni Storti",THE,2014-11-12,F
IT2014_004,Un boss in salotto,,Luca Miniero,THE,2014-01-01,F
IT2014_005,Sotto una buona stella,,Carlo Verdone,THE,2014-02-13,F
IT2014_006,Andiamo a quel paese,,"Salvatore Ficarra, Valentino Picone",THE,2014-06-11,F
IT2014_007,Il giovane favoloso,Leopardi,Mario Martone,THE,2014-10-16,F
IT2014_008,La scuola più bella del mondo,,Luca Miniero,THE,2014-11-13,F
IT2014_009,Il capitale umano,Human Capital,Paolo Virzì,THE,2014-09-01,F
IT2014_010,Scusate se esisto!,Do you see me?,Riccardo Milani,THE,2014-11-20,F
IT2014_011,Allacciate le cinture,Fasten Your Seatbelts,Ferzan Ozpetek,THE,2014-06-03,F
IT2014_012,Il ragazzo invisibile,Invisible Boy,Gabriele Salvatores,THE,2014-12-18,F
IT2014_013,Smetto quando voglio,I can quit whenever I want,"Sydney Sibilia, Fabio Ferro",THE,2014-06-02,F
IT2014_014,... E fuori nevica!,,Vincenzo Salemme,THE,2014-10-16,F
IT2014_015,Confusi e felici,Happily Mixed Up,Massimiliano Bruno,THE,2014-10-30,F
IT2014_016,Ma tu di che segno 6?,,Neri Parenti,THE,2014-11-12,F
IT2014_017,Una donna per amica,A Woman as a Friend,Giovanni Veronesi,THE,2014-02-27,F
IT2014_018,Un fidanzato per mia moglie,A boyfriend for my wife,Davide Marengo,THE,2014-04-30,F
IT2014_019,Ogni maledetto Natale,,"Giacomo Ciarrapico, Mattia Torre, Luca Vendruscolo",THE,2014-11-27,F
IT2014_020,Sapore di te,,Carlo Vanzina,THE,2014-09-01,F
IT2014_021,Un matrimonio da favola,A Fairy-Tale Wedding,Carlo Vanzina,THE,2014-10-04,F
IT2014_022,Soap Opera,,Alessandro Genovesi,THE,2014-10-23,F
IT2014_023,La sedia della felicità,The Chair of Happiness,Carlo Mazzacurati,THE,2014-04-24,F
IT2014_024,La gente che sta bene,The Well-to-do,Francesco Patierno,THE,2014-01-30,F
IT2014_025,Le meraviglie,The Wonders,Alice Rohrwacher,THE,2014-05-22,F
IT2014_026,Anime nere,Black Souls,Francesco Munzi,THE,2014-09-18,F
IT2014_027,I nostri ragazzi,The Dinner,Ivano De Matteo,THE,2014-05-09,F
IT2014_028,Perez.,,Edoardo De Angelis,THE,2014-02-10,F
IT2014_029,Song 'e Napule,,"Antonio Manetti, Marco Manetti",THE,2014-04-17,F
IT2014_030,Ti ricordi di me?,Remember me?,Rolando Ravello,THE,2014-03-04,F
IT2014_031,Un ragazzo d'oro,A Golden Boy,Pupi Avati,THE,2014-09-18,F
IT2014_032,La mossa del pinguino,The Penguin Move,Claudio Amendola,THE,2014-06-03,F
IT2014_033,La buca,Money Buddies,Daniele Ciprì,THE,2014-09-25,F
IT2014_034,Maldamore,,Angelo Longoni,THE,2014-03-13,F
IT2014_035,Anita B.,,Roberto Faenza,THE,2014-01-16,F
IT2014_036,Noi 4,,Francesco Bruni,THE,2014-03-20,F
IT2014_037,Ti sposo ma non troppo,,Gabriele Pignotta,THE,2014-04-17,F
IT2014_038,Ambo,,Pierluigi Di Lallo,THE,2014-04-12,F
IT2014_039,Buoni a nulla,,Gianni Di Gregorio,THE,2014-10-23,F
IT2014_040,In grazia di Dio,Quiet Bliss,Edoardo Winspeare,THE,2014-03-27,F
IT2014_041,Cuccioli - Il paese del vento,Pet Pals in Windland,Sergio Manfio,THE,2014-03-27,A
IT2014_042,Pane e burlesque,,Manuela Tempesta,THE,2014-05-29,F
IT2014_043,La nostra terra,Mafia & Tomatoes,Giulio Manfredonia,THE,2014-09-18,F
IT2014_044,Belluscone. Una storia siciliana,,Franco Maresco,THE,2014-04-09,D
IT2014_045,Il venditore di medicine,The Medicine Seller,Antonio Morabito,THE,2014-04-30,F
IT2014_046,Senza nessuna pietà,Senza Pietà,Michele Alhaique,THE,2014-11-09,F
IT2014_047,Arance & martello,The Market,Diego Bianchi,THE,2014-05-09,F
IT2014_048,Se chiudo gli occhi non sono più qui,If I close my eyes I'm not here,Vittorio Moroni,THE,2014-09-18,F
IT2014_049,La luna su Torino,45th Parallel,Davide Ferrario,THE,2014-03-27,F
IT2014_050,Piccola patria,Small Homeland,Alessandro Rossetto,THE,2014-10-04,F
IT2014_051,2047 - Sights of Death,2047 - Sights of Death,Alessandro Capone,THE,2014-07-24,F
IT2014_052,Mio papà,,Giulio Base,THE,2014-11-27,F
IT2014_053,Più buio di mezzanotte,Darker than Midnight,Sebastiano Riso,THE,2014-05-15,F
IT2014_054,Incompresa,Misunderstood,Asia Argento,THE,2014-05-06,F
IT2014_055,Francesco da Buenos Aires,,"Fulvio Iannucci, Miguel Rodríguez Arias",THE,2014-04-28,D
IT2014_056,Take Five,,Guido Lombardi,THE,2014-02-10,F
IT2014_057,Il mondo fino in fondo,Up to the World,Alessandro Lunardelli,THE,2014-04-30,F
IT2014_058,Il pretore,,Giulio Base,THE,2014-03-04,F
IT2014_059,Perfidia,,Bonifacio Angius,THE,2014-10-23,F
IT2014_060,Il leone di vetro,,Salvatore Chiosi,THE,2014-11-13,F
IT2014_061,La moglie del sarto,,Massimo Scaglione,THE,2014-05-15,F
IT2014_062,Il Mistero di Dante,Dante’s Mystery,Louis Nero,THE,2014-02-13,F
IT2014_063,Il segreto di Italia,,Antonello Belluco,THE,2014-11-19,F
IT2014_064,Felice chi è diverso,Happy to be Different,Gianni Amelio,THE,2014-06-03,D
IT2014_065,Nessuno mi pettina bene come il vento,No-one can brush my head like the wind,Peter Del Monte,THE,2014-10-04,F
IT2014_066,Fuoristrada,Off-Road,Elisa Amoruso,THE,2014-03-27,D
IT2014_067,La legge è uguale per tutti... forse,,"Ciro Ceruti, Ciro Villano, Leopoldo Pescatore",THE,2014-02-27,F
IT2014_068,Zio Angelo e i tempi moderni,,Daniele Chiariello,THE,2014-06-02,F
IT2014_069,Vacanz...Ieri Oggi E Domani,,"Lucio Ciotola, Fabio Massa",THE,2014-08-05,F
IT2014_070,Racconti d'amore,Love Stories,Elisabetta Sgarbi,THE,2014-04-24,F
IT2014_071,Io rom romantica,,Laura Halilovic,THE,2014-07-24,F
IT2014_072,Ore diciotto in punto,,Giuseppe Gigliorosso,THE,2014-12-06,F
IT2014_073,Vinodentro,Rewined,Ferdinando Vicentini Orgnani,THE,2014-11-09,F
IT2014_074,Nottetempo,,Francesco Prisco,THE,2014-03-04,F
IT2014_075,La zuppa del demonio,,Davide Ferrario,THE,2014-11-09,D
IT2014_076,La foresta di ghiaccio,Ice Forest,Claudio Noce,THE,2014-11-13,F
IT2014_077,Il treno va a Mosca,The Train to Moscow,"Federico Ferrone, Michele Manzolini",THE,2014-01-05,D
IT2014_078,La Banda dei Supereroi,,Davide Limone,THE,2014-10-16,F
IT2014_079,Sogni di gloria,,"John Snellinberg, Patrizio Gioffredi",THE,2014-05-15,F
IT2014_080,Controra,House of Shadows,Rossella De Venuto,THE,2014-05-06,F
IT2014_081,La Matricola,,Maurizio Valente,THE,2014-12-05,F
IT2014_082,La madre,,Angelo Maresca,THE,2014-10-07,F
IT2014_083,Sarà un paese,Country that will be,Nicola Campiotti,THE,2014-11-20,D
IT2014_084,Presto farà giorno,The Day Will Come,Giuseppe Ferlito,THE,2014-03-20,F
IT2014_085,L'estate sta finendo,The Summer is Ending,Stefano Tummolini,THE,2014-10-07,F
IT2014_086,Maicol Jecson,Moonwalking Distance,"Enrico Audenino, Francesco Calabrese",THE,2014-07-17,F
IT2014_087,Ritual - Una storia psicomagica,,"Giulia Brazzale, Luca Immesi",THE,2014-08-05,F
IT2014_088,Sangue,,Pippo Delbono,THE,2014-01-13,D
IT2014_089,"La storia di Cino, il bambino che attraversò la montagna",The Story of Cino,Carlo Alberto Pinelli,THE,2014-11-12,F
IT2014_090,Ragazze a mano armata,,Fabio Segatori,THE,2014-06-19,F
IT2014_091,In viaggio con Cecilia,,"Mariangela Barbanente, Cecilia Mangini",THE,2014-01-27,D
IT2014_092,Tutte le storie di Piera,All About Piera,Peter Marcias,THE,2014-06-26,D
IT2015_001,Si accettano miracoli,Miracles Accepted,Alessandro Siani,THE,2015-01-01,F
IT2015_002,Natale col boss,,Volfango De Biasi,THE,2015-12-16,F
IT2015_003,Vacanze ai Caraibi,,Neri Parenti,THE,2015-12-16,F
IT2015_004,Youth - la giovinezza,Youth,Paolo Sorrentino,THE,2015-05-20,F
IT2015_005,Ma che bella sorpresa,,Alessandro Genovesi,THE,2015-11-03,F
IT2015_006,Suburra,Suburra,Stefano Sollima,THE,2015-10-14,F
IT2015_007,Belli di papà,Daddy's Boys,Guido Chiesa,THE,2015-10-29,F
IT2015_008,Se Dio vuole,God Willing,Edoardo Maria Falcone,THE,2015-09-04,F
IT2015_009,Noi e la Giulia,The Legendary Giulia and Other Miracles,Edoardo Leo,THE,2015-02-19,F
IT2015_010,Italiano medio,,Marcello Macchia,THE,2015-01-29,F
IT2015_011,Chiamatemi Francesco - Il Papa della gente,Call me Francesco - The Pope,Daniele Luchetti,THE,2015-03-12,F
IT2015_012,Mia madre,My Mother,Nanni Moretti,THE,2015-04-16,F
IT2015_013,Matrimonio al Sud,,Paolo Costella,THE,2015-12-11,F
IT2015_014,Io che amo solo te,,Marco Ponti,THE,2015-10-22,F
IT2015_015,Nessuno si salva da solo,You can't save yourself alone,Sergio Castellitto,THE,2015-05-03,F
IT2015_016,Il racconto dei racconti,Tale of Tales,Matteo Garrone,THE,2015-05-14,F
IT2015_017,Il nome del figlio,,Francesca Archibugi,THE,2015-01-22,F
IT2015_018,Sei mai stata sulla luna?,,Paolo Genovese,THE,2015-01-22,F
IT2015_019,Gli ultimi saranno ultimi,The Last will be last,Massimiliano Bruno,THE,2015-12-11,F
IT2015_020,Latin Lover,Latin Lover,Cristina Comencini,THE,2015-03-19,F
IT2015_021,Io e lei,"Me, Myself and Her",Maria Sole Tognazzi,THE,2015-01-10,F
IT2015_022,Tutte lo vogliono,,Alessio Maria Federici,THE,2015-09-17,F
IT2015_023,Loro chi?,Them Who?,"Fabio Bonifacci, Francesco Miccichè",THE,2015-11-19,F
IT2015_024,La scelta,The Choice,Michele Placido,THE,2015-02-04,F
IT2015_025,La felicità è un sistema complesso,The Complexity of Happiness,Gianni Zanasi,THE,2015-11-26,F
IT2015_026,Non essere cattivo,Don't Be Bad,Claudio Caligari,THE,2015-08-09,F
IT2015_027,Maraviglioso Boccaccio,Wondrous Boccaccio,"Paolo Taviani, Vittorio Taviani",THE,2015-02-26,F
IT2015_028,Alaska,The Beginners,Claudio Cupellini,THE,2015-05-11,F
IT2015_029,Dobbiamo parlare,Let's Talk,Sergio Rubini,THE,2015-11-19,F
IT2015_030,Ho ucciso Napoleone,,Giorgia Farina,THE,2015-03-26,F
IT2015_031,Italo,,Alessia Scarso,THE,2015-01-15,F
IT2015_032,Le leggi del desiderio,,Silvio Muccino,THE,2015-02-26,F
IT2015_033,Per amor vostro,,Giuseppe M. Gaudino,THE,2015-09-17,F
IT2015_034,Hungry Hearts,Hungry Hearts,Saverio Costanzo,THE,2015-01-15,F
IT2015_035,L'attesa,The Wait,Piero Messina,THE,2015-09-17,F
IT2015_036,Sangue del mio sangue,Blood of my Blood,Marco Bellocchio,THE,2015-09-09,F
IT2015_037,A Napoli non piove mai,,Sergio Assisi,THE,2015-01-10,F
IT2015_038,Soldato semplice,,"Paolo Cevoli, Alessio De Leonardis",THE,2015-02-04,F
IT2015_039,In fondo al bosco,Deep in the Wood,Stefano Lodovichi,THE,2015-11-19,F
IT2015_040,Tempo instabile con probabili schiarite,Partly Cloudy (With Sunny Spells),Marco Pontecorvo,THE,2015-02-04,F
IT2015_041,Uno per tutti,One for All,Mimmo Calopresti,THE,2015-11-26,F
IT2015_042,Babbo Natale non viene da Nord,,Maurizio Casagrande,THE,2015-11-26,F
IT2015_043,Ci devo pensare,,Francesco Albanese,THE,2015-09-04,F
IT2015_044,Vergine giurata,Sworn Vergin,Laura Bispuri,THE,2015-03-19,F
IT2015_045,A Bigger Splash,A Bigger Splash,Luca Guadagnino,THE,2015-11-26,F
IT2015_046,The Repairman,The Repairman,Paolo Mitton,THE,2015-02-26,F
IT2015_047,La prima luce,First Light,Vincenzo Marra,THE,2015-09-24,F
IT2015_048,Pitza e datteri,Pizza and Dates,Fariborz Kamkari,THE,2015-05-28,F
IT2015_049,Il Bacio Azzurro,,Pino Tordiglione,THE,2015-04-23,F
IT2015_050,Il solengo,,"Alessio Rigo de Righi, Matteo Zoppis",FES,2015-11-20,D
IT2015_051,Between Sisters,Between Sisters,Emanuele Gerosa,FES,2015-11-27,D
IT2015_052,Uno anzi due,,Francesco Pavolini,THE,2015-09-04,F
IT2015_053,La prima volta (di mia figlia),My daughter's first time,Riccardo Rossi,THE,2015-03-19,F
IT2015_054,Iqbal - Bambini senza paura,Fearless Child. Dedicated to Iqbal,"Michel Fuzellier, Babak Payami",THE,2015-11-19,A
IT2015_055,Leoni,A Holy Venetian Family,Pietro Parolin,THE,2015-05-02,F
IT2015_056,In un posto bellissimo,Somewhere Amazing,Giorgia Cecere,THE,2015-08-27,F
IT2015_057,Un posto sicuro,,Francesco Ghiaccio,THE,2015-03-12,F
IT2015_058,L'amour ne pardonne pas,,Stefano Consiglio,THE,2015-09-04,F
IT2015_059,Una Meravigliosa Stagione Fallimentare,A wonderful season of failure,Mario Bucci,THE,2015-01-29,D
IT2015_060,Dancing with Maria,Dancing with Maria,Ivan Gergolet,THE,2015-02-26,D
IT2015_061,Viva la sposa,Long Live the Bride,Ascanio Celestini,THE,2015-10-22,F
IT2015_062,Le frise ignoranti,,"Antonello De Leo, Pietro Loprieno",THE,2015-04-23,F
IT2015_063,Pecore in erba,,Alberto Caviglia,THE,2015-01-10,F
IT2015_064,Mirafiori Lunapark,,Stefano Di Polito,THE,2015-08-27,F
IT2015_065,One More Day,One More Day,Andrea Preti,THE,2015-05-14,F
IT2015_066,Banana,,Andrea Jublin,THE,2015-01-15,F
IT2015_067,Una storia sbagliata,Another South,Gianluca Maria Tavarelli,THE,2015-04-06,F
IT2015_068,Cloro,Chlorine,Lamberto Sanfelice,THE,2015-12-03,F
IT2015_069,Storie sospese,Suspended Stories,Stefano Chiantini,THE,2015-03-09,F
IT2015_070,Ameluk,,Mimmo Mancini,THE,2015-09-04,F
IT2015_071,Ultima Fermata,,Giambattista Assanti,THE,2015-10-15,F
IT2015_072,Senza Lucio,,Mario Sesti,THE,2015-04-03,D
IT2015_073,Effetti Indesiderati,,Claudio Insegno,THE,2015-10-29,F
IT2015_074,Rosso Mille Miglia,,Claudio Uberti,THE,2015-10-15,F
IT2015_075,"Io, Arlecchino",,"Matteo Bini, Giorgio Pasotti",THE,2015-11-06,F
IT2015_076,Patria,,Felice Farina,THE,2015-02-26,F
IT2015_077,Basta poco,,"Andrea Muzzi, Riccardo Paoletti",THE,2015-04-30,F
IT2015_078,Janara,,Roberto Bontà Polito,THE,2015-02-19,F
IT2015_079,Le Badanti,The Caretakers,Marco Pollini,THE,2015-11-06,F
IT2015_080,Bolgia totale,Total Bedlam,Matteo Scifoni,THE,2015-03-09,F
IT2015_081,Mauro c'ha da fare,Mauro is crazy,Alessandro Di Robilant,THE,2015-04-23,F
IT2015_082,Né Giulietta né Romeo,,Veronica Pivetti,THE,2015-11-19,F
IT2015_083,Noi siamo Francesco,We are Francesco,Guendalina Zampagni,THE,2015-06-25,F
IT2015_084,La voce,,Augusto Zucchi,THE,2015-07-05,F
IT2015_085,Meno male è Lunedì,,Filippo Vendemmiati,THE,2015-01-15,D
IT2015_086,Leone nel basilico,,Leone Pompucci,THE,2015-10-12,F
IT2015_087,Fuori dal coro,,Sergio Misuraca,THE,2015-04-06,F
IT2015_088,Nessuno siamo perfetti,,Giancarlo Soldi,THE,2015-06-18,D
IT2015_089,Cain,,Marco Filiberti,THE,2015-09-11,F
IT2015_090,Fuorigioco,,Carlo Benso,THE,2015-04-06,F
IT2015_091,Dietro gli occhiali bianchi,Behind the White Glasses,Valerio Ruiz,THE,2015-09-21,D
IT2015_092,L'ospite,,Ugo Frosi,THE,2015-04-15,F
IT2015_093,L'equilibrio del cucchiaino,,Adriano Sforzi,THE,2015-11-27,D
IT2015_094,L'orologio di Monaco,,Mauro Caputo,THE,2015-06-05,D
IT2015_095,Terra,Earth,Marco De Angelis,THE,2015-06-26,F
IT2016_001,Funne - le ragazze che sognavano il mare,"Funne, Sea Dreaming Girls",Katia Bernardi,FES,2016-10-16,D
IT2016_002,Quo vado?,,Gennaro Nunziante,THE,2016-01-01,F
IT2016_003,Perfetti sconosciuti,Perfect Strangers,Paolo Genovese,THE,2016-11-02,F
IT2016_004,L'abbiamo fatta grossa,,Carlo Verdone,THE,2016-01-28,F
IT2016_005,Poveri ma Ricchi,,Fausto Brizzi,THE,2016-12-15,F
IT2016_006,La pazza gioia,Like Crazy,Paolo Virzì,THE,2016-05-17,F
IT2016_007,Lo chiamavano Jeeg Robot,They call me Jeeg,Gabriele Mainetti,THE,2016-02-25,F
IT2016_008,In guerra per amore,At War For Love,Pif,THE,2016-10-27,F
IT2016_009,Natale a Londra: Dio Salvi la Regina,,Volfango De Biasi,THE,2016-12-15,F
IT2016_010,Non c'è più religione,Messy Christmas,Luca Miniero,THE,2016-12-07,F
IT2016_011,La corrispondenza,Correspondence,Giuseppe Tornatore,THE,2016-01-14,F
IT2016_012,Un Natale al Sud,,Federico Marsicano,THE,2016-01-12,F
IT2016_013,Fuga da Reuma Park,,"Aldo Baglio, Morgan Bertacca, Giacomo Poretti, Giovanni",THE,2016-12-15,F
IT2016_014,Non si ruba a casa dei ladri,,Carlo Vanzina,THE,2016-11-03,F
IT2016_015,Veloce come il vento,Italian Race,Matteo Rovere,THE,2016-04-07,F
IT2016_016,Se mi lasci non vale,,Vincenzo Salemme,THE,2016-01-21,F
IT2016_017,La cena di Natale,,Marco Ponti,THE,2016-11-24,F
IT2016_018,Tiramisù,,Fabio De Luigi,THE,2016-02-25,F
IT2016_019,Che vuoi che sia,What's the Big Deal,Edoardo Leo,THE,2016-11-09,F
IT2016_020,Come diventare grandi nonostante i genitori,How to Grow Up Despite Your Parents,Luca Lucini,THE,2016-11-24,F
IT2016_021,L'estate addosso,Summertime,Gabriele Muccino,THE,2016-09-14,F
IT2016_022,Forever Young,,Fausto Brizzi,THE,2016-03-10,F
IT2016_023,"Vita, cuore, battito",,Sergio Colabona,THE,2016-03-17,F
IT2016_024,Troppo napoletano,From Naples With Love,Gianluca Ansanelli,THE,2016-04-07,F
IT2016_025,Un paese quasi perfetto,An Almost Perfect Town,Massimo Gaudioso,THE,2016-03-24,F
IT2016_026,Le confessioni,The Confessions,Roberto Andò,THE,2016-04-21,F
IT2016_027,I babysitter,,Giovanni Bognetti,THE,2016-10-12,F
IT2016_028,Fai bei sogni,Sweet Dreams,Marco Bellocchio,THE,2016-11-10,F
IT2016_029,La verità sta in cielo,The Truth Lies in Heaven,Roberto Faenza,THE,2016-10-06,F
IT2016_030,Quel bravo ragazzo,,Enrico Lando,THE,2016-11-17,F
IT2016_031,Al posto tuo,,Max Croci,THE,2016-09-29,F
IT2016_032,Made in Italy: Ciao Brother,,Nicola Barnaba,THE,2016-06-09,F
IT2016_033,Nemiche per la pelle,,Luca Lucini,THE,2016-04-14,F
IT2016_034,7 minuti,7 Minutes,Michele Placido,THE,2016-11-03,F
IT2016_035,Onda su onda,,Rocco Papaleo,THE,2016-02-18,F
IT2016_036,Prima di lunedì,,Massimo Cappelli,THE,2016-09-22,F
IT2016_037,The Pills: Sempre meglio che lavorare,,Luca Vecchi,THE,2016-01-21,F
IT2016_038,Indivisibili,Indivisible,Edoardo De Angelis,THE,2016-09-29,F
IT2016_039,La vita possibile,,Ivano De Matteo,THE,2016-09-22,F
IT2016_040,Tommaso,,Kim Rossi Stuart,THE,2016-09-08,F
IT2016_041,La coppia dei campioni,,Giulio Base,THE,2016-04-28,F
IT2016_042,On Air: Storia di un Successo,,Davide Simon Mazzoli,THE,2016-03-31,F
IT2016_043,My Father Jack,My Father Jack,Tonino Zangardi,THE,2016-05-19,F
IT2016_044,Questi giorni,These Days,Giuseppe Piccioni,THE,2016-09-15,F
IT2016_045,La pelle dell'orso,On the Trail of My Father,Marco Segato,THE,2016-11-03,F
IT2016_046,Come saltano i pesci,,Alessandro Valori,THE,2016-03-31,F
IT2016_047,Mi rifaccio il trullo,,Vito Cea,THE,2016-03-03,F
IT2016_048,La macchinazione,The Ploy,David Grieco,THE,2016-03-24,F
IT2016_049,Astro Samantha,"Astrosamantha, the Space Record Woman",Gianluca Cerasola,THE,2016-03-01,D
IT2016_050,Pericle il nero,Pericles the Black,Stefano Mordini,THE,2016-05-12,F
IT2016_051,Leonardo da Vinci - Il genio a Milano,,"Luca Lucini, Nico Malaspina",THE,2016-05-02,D
IT2016_052,Milionari,The Prince of Crime,Alessandro Piva,THE,2016-02-11,F
IT2016_053,Bianco di Babbudoiu,A Fistful of Grapes,Igor Biddau,THE,2016-03-17,F
IT2016_054,La stoffa dei sogni,The Stuff of Dreams,Gianfranco Cabiddu,THE,2016-12-01,F
IT2016_055,Ustica,Ustica: The Missing Paper,Renzo Martinelli,THE,2016-03-31,F
IT2016_056,L'Universale,,Federico Micali,THE,2016-04-14,F
IT2016_057,La ragazza del mondo,Worldly Girl,Marco Danieli,THE,2016-11-09,F
IT2016_058,Le ultime cose,Pawn Streets,Irene Dionisio,THE,2016-09-29,F
IT2016_059,L'ultima spiaggia,The Last Resort,"Thanos Anastopoulos, Davide Del Degan",THE,2016-10-21,D
IT2016_060,Fräulein: una fiaba d'inverno,Fräulein - A Winter Tale,Caterina Carone,THE,2016-05-26,F
IT2016_061,Il fiume ha sempre ragione,,Silvio Soldini,THE,2016-09-08,D
IT2016_062,Con tutto l'amore che ho,,Angelo Antonucci,THE,2016-05-12,F
IT2016_063,Seconda primavera,Second Spring,Francesco Calogero,THE,2016-02-04,F
IT2016_064,La buona uscita,Golden Parachute,Enrico Iannaccone,THE,2016-05-05,F
IT2016_065,Antonia.,Antonia,Ferdinando Cito Filomarino,THE,2016-02-19,F
IT2016_066,Abbraccialo per me,,Vittorio Sindoni,THE,2016-04-21,F
IT2016_067,Ridendo e scherzando - Ritratto di un regista all'italiana,,"Paola Scola, Silvia Scola",THE,2016-02-01,D
IT2016_068,Il Ragazzo Della Giudecca,,Alfonso Bergamo,THE,2016-05-12,F
IT2016_069,Senza lasciare traccia,Leaving No Trace,Gianclaudio Cappai,THE,2016-04-14,F
IT2016_070,Liberami,Libera Nos,Federica Di Giacomo,THE,2016-09-29,D
IT2016_071,Oscar,,Dennis Dellai,THE,2016-04-17,F
IT2016_072,L'età d'oro,,Emanuela Piovano,THE,2016-04-07,F
IT2016_073,Infernet,,Giuseppe Ferlito,THE,2016-04-28,F
IT2016_074,Banat - Il viaggio,Banat,Adriano Valerio,THE,2016-04-07,F
IT2016_075,S Is for Stanley,S Is for Stanley,Alex Infascelli,THE,2016-05-30,D
IT2016_076,Attesa e cambiamenti,,Sergio Colabona,THE,2016-10-13,F
IT2016_077,Porno & Libertà,Porn to Be Free,Carmine Amoroso,THE,2016-06-23,D
IT2016_078,Assolo,Solo,Laura Morante,THE,2016-01-05,F
IT2016_079,Ab urbe coacta,,Mauro Ruvolo,FES,2016-11-18,D
IT2016_080,A pugni chiusi,,Pierpaolo De Sanctis,FES,2016-11-19,D
IT2016_081,Due euro l'ora,Two Euro per Hour,Andrea D'Ambrosio,THE,2016-05-12,F
IT2016_082,In bici senza sella,On a bike without saddle,"Francesco Dafano, Chiara De Marchis, Matteo Giancaspro, Cristian Iezzi, Gianluca Mangiasciutti, Giovanni Battista Origo, Solange Tonnini",THE,2016-11-03,F
IT2016_083,Tre giorni dopo,Three Days Later,Daniele Grassetti,THE,2016-06-01,F
IT2016_084,Una nobile causa,,Emilio Briguglio,THE,2016-05-24,F
IT2016_085,Bozzetto non troppo,,Marco Bonfanti,THE,2016-10-14,D
IT2016_086,La notte non fa più paura,Don't be afraid of the Night,Marco Cassini,THE,2016-04-08,F
IT2016_087,Mia madre fa l'attrice,,Mario Balsamo,THE,2016-08-25,D
IT2016_088,Cronaca di una passione,,Fabrizio Cattani,THE,2016-11-12,F
IT2016_089,La Sindrome di Antonio,The Antonio's Syndrome,Claudio Rossi Massimi,THE,2016-11-17,F
IT2016_090,Una diecimilalire,,Luciano Luminelli,THE,2016-09-06,F
IT2016_091,Racconto Calabrese,,Renato Pagliuso,THE,2016-10-27,F
IT2016_092,Montedoro,Montedoro,Antonello Faretta,THE,2016-04-15,F
IT2016_093,Fratelli di Sangue,,Pietro Tamaro,THE,2016-11-10,F
IT2016_094,L'amore rubato,,Irish Braschi,THE,2016-11-29,F
IT2016_095,Cristian e Palletta contro tutti,Dead Uncle,Antonio Manzini,THE,2016-06-09,F
IT2016_096,Il camionista,,Lucio Gaudino,THE,2016-09-01,F
IT2016_097,Ritmo sbilenco - Un filmino su Elio e le Storie Tese,,Mattia Colombo,THE,2016-11-23,D
IT2016_098,La grande Rabbia,,Claudio Fragasso,THE,2016-04-28,F
IT2016_099,Oggi insieme domani anche: Film partecipato,,"Antonietta de Lillo, Marco S. Puccioni, Fabiomassimo Lozzi, Nunzia Esposito, Bartolomeo Pampaloni",THE,2016-05-19,D
IT2016_100,Che cos'è l'amore?,What does love mean?,Fabio Martina,THE,2016-11-08,D
IT2016_101,"Si vis pacem, para bellum",,Stefano Calvagna,THE,2016-05-18,F
IT2016_102,Un nuovo giorno,,Stefano Calvagna,THE,2016-03-10,F
IT2016_103,80 Voglia di te,,"Andrea Vialardi, Silvia Monga",THE,2016-01-25,F
IT2016_104,Una carezza di vento,,Pino Laface,THE,2016-03-17,F
IT2016_105,Obce cialo,Foreign Body,Krzysztof Zanussi,THE,2016-05-05,F
IT2016_106,"Alfredo Bini, ospite inatteso","Alfredo Bini, the unexpected guest",Simone Isola,THE,2016-03-29,D
IT2016_107,L'altro Adamo,,Pasquale Squitieri,THE,2016-02-09,F
IT2016_108,Il profumo del tempo delle favole,,Mauro Caputo,THE,2016-11-23,D
IT2017_001,L'ora legale,It's the Law,"Salvatore Ficarra, Valentino Picone",THE,2017-01-19,F
IT2017_002,Mister Felicità,Mr. Happiness,Alessandro Siani,THE,2017-01-01,F
IT2017_003,Poveri ma ricchissimi,,Fausto Brizzi,THE,2017-12-14,F
IT2017_004,Napoli velata,Napoli in Veils,Ferzan Ozpetek,THE,2017-12-28,F
IT2017_005,Mamma o papà?,,Riccardo Milani,THE,2017-02-14,F
IT2017_006,Beata ignoranza,Ignorance is Bliss,Massimiliano Bruno,THE,2017-02-23,F
IT2017_007,The Place,,Paolo Genovese,THE,2017-09-11,F
IT2017_008,La ragazza nella nebbia,The Girl in the Fog,Donato Carrisi,THE,2017-10-26,F
IT2017_009,Moglie e marito,Wife & Husband,Simone Godano,THE,2017-12-04,F
IT2017_010,Natale da chef,,Neri Parenti,THE,2017-12-14,F
IT2017_011,La tenerezza,Holding Hands,Gianni Amelio,THE,2017-04-24,F
IT2017_012,Gli sdraiati,Couch Potatoes,Francesca Archibugi,THE,2017-11-23,F
IT2017_013,Fortunata,,Sergio Castellitto,THE,2017-05-20,F
IT2017_014,Lasciati andare,Let Yourself Go!,Francesco Amato,THE,2017-04-13,F
IT2017_015,Terapia di coppia per amanti,Couple Therapy for Cheaters,Alessio Maria Federici,THE,2017-10-26,F
IT2017_016,Rosso Istanbul,Istanbul Kirmizisi,Ferzan Ozpetek,THE,2017-02-03,F
IT2017_017,Ammore e malavita,Love and Bullets,"Antonio Manetti, Marco Manetti",THE,2017-05-10,F
IT2017_018,Caccia al tesoro,,Carlo Vanzina,THE,2017-11-23,F
IT2017_019,Il colore nascosto delle cose,Emma,Silvio Soldini,THE,2017-08-09,F
IT2017_020,Omicidio all'italiana,,Marcello Macchia,THE,2017-02-03,F
IT2017_021,Tutto quello che vuoi,Friends by chance,Francesco Bruni,THE,2017-11-05,F
IT2017_022,Il Premio,The Prize,Alessandro Gassman,THE,2017-06-12,F
IT2017_023,Classe Z,,Guido Chiesa,THE,2017-03-30,F
IT2017_024,Questione di Karma,It's All About Karma,Edoardo Maria Falcone,THE,2017-09-03,F
IT2017_025,Nove lune e mezza,,Michela Andreozzi,THE,2017-12-10,F
IT2017_026,Finché c'è prosecco c'è speranza,The Last Prosecco,Antonio Padovan,THE,2017-10-31,F
IT2017_027,Gomorroide,Welcome to Gomorrahland,"Francesco De Fraia, Raffaele Ferrante, Domenico Manfredi",THE,2017-03-09,F
IT2017_028,La casa di famiglia,The Family House,Augusto Fornari,THE,2017-11-16,F
IT2017_029,Brutti e cattivi,Ugly Nasty People,Cosimo Gomez,THE,2017-10-19,F
IT2017_030,"La verità, vi spiego, sull'amore",The Truth About Love is...,Max Croci,THE,2017-03-30,F
IT2017_031,Gatta Cenerentola,Cinderella the Cat,"Ivan Cappiello, Marino Guarnieri, Alessandro Rak, Dario Sansone",THE,2017-09-14,A
IT2017_032,Falchi,Falchi - Falcons Special Squad,Toni D'Angelo,THE,2017-03-02,F
IT2017_033,L'ordine delle cose,The Order of Things,Andrea Segre,THE,2017-09-07,F
IT2017_034,La parrucchiera,the Hairdresser,Stefano Incerti,THE,2017-04-06,F
IT2017_035,Dove non ho mai abitato,Where I've Never Lived,Paolo Franchi,THE,2017-10-12,F
IT2017_036,Piccoli crimini coniugali,Partners in Crime,Alex Infascelli,THE,2017-04-06,F
IT2017_037,Amori che non sanno stare al mondo,Stories of Love that cannot belong to this World,Francesca Comencini,THE,2017-11-29,F
IT2017_038,Easy,Easy,Andrea Magnani,THE,2017-08-31,F
IT2017_039,The Startup: Accendi il tuo futuro,The Start Up,Alessandro D'Alatri,THE,2017-04-06,F
IT2017_040,Il padre d'Italia,There is a Light,Fabio Mollo,THE,2017-03-09,F
IT2017_041,Pino Daniele - Il tempo resterà,,Giorgio Verdelli,THE,2017-03-20,D
IT2017_042,Vasco Modena Park: il film,,Pepsy Romanoff,THE,2017-12-04,D
IT2017_043,Il contagio,Tainted Souls,"Matteo Botrugno, Daniele Coluccini",THE,2017-09-28,F
IT2017_044,Tiro libero,,Alessandro Valori,THE,2017-09-21,F
IT2017_045,Ovunque tu sarai,Anywhere You Will,Roberto Capucci,THE,2017-04-06,F
IT2017_046,I peggiori,Wacky Heroes,Vincenzo Alfieri,THE,2017-05-18,F
IT2017_047,"Sole, cuore, amore","Sun, Heart, Love",Daniele Vicari,THE,2017-05-04,F
IT2017_048,L'intrusa,The Intruder,Leonardo di Costanzo,THE,2017-09-28,F
IT2017_049,L'accabadora,,Enrico Pau,THE,2017-04-20,F
IT2017_050,Cuori puri,Pure Hearts,Roberto De Paolis,THE,2017-05-24,F
IT2017_051,A Ciambra,A Ciambra,Jonas Carpignano,THE,2017-08-31,F
IT2017_052,Ferrari 312B,Ferrari 312B: Where the revolution begins,Andrea Marini,THE,2017-10-09,D
IT2017_053,Sicilian Ghost Story,Sicilian Ghost Story,"Fabio Grassadonia, Antonio Piazza",THE,2017-05-18,F
IT2017_054,Lasciami per sempre,,Simona Izzo,THE,2017-04-20,F
IT2017_055,Orecchie,Ears,Alessandro Aronadio,THE,2017-05-18,F
IT2017_056,The Broken Key,The Broken Key,Louis Nero,THE,2017-11-16,F
IT2017_057,L'equilibrio,Equilibrium,Vincenzo Marra,THE,2017-09-21,F
IT2017_058,My Name Is Adil,My Name Is Adil,"Adil Azzab, Rezene Magda, Andrea Pellizzer",THE,2017-02-06,F
IT2017_059,La vita in comune,The Ark of Disperata,Edoardo Winspeare,THE,2017-09-02,F
IT2017_060,Vieni a vivere a Napoli!,Living in Naples,"Edoardo De Angelis, Guido Lombardi, Francesco Prisco",THE,2017-03-23,F
IT2017_061,"Vedete, sono uno di voi",,"Ermanno Olmi, Giacomo Gatti",THE,2017-03-16,D
IT2017_062,Barbiana '65: La lezione di Don Milani,,Alessandro G.A. D'Alessandro,THE,2017-10-19,D
IT2017_063,Piigs,Piigs,"Adriano Cutraro, Federico Greco, Mirko Melchiorre",THE,2017-04-27,D
IT2017_064,Malarazza: una storia di periferia,,Giovanni Virgiliio,THE,2017-11-09,F
IT2017_065,Una famiglia,A Family,Sebastiano Riso,THE,2017-09-28,F
IT2017_066,I figli della notte,Children of the Night,Andrea De Sica,THE,2017-05-31,F
IT2017_067,Made in China Napoletano,,Simone Schettino,THE,2017-10-12,F
IT2017_068,Chi salverà le rose?,Who will save the roses?,Cesare Furesi,THE,2017-03-16,F
IT2017_069,Agadah,Agadah,Alberto Rondalli,THE,2017-11-16,F
IT2017_070,Veleno,Poison - The Land of the Fires,Diego Olivares,THE,2017-09-14,F
IT2017_071,Riccardo va all'inferno,Bloody Richard,Roberta Torre,THE,2017-11-30,F
IT2017_072,Gramigna,,Sebastiano Rizzo,THE,2017-11-23,F
IT2017_073,Pipì Pupù e Rosmarina in Il Mistero delle Note Rapite,"Pipi, Pupu & Rosemary - The Mystery of the Stolen Notes",Enzo D'Alò,THE,2017-11-16,A
IT2017_074,Le verità,,Giuseppe Alessio Nuzzo,THE,2017-04-27,F
IT2017_075,Gli asteroidi,The Asteroids,Germano Maccioni,THE,2017-11-01,F
IT2017_076,Maria per Roma,,Karen di Porto,THE,2017-06-08,F
IT2017_077,Il figlio sospeso,,Egidio Termine,THE,2017-11-23,F
IT2017_078,Il Giardino Dei Numeri,The Garden of Numbers,Vincenzo Stango,THE,2017-04-24,F
IT2017_079,Babylon Sisters,Babylon Sisters,Gigi Roccati,THE,2017-09-28,F
IT2017_080,Dove cadono le ombre,Where the Shadows Fall,Valentina Pedicini,THE,2017-09-06,F
IT2017_081,Ferrante Fever,Ferrante Fever,Giacomo Durzi,THE,2017-10-02,D
IT2017_082,MMA Love Never Dies,The Final Fight,Riccardo Ferrero,THE,2017-04-06,F
IT2017_083,Ho amici in paradiso,I Have Friends in Heaven,Fabrizio Maria Cortese,THE,2017-02-02,F
IT2017_084,La musica del silenzio,The Music of Silence,Michael Radford,THE,2017-09-18,F
IT2017_085,Il vangelo secondo Mattei,The Gospel according to Mattei,"Antonio Andrisani, Pascal Zullino",THE,2017-10-26,F
IT2017_086,La mia famiglia a soqquadro,The Family Jumble,Max Nardari,THE,2017-03-30,F
IT2017_087,E se mi comprassi una sedia?,,Pasquale Falcone,THE,2017-05-11,F
IT2017_088,Fausto e Furio,,Lucio Gaudino,THE,2017-07-06,F
IT2017_089,La ragazza dei miei sogni,,Saverio Di Biagio,THE,2017-04-27,F
IT2017_090,Ninna Nanna,,"Dario Germani, Enzo Russo",THE,2017-06-29,F
IT2017_091,Veleni,,Nadia Baldi,THE,2017-10-19,F
IT2017_092,Una gita a Roma,,Karin Proia,THE,2017-05-04,F
IT2017_093,7 Giorni,7 Days,Rolando Colla,THE,2017-08-24,F
IT2017_094,Felicissime Condoglianze,,Antonio Adamo,THE,2017-11-02,F
IT2017_095,My Italy,My Italy,Bruno Colella,THE,2017-05-18,F
IT2017_096,Per un figlio,For a Son,Suranga Deshapriya Katugampala,THE,2017-03-30,F
IT2017_097,L'amatore,,Maria Mauti,THE,2017-10-05,D
IT2017_098,SFashion,,Mauro John Capece,THE,2017-03-23,F
IT2017_099,Il mondo di mezzo,,Massimo Scaglione,THE,2017-05-04,F
IT2017_100,Lievito madre: Le ragazze del secolo scorso,,"Esmeralda Calabria, Concita De Gregorio",THE,2017-11-07,D
IT2017_101,Te absolvo,,Carlo Benso,THE,2017-03-27,F
IT2017_102,Il crimine non va in pensione,,Fabio Fulco,THE,2017-06-15,F
IT2017_103,L'Esodo,,Ciro Formisano,THE,2017-11-09,F
IT2017_104,Mexico! Un cinema alla riscossa,Mexico! The cinema strikes back,Michele Rho,THE,2017-05-04,D
IT2017_105,Così parlò De Crescenzo,Thus Spoke De Crescenzo,Antonio Napoli,THE,2017-10-26,D
IT2017_106,Acqua di marzo,Late Winter Rain,Ciro De Caro,THE,2017-04-20,F
IT2017_107,The Habit of Beauty,The Habit of Beauty,Mirko Pincelli,THE,2017-06-22,F
IT2017_108,Mothers,,Liana Marabini,THE,2017-04-13,F
IT2017_109,Andròn: The Black Labyrinth,Andròn: The Black Labyrinth,Francesco Cinquemani,THE,2017-07-27,F
IT2017_110,La fuga,,Stefano Calvagna,THE,2017-07-27,F
IT2017_111,Socialmente Pericolosi,,Fabio Venditti,THE,2017-01-24,F
IT2017_112,La lucida follia di Marco Ferreri,Marco Ferreri: Dangerous but necessary,Selma Dell'Olio,THE,2017-11-27,D
IT2017_113,Un uomo e una voce - A Beniamino Gigli,,Giuseppe Conti,THE,2017-09-22,F
IT2017_114,Nessuno ci può giudicare,,"Steve della Casa, Chiara Ronchini",THE,2017-06-01,F
IT2018_001,A casa tutti bene,There Is No Place Like Home,Gabriele Muccino,THE,2018-02-14,F
IT2018_002,Benedetta follia,Blessed Madness,Carlo Verdone,THE,2018-01-11,F
IT2018_003,La Befana vien di notte,The Legend of the Christmas Witch,Michele Soavi,THE,2018-12-27,F
IT2018_004,Amici come prima,,"Christian De Sica, Brando De Sica",THE,2018-12-19,F
IT2018_005,Moschettieri del re: La Penultima Missione,The King's Musketeers,Giovanni Veronesi,THE,2018-12-27,F
IT2018_006,Loro 1,,Paolo Sorrentino,THE,2018-04-24,F
IT2018_007,Se son rose,,Leonardo Pieraccioni,THE,2018-11-29,F
IT2018_008,The Leisure Seeker,The Leisure Seeker,Paolo Virzì,THE,2018-01-18,F
IT2018_009,Il vegetale,,Gennaro Nunziante,THE,2018-01-18,F
IT2018_010,Metti la nonna in freezer,Put Grandma in the Freezer,"Giancarlo Fontana, Giuseppe Stasi",THE,2018-03-15,F
IT2018_011,Ti presento Sofia,Let Me Introduce You to Sofia,Guido Chiesa,THE,2018-10-31,F
IT2018_012,Dogman,,Matteo Garrone,THE,2018-05-17,F
IT2018_013,Loro 2,,Paolo Sorrentino,THE,2018-05-10,F
IT2018_014,Puoi baciare lo sposo,My Big Gay Italian Wedding,Alessandro Genovesi,THE,2018-03-01,F
IT2018_015,Sono tornato,I'm back,Luca Miniero,THE,2018-02-01,F
IT2018_016,Una festa esagerata,,Vincenzo Salemme,THE,2018-03-22,F
IT2018_017,Il testimone invisibile,The Invisible Witness,Stefano Mordini,THE,2018-12-13,F
IT2018_018,Arrivano i prof,,Ivan Silvestrini,THE,2018-05-01,F
IT2018_019,Io sono Tempesta,,Daniele Luchetti,THE,2018-12-04,F
IT2018_020,Euforia,Euphoria,Valeria Golino,THE,2018-10-25,F
IT2018_021,Il vizio della speranza,The Vice of Hope,Edoardo De Angelis,THE,2018-11-22,F
IT2018_022,Io c'è,,Alessandro Aronadio,THE,2018-03-29,F
IT2018_023,Il ragazzo invisibile: Seconda generazione,The Invisible Boy: Second Generation,Gabriele Salvatores,THE,2018-01-04,F
IT2018_024,Notti magiche,Magical Nights,Paolo Virzì,THE,2018-11-08,F
IT2018_025,Finalmente sposi,,Lello Arena,THE,2018-01-25,F
IT2018_026,Sconnessi,,Cristian Marazziti,THE,2018-02-22,F
IT2018_027,La fuitina sbagliata,,Mimmo Esposito,THE,2018-10-11,F
IT2018_028,Una storia senza nome,The Stolen Caravaggio,Roberto Andò,THE,2018-09-20,F
IT2018_029,Uno di famiglia,One of the Family,Alessio Maria Federici,THE,2018-10-25,F
IT2018_030,Cosa fai a Capodanno?,What for New Year’s Eve?,Filippo Bologna,THE,2018-11-15,F
IT2018_031,Michelangelo - Infinito,Michelangelo - Endless,Emanuele Imbucci,THE,2018-09-27,D
IT2018_032,Ricchi di fantasia,Dreamfools,Francesco Miccichè,THE,2018-09-27,F
IT2018_033,"Santiago, Italia",,Nanni Moretti,THE,2018-12-06,D
IT2018_034,Sulla mia pelle. Gli ultimi sette giorni di Stefano Cucchi,On My Skin: The Last Seven Days of Stefano Cucchi,Alessio Cremonini,THE,2018-09-12,F
IT2018_035,Lazzaro felice,Happy as Lazzaro,Alice Rohrwacher,THE,2018-05-31,F
IT2018_036,Fabrizio De André: Principe libero,,Luca Facchini,THE,2018-01-23,F
IT2018_037,Tu mi nascondi qualcosa,,Giuseppe Lo Console,THE,2018-04-25,F
IT2018_038,Hotel Gagarin,Hotel Gagarin,Simone Spada,THE,2018-05-24,F
IT2018_039,Il tuttofare,The Handyman,Valerio Attanasio,THE,2018-04-19,F
IT2018_040,Tonno spiaggiato,,Matteo Martinez,THE,2018-05-10,F
IT2018_041,Nome di donna,A Woman's Name,Marco Tullio Giordana,THE,2018-03-08,F
IT2018_042,La prima pietra,The First Stone,Rolando Ravello,THE,2018-12-06,F
IT2018_043,Nobili bugie,Noble Lies,Antonio Pisu,THE,2018-05-24,F
IT2018_044,Un nemico che ti vuole bene,My Beloved Enemy,Denis Rabaglia,THE,2018-10-04,F
IT2018_045,Achille Tarallo,,Antonio Capuano,THE,2018-10-25,F
IT2018_046,Bob & Marys,Bob & Marys,Francesco Prisco,THE,2018-04-05,F
IT2018_047,La profezia dell'armadillo,The Armadillo's Prophecy,Emanuele Scaringi,THE,2018-09-13,F
IT2018_048,Non è vero ma ci credo,Happy Go Lucky,Stefano Anselmi,THE,2018-10-04,F
IT2018_049,Hitler contro Picasso e gli altri,Discover Arts: Hitler vs Picasso,Claudio Poli,THE,2018-03-13,D
IT2018_050,Vengo anch'io,I'll come too!,"Maria Di Biase, Corrado Nuzzo",THE,2018-03-08,F
IT2018_051,La terra buona,The Good Place,Emanuele Caruso,THE,2018-03-01,F
IT2018_052,Tito e gli alieni,Little Tito and the Aliens,Paola Randi,THE,2018-06-07,F
IT2018_053,La terra dell'abbastanza,Boys Cry,"Damiano D'Innocenzo, Fabio D'Innocenzo",THE,2018-06-07,F
IT2018_054,Si muore tutti democristiani,,"Pietro Belfiore, Davide Bonacina, Andrea Fadenti, Andrea Mazzarella, Davide Rossi",THE,2018-05-10,F
IT2018_055,Il bene mio,My Own Good,Pippo Mezzapesa,THE,2018-10-04,F
IT2018_056,Rosso Istria,Red Land,Maximiliano Hernando Bruno,THE,2018-11-15,F
IT2018_057,Figlia mia,Daughter of mine,Laura Bispuri,THE,2018-02-22,F
IT2018_058,Una vita spericolata,Reckless,Marco Ponti,THE,2018-06-21,F
IT2018_059,Malati di sesso,Love Therapy,Claudio Cicconetti,THE,2018-06-07,F
IT2018_060,San Valentino Stories,,"Antonio Guerriero, Emanuele Palamara, Gennaro Scarpato",THE,2018-02-14,F
IT2018_061,Il mio uomo perfetto,,Nilo Sciarrone,THE,2018-03-15,F
IT2018_062,Favola,Fairytale,Sebastiano Mauri,THE,2018-06-25,F
IT2018_063,Beate,,Samad Zarmandili,THE,2018-08-30,F
IT2018_064,La Banda Grossi,,Claudio Ripalti,THE,2018-09-20,F
IT2018_065,1938 - Diversi,1938 Different,Giorgio Treves,THE,2018-10-11,D
IT2018_066,Ovunque proteggimi,Wherever you are,Bonifacio Angius,THE,2018-11-29,F
IT2018_067,Il mio nome è Thomas,My Name Is Thomas,Terence Hill,THE,2018-04-19,F
IT2018_068,Menocchio,Menocchio the Heretic,Alberto Fasulo,THE,2018-10-30,F
IT2018_069,Un amore così grande,,Cristian De Mattheis,THE,2018-09-20,F
IT2018_070,In viaggio con Adele,Travelling with Adele,Alessandro Capitani,THE,2018-10-18,F
IT2018_071,Hannah,Hannah,Andrea Pallaoro,THE,2018-02-15,F
IT2018_072,Manuel,"Il figlio, Manuel",Dario Albertini,THE,2018-05-03,F
IT2018_073,Youtopia,,Berardo Carboni,THE,2018-04-25,F
IT2018_074,Lovers: Piccolo Film Sull'amore,Lovers,Matteo Vicino,THE,2018-04-05,F
IT2018_075,Rabbia furiosa - Er Canaro,Dogman's Rabies,Sergio Stivaletti,THE,2018-06-07,F
IT2018_076,Ci vuole un fisico,"In top form? No, thank you!",Alessandro Tamburini,THE,2018-05-03,F
IT2018_077,Il ragazzo più felice del mondo,The Young Fan,Gian Alfonso Pacinotti,THE,2018-11-08,F
IT2018_078,Nato a Casal di Principe,Born in Casal Di Principe,Bruno Oliviero,THE,2018-04-25,F
IT2018_079,Due piccoli italiani,Two Little Italians,Paolo Sassanelli,THE,2018-06-14,F
IT2018_080,Resina,,Renzo Carbonera,THE,2018-05-31,F
IT2018_081,Ride,,Valerio Mastandrea,THE,2018-11-29,F
IT2018_082,Quando sarò bambino,Once I Will Be Child,Edoardo Palma,THE,2018-02-02,F
IT2018_083,Arrivederci Saigon,,Wilma Labate,THE,2018-10-31,D
IT2018_084,Un figlio a tutti i costi,,Fabio Gravina,THE,2018-03-01,F
IT2018_085,Saremo giovani e bellissimi,We'lle be young and beautiful,Letizia Lamartire,THE,2018-09-20,F
IT2018_086,Respiri,,Alfredo Fiorillo,THE,2018-06-07,F
IT2018_087,Edhel,,Marco Renda,THE,2018-01-25,F
IT2018_088,Isabelle,Isabelle,Mirko Locatelli,THE,2018-11-29,F
IT2018_089,Ulysses - A Dark Odyssey,Ulysses - A Dark Odyssey,Federico Alotto,THE,2018-06-14,F
IT2018_090,Era giovane e aveva gli occhi chiari,She was young with light eyes,Giovanni Mazzitelli,THE,2018-03-29,F
IT2018_091,Quando Corre Nuvolari,When Nuvolari Runs: The Flying Mantuan,Tonino Zangardi,THE,2018-04-13,F
IT2018_092,Rudy Valentino,Rudy Valentino,Nico Cirasola,THE,2018-05-24,F
IT2018_093,Guarda in alto,Look Up,Fulvio Risuleo,THE,2018-10-18,F
IT2018_094,Gualtiero Marchesi: The Great Italian,Gualtiero Marchesi: The Great Italian,Maurizio Gigola,THE,2018-03-20,D
IT2018_095,Essere Gigione - L'incredibile storia di Luigi Ciaravola,,Valerio Vestoso,THE,2018-01-18,D
IT2018_096,Blue Kids,,Andrea Tagliaferri,THE,2018-06-14,F
IT2018_097,Seguimi,In My Steps,Claudio Sestieri,THE,2018-11-22,F
IT2018_098,Prigioniero della mia libertà,Prisoner of my Freedom,Rosario Errico,THE,2018-05-31,F
IT2018_099,Te lo dico pianissimo,,Pasquale Marrazzo,THE,2018-09-13,F
IT2018_100,Stato di ebbrezza,,Luca Biglione,THE,2018-05-24,F
IT2018_101,Pane dal Cielo,Bread from Heaven,Giovanni Bedeschi,THE,2018-08-09,F
IT2018_102,Din Don - Una parrocchia in due,,Claudio Norza,THE,2018-12-17,F
IT2018_103,Caina,,Stefano Amatucci,THE,2018-05-28,F
IT2018_104,Friedkin Uncut - Un Diavolo Di Regista,Friedkin Uncut,Francesco Zippel,THE,2018-11-05,D
IT2018_105,Cattivi & Cattivi,,Stefano Calvagna,THE,2018-08-09,F
IT2018_106,La settima onda,,Massimo Bonetti,THE,2018-05-24,F
IT2018_107,Storie del dormiveglia,Stories of the Half-Light,Luca Magi,THE,2018-10-30,D
IT2018_108,Buon lavoro,,Marco Demurtas,THE,2018-10-10,F
IT2018_109,Uno sguardo alla Terra,A look at the Earth,Peter Marcias,THE,2018-05-03,D
IT2018_110,Oltre la nebbia - Il mistero di Rainer Merz,Beyond the Mist,Giuseppe Varlotta,THE,2018-10-04,F
IT2018_111,Vinilici - Perché il vinile ama la musica,Vinylholic - Because Vinyl Loves Music,Fulvio Iannucci,THE,2018-11-20,D
IT2018_112,Wine to love,,Domenico Fortunato,THE,2018-12-18,F
IT2018_113,Bogside Story,,"Rocco Forte, Pietro Laino",THE,2018-09-20,D
IT2019_001,Il primo Natale,Once Upon a Time in Bethlehem,"Salvatore Ficarra, Valentino Picone",THE,2019-12-12,F
IT2019_002,Pinocchio,,Matteo Garrone,THE,2019-12-19,F
IT2019_003,La dea fortuna,The Goddess of Fortune,Ferzan Ozpetek,THE,2019-12-19,F
IT2019_004,10 giorni senza mamma,When Mom is away,Alessandro Genovesi,THE,2019-07-02,F
IT2019_005,Il giorno più bello del mondo,The Most Beautiful Day in the World,Alessandro Siani,THE,2019-10-31,F
IT2019_006,L'immortale,The Immortal,Marco D'Amore,THE,2019-05-12,F
IT2019_007,Ma cosa ci dice il cervello,Don't Stop Me Now,Riccardo Milani,THE,2019-04-18,F
IT2019_008,Il traditore,The Traitor,Marco Bellocchio,THE,2019-05-23,F
IT2019_009,Cetto c'è senzadubbiamente,"Cetto is back, doubtlessly",Giulio Manfredonia,THE,2019-11-21,F
IT2019_010,Non ci resta che il crimine,All You Need Is Crime,Massimiliano Bruno,THE,2019-01-10,F
IT2019_011,Mio fratello rincorre i dinosauri,,Stefano Cipani,THE,2019-09-05,F
IT2019_012,Tutto il mio folle amore,All My Crazy Love,Gabriele Salvatores,THE,2019-10-24,F
IT2019_013,L'uomo del labirinto,Into the Labyrinth,Donato Carrisi,THE,2019-10-30,F
IT2019_014,Domani è un altro giorno,Tomorrow's a New Day,Simone Spada,THE,2019-02-28,F
IT2019_015,La paranza dei bambini,Piranhas,Claudio Giovannesi,THE,2019-02-13,F
IT2019_016,Bentornato presidente,,"Giancarlo Fontana, Giuseppe Stasi",THE,2019-03-28,F
IT2019_017,Tutta un'altra vita,,Alessandro Pondi,THE,2019-09-12,F
IT2019_018,L'agenzia dei bugiardi,,Volfango De Biasi,THE,2019-01-17,F
IT2019_019,Sono solo fantasmi,,Christian De Sica,THE,2019-11-14,F
IT2019_020,Modalità aereo,,Fausto Brizzi,THE,2019-02-21,F
IT2019_021,Croce e delizia,An Almost Ordinary Summer,Simone Godano,THE,2019-02-28,F
IT2019_022,Compromessi sposi,You Can't Kiss the Bride,Francesco Miccichè,THE,2019-01-24,F
IT2019_023,Scappo a casa,,Enrico Lando,THE,2019-03-21,F
IT2019_024,Il signor Diavolo,,Pupi Avati,THE,2019-08-22,F
IT2019_025,Il campione,The Champion,Leonardo D'Agostini,THE,2019-04-18,F
IT2019_026,Suspiria,,Luca Guadagnino,THE,2019-01-01,F
IT2019_027,Tuttapposto,Letscleanapp,Gianni Costantino,THE,2019-10-03,F
IT2019_028,Se mi vuoi bene,,Fausto Brizzi,THE,2019-10-17,F
IT2019_029,"Io, Leonardo",Amazing Leonardo,Jesus Garces Lambert,THE,2019-10-02,D
IT2019_030,L'uomo che comprò la luna,The Man Who Bought the Moon,Paolo Zucca,THE,2019-04-04,F
IT2019_031,Aquile Randagie,Stray Eagles,Gianni Aureli,THE,2019-09-30,F
IT2019_032,5 è il numero perfetto,5 Is the Perfect Number,Igor Tuveri,THE,2019-08-29,F
IT2019_033,Attenti al gorilla,Beware the Gorilla,Luca Miniero,THE,2019-01-10,F
IT2019_034,Brave ragazze,Good Gals,Michela Andreozzi,THE,2019-10-10,F
IT2019_035,Vivere,,Francesca Archibugi,THE,2019-09-26,F
IT2019_036,La mia seconda volta,A Second Chance,Alberto Gelpi,THE,2019-03-21,F
IT2019_037,#AnneFrank. Parallel Stories,,"Sabina Fedeli, Anna Migotto",THE,2019-11-11,D
IT2019_038,Genitori quasi perfetti,,Laura Chiossone,THE,2019-08-29,F
IT2019_039,C'è tempo,,Walter Veltroni,THE,2019-03-07,F
IT2019_040,Restiamo amici,Friends Will Be Friends,Antonello Grimaldi,THE,2019-07-04,F
IT2019_041,Il sindaco del Rione Sanità,The Mayor of Rione Sanità,Mario Martone,THE,2019-09-30,F
IT2019_042,Aspromonte - La terra degli ultimi,Aspromonte: Land of the Forgotten,Mimmo Calopresti,THE,2019-11-21,F
IT2019_043,A mano disarmata,,Claudio Bonivento,THE,2019-06-06,F
IT2019_044,Il nido,The Nest,Roberto De Feo,THE,2019-08-15,F
IT2019_045,Il grande spirito,,Sergio Rubini,THE,2019-05-09,F
IT2019_046,Il grande salto,,Giorgio Tirabassi,THE,2019-06-13,F
IT2019_047,Ricordi?,,Valerio Mieli,THE,2019-03-21,F
IT2019_048,Ermitage. Il potere dell'arte,,Michele Mally,THE,2019-10-21,D
IT2019_049,Dolceroma,,Fabio Resinaro,THE,2019-04-04,F
IT2019_050,Dentro Caravaggio,,Francesco Fei,THE,2019-05-27,D
IT2019_051,Appena un minuto,,Francesco Mandelli,THE,2019-10-03,F
IT2019_052,Il Museo del Prado - La corte delle meraviglie,The Prado Museum. A Collection of Wonders,Valeria Parisi,THE,2019-04-15,D
IT2019_053,Bene ma non benissimo,,Francesco Mandelli,THE,2019-04-04,F
IT2019_054,L'ospite,,Duccio Chiarini,THE,2019-08-22,F
IT2019_055,A Tor Bella Monaca non piove mai,It's a Mad World,Marco Bocci,THE,2019-11-28,F
IT2019_056,Dafne,,Federico Bondi,THE,2019-03-21,F
IT2019_057,Effetto Domino,,Alessandro Rossetto,THE,2019-09-03,F
IT2019_058,Mò Vi Mento - Lira di Achille,,"Stefania Capobianco, Francesco Gagliardi",THE,2019-05-16,F
IT2019_059,La scomparsa di mia madre,The Disappearance of My Mother,Beniamino Barrese,THE,2019-10-10,D
IT2019_060,Vita segreta di Maria Capasso,,Salvatore Piscicelli,THE,2019-07-18,F
IT2019_061,Non Ci Resta Che Ridere,We Just Have to Laugh,Alessandro Paci,THE,2019-05-02,F
IT2019_062,Il colpo del cane,The Dog Snatch,Fulvio Risuleo,THE,2019-09-19,F
IT2019_063,Lucania,,Gigi Roccati,THE,2019-06-20,F
IT2019_064,Detective per Caso,The Accidental Detective,Giorgio Romano,THE,2019-03-18,F
IT2019_065,Walking on Water,Walking on Water,Andrey Paounov,THE,2019-06-16,D
IT2019_066,Drive Me Home,,Simone Catania,THE,2019-09-26,F
IT2019_067,Tutto liscio,,Igor Maltagliati,THE,2019-04-11,F
IT2019_068,Fiore gemello,Twin Flower,Laura Luchetti,THE,2019-06-06,F
IT2019_069,Il flauto magico di Piazza Vittorio,,"Gianfranco Cabiddu, Mario Tronco",THE,2019-06-20,F
IT2019_070,I nomi del signor Sulcic,,Elisabetta Sgarbi,THE,2019-02-07,D
IT2019_071,- M - Sono solo un ragazzo,,Lorenzo D'Amelio,THE,2019-11-18,F
IT2019_072,Ed è subito sera,,Claudio Insegno,THE,2019-03-21,F
IT2019_073,Nati 2 volte,Born Twice,Pierluigi Di Lallo,THE,2019-11-28,F
IT2019_074,Il conte magico,,"Marco Melluso, Diego Schiavo",THE,2019-06-26,F
IT2019_075,La freccia del tempo,,Carlo Sarti,THE,2019-10-12,F
IT2019_076,Il Giovane Pertini Combattente per la libertà,,Giambattista Assanti,THE,2019-11-14,F
IT2019_077,Bassil'ora,,Rebecca Basso,THE,2019-12-03,D
IT2019_078,Nevermind,,Eros Puglielli,THE,2019-08-01,F
IT2019_079,Qui Non Si Muore,,Roberto Gasparro,THE,2019-11-05,F
IT2019_080,La notte è piccola per noi,The Night is Too Short for Us,Gianfrancesco Lazotti,THE,2019-03-14,F
IT2019_081,"As time goes by, l'uomo che disegnava sogni","As time goes by, the man who painted dreams",Simone Aleandri,THE,2019-01-25,D
IT2019_082,"Manga do, Igort e la via del Manga",,Domenico Distilo,THE,2019-10-10,D
IT2019_083,Metti una notte,,Cosimo Messeri,THE,2019-08-01,F
IT2019_084,The King of Paparazzi - La vera storia,,"Giancarlo Scarchilli, Massimo Spano",THE,2019-04-16,D
IT2019_085,La chair et le granite,,"Anna Recalde Miranda, Pierre Abramovici",FES,2019-11-22,D
IT2019_086,Momenti di trascurabile felicità,Ordinary Happiness,Daniele Luchetti,THE,2019-03-14,F
IT2020_001,Tolo Tolo,,Checco Zalone,THE,2020-01-01,F
IT2020_002,Me contro Te - Il film: La vendetta del Signor S,,Gianluca Leuzzi,THE,2020-01-17,F
IT2020_003,Odio l'estate,I hate Summer,Massimo Venier,THE,2020-01-30,F
IT2020_004,Gli anni più belli,The Best Years,Gabriele Muccino,THE,2020-02-13,F
IT2020_005,Hammamet,,Gianni Amelio,THE,2020-01-09,F
IT2020_006,Figli,,Giuseppe Bonito,THE,2020-01-23,F
IT2020_007,18 regali,18 Presents,Francesco Amato,THE,2020-01-02,F
IT2020_008,Padrenostro,,Claudio Noce,THE,2020-09-24,F
IT2020_009,Volevo nascondermi,Hidden Away,Giorgio Diritti,THE,2020-03-04,F
IT2020_010,Lacci,The Ties,Daniele Luchetti,THE,2020-09-30,F
IT2020_011,Waiting for the Barbarians,,Ciro Guerra,THE,2020-09-24,F
IT2020_012,Le sorelle Macaluso,The Macaluso Sisters,Emma Dante,THE,2020-09-10,F
IT2020_013,Miss Marx,,Susanna Nicchiarelli,THE,2020-09-17,F
IT2020_014,Non odiare,Thou Shalt Not Hate,Mauro Mancini,THE,2020-09-10,F
IT2020_015,Lasciami andare,You Came Back,Stefano Mordini,THE,2020-10-08,F
IT2020_016,Lockdown all'italiana,,Enrico Vanzina,THE,2020-10-15,F
IT2020_017,Burraco fatale,Ace of Hearts,Giuliana Gamba,THE,2020-10-01,F
IT2020_018,Favolacce,Bad Tales,"Damiano D'Innocenzo, Fabio D'Innocenzo",THE,2020-06-15,F
IT2020_019,"Paolo Conte, via con me",Paolo Conte. Via Con Me (It's Wonderful),Giorgio Verdelli,THE,2020-09-28,F
IT2020_020,I predatori,The Predators,Pietro Castellitto,THE,2020-10-22,F
IT2020_021,Mai per sempre,,Fabio Massa,THE,2020-08-06,F
IT2020_022,Il caso Pantani - L'omicidio di un campione,The Pantani Affair,Domenico Ciolfi,THE,2020-10-12,F
IT2020_023,Villetta con ospiti,Guests in the Villa,Ivano De Matteo,THE,2020-01-30,F
IT2020_024,Lontano lontano,Citizens of the World,Gianni Di Gregorio,THE,2020-02-20,F
IT2020_025,Creators: The Past,,Piergiuseppe Zaia,THE,2020-10-08,F
IT2020_026,Il ladro di giorni,Stolen Days,Guido Lombardi,THE,2020-02-06,F
IT2020_027,Il grande passo,The Big Step,Antonio Padovan,THE,2020-08-20,F
IT2020_028,Cosa sarà,Everything's Gonna Be Alright,Francesco Bruni,THE,2020-10-24,F
IT2020_029,Assandira,,Salvatore Mereu,THE,2020-09-09,F
IT2020_030,Il delitto Mattarella,Freedom Street – A Mafia Murder,Aurelio Grimaldi,THE,2020-07-02,F
IT2020_031,Picciridda - Con i piedi nella sabbia,Alone with Her Dreams,Paolo Licata,THE,2020-03-04,F
IT2020_032,Ammen,,Ciro Villano,THE,2020-07-02,F
IT2020_033,Gli anni amari,Bitter Years,Andrea Adriatico,THE,2020-07-02,F
IT2020_034,L'agnello,The Lamb,Mario Piredda,THE,2020-03-05,F
IT2020_035,Siberia,,Abel Ferrara,THE,2020-08-20,F
IT2020_036,Si muore solo da vivi,Only the living can die,Alberto Rizzi,THE,2020-06-23,F
IT2020_037,Fellini degli spiriti,Fellini of the Spirits,Selma Dell'Olio,THE,2020-08-31,D
IT2020_038,7 ore per farti innamorare,7 Hours to Win Your Heart,Giampaolo Morelli,THE,2020-06-15,F
IT2020_039,Palazzo di giustizia,Ordinary Justice,Chiara Bellosi,THE,2020-10-22,F
IT2020_040,Il Drago di Romagna,,Gerardo Lamattina,THE,2020-01-28,D
IT2020_041,Il Ladro di Cardellini,The Finch Thief,Carlo Luglio,THE,2020-07-15,F
IT2020_042,Sulle mie spalle,On My Shoulders,Antonello Belluco,THE,2020-09-24,F
IT2020_043,La volta buona,The Good One,Vincenzo Marra,THE,2020-07-02,F
IT2020_044,Permette? Alberto Sordi,,Luca Manfredi,THE,2020-02-24,F
IT2020_045,La vacanza,Affection,Enrico Iannaccone,THE,2020-09-03,F
IT2020_046,Lo scoglio del leone,The Lion Rock,Rosario Scandura,THE,2020-02-18,F
IT2020_047,Buio,Darkness,Emanuela Rossi,THE,2020-06-18,F
IT2020_048,Nevia,,Nunzia De Stefano,THE,2020-07-16,F
IT2020_049,La Verità Su La Dolce Vita,The Truth About La Dolce Vita,Giuseppe Pedersoli,THE,2020-09-15,D
IT2020_050,La partita,The Match,Francesco Carnesecchi,THE,2020-02-27,F
IT2020_051,Nour,,Maurizio Zaccaro,THE,2020-08-10,F
IT2020_052,La Val che urla,,Lucia Zanettin,THE,2020-02-06,F
IT2020_053,Caterina,,Francesco Corsi,THE,2020-02-15,F
IT2020_054,Magari Resto,,Mario Parruccini,THE,2020-09-10,F
IT2020_055,Tony Driver,,Ascanio Petrini,THE,2020-07-02,D
IT2020_056,Il Regno,,Francesco Fanuele,THE,2020-07-03,F
IT2020_057,Emilio Vedova. Dalla parte del naufragio,,Tomaso Pessina,THE,2020-07-09,D
IT2020_058,D.N.A.: Decisamente non adatti,D.N.A. - Definitely Not Appropriated,"Claudio Gregori, Pasquale Petrolo",THE,2020-06-18,F
IT2020_059,Nessun nome nei titoli di coda,,Simone Amendola,THE,2020-08-08,F
IT2020_060,Al Dio ignoto,To the Unknown God,Rodolfo Bisatti,VOD,2020-05-01,D
IT2020_061,Una storia d'arte,A Story of Arte and Love,Marco Pollini,THE,2020-01-30,F
IT2020_062,Un confine incerto,Un Uncertain Border,Isabella Sandri,THE,2020-10-01,F
IT2020_063,Un eretico in corsia - a heretic in the ward,,Bruno Di Marcello,THE,2020-10-15,F
IT2020_064,Lui è mio padre,,Roberto Gasparro,THE,2020-10-09,F
IT2020_065,Noci sonanti,Siddhartha,"Damiano Giacomelli, Lorenzo Raponi",THE,2020-10-25,D
IT2020_066,Aylesbury Estate,,Carlotta Berti,FES,2020-11-18,D
IT2020_067,La mia banda suona il pop,,Fausto Brizzi,THE,2020-02-20,F
IT2020_068,L'incredibile storia dell'Isola delle rose,Rose Island,Sydney Sibilia,VOD,2020-12-09,F
IT2020_069,La vita davanti a sé,The Lide Ahead,Edoardo Ponti,VOD,2020-11-13,F
IT2020_070,Last words,,Joanthan Nossiter,FES,2020-05-12,F
IT2020_071,È per il tuo bene,Three Perfect Daughters,Rolando Ravello,VOD,2020-07-02,F
IT2021_001,Lei mi parla ancora,We Still Talk,Pupi Avati,THE,2021-04-26,F
IT2021_002,The Rossellinis,,Alessandro Rossellini,THE,2021-04-26,D
IT2021_003,Genitori vs. Influencer,Parents vs.Influencer,Michela Andreozzi,THE,2021-04-29,F
IT2021_004,Alida,,Mimmo Verdesca,THE,2021-05-17,D
IT2021_005,Il cattivo poeta,The Bad Poet,Gianluca Jodice,THE,2021-05-20,F
IT2021_006,Tutti per Uma,,"Susy Laude, Elly Senger-Weiss",THE,2021-06-02,F
IT2021_007,Comedians,,Gabriele Salvatores,THE,2021-06-10,F
IT2021_008,Extraliscio - Punk da balera,Extraliscio - Dance-Hall Punk. Dancing until Dawn,Elisabetta Sgarbi,THE,2021-06-14,D
IT2021_009,School of mafia,School of Mafia,Alessandro Pondi,THE,2021-06-24,F
IT2021_010,La terra dei figli,The Land of the Sons,Claudio Cupellini,THE,2021-07-01,F
IT2021_011,Boys,,Davide Ferrario,THE,2021-07-01,F
IT2021_012,Per Lucio,For Lucio,Pietro Marcello,THE,2021-07-05,D
IT2021_013,Disco Ruin,,"Lisa Bosi, Francesca Zerbetto",THE,2021-07-05,D
IT2021_014,Occhi blu,Blue Eyes,Michela Cescon,THE,2021-08-05,F
IT2021_015,Marx può aspettare,Marx Can Wait,Marco Bellocchio,THE,2021-07-15,D
IT2021_016,The truffle hunters,,"Michael Dweck, Gregory Kershaw",THE,2021-07-21,D
IT2021_017,"Pozzis, Samarcanda",,Stefano Giacomuzzi,THE,2021-07-28,D
IT2021_018,Me contro te il mistero della scuola incantata,,Gianluca Leuzzi,THE,2021-08-18,F
IT2021_019,Il mostro della cripta,The Crypt Monster,Daniele Misischia,THE,2021-08-18,F
IT2021_020,Free - liberi,,Fabrizio Maria Cortese,THE,2021-08-26,F
IT2021_021,Welcome Venice,,Andrea Segre,THE,2021-09-09,F
IT2021_022,Qui rido io,The King of Laughter,Mario Martone,THE,2021-09-09,F
IT2021_023,Una relazione,,Stefano Sardo,THE,2021-09-13,F
IT2021_024,Ancora più bello,Still Out of My League,Claudio Norza,THE,2021-09-16,F
IT2021_025,Il silenzio grande,,Alessandro Gassmann,THE,2021-09-16,F
IT2021_026,Tre piani,Three Floors,Nanni Moretti,THE,2021-09-23,F
IT2021_027,Benvenuti in casa Esposito,Welcome at Esposito's,Gianluca Ansanelli,THE,2021-09-23,F
IT2021_028,Il buco,The Hole,Michelangelo Frammartino,THE,2021-09-23,F
IT2021_029,Sulla giostra,,Giorgia Cecere,THE,2021-09-30,F
IT2021_030,I nostri fantasmi,,Alessandro Capitani,THE,2021-09-30,F
IT2021_031,Isolation,,"Michael Winterbottom, Jaco van Dormael, Michele Placido, Julia von Heinz, Olivier Guerpillon",THE,2021-10-04,D
IT2021_032,Ai confini del male,Mad Dog,Vinzenzo Alfieri,THE,2021-10-04,F
IT2021_033,Con tutto il cuore,,Vincenzo Salemme,THE,2021-10-07,F
IT2021_034,Il materiale emotivo,A Bookshop in Paris,Sergio Castellitto,THE,2021-10-07,F
IT2021_035,Selfiemania,,"Elly Senger-Weiss, Elisabetta Pellini, Willem Zaeyen, Francesco Colangelo",THE,2021-10-07,F
IT2021_036,The Italian banker,,Alessandro Rossetto,THE,2021-10-07,F
IT2021_037,Bentornato papà,,Domenico Fortunato,THE,2021-10-07,F
IT2021_038,Ariaferma,The Inner Cage,Leonardo Di Costanzo,THE,2021-10-14,F
IT2021_039,Marilyn ha gli occhi neri,Marilyn's Eyes,Simone Godano,THE,2021-10-14,F
IT2021_040,Medium,,Massimo Paolucci,THE,2021-10-14,F
IT2021_041,Upside Down,,Luca Tornatore,THE,2021-10-21,F
IT2021_042,2 fantasmi di troppo,,"Nunzio Rotondo, Paolo Vita",THE,2021-10-21,F
IT2021_043,DeAndré#DeAndré storia di un impiegato,,Roberta Lena,THE,2021-10-25,D
IT2021_044,Divinazioni,Divinations,Leandro Picarelli,THE,2021-10-26,D
IT2021_045,Una notte da dottore,Doctor on Call,Guido Chiesa,THE,2021-10-28,F
IT2021_046,Freaks out,,Gabriele Mainetti,THE,2021-10-28,F
IT2021_047,Io sono Babbo Natale,I Am Santa Claus,Edoardo Falcone,THE,2021-11-03,F
IT2021_048,Il bambino nascosto,The Hidden Child,Roberto Andò,THE,2021-11-03,F
IT2021_049,Marina Cicogna - la vita e tutto il resto,,Andrea Bettinetti,THE,2021-11-07,D
IT2021_050,Napoleon - In the Name of Art,,Giovanni Piscaglia,THE,2021-11-08,D
IT2021_051,Per tutta la vita,,Paolo Costella,THE,2021-11-11,F
IT2021_052,Django & Django,,Luca Rea,THE,2021-11-15,D
IT2021_053,Promises,,Amanda Sthers,THE,2021-11-18,F
IT2021_054,Querido Fidel,,Viviana Calò,THE,2021-11-18,F
IT2021_055,La casa rossa,The Red House,Francesco Catarinolo,THE,2021-11-21,D
IT2021_056,È stata la mano di Dio,The Hand of God,Paolo Sorrentino,THE,2021-11-24,F
IT2021_057,Per horror intendo…,,Paola Settimini,THE,2021-11-24,D
IT2021_058,Una famiglia mostruosa,Help! My In-Laws Are Vampires!,Volfango De Biasi,THE,2021-11-25,F
IT2021_059,Trafficante di virus,,Costanza Quatriglio,THE,2021-11-29,F
IT2021_060,Gianni Schicchi,,Damiano Michieletto,THE,2021-11-29,F
IT2021_061,The girl in the fountain,,Antongiulio Panizzi,THE,2021-12-01,F
IT2021_062,Mollo tutto e apro un chiringuito,,"Pietro Belfiore, Davide Bonacina, Andrea Fadenti, Andrea Mazzarella, Davide Rossi",THE,2021-12-07,F
IT2021_063,La santa piccola,Blessed Boys,Silvia Brunelli,THE,2021-12-08,F
IT2021_064,Lawrence,,"Elisa Polimeni, Giada Diano",THE,2021-12-09,D
IT2021_065,I fratelli De Filippo,,Sergio Rubini,THE,2021-12-13,F
IT2021_066,"Caterina Caselli - Una vita, cento vite",,Renato De Maria,THE,2021-12-13,D
IT2021_067,Din don - un paese in due,,Paolo Geremei,THE,2021-12-13,F
IT2021_068,Chi ha incastrato Babbo Natale?,,Alessandro Siani,THE,2021-12-16,F
IT2021_069,Diabolik,,"Antonio Manetti, Marco Manetti",THE,2021-12-16,F
IT2021_070,La sorpresa - l'eccezionale storia di Padre Marella,,Otello Cenci,THE,2021-12-17,F
IT2021_071,La dernière séance,,Gianluca Matarrese,THE,2021-12-18,D
IT2021_072,Supereroi,,Paolo Genovese,THE,2021-12-23,F
IT2021_073,7 donne e un mistero,7 Women and a Murder,Alessandro Genovesi,THE,2021-12-25,F
IT2021_074,La Befana vien di notte: le origini,The Legend of the Christmas Witch 2: The Origins,Paola Randi,THE,2021-12-30,F
IT2021_075,"L'acqua, l'insegna la sete",,Valerio Jalongo,THE,2021-11-22,D
IT2021_076,The book of vision,,Carlo Hintermann,THE,2021-07-08,F
IT2022_001,Il grande giorno,,Massimo Venier,THE,2022-12-22,F
IT2022_002,La stranezza,Strangeness,Roberto Andò,THE,2022-10-27,F
IT2022_003,L'immensità,,Emanuele Crialese,THE,2022-09-15,F
IT2022_004,Il colibrì,The hummingbird,Francesca Archibugi,THE,2022-10-14,F
IT2022_005,Nostalgia,Nostalgia,Mario Martone,THE,2022-05-25,F
IT2022_006,Belli ciao,,Gennaro Nunziante,THE,2022-01-01,F
IT2022_007,Corro da te,Run to you,Massimo Venier,THE,2022-03-17,F
IT2022_008,Siccità,Dry,Paolo Virzì,THE,2022-09-29,F
IT2022_009,Vicini di casa,Marriages,Paolo Costella,THE,2022-12-01,F
IT2022_010,Il sesso degli angeli,,Leonardo Pieraccioni,THE,2022-04-21,F
IT2022_011,Diabolik - Ginko all'attacco!,Diabolik — Ginko Attacks!,"Marco Manetti, Antonio Manetti",THE,2022-11-17,F
IT2022_012,Il Principe di Roma,The Prince of Rome,Edoardo Falcone,THE,2022-11-17,F
IT2022_013,Astolfo,Never too late for love,Gianni Di Gregorio,THE,2022-10-20,F
IT2022_014,Ti mangio il cuore,Burning Hearts,Pippo Mezzapesa,THE,2022-09-22,F
IT2022_015,Esterno notte - Parte 1,Exterior Night - Part 1,Marco Bellocchio,THE,2022-05-18,F
IT2022_016,C'era una volta il crimine,,Massimiliano Bruno,THE,2022-03-10,F
IT2022_017,Settembre,,Giulia Steigerwalt,THE,2022-09-05,F
IT2022_018,Quasi orfano,Almost an orphan,Umberto Carteni,THE,2022-10-06,F
IT2022_019,Margini,Margins,Niccolò Falsetti,THE,2022-09-15,F
IT2022_020,Esterno notte - Parte 2,Exterior Night - Part 2,Marco Bellocchio,THE,2022-06-09,F
IT2022_021,Tutti a bordo,,Luca Miniero,THE,2022-09-29,F
IT2022_022,Alla vita (Tu choisiras la vie),Where life begins,Stéphane Freiss,THE,2022-06-16,F
IT2022_023,Leonora addio,,Paolo Taviani,THE,2022-02-17,F
IT2022_024,Il giorno più bello,,Andrea Zalone,THE,2022-06-09,F
IT2022_025,La mia ombra è tua,My shadow is your shadow,Eugenio Cappuccio,THE,2022-06-29,F
IT2022_026,Altrimenti ci arrabbiamo,Watch out we’re mad,"Niccolò Celaia, Antonio Usbergo, aka Younuts",THE,2022-03-23,F
IT2022_027,Per niente al mondo,Not for all the world,Ciro D'Emilio,THE,2022-07-07,F
IT2022_028,Piano Piano,,Nicola Prosatore,THE,2022-10-13,F
IT2022_029,Orlando,,Daniele Vicari,THE,2022-12-01,F
IT2022_030,Una boccata d'aria,A Breath of Fresh Air,Alessio Lauria,THE,2022-07-07,F
IT2022_031,Una femmina,Una Femmina - The Code of Silence,Francesco Costabile,THE,2022-02-17,F
IT2022_032,Gigi la legge,The adventures of Gigi the law,Alessandro Comodin,FES,2022-08-08,D
IT2022_033,Acqua e anice,Olympia's Way,Corrado Ceron,THE,2022-09-08,F
IT2022_034,Piove,Flowing,Paolo Strippoli,THE,2022-11-10,F
IT2022_035,La cena perfetta,An Italian gourmet crime story,Davide Minnella,THE,2022-04-26,F
IT2022_036,Aiuto! È Natale!,Save Christmas,Kristoph Tassin,THE,2022-12-01,F
IT2022_037,Marcel!,Marcel!,Jasmine Trinca,THE,2022-06-01,F
IT2022_038,La Ballata dei Gusci Infranti,,Federica Biondi,THE,2022-03-31,F
IT2022_039,Bentu,,Salvatore Mereu,THE,2022-09-15,F
IT2022_040,The Land of Dreams,The Land of Dreams,Nicola Abbatangelo,THE,2022-11-10,F
IT2022_041,Il mio amico Massimo,,Alessandro Bencivenga,THE,2022-12-15,D
IT2022_042,The Christmas Show,,Alberto Ferrari,THE,2022-11-17,F
IT2022_043,Spaccaossa,The Bone Breakers,Vincenzo Pirrotta,THE,2022-11-24,F
IT2022_044,La California,,Cinzia Bomoll,THE,2022-11-24,F
IT2022_045,Sposa in rosso,The Bride in Red,Gianni Costantino,THE,2022-04-08,F
IT2022_046,Il Cristo in gola,,Antonio Rezza,THE,2022-11-27,F
IT2022_047,Vetro,,Domenico Croce,THE,2022-07-04,F
IT2022_048,"Franco Zeffirelli, Conformista Ribelle",,Anselma Dell'Olio,THE,2022-10-24,D
IT2022_049,Sulle nuvole,,Tommaso Paradiso,THE,2022-04-26,F
IT2022_050,The Hanging Sun Il Sole di mezzanotte,The Hanging Sun,Francesco Carrozzini,THE,2022-09-09,F
IT2022_051,Quel posto nel tempo,,Giuseppe Alessio Nuzzo,THE,2022-03-10,F
IT2022_052,Io lo so chi siete,,Alessandro Colizzi,THE,2022-03-21,D
IT2022_053,Takeaway,,Renzo Carbonera,THE,2022-10-01,F
IT2022_054,Femminile Singolare,,"Elena Beatrice, James Bort, Rafael Farina Issas, Kristian Gianfreda, Daniele Lince, Adriano Morelli, Matteo Pianezzi, More Raca",THE,2022-11-05,F
IT2022_055,The Last Ride of the Wolves,The Last Ride of the Wolves,Alberto De Michele,FES,2022-03-02,F
IT2022_056,Amma’s Way – Un abbraccio al mondo,,Anna Agnelli,THE,2022-02-05,D
IT2022_057,Se fate i bravi,The Dream and the Violence,"Stefano Collizzolli, Daniele Gaglianone",THE,2022-09-11,D
IT2022_058,L'angelo dei muri,The Angel in the Wall,Lorenzo Bianchini,THE,2022-05-19,F
IT2022_059,Il tempo rimasto,,Daniele Gaglianone,THE,2022-01-20,D
IT2022_060,Le voci sole,Lonely Voices,"Andrea Brusa, Marco Scotuzzi",THE,2022-04-07,F
IT2022_061,Con chi viaggi,Drive Me Crazy,"Niccolò Celaia, Antonio Usbergo, aka Younuts",THE,2022-05-23,F
IT2022_062,Quattordici giorni - Una storia d'amore,14 Days,Ivan Cotroneo,THE,2022-08-24,F
IT2022_063,Il mammone,,Giovanni Bognetti,THE,2022-03-08,F
IT2022_064,Porpora,,Roberto Cannavò,THE,2022-12-01,F
IT2022_065,L'Onda Lunga: storia extra ordinaria di un'associazione,,Francesco Ranieri Martinotti,THE,2022-04-19,F
IT2022_066,My Soul Summer,,Fabio Mollo,THE,2022-10-24,F
IT2022_067,Gli anni belli,,Lorenzo d'Amico de Carvalho,THE,2022-02-08,F
IT2022_068,Last Stop before Chocolate Mountain,Last Stop before Chocolate Mountain,Susanna della Sala,THE,2022-12-04,F
IT2022_069,Er gol de Turone era bono,,"Lorenzo Rossi Espagnet, Francesco Miccichè",THE,2022-10-24,D
IT2022_070,Mindemic,Mindemic,Giovanni Basso,THE,2022-06-15,F
IT2022_071,(Im)perfetti Criminali,Fake Criminals,Alessio Maria Federici,THE,2022-04-21,D
IT2022_072,"Paisan, ciao",,"Francesco Conversano, Nene Grignaffini",THE,2022-04-05,D
IT2022_073,Amici per la pelle,,Pierluigi Di Lallo,THE,2022-10-27,F
IT2022_074,Von Scerscen - Diario di un'indagine,,Mirko Sotgiu,THE,2022-02-24,D
IT2022_075,The Importance of Being an Architect,The Importance of Being an Architect,Giorgio Ferrero,THE,2022-04-29,D
IT2022_076,La Banda del Buffardello e il manoscritto di Leonardo da Vinci,,Mario Chiavalin,THE,2022-03-24,F
IT2022_077,I cassamortari,,Claudio Amendola,THE,2022-03-07,F
IT2022_078,Din Don - Il paese dei balocchi,,Paolo Geremei,THE,2022-03-07,F
IT2022_079,Falla girare,,Giampaolo Morelli,THE,2022-11-29,F
IT2022_080,Troppa famiglia!,Too much family,Pierluigi Di Lallo,THE,2022-07-07,F
IT2022_081,Ennio,Ennio,Giuseppe Tornatore,THE,2022-01-17,D
IT2023_001,C'è ancora domani,There's still tomorrow,Paola Cortellesi,THE,2023-10-26,F
IT2023_002,Io capitano,Io capitano,Matteo Garrone,THE,2023-09-07,F
IT2023_003,Tre di troppo,,Fabio De Luigi,THE,2023-01-01,F
IT2023_004,Santocielo,Ohmygod!,Francesco Amato,THE,2023-12-14,F
IT2023_005,Il sol dell'avvenire,A Brighter Tomorrow,Nanni Moretti,THE,2023-04-20,F
IT2023_006,Comandante,,Edoardo De Angelis,THE,2023-10-31,F
IT2023_007,L'ultima notte di Amore,The Last Night of Amore,Andrea Di Stefano,THE,2023-03-09,F
IT2023_008,Tramite amicizia,Needing a friend?,Alessandro Siani,THE,2023-02-14,F
IT2023_009,Grazie ragazzi,Thank you guys,Riccardo Milani,THE,2023-01-12,F
IT2023_010,Il primo giorno della mia vita,The First Day of My Life,Paolo Genovese,THE,2023-01-26,F
IT2023_011,Rapito,Kidnapped: The Abduction of Edgardo Mortara,Marco Bellocchio,THE,2023-05-25,F
IT2023_012,Cento domeniche,A Hundred Sundays,Antonio Albanese,THE,2023-11-23,F
IT2023_013,I migliori giorni,The Best Days,"Massimiliano Bruno, Edoardo Leo",THE,2023-01-01,F
IT2023_014,L'ultima volta che siamo stati bambini,,Claudio Bisio,THE,2023-10-12,F
IT2023_015,Il punto di rugiada,The Dew Point,Marco Risi,FES,2023-11-27,F
IT2023_016,Scordato,,Rocco Papaleo,THE,2023-04-13,F
IT2023_017,Come può uno scoglio,Life Is a Beach,Gennaro Nunziante,THE,2023-12-28,F
IT2023_018,Mixed by Erry,Mixed by Erry,Sydney Sibilia,THE,2023-03-02,F
IT2023_019,La quattordicesima domenica del tempo ordinario,,Pupi Avati,THE,2023-05-04,F
IT2023_020,Volevo un figlio maschio,It's a boy,Neri Parenti,THE,2023-10-05,F
IT2023_021,Adagio,,Stefano Sollima,THE,2023-12-14,F
IT2023_022,Nata per te,Born for You,Fabio Mollo,THE,2023-10-05,F
IT2023_023,Il ritorno di Casanova,Casanova's Return,Gabriele Salvatores,THE,2023-03-30,F
IT2023_024,La chimera,La chimera,Alice Rohrwacher,THE,2023-11-23,F
IT2023_025,I peggiori giorni,,"Massimiliano Bruno, Edoardo Leo",THE,2023-08-14,F
IT2023_026,Felicità,Happiness,Micaela Ramazzotti,THE,2023-09-21,F
IT2023_027,Diabolik chi sei?,Diabolik Who Are You?,"Antonio Manetti, Marco Manetti",THE,2023-11-30,F
IT2023_028,La guerra dei nonni,The war of the grandpas,Gianluca Ansanelli,THE,2023-11-30,F
IT2023_029,Quando,,Walter Veltroni,THE,2023-03-30,F
IT2023_030,Palazzina Laf,,Michele Riondino,THE,2023-11-30,F
IT2023_031,L'ordine del tempo,The Order of Time,Liliana Cavani,THE,2023-08-31,F
IT2023_032,"Io, noi e Gaber","Gaber, us and I",Riccardo Milani,THE,2023-11-06,D
IT2023_033,Laggiù qualcuno mi ama,Massimo Troisi: Somebody Down There Likes Me,Mario Martone,THE,2023-02-23,D
IT2023_034,Il più bel secolo della mia vita,The Best Century Of My Life,Alessandro Bardani,THE,2023-09-07,F
IT2023_035,The Palace,The Palace,Roman Polanski,THE,2023-09-28,F
IT2023_036,Home Education. Le regole del male,Home Education,Andrea Niada,THE,2023-11-30,F
IT2023_037,Improvvisamente a Natale mi sposo,A Christmas Wedding,Francesco Patierno,THE,2023-11-12,F
IT2023_038,Una commedia pericolosa,,Alessandro Pondi,THE,2023-08-30,F
IT2023_039,La primavera della mia vita,,Zavvo Nicolosi,THE,2023-02-20,F
IT2023_040,Dallamericaruso. Il Concerto Perduto,,Walter Veltroni,THE,2023-11-20,D
IT2023_041,Delta,,Michele Vannucci,THE,2023-03-22,F
IT2023_042,Educazione fisica,Gym class,Stefano Cipani,THE,2023-03-16,F
IT2023_043,Io vivo altrove!,What a Life!,Giuseppe Battiston,THE,2023-01-19,F
IT2023_044,Un matrimonio mostruoso,A Freaking Wedding,Volfango De Biasi,THE,2023-06-21,F
IT2023_045,Luciano Ligabue - 30 Anni in Un Giorno,,Marco Salom,THE,2023-03-20,D
IT2023_046,Cattiva coscienza,,Davide Minnella,THE,2023-07-19,F
IT2023_047,Enzo Jannacci: Vengo anch'io,,Giorgio Verdelli,THE,2023-09-11,D
IT2023_048,Primadonna,The Girl from Tomorrow,Marta Savina,THE,2023-03-08,F
IT2023_049,Hai mai avuto paura?,Are you afraid yet?,Ambra Principato,THE,2023-07-27,F
IT2023_050,Zucchero - Sugar Fornaciari,Zucchero - Sugar Fornaciari,"Giangiacomo de Stefano, Valentina Zanella",THE,2023-10-23,D
IT2023_051,Le mie ragazze di carta,My Paper Dolls,Luca Lucini,THE,2023-07-13,F
IT2023_052,La terra delle donne,Land of Women,Marisa Vallone,THE,2023-04-27,F
IT2023_053,Mi fanno male i capelli,In the Mirror,Roberta Torre,THE,2023-10-20,F
IT2023_054,I pionieri,,Luca Scivoletto,THE,2023-04-13,F
IT2023_055,Paolo Conte alla Scala: Il maestro è nell'anima,Paolo Conte - Live at La Scala,Giorgio Testi,THE,2023-12-04,D
IT2023_056,Rido perché ti amo,,Paolo Ruffini,THE,2023-07-06,F
IT2023_057,Mirabile Visione: Inferno,,Matteo Gagliardi,THE,2023-02-15,D
IT2023_058,La caccia,The Hunt,Marco Bocci,THE,2023-05-11,F
IT2023_059,Pantafa,,Emanuele Scaringi,THE,2023-03-30,F
IT2023_060,La seconda via,,Alessandro Garilli,THE,2023-01-26,F
IT2023_061,Come pecore in mezzo ai lupi,Like Sheep Among Wolves,Lyda Patitucci,THE,2023-07-13,F
IT2023_062,The Ritual Killer,,George Gallo,THE,2023-05-11,F
IT2023_063,Enigma Rol,,Anselma Dell'Olio,THE,2023-11-06,D
IT2023_064,Le Terme di Terezín,Terezín,Gabriele Guidi,THE,2023-01-26,F
IT2023_065,Nina dei lupi,Nina of the Wolves,Antonio Pisu,THE,2023-08-31,F
IT2023_066,Raffa,,Daniele Luchetti,THE,2023-07-06,D
IT2023_067,L'invenzione della neve,,Vittorio Moroni,THE,2023-09-13,F
IT2023_068,Billy,,Emilia Mazzacurati,THE,2023-05-31,F
IT2023_069,La guerra del Tiburtino III,Rome - Strange tales from the block,Luna Gualano,THE,2023-11-02,F
IT2023_070,800 Giorni,,Dennis Dellai,THE,2023-10-10,F
IT2023_071,Percoco - Il primo mostro d'Italia,,Pierluigi Ferrandini,THE,2023-04-17,F
IT2023_072,Kissing Gorbaciov,,"Luigi D'Alife, Andrea Paco Mariani",THE,2023-11-24,D
IT2023_073,Una sterminata domenica,An Endless Sunday,Alain Parroni,THE,2023-09-14,F
IT2023_074,Mamma qui comando io,,Federico Moccia,THE,2023-09-14,F
IT2023_075,C'è di nuovo la valigia sul letto,,Eduardo Tartaglia,THE,2023-06-08,F
IT2023_076,Uomini da marciapiede,Italians do it better,Francesco Albanese,THE,2023-09-07,F
IT2023_077,Lo Sposo indeciso che non poteva o forse non voleva più uscire dal bagno,The Undecided Groom,Giorgio Amato,THE,2023-06-29,F
IT2023_078,Umberto Eco: La biblioteca del mondo,,Davide Ferrario,THE,2023-03-02,D
IT2023_079,La Divina Cometa,,Mimmo Paladino,THE,2023-05-11,F
IT2023_080,The Honeymoon,,Dean Craig,THE,2023-03-16,F
IT2023_081,Evelyne tra le nuvole,Evelyn in the Cloud,Anna Di Francisca,THE,2023-03-30,F
IT2023_082,Non morirò di fame,I will not starve,Umberto Spinazzola,THE,2023-02-15,F
IT2023_083,Una preghiera per Giuda,,Massimo Paolucci,THE,2023-11-16,F
IT2023_084,Non credo in niente,Unbelievers,Alessandro Marzullo,THE,2023-09-28,F
IT2023_085,Codice Carla,,Daniele Luchetti,THE,2023-11-13,D
IT2023_086,Il paese del melodramma,,Francesco Barilli,THE,2023-11-30,F
IT2023_087,Da grandi,Bigger,Fausto Brizzi,THE,2023-04-29,F
IT2023_088,Amusia,,Marescotti Ruspoli,THE,2023-04-27,F
IT2023_089,L'uomo che disegnò Dio,The Man Who Drew God,Franco Nero,THE,2023-03-02,F
IT2023_090,Conversazioni con altre donne,,Filippo Conz,THE,2023-08-31,F
IT2023_091,Tell It Like a Woman,,"Silvia Carobbio, Catherine Hardwicke, Taraji P. Henson, Mipo Oh, Lucía Puenzo, Maria Sole Tognazzi, Leena Yadav",THE,2023-09-07,F
IT2023_092,Ancora volano le farfalle,,Joseph Nenci,THE,2023-11-09,F
IT2023_093,Jeff Koons: A Private Portrait,Jeff Koons: A Private Portrait,Pappi Corsicato,THE,2023-10-23,D
IT2023_094,Brividi d'autore,,Pierfrancesco Campanella,THE,2023-04-15,F
IT2023_095,Soldato Peter,Private Peter,"Gianfilippo Pedote, Giliano Carli",THE,2023-11-09,F
IT2023_096,Oltre il confine,,Alessandro Valenti,THE,2023-09-11,F
IT2023_097,Diario di spezie,Diary of Spices,Massimo Donati,THE,2023-03-16,F
IT2023_098,Doppio passo,,Lorenzo Borghini,THE,2023-10-12,F
IT2023_099,Goffredo e l'Italia chiamò,,Angelo Antonucci,THE,2023-09-15,F
IT2023_100,Con la grazia di un Dio,,Alessandro Roja,THE,2023-11-30,F
IT2023_101,Le proprietà dei metalli,The Properties of Metals,Antonio Bigini,THE,2023-05-18,F
IT2023_102,Amore Postatomico,,Vincenzo Caiazzo,THE,2023-05-17,F
IT2023_103,Noi ce la siamo cavata,,Giuseppe Marco Albano,THE,2023-01-05,D
IT2023_104,Guercino - Uno su Cento,,Giulia Giapponesi,THE,2023-10-04,D
IT2023_105,Il Paese dei jeans in agosto,,Simona Bosco Ruggeri,THE,2023-11-23,F
IT2023_106,Il padrone delle note: Josquin Desprez,,Marco Zarrelli,THE,2023-07-10,D
IT2023_107,Il meglio di te,The Best of You,Fabrizio Maria Cortese,THE,2023-11-09,F
IT2023_108,Pasolini - Cronologia di un delitto politico,,Paolo Angelini,THE,2023-10-16,D
IT2023_109,Double Soul,Double Soul,Valerio Esposito,THE,2023-07-13,F
IT2023_110,Hotel Milano,The Neighbor,Pasquale Marrazzo,THE,2023-05-15,F
IT2023_111,Christmas Thieves,Christmas Thieves,Francesco Cinquemani,THE,2023-01-13,F
IT2023_112,"Roma, santa e dannata",,Daniele Ciprì,THE,2023-11-06,D
IT2023_113,Kill Me If You Can,Kill Me If You Can,Alex Infascelli,THE,2023-02-26,D
IT2023_114,Amleto è mio fratello,,Francesco Giuffrè,THE,2023-08-31,F
IT2023_115,Phobia,,Antonio Abbate,THE,2023-10-05,F
IT2023_116,Un mondo fantastico,A Fantastic World,Michele Rovini,THE,2023-09-07,F
IT2023_117,Tramonto a Nord Ovest,North West Sunset Border,Luisa Porrino,THE,2023-07-07,F
IT2023_118,La chiocciola,,Roberto Gasparro,THE,2023-12-05,F
IT2023_119,La seconda chance,The Second Chance,Umberto Riccioni Carteni,THE,2023-10-26,F
IT2023_120,Next!,,Giulietta Revel,THE,2023-04-27,F
IT2023_121,Da domani mi alzo tardi,"Starting tomorrow, I'll get up late",Stefano Veneruso,THE,2023-02-14,F
IT2023_122,Basilico - L'infinito è la in fondo,,Stefano Santamato,THE,2023-10-15,D
IT2023_123,Giorni Felici,,Simone Petralia,THE,2023-12-11,F
IT2023_124,El Paraiso,,Enrico Maria Artale,FES,2023-08-30,F
IT2023_125,Anatar,,Alan Smithee,THE,2023-01-19,F
IT2023_126,L'orafo,The Goldsmith,Vincenzo Ricchiuto,THE,2023-02-21,F
IT2023_127,La luna sott'acqua,The moon beneath the water,Alessandro Negrini,THE,2023-10-09,D
IT2023_128,Cinque stanze,,Bruno Bigoni,THE,2023-09-25,F
IT2023_129,Dino Meneghin: Storia di una leggenda,,Samuele Rossi,THE,2023-11-13,D
IT2023_130,Good Vibes,,Janet De Nardis,THE,2023-11-23,F
IT2023_131,Tempi Supplementari,,Corrado Ardone,THE,2023-05-30,F
IT2023_132,Avanzers Italian Super Heroes,,Cosimo Bosco,THE,2023-07-20,F
IT2023_133,Daniel Pennac: Ho visto Maradona!,,Ximo Solano,THE,2023-04-03,D
IT2023_134,L'età giusta,,Alessio Di Cosimo,VOD,2023-12-24,F
IT2023_135,La Montagna Incantata,,Claudio Zulian,THE,2023-03-21,D
IT2023_136,Senza Età,,Stefano Usardi,THE,2023-09-21,F
IT2023_137,À la Recherche,,Giulio Base,THE,2023-11-02,F
IT2023_138,Volare,,Margherita Buy,FES,2023-10-26,F
IT2023_139,Una gran voglia di vivere,Lust for Life,Michela Andreozzi,THE,2023-02-05,F
IT2023_140,Giuseppe Garibaldi eroe leggendario,,Silvia Monga,THE,2023-12-19,D
IT2023_141,Mi raccomando,,Ciro Villano,THE,2023-07-13,F
IT2023_142,Sbagliando s'impara,,Alessandro Ingrà,THE,2023-02-23,F
IT2023_143,Te l'avevo detto,I Told You So,Ginevra Elkann,THE,2023-09-08,F
IT2023_144,La loggia occulta: Democrazia a rischio,,Mario Chiavalin,THE,2023-11-21,D
IT2023_145,Uomo di fumo,,Giovanni Soldati,THE,2023-03-30,F
IT2023_146,La vera storia di Luisa Bonfanti,,Franco Angeli,THE,2023-05-19,F
IT2023_147,Non sono mai tornata indietro,I Never Went Back,Silvana Costa,THE,2023-03-13,D
IT2023_148,Tic Toc,,Davide Scovazzo,THE,2023-06-08,F
IT2023_149,Non tutto è perduto,,Francesco Bellomo,THE,2023-11-09,F
IT2023_150,Un weekend particolare,,Gianni Ciuffini,THE,2023-10-20,F
IT2023_151,Senza malizia,,"Bernard Bédarida, Nello Correale",THE,2023-12-18,D
IT2023_152,Prima di andare via,Before we say goodbye,Massimo Cappelli,THE,2023-01-24,F
IT2023_153,The Penitent,The Penitent,Luca Barbareschi,THE,2023-09-04,F
IT2023_154,Tutti i cani muoiono soli,,Paolo Pisanu,THE,2023-05-11,F
IT2023_155,Bassifondi,,Francesco Pividori,THE,2023-06-15,F
IT2023_156,La memoria del mondo,,Mirko Locatelli,THE,2023-03-02,F
IT2023_157,Ok Boomer,,"Gianfranco Pannone, Andrea Gropplero",THE,2023-02-27,D
IT2023_158,Careseekers - In Cerca di Cura,,Teresa Sala,THE,2023-10-12,D
IT2023_159,Come le tartarughe,Like Turtles,Monica Dugo,THE,2023-08-24,F
IT2023_160,Gli altri,,Daniele Salvo,THE,2023-11-30,F
IT2023_161,La festa del ritorno,,Lorenzo Adorisio,THE,2023-11-13,F
FR2023_001,Tirailleurs,Father & Soldier,Mathieu Vadepied,THE,2023-01-04,F
FR2023_002,Cet été-là,This One Summer,Éric Lartigau,THE,2023-01-04,F
FR2023_003,16 ans,Sixteen,Philippe Lioret,THE,2023-01-04,F
FR2023_004,Etugen,,"Maud Baignères, Arnaud Riou",THE,2023-01-04,D
FR2023_005,Mes chers espions,My Dear Spies,Vladimir Léon,THE,2023-01-04,D
FR2023_006,Les Cyclades,Two Tickets to Greece,Marc Fitoussi,THE,2023-01-11,F
FR2023_007,Les Cadors,Top Dogs,Julien Guetta,THE,2023-01-11,F
FR2023_008,L'Envol,Scarlet,Pietro Marcello,THE,2023-01-11,F
FR2023_009,Grand Marin,,Dinara Drukarova,THE,2023-01-11,F
FR2023_010,De Humani Corporis Fabrica,De Humani Corporis Fabrica,"Lucien Castaing-Taylor, Verena Paravel",THE,2023-01-11,D
FR2023_011,Ma ville demain,,"Mathieu Coffin, Caroline Dragacci, Marie Montvuagnard",THE,2023-01-11,D
FR2023_012,Swing Rendez-vous,,Gérome Barry,THE,2023-01-11,F
FR2023_013,La Guerre des Lulus,The Lulus,Yann Samuell,THE,2023-01-18,F
FR2023_014,Le Clan,,Éric Fraticelli,THE,2023-01-18,F
FR2023_015,Youssef Salem a du succès,The (in)famous Youssef Salem,Baya Kasmi,THE,2023-01-18,F
FR2023_016,Brillantes,Bright Women,Sylvie Gautier,THE,2023-01-18,F
FR2023_017,Le Chant des vivants,,Cécile Allegra,THE,2023-01-18,D
FR2023_018,Mon vieux,,Marjory Dejardin,THE,2023-01-18,D
FR2023_019,Pattie et la colère de Poséidon,Argonuts,"David Alaux, Eric Tosti, Jean-François Tosti",THE,2023-01-25,A
FR2023_020,Vaincre ou mourir,,"Paul Mignot, Vincent Mottez",THE,2023-01-25,F
FR2023_021,Divertimento,Divertimento,Marie-Castille Mention-Schaar,THE,2023-01-25,F
FR2023_022,Interdit aux chiens et aux Italiens,No Dogs or Italians Allowed,Alain Ughetto,THE,2023-01-25,A
FR2023_023,Un petit miracle,Schoolmates!,Sophie Boudre,THE,2023-01-25,F
FR2023_024,Retour à Séoul,Return to Seoul,Davy Chou,THE,2023-01-25,F
FR2023_025,Neneh Superstar,Neneh Superstar,Ramzi Ben Sliman,THE,2023-01-25,F
FR2023_026,"Ashkal, l'enquête de Tunis",Ashkal: The Tunisian Investigation,Youssef Chebbi,THE,2023-01-25,F
FR2023_027,Quitte pour la peur,,Bruno François-Boucher,THE,2023-01-25,F
FR2023_028,Astérix & Obélix : L'Empire du Milieu,Asterix & Obelix: The Middle Kingdom,Guillaume Canet,THE,2023-02-01,F
FR2023_029,La Montagne,The Mountain,Thomas Salvador,THE,2023-02-01,F
FR2023_030,Un petit frère,Mother and Son,Léonor Serraille,THE,2023-02-01,F
FR2023_031,Des garçons de province,Small-town Boys,Gaël Lépingle,THE,2023-02-01,F
FR2023_032,Droit dans les yeux,,Marie-Francine Le Jalu,THE,2023-02-01,D
FR2023_033,Alibi.com 2,Alibi.com 2,Philippe Lacheau,THE,2023-02-08,F
FR2023_034,"Zodi & Tehu, frères du désert",Princes of the Desert,Éric Barbier,THE,2023-02-08,F
FR2023_035,Les Têtes givrées,The Snow Must Go On,Stéphane Cazes,THE,2023-02-08,F
FR2023_036,La Grande Magie,The Great Magic,Noémie Lvovsky,THE,2023-02-08,F
FR2023_037,Pour la France,For My Country,Rachid Hami,THE,2023-02-08,F
FR2023_038,Tant que le soleil frappe,Beating Sun,Philippe Petit,THE,2023-02-08,F
FR2023_039,La Ferme à Gégé,,Florent Verdet,THE,2023-02-08,D
FR2023_040,Astrakan,,David Depesseville,THE,2023-02-08,F
FR2023_041,Un homme heureux,A Happy Man,Tristan Séguéla,THE,2023-02-15,F
FR2023_042,Juste ciel !,Oh My Goodness!,Laurent Tirard,THE,2023-02-15,F
FR2023_043,Le Grand Cirque,,"Gaëlle Falzerana, Booder",THE,2023-02-15,F
FR2023_044,L'Astronaute,The Astronaut,Nicolas Giraud,THE,2023-02-15,F
FR2023_045,Le Marchand de sable,Slumlord,Steve Achiepo,THE,2023-02-15,F
FR2023_046,Les Choses simples,A Great Friend,Éric Besnard,THE,2023-02-22,F
FR2023_047,À la belle étoile,Sugar and Stars,Sébastien Tulard,THE,2023-02-22,F
FR2023_048,Arrête avec tes mensonges,Lie With Me,Olivier Peyon,THE,2023-02-22,F
FR2023_049,Chevalier noir,A Tale of Shemroon,Emad Aleebrahim-Dehkordi,THE,2023-02-22,F
FR2023_050,Last Dance,Last Dance,Coline Abert,THE,2023-02-22,D
FR2023_051,Slava Ukraini,,Bernard-Henri Lévy,THE,2023-02-22,D
FR2023_052,Les Petites Victoires,Sweet Little Things,Mélanie Auffret,THE,2023-03-01,F
FR2023_053,La Syndicaliste,The Sitting Duck,Jean-Paul Salomé,THE,2023-03-01,F
FR2023_054,Goutte d'or,Sons of Ramses,Clément Cogitore,THE,2023-03-01,F
FR2023_055,Mon crime,The Crime Is Mine,François Ozon,THE,2023-03-08,F
FR2023_056,En plein feu,The Blaze,Quentin Reynaud,THE,2023-03-08,F
FR2023_057,Christophe définitivement,Christophe... Definitely,"Dominique Gonzalez-Foerster, Ange Leccia",THE,2023-03-08,D
FR2023_058,Toi non plus tu n'as rien vu,And Yet We Were Not Blind,Béatrice Pollet,THE,2023-03-08,F
FR2023_059,Comme une actrice,Like an Actress,Sébastien Bailly,THE,2023-03-08,F
FR2023_060,En toute liberté - Une radio pour la paix,,Xavier de Lauzanne,THE,2023-03-08,D
FR2023_061,Femme de mère en fille,,Valérie Guillaudot,THE,2023-03-08,D
FR2023_062,Paysans du ciel à la terre,,Hervé Payen,THE,2023-03-11,D
FR2023_063,Sage-homme,The Midwife,Jennifer Devoldere,THE,2023-03-15,F
FR2023_064,La Chambre des merveilles,The Book of Wonders,Lisa Azuelos,THE,2023-03-15,F
FR2023_065,Bienveillance paysanne,,Oliver Dickinson,THE,2023-03-15,D
FR2023_066,À pas aveugles,From Where They Stood,Christophe Cognet,THE,2023-03-15,D
FR2023_067,Le Monde d'après 2,,Laurent Firode,THE,2023-03-15,F
FR2023_068,Sur les chemins noirs,On The Wandering Path,Denis Imbert,THE,2023-03-22,F
FR2023_069,De grandes espérances,Grand Expectations,Sylvain Desclous,THE,2023-03-22,F
FR2023_070,Dalva,Love According to Dalva,Emmanuelle Nicot,THE,2023-03-22,F
FR2023_071,Atlantic Bar,Atlantic Bar,Fanny Molins,THE,2023-03-22,D
FR2023_072,"Saules aveugles, femme endormie","Blind Willow, Sleeping Woman",Pierre Földes,THE,2023-03-22,A
FR2023_073,Je verrai toujours vos visages,All Your Faces,Jeanne Herry,THE,2023-03-29,F
FR2023_074,Bonne Conduite,Serial Driver,Jonathan Barré,THE,2023-03-29,F
FR2023_075,Apaches,Apaches: Gang of Paris,Romain Quirot,THE,2023-03-29,F
FR2023_076,Voyages en Italie,,Sophie Letourneur,THE,2023-03-29,F
FR2023_077,Les Trois Mousquetaires : D'Artagnan,The Three Musketeers - D'Artagnan,Martin Bourboulon,THE,2023-04-05,F
FR2023_078,"Mon chat et moi, la grande aventure de Rroû",A Cat's Life,Guillaume Maidatchevsky,THE,2023-04-05,F
FR2023_079,L'Établi,The Assembly Line,Mathias Gokalp,THE,2023-04-05,F
FR2023_080,C'est mon homme,Loving Memories,Guillaume Bureau,THE,2023-04-05,F
FR2023_081,Normale,Normal,Olivier Babinet,THE,2023-04-05,F
FR2023_082,À mon seul désir,My Sole Desire,Lucie Borleteau,THE,2023-04-05,F
FR2023_083,10 jours encore sans maman,How to Survive Without Mum,Ludovic Bernard,THE,2023-04-12,F
FR2023_084,Les Complices,Killing Blues,Cécilia Rouaud,THE,2023-04-12,F
FR2023_085,Les Âmes soeurs,Soul Mates,André Téchiné,THE,2023-04-12,F
FR2023_086,Une histoire d'amour,A Love Story,Alexis Michalik,THE,2023-04-12,F
FR2023_087,Alma Viva,Alma Viva,Cristèle Alves Meira,THE,2023-04-12,F
FR2023_088,"L'Automne à Pyongyang, un portrait de Claude Lanzmann",,François Margolin,THE,2023-04-12,D
FR2023_089,Alegria Séfarade,,Suzy Cohen,THE,2023-04-12,D
FR2023_090,La Vie pour de vrai,Life for Real,Dany Boon,THE,2023-04-19,F
FR2023_091,Sur l'Adamant,On the Adamant,Nicolas Philibert,THE,2023-04-19,D
FR2023_092,La Plus Belle pour aller danser,,Victoria Bedos,THE,2023-04-19,F
FR2023_093,Chien de la casse,Junkyard Dog,Jean-Baptiste Durand,THE,2023-04-19,F
FR2023_094,Avant l'effondrement,Before We Collapse,"Alice Zeniter, Benoît Volnais",THE,2023-04-19,F
FR2023_095,Notre tout petit petit mariage,Our Tiny Little Wedding,Frédéric Quiring,THE,2023-04-26,F
FR2023_096,Le Jeune Imam,The Young Imam,Kim Chapiron,THE,2023-04-26,F
FR2023_097,Quand tu seras grand,Big Kids,"Andréa Bescond, Éric Métayer",THE,2023-04-26,F
FR2023_098,Ma langue au chat,All Because of the Cat,Cécile Telerman,THE,2023-04-26,F
FR2023_099,L'Amitié,,Alain Cavalier,THE,2023-04-26,D
FR2023_100,C'est normal !,,Frédéric Touchard,THE,2023-04-26,D
FR2023_101,Pour l'honneur,A Chance to Win,Philippe Guillard,THE,2023-05-03,F
FR2023_102,La Marginale,,Frank Cimière,THE,2023-05-03,F
FR2023_103,Disco Boy,Disco Boy,Giacomo Abbruzzese,THE,2023-05-03,F
FR2023_104,La Gravité,The Gravity,Cédric Ido,THE,2023-05-03,F
FR2023_105,Nos cérémonies,Summer Scars,Simon Rieth,THE,2023-05-03,F
FR2023_106,Le Principal,The Principal,Chad Chenouga,THE,2023-05-10,F
FR2023_107,Hawaii,Hawaii,Mélissa Drigeard,THE,2023-05-10,F
FR2023_108,Le Cours de la vie,Unscripted Reunion,Frédéric Sojcher,THE,2023-05-10,F
FR2023_109,La Fille d'Albino Rodrigue,The Daughter of Albino Rodrigue,Christine Dory,THE,2023-05-10,F
FR2023_110,The Wild One,The Wild One,Tessa Louise-Salomé,THE,2023-05-10,D
FR2023_111,"La Révole nature, de la vigne au verre",,Aline Geller,THE,2023-05-10,D
FR2023_112,"On a eu la journée, bonsoir",We Had the Day Bonsoir,Narimane Mari,THE,2023-05-10,D
FR2023_113,Jeanne du Barry,Jeanne du Barry,Maïwenn,THE,2023-05-16,F
FR2023_114,Umami,Umami - A Taste of Happiness,Slony Sow,THE,2023-05-17,F
FR2023_115,L'Homme debout,,Florence Vignon,THE,2023-05-17,F
FR2023_116,Monsieur Constant,,Alan Simon,THE,2023-05-17,F
FR2023_117,L'Amour et les Forêts,Just the Two of Us,Valérie Donzelli,THE,2023-05-24,F
FR2023_118,L'Île rouge,Red Island,Robin Campillo,THE,2023-05-31,F
FR2023_119,Invincible été,,Stéphanie Pillonca,THE,2023-05-31,D
FR2023_120,De l'eau jaillit le feu,,Fabien Mazzocco,THE,2023-05-31,D
FR2023_121,Aux masques citoyennes,,Florent Lacaze,THE,2023-05-31,D
FR2023_122,Des mains en or,,Isabelle Mergault,THE,2023-06-07,F
FR2023_123,Wahou !,Wow!,Bruno Podalydès,THE,2023-06-07,F
FR2023_124,Marinette,,Virginie Verrier,THE,2023-06-07,F
FR2023_125,Sexygénaires,Sweet Sixty,Robin Sykes,THE,2023-06-14,F
FR2023_126,Le Processus de paix,The Peace and Love Process,Ilan Klipper,THE,2023-06-14,F
FR2023_127,Fifi,Spare Keys,"Jeanne Aslan, Paul Saintillan",THE,2023-06-14,F
FR2023_128,Stars at Noon,Stars at Noon,Claire Denis,THE,2023-06-14,F
FR2023_129,Magnificat,Magnificat,Virginie Sauveur,THE,2023-06-21,F
FR2023_130,38°5 quai des Orfèvres,Police Fever,Benjamin Lehrer,THE,2023-06-21,F
FR2023_131,La Fille et le Garçon,The Girl and the Boy,Jean-Marie Besset,THE,2023-06-21,F
FR2023_132,Les Vengeances de Maître Poutifard,Mr. Putifar's Wacky Plan,Pierre-François Martin-Laval,THE,2023-06-28,F
FR2023_133,Farang,Mayhem!,Xavier Gens,THE,2023-06-28,F
FR2023_134,Passages,Passages,Ira Sachs,THE,2023-06-28,F
FR2023_135,La Sirène,The Siren,Sepideh Farsi,THE,2023-06-28,A
FR2023_136,"Miraculous, le film",Ladybug & Cat Noir Awakening,Jeremy Zag,THE,2023-07-05,A
FR2023_137,Une nuit,Strangers by Night,Alex Lutz,THE,2023-07-05,F
FR2023_138,"Cléo, Melvil et moi",I Hadn't Seen It That Way,Arnaud Viard,THE,2023-07-05,F
FR2023_139,Au cimetière de la pellicule,The Cemetary of Cinema,Thierno Souleymane Diallo,THE,2023-07-05,D
FR2023_140,Les Algues vertes,Green Tide,Pierre Jolivet,THE,2023-07-12,F
FR2023_141,Le Retour,Homecoming,Catherine Corsini,THE,2023-07-12,F
FR2023_142,Petit Jésus,Little Jesus,Julien Rigoulot,THE,2023-07-12,F
FR2023_143,Entre nous,Between Us,Jude Bauman,THE,2023-07-12,F
FR2023_144,Sous le tapis,Over the Cracks,Camille Japy,THE,2023-07-19,F
FR2023_145,Les Déguns 2,,"Cyrille Droux, Claude Zidi Jr.",THE,2023-07-26,F
FR2023_146,Sur la branche,A Wonderful Girl,Marie Garel-Weiss,THE,2023-07-26,F
FR2023_147,Un hiver en été,Summer Frost,Laetitia Masson,THE,2023-07-26,F
FR2023_148,Les Blagues de Toto 2 - Classe verte,,Pascal Bourdiaux,THE,2023-08-02,F
FR2023_149,Yannick,Yannick,Quentin Dupieux,THE,2023-08-02,F
FR2023_150,Veuillez nous excuser pour la gêne occasionnée,The Madness Express,Olivier Van Hoofstadt,THE,2023-08-09,F
FR2023_151,La Voie royale,The Path of Excellence,Frédéric Mermoud,THE,2023-08-09,F
FR2023_152,Un coup de maître,Paint It Gold,Rémi Bezançon,THE,2023-08-09,F
FR2023_153,Les As de la Jungle 2 : Opération tour du monde,The Jungle Bunch: World Tour,"Laurent Bru, Yannick Moulin, Benoît Somville",THE,2023-08-16,A
FR2023_154,La Bête dans la jungle,The Beast in the Jungle,Patric Chiha,THE,2023-08-16,F
FR2023_155,Anatomie d'une chute,Anatomy of a Fall,Justine Triet,THE,2023-08-23,F
FR2023_156,Super-bourrés,Super Drunk,Bastien Milheau,THE,2023-08-30,F
FR2023_157,"Toni, en famille",Toni,Nathan Ambrosioni,THE,2023-09-06,F
FR2023_158,Visions,Visions,Yann Gozlan,THE,2023-09-06,F
FR2023_159,Le Gang des bois du temple,The Temple Woods Gang,Rabah Ameur-Zaïmeche,THE,2023-09-06,F
FR2023_160,Un métier sérieux,A Real Job,Thomas Lilti,THE,2023-09-13,F
FR2023_161,Le Livre des solutions,The Book of Solutions,Michel Gondry,THE,2023-09-13,F
FR2023_162,L'Été dernier,Last Summer,Catherine Breillat,THE,2023-09-13,F
FR2023_163,Les Secrets de la princesse de Cadignan,,Arielle Dombasle,THE,2023-09-13,F
FR2023_164,La Petite,The Baby,Guillaume Nicloux,THE,2023-09-20,F
FR2023_165,Comme une louve,,Caroline Glorion,THE,2023-09-20,F
FR2023_166,Mise au vert,Green Retreat,Yohann Charrin,THE,2023-09-20,F
FR2023_167,Le Procès Goldman,The Goldman Case,Cédric Kahn,THE,2023-09-27,F
FR2023_168,Dogman,Dogman,Luc Besson,THE,2023-09-27,F
FR2023_169,Nouveau Départ,New Beginnings,Philippe Lefebvre,THE,2023-09-27,F
FR2023_170,Poisson rouge,,"Hugo Bachelet, Clément Vallos, Matthieu Yakovleff",THE,2023-09-27,F
FR2023_171,Au Clemenceau,,Xavier Gayan,THE,2023-09-27,F
FR2023_172,"Self-Fiction, Self-Migration",,Fabienne Le Houérou,THE,2023-09-27,F
FR2023_173,Le Règne animal,The Animal Kingdom,Thomas Cailley,THE,2023-10-04,F
FR2023_174,Bernadette,The President's Wife,Léa Domenach,THE,2023-10-04,F
FR2023_175,L'air de la mer rend libre,You Promised Me the Sea,Nadir Moknèche,THE,2023-10-04,F
FR2023_176,Notre corps,Our Body,Claire Simon,THE,2023-10-04,D
FR2023_177,Des idées de génie ?,,Brice Gravelle,THE,2023-10-04,D
FR2023_178,Le Consentement,Consent,Vanessa Filho,THE,2023-10-11,F
FR2023_179,Marie-Line et son juge,Take a Chance on Me,Jean-Pierre Améris,THE,2023-10-11,F
FR2023_180,La Fiancée du poète,The Jolly Forgers,Yolande Moreau,THE,2023-10-11,F
FR2023_181,Nina et le secret du hérisson,Nina and the Tales of the Hedgehog,"Jean-Loup Felicioli, Alain Gagnol",THE,2023-10-11,A
FR2023_182,Le Ravissement,The Rapture,Iris Kaltenbäck,THE,2023-10-11,F
FR2023_183,Une année difficile,A Difficult Year,"Olivier Nakache, Éric Toledano",THE,2023-10-18,F
FR2023_184,Linda veut du poulet !,Chicken for Linda!,"Sébastien Laudenbach, Chiara Malta",THE,2023-10-18,A
FR2023_185,Sacerdoce,,Damien Boyer,THE,2023-10-18,D
FR2023_186,Un prince,A Prince,Pierre Creton,THE,2023-10-18,F
FR2023_187,3 jours max,Only 3 Days Left,Tarek Boudali,THE,2023-10-25,F
FR2023_188,Second Tour,Second Round,Albert Dupontel,THE,2023-10-25,F
FR2023_189,Chambre 999,Room 999,Lubna Playoust,THE,2023-10-25,D
FR2023_190,Flo,,Géraldine Danon,THE,2023-11-01,F
FR2023_191,Inestimable,,Eric Fraticelli,THE,2023-11-01,F
FR2023_192,Le Théorème de Marguerite,Marguerite's Theorem,Anne Novion,THE,2023-11-01,F
FR2023_193,Monsieur le maire,Take Me Home,"Karine Blanc, Michel Tavares",THE,2023-11-01,F
FR2023_194,L'Abbé Pierre : Une vie de combat,Abbé Pierre - A Century of Devotion,Frédéric Tellier,THE,2023-11-08,F
FR2023_195,La Passion de Dodin Bouffant,The Taste of Things,Tran Anh Hung,THE,2023-11-08,F
FR2023_196,Par la fenêtre ou par la porte,,Jean-Pierre Bloc,THE,2023-11-08,D
FR2023_197,Comme par magie,Instant Family,Christophe Barratier,THE,2023-11-15,F
FR2023_198,Et la fête continue !,And the Party Goes on,Robert Guédiguian,THE,2023-11-15,F
FR2023_199,Little Girl Blue,Little Girl Blue,Mona Achache,THE,2023-11-15,D
FR2023_200,Le Petit Blond de la Casbah,The Blond Boy from the Casbah,Alexandre Arcady,THE,2023-11-15,F
FR2023_201,Vincent doit mourir,Vincent Must Die,Stéphan Castang,THE,2023-11-15,F
FR2023_202,Gueules noires,The Deep Dark,Mathieu Turi,THE,2023-11-15,F
FR2023_203,Ricardo et la Peinture,Ricardo and Painting,Barbet Schroeder,THE,2023-11-15,D
FR2023_204,Avant que les flammes ne s'éteignent,After the Fire,Mehdi Fikri,THE,2023-11-15,F
FR2023_205,Mars Express,Mars Express,Jérémie Périn,THE,2023-11-22,A
FR2023_206,Je ne suis pas un héros,We Can Be Heroes,Rudy Milstein,THE,2023-11-22,F
FR2023_207,L'Arche de Noé,Under the Rainbow,Bryan Marciano,THE,2023-11-22,F
FR2023_208,La Vénus d'argent,Spirit of Ecstasy,Héléna Klotz,THE,2023-11-22,F
FR2023_209,Le Monde d'après 3,,Laurent Firode,THE,2023-11-22,F
FR2023_210,Le Poireau perpétuel,,Zoé Chantre,THE,2023-11-22,D
FR2023_211,La Tresse,The Braid,Laetitia Colombani,THE,2023-11-29,F
FR2023_212,Le Temps d'aimer,Along Came Love,Katell Quillévéré,THE,2023-11-29,F
FR2023_213,Noël joyeux,Christmas Unplanned,Clément Michel,THE,2023-12-06,F
FR2023_214,Batiment 5,,Ladj Ly,THE,2023-12-06,F
FR2023_215,L'Enfant du paradis,,Salim Kechiouche,THE,2023-12-06,F
FR2023_216,Les Trois Mousquetaires : Milady,The Three Musketeers - Milady,Martin Bourboulon,THE,2023-12-13,F
FR2023_217,Les Inséparables,The Inseparables,Jérémie Degruson,THE,2023-12-13,A
FR2023_218,Rue des dames,Parisian Hustle,"Hamé Bourokba, Ekoué Labitey",THE,2023-12-13,F
FR2023_219,"À jamais les premiers, l'histoire d'un rêve étoilé",,Samyr Hamoudi,THE,2023-12-13,D
FR2023_220,Chasse gardée,Open Season,"Frédéric Forestier, Antonin Fourlon",THE,2023-12-20,F
FR2023_221,Jeff Panacloc : À la poursuite de Jean-Marc,Jeff & Jean-Marc's Adventures,Pierre-François Martin-Laval,THE,2023-12-20,F
FR2023_222,La Fille de son père,No Love Lost,Erwan Le Duc,THE,2023-12-20,F
FR2023_223,Ma France à moi,My Motherland,Benoît Cohen,THE,2023-12-20,F
FR2023_224,Menus-plaisirs - Les Troisgros,Menus-plaisirs - Les Troisgros,Frederick Wiseman,THE,2023-12-20,D
FR2023_225,Pour ton mariage,Wedding Blues,Oury Milshtein,THE,2023-12-20,D
FR2023_226,Les Segpa au ski,,"Ali Bougheraba, Hakim Boughéraba",THE,2023-12-27,F
FR2023_227,Une affaire d'honneur,The Edge of the Blade,Vincent Perez,THE,2023-12-27,F
FR2023_228,Vermines,Vermin,Sébastien Vanicek,THE,2023-12-27,F
FR2023_229,5 hectares,,Emilie Deleuze,THE,2023-12-27,F
FR2023_230,Ardéchois paysans montagnards,,Bernard Peyrol,THE,2023-01-01,D
FR2023_231,Miracles,,Pierre Barnérias,THE,2023-01-01,D
FR2023_232,"Respire, souris, vis",,Yen Le Van,THE,2023-06-22,D
FR2023_233,Des cailloux dans la chaussure,,Mickaël Damperon,THE,2023-01-01,D
FR2023_234,Secrets toxiques,,Andy Battentier,THE,2023-01-01,D
FR2023_235,La Colonne infernale,,Michel Mihami,THE,2023-01-01,F
FR2023_236,Une seule chair,,"Sabrina Gunnell, Steven Gunnell",VOD,2023-01-01,D
FR2023_237,"Jeanne Malivel, un soleil se lève",,Laurence-Pauline Boileau,THE,2023-01-01,D
FR2023_238,Le Jardin de la laiterie,,Marc Weymuller,THE,2023-01-01,D
FR2023_239,"Bizi naizeno, je danserai la vie",,Lucia Barahona,THE,2023-01-01,D
FR2023_240,Sortie des ombres,,Patrick Séraudie,THE,2023-01-01,D
FR2023_241,C’est une belle carte postale…,,Fatima Sissani,THE,2023-01-01,D
FR2023_242,"Notre part sauvage, la controverse du loup",,Jean-Pierre Valentin,THE,2023-01-01,D
FR2023_243,Autant que faire se peut,,Neven Denis,THE,2023-01-01,D
FR2023_244,Graines de Coron,,"André Grégorcic, Christian Grégorcic, Bernard Grégorcic",THE,2023-01-01,D
FR2023_245,En marche vers l'effondrement !,,"Alessandro di Giuseppe, Adrien Juncker",THE,2023-01-01,F
FR2023_246,Passages,,Olivier Faup,THE,2023-01-01,F
FR2023_247,Les Artisans de la voix : les coulisses du doublage français,,Mario-Alberto Sautré,THE,2023-01-01,D
FR2023_248,Fanzinat,,"Laure Bessi, Guillaume Gwardeath, Jean-Philippe Putaud",THE,2023-01-01,D
FR2023_249,Casa Susanna,Casa Susanna,Sébastien Lifshitz,VOD,2023-01-01,D
FR2022_001,Twist à Bamako,Dancing the Twist in Bamako,Robert Guédiguian,THE,2022-01-05,F
FR2022_002,Adieu Monsieur Haffmann,Farewell Mr Haffmann,Fred Cavayé,THE,2022-01-12,F
FR2022_003,Jane par Charlotte,Jany by Charlotte,Charlotte Gainsbourg,THE,2022-01-12,D
FR2022_004,Le Cygne des héros,,Claude Saussereau,THE,2022-01-12,F
FR2022_005,Ouistreham,Between Two Worlds,Emmanuel Carrère,THE,2022-01-12,F
FR2022_006,Placés,The Road Ahead,Nessim Chikhaoui,THE,2022-01-12,F
FR2022_007,Sans toi,Astray,Sophie Guillemin,THE,2022-01-12,F
FR2022_008,"Eurídice, là-bas...","Eurídice, Far Away…",Susana Lastreto,THE,2022-01-19,F
FR2022_009,Hors du monde,Out of the World,Marc Fouchard,THE,2022-01-19,F
FR2022_010,L'amour c'est mieux que la vie,Love Is Better Than Life,Claude Lelouch,THE,2022-01-19,F
FR2022_011,La Place d'une autre,Secret Name,Aurélia Georges,THE,2022-01-19,F
FR2022_012,"Michael Cimino, un mirage américain",,Jean-Baptiste Thoret,THE,2022-01-19,D
FR2022_013,Rumba la vie,Rumba Therapy,Franck Dubosc,THE,2022-01-19,F
FR2022_014,Tendre et Saignant,The Butcher's Daughter,Christopher Thompson,THE,2022-01-19,F
FR2022_015,Adieu Paris,Farewell Paris,Edouard Baer,THE,2022-01-26,F
FR2022_016,Les Promesses,Promises,Thomas Kruithof,THE,2022-01-26,F
FR2022_017,Presque,Beautiful Minds,"Bernard Campan, Alexandre Jollien",THE,2022-01-26,F
FR2022_018,Une jeune fille qui va bien,A Radiant Girl,Sandrine Kiberlain,THE,2022-01-26,F
FR2022_019,Arthur Rambo,Arthur Rambo,Laurent Cantet,THE,2022-02-02,F
FR2022_020,H6,H6,Ye Ye,THE,2022-02-02,D
FR2022_021,Les Jeunes Amants,The Young Lovers,Carine Tardieu,THE,2022-02-02,F
FR2022_022,Les voisins de mes voisins sont mes voisins,The Neighbours of My Neighbours Are Neighbours of Mine,"Anne-Laure Daffis, Léo Marchand",THE,2022-02-02,A
FR2022_023,Super-héros malgré lui,Superwho?,Philippe Lacheau,THE,2022-02-02,F
FR2022_024,Enquête sur un scandale d'État,Undercover,Thierry de Peretti,THE,2022-02-09,F
FR2022_025,Golda Maria,Golda Maria,"Patrick Sobelman, Hugo Sobelman",THE,2022-02-09,D
FR2022_026,L'Horizon,The Horizon,Émilie Carpentier,THE,2022-02-09,F
FR2022_027,PS : La diPSarition ?,,Jean-Pierre Pozzi,THE,2022-02-09,D
FR2022_028,Les Vedettes,The Wannabes,Jonathan Barré,THE,2022-02-09,F
FR2022_029,Vous ne désirez que moi,I Want to Talk About Duras,Claire Simon,THE,2022-02-09,F
FR2022_030,After Blue (Paradis sale),After Blue,Bertrand Mandico,THE,2022-02-16,F
FR2022_031,King,King,David Moreau,THE,2022-02-16,F
FR2022_032,La Vraie Famille,The Family,Fabien Gorgeart,THE,2022-02-16,F
FR2022_033,Maison de retraite,Retirement Home,Thomas Gilou,THE,2022-02-16,F
FR2022_034,Nous,We,Alice Diop,THE,2022-02-16,D
FR2022_035,Un autre monde,Another World,Stéphane Brizé,THE,2022-02-16,F
FR2022_036,Compagnons,Companions,François Favrat,THE,2022-02-23,F
FR2022_037,Ils sont vivants,A Change of Heart,Jérémie Elkaïm,THE,2022-02-23,F
FR2022_038,Maigret,Maigret,Patrice Leconte,THE,2022-02-23,F
FR2022_039,Selon la police,Cop Goes Missing,Frédéric Videau,THE,2022-02-23,F
FR2022_040,Zaï Zaï Zaï Zaï,,François Desagnat,THE,2022-02-23,F
FR2022_041,Down in Paris,Down in Paris,Antony Hickling,THE,2022-03-02,F
FR2022_042,Robuste,Robust,Constance Meyer,THE,2022-03-02,F
FR2022_043,Viens je t'emmène,Nobody's Hero,Alain Guiraudie,THE,2022-03-02,F
FR2022_044,À demain mon amour,A Guide to Love and Fighting Capitalism,Basile Carré-Agostini,THE,2022-03-09,D
FR2022_045,Goliath,Goliath,Frédéric Tellier,THE,2022-03-09,F
FR2022_046,La Campagne de France,,Sylvain Desclous,THE,2022-03-09,D
FR2022_047,Ma nuit,My Night,Antoinette Boulat,THE,2022-03-09,F
FR2022_048,Murder Party,The Murder Party,Nicolas Pleskof,THE,2022-03-09,F
FR2022_049,Permis de construire,Licence to Build,Eric Fraticelli,THE,2022-03-09,F
FR2022_050,À plein temps,Full Time,Eric Gravel,THE,2022-03-16,F
FR2022_051,Alors on danse,Dancing On,Michèle Laroque,THE,2022-03-16,F
FR2022_052,Entre les vagues,The Braves,Anaïs Volpé,THE,2022-03-16,F
FR2022_053,Funambules,Tightrope Walkers,Ilan Klipper,THE,2022-03-16,D
FR2022_054,Notre-Dame brûle,Notre-Dame on Fire,Jean-Jacques Annaud,THE,2022-03-16,F
FR2022_055,Trois fois rien,Three Times Nothing,Nadège Loiseau,THE,2022-03-16,F
FR2022_056,Bruno Reidal,"Bruno Reidal, Confessions of a Murderer",Vincent Le Port,THE,2022-03-23,F
FR2022_057,De nos frères blessés,Faithful,Hélier Cisterne,THE,2022-03-23,F
FR2022_058,La Brigade,The Kitchen Brigade,Louis-Julien Petit,THE,2022-03-23,F
FR2022_059,Le Temps des secrets,The Time of Secret,Christophe Barratier,THE,2022-03-23,F
FR2022_060,Seule la Terre est éternelle,The Earth Is All That Lasts,"François Busnel, Adrien Soland",THE,2022-03-23,D
FR2022_061,Une mère,An Ordinary Mother,Sylvie Audcoeur,THE,2022-03-23,F
FR2022_062,En corps,Rise,Cédric Klapisch,THE,2022-03-30,F
FR2022_063,Le Monde d'hier,The World of Yesterday,Diastème,THE,2022-03-30,F
FR2022_064,À la folie,By Your Side,Audrey Estrougo,THE,2022-04-06,F
FR2022_065,En même temps,Sticking Together,"Benoît Delépine, Gustave Kervern",THE,2022-04-06,F
FR2022_066,Mon héroïne,My Heroine,Noémie Lefort,THE,2022-04-06,F
FR2022_067,Qu'est-ce qu'on a tous fait au bon Dieu ?,Serial (Bad) Weddings 3,Philippe de Chauveron,THE,2022-04-06,F
FR2022_068,À l'ombre des filles,Singing Jailbirds,Etienne Comar,THE,2022-04-13,F
FR2022_069,Les Gagnants,,"Laurent Junca, Azedine Ben",THE,2022-04-13,F
FR2022_070,Vortex,Vortex,Gaspar Noé,THE,2022-04-13,F
FR2022_071,Et j'aime à la fureur,Flickering Ghosts of Loves Gone By,André Bonzel,THE,2022-04-20,D
FR2022_072,I Comete,A Corsican Summer,Pascal Tagnati,THE,2022-04-20,F
FR2022_073,L'Hypothèse démocratique - une histoire basque,The Democratic Hypothesis – A Bask Story,Thomas Lacoste,THE,2022-04-20,D
FR2022_074,Le Monde après nous,The World After Us,Louda Ben Salah,THE,2022-04-20,F
FR2022_075,Les Sans-dents,The Voiceless,Pascal Rabaté,THE,2022-04-20,F
FR2022_076,Années 20,Roaring 20's,Elisabeth Vogler,THE,2022-04-27,F
FR2022_077,Le Médecin imaginaire,The Imaginary Doctor,Ahmed Hamidi,THE,2022-04-27,F
FR2022_078,Sentinelle sud,South Sentinel,Mathieu Gérault,THE,2022-04-27,F
FR2022_079,Les Passagers de la nuit,The Passengers of the Night,Mikhaël Hers,THE,2022-05-04,F
FR2022_080,Ténor,Tenor,Claude Zidi Jr.,THE,2022-05-04,F
FR2022_081,Cœurs vaillants,Valiant Hearts,Mona Achache,THE,2022-05-11,F
FR2022_082,Les Folies Fermières,Country Cabaret,Jean-Pierre Améris,THE,2022-05-11,F
FR2022_083,On sourit pour la photo,Say Cheese,François Uzan,THE,2022-05-11,F
FR2022_084,Tom,Little Man Tom,Fabienne Berthaud,THE,2022-05-11,F
FR2022_085,J'adore ce que vous faites,The Biggest Fan,Philippe Guillard,THE,2022-05-18,F
FR2022_086,La Fabrique des pandémies,,Marie-Monique Robin,THE,2022-05-18,D
FR2022_087,Van Gogh in Love,Van Gogh in Love,Jean-Luc Ayach,THE,2022-05-18,F
FR2022_088,Frère et Sœur,Brother and Sister,Arnaud Desplechin,THE,2022-05-20,F
FR2022_089,Don Juan,Don Juan,Serge Bozon,THE,2022-05-23,F
FR2022_090,Ça tourne à Saint-Pierre et Miquelon,A Fishy Business in Saint Pierre et Miquelon,Christian Monnier,THE,2022-05-25,F
FR2022_091,C'est magnifique !,,Clovis Cornillac,THE,2022-06-01,F
FR2022_092,"Roland Gori, une époque sans esprit",,Xavier Gayan,THE,2022-06-01,D
FR2022_093,Champagne !,Champagne!,Nicolas Vanier,THE,2022-06-08,F
FR2022_094,"Mizrahim, les oubliés de la Terre Promise",The Forgotten Ones,Michale Boganim,THE,2022-06-08,D
FR2022_095,Petite Fleur,15 Ways to Kill Your Neighbour,Santiago Mitre,THE,2022-06-08,F
FR2022_096,Incroyable mais vrai,Incredible But True,Quentin Dupieux,THE,2022-06-15,F
FR2022_097,Mon amour,Mon Amour,David Teboul,THE,2022-06-15,D
FR2022_098,L'Homme parfait,Uman - The Perfect Man,Xavier Durringer,THE,2022-06-22,F
FR2022_099,Le Divorce de mes marrants,My Parents' Divorce,"Romy Trajman, Anais Straumann-Lévy",THE,2022-06-22,D
FR2022_100,Les Goûts et les Couleurs,Not My Type,Michel Leclerc,THE,2022-06-22,F
FR2022_101,En roue libre,Freestyle,Didier Barcelo,THE,2022-06-29,F
FR2022_102,Irréductible,Employee of the Month,Jérôme Commandeur,THE,2022-06-29,F
FR2022_103,Mastemah,Mastemah,Didier D. Daarwin,THE,2022-06-29,F
FR2022_104,I Love Greece,I Love Greece,Nafsika Guerry-Karamaounas,THE,2022-07-06,F
FR2022_105,Peter von Kant,Peter Von Kant,François Ozon,THE,2022-07-06,F
FR2022_106,Ducobu Président !,,Élie Semoun,THE,2022-07-13,F
FR2022_107,La Nuit du 12,The Night of the 12th,Dominik Moll,THE,2022-07-13,F
FR2022_108,Menteur,Natural Born Liar,Olivier Baroux,THE,2022-07-13,F
FR2022_109,Joyeuse retraite ! 2,Finally Retired!,Fabrice Bracq,THE,2022-07-20,F
FR2022_110,Magdala,Magdala,Damien Manivel,THE,2022-07-20,F
FR2022_111,L'Année du requin,Year of the Shark,"Ludovic Boukherma, Zoran Boukherma",THE,2022-08-03,F
FR2022_112,La Très Très Grande Classe,Two Much for the Job,Frédéric Quiring,THE,2022-08-10,F
FR2022_113,Les Vieux Fourneaux 2 : Bons pour l'asile,Tricky Old Dogs 2,Christophe Duthuron,THE,2022-08-17,F
FR2022_114,Les Volets verts,The Heart of a Man,Jean Becker,THE,2022-08-24,F
FR2022_115,Avec amour et acharnement,Both Sides of the Blade,Claire Denis,THE,2022-08-31,F
FR2022_116,La Dégustation,The Tasting,Ivan Calbérac,THE,2022-08-31,F
FR2022_117,La Page blanche,Eloïse's Journey,Murielle Magellan,THE,2022-08-31,F
FR2022_118,Les Cinq Diables,The Five Devils,Léa Mysius,THE,2022-08-31,F
FR2022_119,Kompromat,Kompromat,Jérôme Salle,THE,2022-09-07,F
FR2022_120,Le Tigre et le Président,The Vanished President,Jean-Marc Peyrefitte,THE,2022-09-07,F
FR2022_121,Tout le monde aime Jeanne,Everybody Loves Jeanne,Céline Devaux,THE,2022-09-07,F
FR2022_122,Walden,Walden,Bojena Horackova,THE,2022-09-07,F
FR2022_123,À propos de Joan,About Joan,Laurent Larivière,THE,2022-09-14,F
FR2022_124,Canailles,,Christophe Offenstein,THE,2022-09-14,F
FR2022_125,Citoyen d'honneur,,Mohamed Hamidi,THE,2022-09-14,F
FR2022_126,Tout fout le camp,Thick and Thin,Sébastien Betbeder,THE,2022-09-14,F
FR2022_127,Transe,Trance,Emilio Belmonte,THE,2022-09-14,D
FR2022_128,L'Ombre de Goya par Jean-Claude Carrière,"Goya, Carrière & the Ghost of Buñuel",José Luis López-Linares,THE,2022-09-21,D
FR2022_129,Les Enfants des autres,Other People's Children,Rebecca Zlotowski,THE,2022-09-21,F
FR2022_130,Les Secrets de mon père,My Father's Secrets,Véra Belmont,THE,2022-09-21,A
FR2022_131,Une belle course,Driving Madeleine,Christian Carion,THE,2022-09-21,F
FR2022_132,Jumeaux mais pas trop,Two of a Kind,"Olivier Ducray, Wilfried Méance",THE,2022-09-28,F
FR2022_133,La Cour des Miracles,SOS : Save Our School,"Carine May, Hakim Zouhani",THE,2022-09-28,F
FR2022_134,Le Sixième Enfant,The Sixth Child,Léopold Legrand,THE,2022-09-28,F
FR2022_135,Maria rêve,Maria into Life,"Lauriane Escaffre, Yvonnick Muller",THE,2022-09-28,F
FR2022_136,Vacances,Vacations,"Leo Wolfenstein, Béatrice de Staël",THE,2022-09-28,F
FR2022_137,Être prof,Teach Me If You Can,Émilie Thérond,THE,2022-10-05,D
FR2022_138,L'Origine du mal,The Origin of Evil,Sébastien Marnier,THE,2022-10-05,F
FR2022_139,La Combattante,Mary Jo Will See You at 4,Camille Ponsin,THE,2022-10-05,D
FR2022_140,Novembre,November,Cédric Jimenez,THE,2022-10-05,F
FR2022_141,Un beau matin,One Fine Morning,Mia Hansen-Løve,THE,2022-10-05,F
FR2022_142,Une femme de notre temps,A Woman,Jean-Paul Civeyrac,THE,2022-10-05,F
FR2022_143,L'Innocent,The Innocent,Louis Garrel,THE,2022-10-12,F
FR2022_144,Le Petit Nicolas: Qu'est-ce qu'on attend pour être heureux ?,Little Nicholas – Happy As Can Be,"Amandine Fredon, Benjamin Massoubre",THE,2022-10-12,A
FR2022_145,Les Harkis,Harkis,Philippe Faucon,THE,2022-10-12,F
FR2022_146,"Simone, le voyage du siècle",Simone: Woman of the Century,Olivier Dahan,THE,2022-10-12,F
FR2022_147,Temps morts,,"Vincent Dieutre, Julien Thèves",THE,2022-10-12,D
FR2022_148,Belle et Sébastien : Nouvelle génération,Belle and Sebastian - Next Generation,Pierre Coré,THE,2022-10-19,F
FR2022_149,Le Nouveau Jouet,The New Toy,James Huth,THE,2022-10-19,F
FR2022_150,"Le Pharaon, le Sauvage et la Princesse","The Black Pharaoh, the Savage and the Princess",Michel Ocelot,THE,2022-10-19,A
FR2022_151,Reprise en main,The Takeover,Gilles Perret,THE,2022-10-19,F
FR2022_152,Bowling Saturne,Saturn Bowling,Patricia Mazuy,THE,2022-10-26,F
FR2022_153,L'école est à nous,School Society,Alexandre Castagnetti,THE,2022-10-26,F
FR2022_154,Plancha,Happy 50,Éric Lavaine,THE,2022-10-26,F
FR2022_155,Super Z,Super Z,"Julien de Volte, Arnaud Tabarly",THE,2022-10-26,F
FR2022_156,Mascarade,Masquerade,Nicolas Bedos,THE,2022-11-01,F
FR2022_157,Arvor de 2 à 5,,"Corentin Doucet, Corentin Massiot",THE,2022-11-02,D
FR2022_158,Jacky Caillou,The Strange Case of Jacky Caillou,Lucas Delangle,THE,2022-11-02,F
FR2022_159,Couleurs de l'incendie,The Colours of Fire,Clovis Cornillac,THE,2022-11-09,F
FR2022_160,Heureux les fêlés,,Robert Coudray,THE,2022-11-09,F
FR2022_161,Les Lendemains de veille,,Loïc Paillard,THE,2022-11-09,F
FR2022_162,Pétaouchnok,Wilderness Therapy,Edouard Deluc,THE,2022-11-09,F
FR2022_163,Trois Nuits par semaine,Three Nights a Week,Florent Gouëlou,THE,2022-11-09,F
FR2022_164,Du crépitement sous les néons,Blazing Neon,"Fgko, Fabrice Garçon, Kévin Ossona",THE,2022-11-16,F
FR2022_165,La Maison,The House,Anissa Bonnefont,THE,2022-11-16,F
FR2022_166,Le Défi de Noël,,Florian Hessique,THE,2022-11-16,F
FR2022_167,Les Amandiers,Forever Young,Valeria Bruni Tedeschi,THE,2022-11-16,F
FR2022_168,Les Engagés,In a Better World,Émilie Frèche,THE,2022-11-16,F
FR2022_169,Les Femmes du square,The Nannies,Julien Rambaldi,THE,2022-11-16,F
FR2022_170,Plus que jamais,More Than Ever,Emily Atef,THE,2022-11-16,F
FR2022_171,Reste un peu,Stay With Us,Gad Elmaleh,THE,2022-11-16,F
FR2022_172,Une comédie romantique,Romantique,Thibault Segouin,THE,2022-11-16,F
FR2022_173,Les Miens,Our Ties,Roschdy Zem,THE,2022-11-23,F
FR2022_174,Mauvaises Filles,Bad Girls,Émérance Dubas,THE,2022-11-23,D
FR2022_175,Saint Omer,Saint Omer,Alice Diop,THE,2022-11-23,F
FR2022_176,Annie colère,Angry Annie,Blandine Lenoir,THE,2022-11-30,F
FR2022_177,Fumer fait tousser,Smoking Causes Coughing,Quentin Dupieux,THE,2022-11-30,F
FR2022_178,Le Lycéen,Winter Boy,Christophe Honoré,THE,2022-11-30,F
FR2022_179,Le Torrent,Spiral,Anne Le Ny,THE,2022-11-30,F
FR2022_180,Les Pires,The Worst Ones,"Lise Akoka, Romane Gueret",THE,2022-12-07,F
FR2022_181,Maestro(s),Maestro(s),Bruno Chiche,THE,2022-12-07,F
FR2022_182,Nos frangins,Our Brothers,Rachid Bouchareb,THE,2022-12-07,F
FR2022_183,Ernest et Célestine : Le voyage en Charabie,Ernest and Celestine: A Trip to Gibberitia,"Julien Chheng, Jean-Christophe Roger",THE,2022-12-14,A
FR2022_184,Les Années Super-8,The Super 8 Years,"David Ernaux-Briot, Annie Ernaux",THE,2022-12-14,D
FR2022_185,Le Parfum vert,The Green Perfume,Nicolas Pariser,THE,2022-12-21,F
FR2022_186,Le Petit Piaf,The Island Bird,Gérard Jugnot,THE,2022-12-21,F
FR2022_187,Le Tourbillon de la vie,Julia(S),Olivier Treiner,THE,2022-12-21,F
FR2022_188,Tempête,Ride Above,Christian Duguay,THE,2022-12-21,F
FR2022_189,Choeur de rockers,Silver Rockers,"Luc Bricault, Ida Techer",THE,2022-12-28,F
FR2022_190,La Passagère,Wild Seas,Héloïse Pelloquet,THE,2022-12-28,F
FR2022_191,Par coeurs,By Heart,Benoît Jacquot,THE,2022-12-28,D
FR2021_001,Envole-moi,Fly Me Away,Christophe Barratier,THE,2021-05-19,F
FR2021_002,L'Étreinte,Margaux Hartmann,Ludovic Bergery,THE,2021-05-19,F
FR2021_003,Le Dernier Voyage,Last Journey of Paul W.R.,Romain Quirot,THE,2021-05-19,F
FR2021_004,Mandibules,Mandibles,Quentin Dupieux,THE,2021-05-19,F
FR2021_005,Le Grand Secret du lien,,Frédéric Plénard,THE,2021-05-26,D
FR2021_006,Si le vent tombe,Should the Wind Drop,Nora Martirosyan,THE,2021-05-26,F
FR2021_007,Vers la bataille,Towards the Battle,Aurélien Vernhes-Lermusiaux,THE,2021-05-26,F
FR2021_008,Chacun chez soi,The Kids Are Back,Michèle Laroque,THE,2021-06-02,F
FR2021_009,Des hommes,Home Front,Lucas Belvaux,THE,2021-06-02,F
FR2021_010,Playlist,Playlist,Nine Antico,THE,2021-06-02,F
FR2021_011,Villa Caprice,The Case,Bernard Stora,THE,2021-06-02,F
FR2021_012,May B,May B,David Mambouch,THE,2021-06-09,D
FR2021_013,L'Instant présent,,Florian Hessique,THE,2021-06-09,F
FR2021_014,Le Discours,The Speech,Laurent Tirard,THE,2021-06-09,F
FR2021_015,Vaurien,Rascal,Peter Dourountzis,THE,2021-06-09,F
FR2021_016,5ème Set,Final Set,Quentin Reynaud,THE,2021-06-16,F
FR2021_017,La Nuée,The Swarm,Just Philippot,THE,2021-06-16,F
FR2021_018,Les 2 Alfred,French Tech,Bruno Podalydès,THE,2021-06-16,F
FR2021_019,Seize Printemps,Spring Blossom,Suzanne Lindon,THE,2021-06-16,F
FR2021_020,Un tour chez ma fille,"Knock, Knock, It’s Mom!",Éric Lavaine,THE,2021-06-16,F
FR2021_021,Gagarine,Gagarine,"Fanny Liatard, Jérémy Trouilh",THE,2021-06-23,F
FR2021_022,Ibrahim,Ibrahim,Samir Guesmi,THE,2021-06-23,F
FR2021_023,Opération Portugal,Operation Portugal,Frank Cimière,THE,2021-06-23,F
FR2021_024,Tokyo Shaking,Tokyo Shaking,Olivier Peyon,THE,2021-06-23,F
FR2021_025,La Fine Fleur,The Rose Maker,Pierre Pinaud,THE,2021-06-30,F
FR2021_026,Le Sens de la famille,Family Swap,Jean-Patrick Benes,THE,2021-06-30,F
FR2021_027,Présidents,Presidents,Anne Fontaine,THE,2021-06-30,F
FR2021_028,Soeurs,Sisters,Yamina Benguigui,THE,2021-06-30,F
FR2021_029,Sous le ciel d'Alice,Skies of Lebanon,Chloé Mazlo,THE,2021-06-30,F
FR2021_030,Teddy,Teddy,"Ludovic Boukherma, Zoran Boukherma",THE,2021-06-30,F
FR2021_031,The Deep House,The Deep House,"Alexandre Bustillo, Julien Maury",THE,2021-06-30,F
FR2021_032,Benedetta,Benedetta,Paul Verhoeven,THE,2021-07-09,F
FR2021_033,Bergman Island,Bergman Island,Mia Hansen-Løve,THE,2021-07-14,F
FR2021_034,Frères d'arme,,Sylvain Labrosse,THE,2021-07-14,F
FR2021_035,Mystère à Saint-Tropez,Mystery in Saint-Tropez,Nicolas Benamou,THE,2021-07-14,F
FR2021_036,Titane,Titane,Julia Ducournau,THE,2021-07-14,F
FR2021_037,Gunpowder Milkshake,Gunpowder Milkshake,Navot Papushado,THE,2021-07-21,F
FR2021_038,Kaamelott - Premier volet,Kaamelott: First Instalment,Alexandre Astier,THE,2021-07-21,F
FR2021_039,"Onoda, 10 000 nuits dans la jungle","Onoda: 10,000 Nights in the Jungle",Arthur Harari,THE,2021-07-21,F
FR2021_040,C'est la vie,Labor Day,Julien Rambaldi,THE,2021-07-28,F
FR2021_041,Les Sorcières de l'Orient,The Witches of the Orient,Julien Faraut,THE,2021-07-28,D
FR2021_042,Profession du père,My Father's Stories,Jean-Pierre Améris,THE,2021-07-28,F
FR2021_043,Le Tour du monde en 80 jours,Around the World in 80 Days,Samuel Tourneux,THE,2021-08-04,A
FR2021_044,De bas étage,A Brighter Tomorrow,Yassine Qnia,THE,2021-08-04,F
FR2021_045,Messe basse,The Lodger,Baptiste Drapeau,THE,2021-08-04,F
FR2021_046,OSS 117 : Alerte rouge en Afrique noire,OSS 117: From Africa With Love,Nicolas Bedos,THE,2021-08-04,F
FR2021_047,C'est quoi ce papy ?!,When Granny Meets Grandpa,Gabriel Julien-Laferrière,THE,2021-08-11,F
FR2021_048,Passion simple,Simple Passion,Danielle Arbid,THE,2021-08-11,F
FR2021_049,Pil,Pil's Adventure,Julien Fournet,THE,2021-08-11,A
FR2021_050,Rouge,Red Soil,Farid Bentoumi,THE,2021-08-11,F
FR2021_051,Attention au départ,All Aboard!,Benjamin Euvrard,THE,2021-08-18,F
FR2021_052,BAC Nord,The Stronghold,Cédric Jimenez,THE,2021-08-18,F
FR2021_053,Les Fantasmes,Fantasies,"David Foenkinos, Stéphane Foenkinos",THE,2021-08-18,F
FR2021_054,Louloute,Louloute,Hubert Viel,THE,2021-08-18,F
FR2021_055,Fragile,"Hard Shell, Soft Shell",Emma Benestan,THE,2021-08-25,F
FR2021_056,La Terre des hommes,Beasts,Naël Marandin,THE,2021-08-25,F
FR2021_057,Gogo,Gogo,Pascal Plisson,THE,2021-09-01,D
FR2021_058,Laila in Haifa,Laila in Haifa,Amos Gitai,THE,2021-09-01,F
FR2021_059,"Le Fils de l'épicière, le maire, le village et le monde","The Grocer's Son, The Mayer, The Village and The World",Claire Simon,THE,2021-09-01,D
FR2021_060,Un triomphe,The Big Hit,Emmanuel Courcol,THE,2021-09-01,F
FR2021_061,Boîte noire,Black Box,Yann Gozlan,THE,2021-09-08,F
FR2021_062,Délicieux,Delicious,Éric Besnard,THE,2021-09-08,F
FR2021_063,La Nuit des rois,Night of the Kings,Philippe Lacôte,THE,2021-09-08,F
FR2021_064,La Vie de château,My Life in Versailles,"Clémence Madeleine-Perdrillat, Nathaniel Hlimi",THE,2021-09-08,A
FR2021_065,Les Méchants,Fake News,"Mouloud Achour, Dominique Baumard",THE,2021-09-08,F
FR2021_066,L'Origine du monde,Dear Mother,Laurent Lafitte,THE,2021-09-15,F
FR2021_067,La Ferme qui soigne - Agroécologie et médecines,,Caroline Breton,THE,2021-09-15,D
FR2021_068,Les Amours d'Anaïs,Anaïs in Love,Charline Bourgeois-Tacquet,THE,2021-09-15,F
FR2021_069,Pourris gâtés,Spoiled Brats,Nicolas Cuche,THE,2021-09-15,F
FR2021_070,La Troisième Guerre,The Third War,"Giovanni Aloi, Andrea Barone",THE,2021-09-22,F
FR2021_071,"Là, où le temps s'est arrêté",,Christophe Tardy,THE,2021-09-22,D
FR2021_072,Tout s'est bien passé,Everything Went Fine,François Ozon,THE,2021-09-22,F
FR2021_073,Cette musique ne joue pour personne,Love Song for Tough Guys,Samuel Benchetrit,THE,2021-09-29,F
FR2021_074,En route pour le milliard,Downstream to Kinshasa,Dieudo Hamadi,THE,2021-09-29,D
FR2021_075,Eugénie Grandet,Eugenie Grandet,Marc Dugain,THE,2021-09-29,F
FR2021_076,Guermantes,Guermantes,Christophe Honoré,THE,2021-09-29,F
FR2021_077,J'ai aimé vivre là,I Have Loved Living Here,Régis Sauder,THE,2021-09-29,D
FR2021_078,La Traversée,The Crossing,Florence Miailhe,THE,2021-09-29,A
FR2021_079,Gaza mon amour,Gaza mon amour,"Arab Nasser, Tarzan Nasser",THE,2021-10-06,F
FR2021_080,Le Kiosque,,Alexandra Pianelli,THE,2021-10-06,D
FR2021_081,Tralala,Tralala,"Arnaud Larrieu, Jean-Marie Larrieu",THE,2021-10-06,F
FR2021_082,Debout les femmes !,Those Who Care,"Gilles Perret, François Ruffin",THE,2021-10-13,D
FR2021_083,Eiffel,Eiffel,Martin Bourboulon,THE,2021-10-13,F
FR2021_084,L'Homme de la cave,The Man in the Basement,Philippe Le Guay,THE,2021-10-13,F
FR2021_085,Le Loup et le Lion,The Wolf and the Lion,Gilles de Maistre,THE,2021-10-13,F
FR2021_086,"Le Poète illuminé, Germain Nouveau (1851-1920)",,Christian Philibert,THE,2021-10-13,D
FR2021_087,Le Traducteur,The Translator,"Rana Kazkaz, Anas Khalaf",THE,2021-10-13,F
FR2021_088,À la vie,Sheroes,Aude Pépin,THE,2021-10-20,D
FR2021_089,Illusions perdues,Lost Illusions,Xavier Giannoli,THE,2021-10-20,F
FR2021_090,Le Trésor du petit Nicolas,Little Nicholas' Treasure,Julien Rappeneau,THE,2021-10-20,F
FR2021_091,Les Héroïques,The Heroics,Maxime Roy,THE,2021-10-20,F
FR2021_092,"Spectre: Sanity, Madness & the Family","Spectre: Sanity, Madness & the Family",Jean-Baptiste de Laubier,THE,2021-10-20,D
FR2021_093,Tonton Manu,,"Patrick Puzenat, Thierry Dechilly",THE,2021-10-20,D
FR2021_094,Tout nous sourit,"Husband, Wife, Kids... And Lovers",Mélissa Drigeard,THE,2021-10-20,F
FR2021_095,La Fracture,The Divide,Catherine Corsini,THE,2021-10-27,F
FR2021_096,Lui,Him,Guillaume Canet,THE,2021-10-27,F
FR2021_097,Albatros,Drift Away,Xavier Beauvois,THE,2021-11-03,F
FR2021_098,"Les Olympiades, Paris 13e","Paris, 13th District",Jacques Audiard,THE,2021-11-03,F
FR2021_099,My Son,My Son,Christian Carion,THE,2021-11-03,F
FR2021_100,Pingouin et Goëland et leurs 500 petits,The Nest,Michel Leclerc,THE,2021-11-03,D
FR2021_101,Si on chantait,Song Express,Fabrice Maruca,THE,2021-11-03,F
FR2021_102,A Good Man,A Good Man,Marie-Castille Mention-Schaar,THE,2021-11-10,F
FR2021_103,Aline,"Aline, the Voice of Love",Valérie Lemercier,THE,2021-11-10,F
FR2021_104,Entre deux trains,Long Time No See,Pierre Filmon,THE,2021-11-10,F
FR2021_105,Haute Couture,Haute Couture,Sylvie Ohayon,THE,2021-11-10,F
FR2021_106,Marcher sur l'eau,Above Water,Aïssa Maïga,THE,2021-11-10,D
FR2021_107,Partir ?,,Mary-Noël Niba,THE,2021-11-10,D
FR2021_108,Les Bodin's en Thaïlande,The Bodin's in the Land of Smile,Frédéric Forestier,THE,2021-11-17,F
FR2021_109,On est fait pour s'entendre,Hear Me Out,Pascal Elbé,THE,2021-11-17,F
FR2021_110,Oranges sanguines,Bloody Oranges,Jean-Christophe Meurisse,THE,2021-11-17,F
FR2021_111,Retourner à Sölöz,Back to Sölöz,Serge Avédikian,THE,2021-11-17,D
FR2021_112,De son vivant,Peaceful,Emmanuelle Bercot,THE,2021-11-24,F
FR2021_113,Mon fils Malik,,Thitia Marquez,THE,2021-11-24,F
FR2021_114,La Grande Aventure du Cirque Plume,,Antoine Page,THE,2021-12-01,D
FR2021_115,La Pièce rapportée,The Unsophisticated Lady,Antonin Peretjatko,THE,2021-12-01,F
FR2021_116,Les Choses humaines,The Accusation,Yvan Attal,THE,2021-12-01,F
FR2021_117,Maman pleut des cordes,Mum Is Pouring Rain,Hugo de Faucompret,THE,2021-12-01,A
FR2021_118,Les rêves ne meurent jamais,,Sébastien Blemon,THE,2021-12-05,D
FR2021_119,Au cœur du bois,Ladies of the Wood,Claus Drexel,THE,2021-12-08,D
FR2021_120,Les Tuche 4,Christmas with the Tuche,Olivier Baroux,THE,2021-12-08,F
FR2021_121,"Lingui, les liens sacrés",Lingui: The Sacred Bonds,Mahamat-Saleh Haroun,THE,2021-12-08,F
FR2021_122,Rose,Rose,Aurélie Saada,THE,2021-12-08,F
FR2021_123,Une femme du monde,Her Way,Cécile Ducrocq,THE,2021-12-08,F
FR2021_124,Mes très chers enfants,Price of Parenting,Alexandra Leclère,THE,2021-12-15,F
FR2021_125,Mystère,Vicky and Her Mystery,Denis Imbert,THE,2021-12-15,F
FR2021_126,Noël et sa mère,Noël and His Mother,Arthur Dreyfus,THE,2021-12-15,D
FR2021_127,Madeleine Collins,Madeleine Collins,Antoine Barraud,THE,2021-12-22,F
FR2021_128,Mince alors 2 !,Bigger Is Beautiful,Charlotte de Turckheim,THE,2021-12-22,F
FR2021_129,Le Test,The Test,Emmanuel Poulain-Arnaud,THE,2021-12-29,F
FR2021_130,Tromperie,Deception,Arnaud Desplechin,THE,2021-12-29,F
FR2020_001,Les Vétos,The Vets,Julie Manoukian,THE,2020-01-01,F
FR2020_002,Play,Play,Anthony Marciano,THE,2020-01-01,F
FR2020_003,Sol,Sol,Jézabel Marques,THE,2020-01-08,F
FR2020_004,Merveilles à Montfermeil,Wonders in the Suburbs,Jeanne Balibar,THE,2020-01-08,F
FR2020_005,L'Autre,The Other,Charlotte Dauphin,THE,2020-01-08,F
FR2020_006,Une belle équipe,Quenns of the Field,Mohamed Hamidi,THE,2020-01-15,F
FR2020_007,Selfie,,"Thomas Bidegain, Cyril Gelblat, Tristan Aurouet, Marc Fitoussi, Vianney Lebasque",THE,2020-01-15,F
FR2020_008,Je ne rêve que de vous,An Irrepressible Woman,Laurent Heynemann,THE,2020-01-15,F
FR2020_009,Douze Mille,Twelve Thousand,Nadège Trebal,THE,2020-01-15,F
FR2020_010,Je voudrais que quelqu'un m'attende quelque part,I Wish Someone Were Waiting for Me Somewhere,Arnaud Viard,THE,2020-01-22,F
FR2020_011,Qu'un sang impur...,The Breitner Commando,Abdel Raouf Dafri,THE,2020-01-22,F
FR2020_012,Pygmalionnes,Pygmalions,Quentin Delcourt,THE,2020-01-22,D
FR2020_013,L'Affaire Marvin,,Lewis Eizykman,THE,2020-01-22,F
FR2020_014,Le Lion,The Lion,Ludovic Colbeau-Justin,THE,2020-01-29,F
FR2020_015,Les Traducteurs,The Translators,Régis Roinsard,THE,2020-01-29,F
FR2020_016,L'Esprit de famille,The Father Figure,Éric Besnard,THE,2020-01-29,F
FR2020_017,Cuban Network,Wasp Network,Olivier Assayas,THE,2020-01-29,F
FR2020_018,Revenir,Back Home,Jessica Palud,THE,2020-01-29,F
FR2020_019,Les Mélancolies de Sade,Mélancolies de Sade,Guy Marignane,THE,2020-01-29,F
FR2020_020,Ducobu 3,,Élie Semoun,THE,2020-02-05,F
FR2020_021,#jesuislà,#Iamhere,Éric Lartigau,THE,2020-02-05,F
FR2020_022,Notre-Dame du Nil,Our Lady of the Nile,Atiq Rahimi,THE,2020-02-05,F
FR2020_023,Soumaya,,"Ubaydah Abu-Usayd, Waheed Khan",THE,2020-02-05,F
FR2020_024,J'ai retrouvé Christian B.,,Alain Fleischer,THE,2020-02-05,D
FR2020_025,Le Prince oublié,The Lost Prince,Michel Hazanavicius,THE,2020-02-12,F
FR2020_026,Un divan à Tunis,Arab Blues,Manele Labidi,THE,2020-02-12,F
FR2020_027,La Fille au bracelet,The Girl with a Bracelet,Stéphane Demoustier,THE,2020-02-12,F
FR2020_028,Deux,Two of Us,Filippo Meneghetti,THE,2020-02-12,F
FR2020_029,10 jours sans maman,10 Days with Dad,Ludovic Bernard,THE,2020-02-19,F
FR2020_030,Amare Amaro,Amare Amaro,Julien Paolini,THE,2020-02-19,F
FR2020_031,Lucky,Lucky,Olivier Van Hoofstadt,THE,2020-02-26,F
FR2020_032,Mine de rien,Mine Your Own Business,Mathias Mlekuz,THE,2020-02-26,F
FR2020_033,Mes jours de gloire,My Days of Glory,Antoine de Bary,THE,2020-02-26,F
FR2020_034,L'État sauvage,Savage State,David Perrault,THE,2020-02-26,F
FR2020_035,Chut... !,,"Alain Guillon, Philippe Worms",THE,2020-02-26,D
FR2020_036,De Gaulle,De Gaulle,Gabriel Le Bomin,THE,2020-03-04,F
FR2020_037,Papi Sitter,Pappy Sitter,Philippe Guillard,THE,2020-03-04,F
FR2020_038,Woman,Woman,"Anastasia Mikova, Yann Arthus-Bertrand",THE,2020-03-04,D
FR2020_039,La Bonne Épouse,How to Be a Good Wife,Martin Provost,THE,2020-03-11,F
FR2020_040,Une sirène à Paris,A Mermaid in Paris,Mathias Malzieu,THE,2020-03-11,F
FR2020_041,Les Visages de la victoire,The Faces of Victory,Lyèce Boukhitine,THE,2020-03-11,D
FR2020_042,Les Parfums,Perfumes,Gregory Magne,THE,2020-07-01,F
FR2020_043,Tout simplement noir,Simply Black,"John Wax, Jean-Pascal Zadi",THE,2020-07-08,F
FR2020_044,Divorce Club,Divorce Club,Michaël Youn,THE,2020-07-14,F
FR2020_045,Été 85,Summer of 85,François Ozon,THE,2020-07-14,F
FR2020_046,L'Aventure des Marguerite,The Fantastic Journey of Margot and Marguerite,Pierre Coré,THE,2020-07-14,F
FR2020_047,Le Sel des larmes,The Salt of Tears,Philippe Garrel,THE,2020-07-14,F
FR2020_048,La Nuit venue,Night Ride,Frédéric Farrucci,THE,2020-07-15,F
FR2020_049,"Les Grands Voisins, la cité rêvée",,Bastien Simon,THE,2020-07-22,D
FR2020_050,T'as pécho ?,How to Make Out,Adeline Picault,THE,2020-07-29,F
FR2020_051,Terrible Jungle,Welcome To The Jungle,"Hugo Benamozig, David Caviglioli",THE,2020-07-29,F
FR2020_052,L'Oiseau de paradis,Paradise,Paul Manate,THE,2020-07-29,F
FR2020_053,Les Blagues de Toto,Toto,Pascal Bourdiaux,THE,2020-08-05,F
FR2020_054,Just Kids,,Christophe Blanc,THE,2020-08-05,F
FR2020_055,Voir le jour,Into the World,Marion Laine,THE,2020-08-12,F
FR2020_056,Belle-fille,The Morning After,Méliane Marcaggi,THE,2020-08-19,F
FR2020_057,Mignonnes,Cuties,Maïmouna Doucouré,THE,2020-08-19,F
FR2020_058,Effacer l'historique,Delete History,"Benoît Delépine, Gustave Kervern",THE,2020-08-26,F
FR2020_059,Une barque sur l'océan,A Berge on the Ocean,Arnold de Parscau,THE,2020-08-26,F
FR2020_060,Poissonsexe,Sexfish,Olivier Babinet,THE,2020-09-02,F
FR2020_061,La Daronne,Mama Weed,Jean-Paul Salomé,THE,2020-09-09,F
FR2020_062,Le Bonheur des uns...,A Friendly Tale,Daniel Cohen,THE,2020-09-09,F
FR2020_063,Un soupçon d'amour,,Paul Vecchiali,THE,2020-09-09,F
FR2020_064,Cyril contre Goliath,,Thomas Bornot,THE,2020-09-09,D
FR2020_065,Le Fantôme de Laurent Terzieff,,Jacques Richard,THE,2020-09-09,D
FR2020_066,Antoinette dans les Cévennes,"My Donkey, My Lover & I",Caroline Vignal,THE,2020-09-16,F
FR2020_067,"Les Choses qu'on dit, les choses qu'on fait",Love Affair(s),Emmanuel Mouret,THE,2020-09-16,F
FR2020_068,J'irai mourir dans les Carpates,,Antoine de Maximy,THE,2020-09-16,F
FR2020_069,Africa Mia,The Mali-Cuba Connection,"Richard Minier, Édouard Salier",THE,2020-09-16,D
FR2020_070,Trio,Trio,Ana Dumitrescu,THE,2020-09-16,D
FR2020_071,Les Apparences,Appearances,Marc Fitoussi,THE,2020-09-23,F
FR2020_072,Boutchou,,Adrien Piquet-Gauthier,THE,2020-09-23,F
FR2020_073,Éléonore,Just Like a Woman,Amro Hamzawi,THE,2020-09-23,F
FR2020_074,Mon cousin,My Cousin,Jan Kounen,THE,2020-09-30,F
FR2020_075,Josep,,Aurel,THE,2020-09-30,A
FR2020_076,Un pays qui se tient sage,The Monopoly of Violence,David Dufresne,THE,2020-09-30,D
FR2020_077,À coeur battant,The End of Love,Keren Ben Rafael,THE,2020-09-30,F
FR2020_078,Les héros ne meurent jamais,Heroes Don't Die,Aude Léa Rapin,THE,2020-09-30,F
FR2020_079,Ma chère famille,,Benjamin Laurent,THE,2020-10-06,D
FR2020_080,L'Enfant rêvé,Dreamchild,Raphaël Jacoulot,THE,2020-10-07,F
FR2020_081,La Puissance de l'arbre,,Ernst Zürcher,THE,2020-10-07,D
FR2020_082,30 jours max,30 Days Left,Tarek Boudali,THE,2020-10-14,F
FR2020_083,Les Équilibristes,Balancing Art,Perrine Michel,THE,2020-10-14,D
FR2020_084,Princesse Europe,,Camille Lotteau,THE,2020-10-14,D
FR2020_085,Adieu les cons,Bye Bye Morons,Albert Dupontel,THE,2020-10-21,F
FR2020_086,Poly,,Nicolas Vanier,THE,2020-10-21,F
FR2020_087,Petit Vampire,Little Vampire,Joann Sfar,THE,2020-10-21,A
FR2020_088,Miss,,Ruben Alves,THE,2020-10-21,F
FR2020_089,Le Feu sacré,,Éric Guéret,THE,2020-10-21,D
FR2020_090,Pas en mon nom !,,Daniel Kupferstein,THE,2020-10-21,D
FR2020_091,ADN,DNA,Maïwenn,THE,2020-10-28,F
FR2020_092,Sous les étoiles de Paris,Under the Stars of Paris,Claus Drexel,THE,2020-10-28,F
FR2020_093,Garçon chiffon,My Best Part,Nicolas Maury,THE,2020-10-28,F
FR2020_094,Contre vents et marées,,Jean-Philippe Jacquemin,THE,2020-10-28,D
FR2020_095,Forte,Ballsy Girl,Katia Lewkowicz,VOD,2020-01-01,F
FR2020_096,Humilitas,,"Gilles Murigneux, Valérie Bochard, Jean-Claude Guillaume",THE,2020-01-01,D
FR2020_097,Les Rivières,,Mai Hua,THE,2020-01-01,D
FR2020_098,La Vertu des impondérables,,Claude Lelouch,VOD,2020-01-01,F
FR2020_099,Un pas vers vous dans l'Allier,,"Christopher Tourneur, Stefan Colomb",THE,2020-01-01,D
FR2020_100,Changer le monde,,Frank Cassenti,VOD,2020-01-01,D
FR2020_101,Ni les femmes ni la terre !,,"Marine Allard, Lucie Assemat, Coline Dhaussy",THE,2020-01-01,D
FR2020_102,Les Belles Dames,,"Marion Lippmann, Sébastien Daguerressar",VOD,2020-01-01,D
FR2020_103,Homo Botanicus,,Guillermo Quintero,VOD,2020-01-01,D
FR2019_001,Premières Vacances,Our Happy Holiday,Patrick Cassir,THE,2019-01-02,F
FR2019_002,Un beau voyou,A Clever Crook,Lucas Bernard,THE,2019-01-02,F
FR2019_003,Les Invisibles,Invisibles,Louis-Julien Petit,THE,2019-01-09,F
FR2019_004,Edmond,"Cyrano, My Love",Alexis Michalik,THE,2019-01-09,F
FR2019_005,L'Heure de la sortie,School's Out,Sébastien Marnier,THE,2019-01-09,F
FR2019_006,"Jean Vanier, le sacrement de la tendresse",,Frédérique Bedos,THE,2019-01-09,D
FR2019_007,Comme elle vient,,Swen de Pauw,THE,2019-01-09,D
FR2019_008,L'Incroyable Histoire du facteur Cheval,The Ideal Palace,Nils Tavernier,THE,2019-01-16,F
FR2019_009,Doubles Vies,Non-Fiction,Olivier Assayas,THE,2019-01-16,F
FR2019_010,Holy Lands,Holy Lands,Amanda Sthers,THE,2019-01-16,F
FR2019_011,Une jeunesse dorée,Golden Youth,Eva Ionesco,THE,2019-01-16,F
FR2019_012,Le Phallus et le Néant,,Sophie Robert,THE,2019-01-16,D
FR2019_013,Chemins de travers,,Sébastien Majonchi,THE,2019-01-16,D
FR2019_014,Yao,Yao,Philippe Godeau,THE,2019-01-23,F
FR2019_015,L'Ordre des médecins,Breath of Life,David Roux,THE,2019-01-23,F
FR2019_016,Les Petits Flocons,Snowlidays,Joséphine de Meaux,THE,2019-01-23,F
FR2019_017,Ma vie avec James Dean,My Life with James Dean,Dominique Choisy,THE,2019-01-23,F
FR2019_018,Alien Crystal Palace,Alien Crystal Palace,Arielle Dombasle,THE,2019-01-23,F
FR2019_019,Un berger et deux perchés à l'Élysée ?,,"Pierre Carles, Philippe Lespinasse",THE,2019-01-23,D
FR2019_020,Qu'est-ce qu'on a encore fait au bon Dieu ?,Serial Bad Weddings 2,Philippe de Chauveron,THE,2019-01-30,F
FR2019_021,Les Estivants,The Summer House,Valeria Bruni Tedeschi,THE,2019-01-30,F
FR2019_022,À cause des filles.. ?,For the Ones We Loved,Pascal Thomas,THE,2019-01-30,F
FR2019_023,Pearl,Pearl,Elsa Amiel,THE,2019-01-30,F
FR2019_024,"Fahavalo, Madagascar 1947",Fahavalo - Madagascar 1947,Marie Clémence Andriamonta-Paes,THE,2019-01-30,D
FR2019_025,L'Amour debout,Love Blooms,Michaël Dacheux,THE,2019-01-30,F
FR2019_026,Le Premier Mouvement de l'immobile,The First Motion of the Immovable,Sebastiano d'Ayala Valva,THE,2019-01-30,D
FR2019_027,Nicky Larson et le parfum de Cupidon,City Hunter,Philippe Lacheau,THE,2019-02-06,F
FR2019_028,Une intime conviction,Conviction,Antoine Raimbault,THE,2019-02-06,F
FR2019_029,Tout ce qu'il me reste de la révolution,Whatever Happened to my Revolution,Judith Davis,THE,2019-02-06,F
FR2019_030,La Dernière Folie de Claire Darling,Claire Darling,Julie Bertuccelli,THE,2019-02-06,F
FR2019_031,All Inclusive,All Inclusive,Fabien Onteniente,THE,2019-02-13,F
FR2019_032,Deux Fils,Father and Sons,Félix Moati,THE,2019-02-13,F
FR2019_033,Les Drapeaux de papier,Paper Flags,Nathan Ambrosioni,THE,2019-02-13,F
FR2019_034,"Moi, maman, ma mère et moi",,Christophe Le Masne,THE,2019-02-13,F
FR2019_035,Le Chant du loup,The Wolf's Call,Antonin Baudry,THE,2019-02-20,F
FR2019_036,Grâce à Dieu,By the Grace of God,François Ozon,THE,2019-02-20,F
FR2019_037,Black Snake : La légende du serpent noir,,"Thomas Ngijol, Karole Rocher",THE,2019-02-20,F
FR2019_038,La Liberté,In the Open,Guillaume Massart,THE,2019-02-20,D
FR2019_039,Rencontrer mon père,Meeting my Father,Alassane Diago,THE,2019-02-20,D
FR2019_040,Jusqu'ici tout va bien,New Biz in the Hood!,Mohamed Hamidi,THE,2019-02-27,F
FR2019_041,Celle que vous croyez,Who You Think I Am,Safy Nebbou,THE,2019-02-27,F
FR2019_042,Wardi,The Tower,Mats Grorud,THE,2019-02-27,A
FR2019_043,Le Mystère Henri Pick,The Mystery of Henri Pick,Rémi Bezançon,THE,2019-03-06,F
FR2019_044,Damien veut changer le monde,Adopt a Daddy,Xavier De Choudens,THE,2019-03-06,F
FR2019_045,Exfiltrés,Escape from Raqqa,Emmanuel Hamon,THE,2019-03-06,F
FR2019_046,Nos vies formidables,Our Wonderful Lives,Fabienne Godet,THE,2019-03-06,F
FR2019_047,Maguy Marin : L'urgence d'agir,,David Mambouch,THE,2019-03-06,D
FR2019_048,Bêtes blondes,Blonde Animals,"Maxime Matray, Alexia Walther",THE,2019-03-06,F
FR2019_049,On ment toujours à ceux qu'on aime,Sing Me Back Home,Sandrine Dumas,THE,2019-03-06,F
FR2019_050,Rebelles,Rebels,Allan Mauduit,THE,2019-03-13,F
FR2019_051,Mon bébé,Sweetheart,Lisa Azuelos,THE,2019-03-13,F
FR2019_052,Convoi exceptionnel,Heavy Duty,Bertrand Blier,THE,2019-03-13,F
FR2019_053,Depuis Mediapart,,Naruna Kaplan de Macedo,THE,2019-03-13,D
FR2019_054,Un lien qui nous élève,,Oliver Dickinson,THE,2019-03-13,D
FR2019_055,Qui m'aime me suive !,Just the Three of Us,José Alcala,THE,2019-03-20,F
FR2019_056,Dernier Amour,"Casanova, Last Love",Benoît Jacquot,THE,2019-03-20,F
FR2019_057,M,M,Yolande Zauberman,THE,2019-03-20,D
FR2019_058,Leur souffle,,"Cécile Besnault, Ivan Marchika",THE,2019-03-20,D
FR2019_059,Let's Dance,Let's Dance,Ladislas Chollat,THE,2019-03-27,F
FR2019_060,Synonymes,Synonyms,Nadav Lapid,THE,2019-03-27,F
FR2019_061,D'Agata limite(s),,Franck Landron,THE,2019-03-27,D
FR2019_062,"Le Jeûne, à la croisée des chemins",,Fabien Moine,THE,2019-03-29,D
FR2019_063,Chamboultout,No Filter,Éric Lavaine,THE,2019-04-03,F
FR2019_064,Mon inconnue,Love at Second Sight,Hugo Gélin,THE,2019-04-03,F
FR2019_065,La Lutte des classes,Battles of the Classes,Michel Leclerc,THE,2019-04-03,F
FR2019_066,J'veux du soleil,A Place in the Sun,"Gilles Perret, François Ruffin",THE,2019-04-03,D
FR2019_067,Les Arbres remarquables - Un patrimoine à protéger,,"Caroline Breton, Jean-Pierre Duval",THE,2019-04-03,D
FR2019_068,Des gens bien,,"Bruno López, Emmanuel Vieilly",THE,2019-04-03,F
FR2019_069,"Tanguy, le retour",Tanguy is Back,Étienne Chatiliez,THE,2019-04-10,F
FR2019_070,Blanche comme neige,Pure As Snow,Anne Fontaine,THE,2019-04-10,F
FR2019_071,Les Grands Squelettes,Silent Streams,Philippe Ramos,THE,2019-04-10,F
FR2019_072,Just a Gigolo,How to be a French Lover,Olivier Baroux,THE,2019-04-17,F
FR2019_073,Raoul Taburin,Raoul Taburin,Pierre Godeau,THE,2019-04-17,F
FR2019_074,Le Cercle des petits philosophes,,Cécile Denjean,THE,2019-04-17,D
FR2019_075,Première Campagne,First Campaign,Audrey Gordon,THE,2019-04-17,D
FR2019_076,"Fanon hier, aujourd'hui",,Hassane Mezine,THE,2019-04-17,D
FR2019_077,L'Adieu à la nuit,Farewell to the Night,André Téchiné,THE,2019-04-24,F
FR2019_078,Mais vous êtes fous,Losing It,Audrey Diwan,THE,2019-04-24,F
FR2019_079,Victor et Célia,Victor & Célia,Pierre Jolivet,THE,2019-04-24,F
FR2019_080,L'Esprit des lieux,In the Stillness of Sound,"Stéphane Manchematin, Serge Steyer",THE,2019-04-24,D
FR2019_081,Je vois rouge,I See Red People,Bojina Panayotova,THE,2019-04-24,D
FR2019_082,Nous finirons ensemble,Little White Lies 2,Guillaume Canet,THE,2019-05-01,F
FR2019_083,"68, mon père et les clous",,Samuel Bigiaoui,THE,2019-05-01,D
FR2019_084,Le Choc du futur,The Shock of the Future,Marc Collin,THE,2019-05-01,F
FR2019_085,Les Crevettes pailletées,The Shiny Shrimps,"Maxime Govare, Cédric Le Gallo",THE,2019-05-08,F
FR2019_086,Lourdes,Lourdes,"Thierry Demaizière, Alban Teurlai",THE,2019-05-08,D
FR2019_087,À coeur d'avocats,,Mika Gianotti,THE,2019-05-08,D
FR2019_088,UltravoKal,,Christophe Karabache,THE,2019-05-08,F
FR2019_089,Cold Blood Legacy : La mémoire du sang,Cold Blood Legacy,Frédéric Petitjean,THE,2019-05-15,F
FR2019_090,Swing Time in Limousin,,"Dilip Varma, Dominique Varma",THE,2019-05-15,D
FR2019_091,"Norilsk, l'étreinte de glace",Melting Souls,François-Xavier Destors,THE,2019-05-15,D
FR2019_092,Les Chinois et Moi,,Renaud Cohen,THE,2019-05-15,D
FR2019_093,Tous les dieux du ciel,All The Gods in The Sky,Quarxx,THE,2019-05-15,F
FR2019_094,Les Plus Belles Années d'une vie,The Best Years of a Life,Claude Lelouch,THE,2019-05-22,F
FR2019_095,Château Pékin,,Boris Pétric,THE,2019-05-22,D
FR2019_096,Il était une fois Hamlet et Ophélie à Shanghai…,,Ellénore Lœhr,THE,2019-05-22,D
FR2019_097,Venise n'est pas en Italie,Venice Calling,Ivan Calbérac,THE,2019-05-29,F
FR2019_098,Ni une ni deux,One Role for Two,Anne Giafferi,THE,2019-05-29,F
FR2019_099,Le Fils,The Son,Alexander Abaturov,THE,2019-05-29,D
FR2019_100,Et je choisis de vivre,,"Damien Boyer, Nans Thomassey",THE,2019-06-05,D
FR2019_101,L'Autre Continent,Territory of Love,Romain Cogitore,THE,2019-06-05,F
FR2019_102,Être vivant et le savoir,Living and Knowing You're Alive,Alain Cavalier,THE,2019-06-05,D
FR2019_103,Salauds de pauvres,Poor Bastards,"Christophe Alévêque, Beef, Brigitte Busquet, Rémi Cotta, Jean-Claude Deret, Charles Dubois, Sophie Forte, GiedRé, Nadia Kozlowski Bourgade, Patrice Leconte, Phil Marboeuf, Albert Meslay, Miguel-Ange Sarmiento",THE,2019-06-05,F
FR2019_104,Palmyre,Tadmor,"Monika Borgmann, Lokman Slim",THE,2019-06-05,D
FR2019_105,Le Chant de la couleuvre,,Emmanuel Raquin-Lorenzi,THE,2019-06-05,F
FR2019_106,Roxane,Roxane,Mélanie Auffret,THE,2019-06-12,F
FR2019_107,Lune de miel,My Polish Honeymoon,Élise Otzenberger,THE,2019-06-12,F
FR2019_108,"Permaculture, la voie de l'autonomie",,"Carinne Coisman, Julien Lenoir",THE,2019-06-12,D
FR2019_109,Cyrano et la Petite Valise,,Marie Frapin,THE,2019-06-12,D
FR2019_110,Beaux-parents,My Out-Laws,Héctor Cabello Reyes,THE,2019-06-19,F
FR2019_111,Le Daim,Deerskin,Quentin Dupieux,THE,2019-06-19,F
FR2019_112,Nevada,The Mustang,Laure de Clermont-Tonnerre,THE,2019-06-19,F
FR2019_113,Porte sans clef,No Key,Pascale Bodet,THE,2019-06-19,F
FR2019_114,"Les Frenchmen, les premiers super-héros français",,Olivier Goujon,THE,2019-06-19,F
FR2019_115,"Bernard Natan, le fantôme de la rue Francoeur",,Francis Gendron,THE,2019-06-19,D
FR2019_116,Made in China,Made in China,Julien Abraham,THE,2019-06-26,F
FR2019_117,Yves,All About Yves,Benoît Forgeard,THE,2019-06-26,F
FR2019_118,Je la rencontrerai,,Raphaël Kirgo,THE,2019-06-26,F
FR2019_119,Des ados pas comme il faut,,Marc Dubois,THE,2019-06-27,D
FR2019_120,Ibiza,Ibiza,Arnaud Lemort,THE,2019-07-03,F
FR2019_121,Quand on crie au loup,The Boy Who Cried Wolf,Marilou Berry,THE,2019-07-03,F
FR2019_122,Haut les filles,Oh Les Filles !,François Armanet,THE,2019-07-03,D
FR2019_123,Pauvre Georges !,,Claire Devers,THE,2019-07-03,F
FR2019_124,Dario Argento : Soupirs dans un corridor lointain,,Jean-Baptiste Thoret,THE,2019-07-03,D
FR2019_125,Artistes de la vie,,Pierre Westelynck,THE,2019-07-05,D
FR2019_126,Anna,Anna,Luc Besson,THE,2019-07-10,F
FR2019_127,Premier de la classe,Top of the Class,Stéphane Ben Lahcene,THE,2019-07-10,F
FR2019_128,Inna de Yard - The Soul of Jamaica,Inna de Yard - The Soul of Jamaica,Peter Webber,THE,2019-07-10,D
FR2019_129,Sur la peau,,Srinath Samarasinghe,THE,2019-07-10,F
FR2019_130,Persona non grata,Persona non grata,Roschdy Zem,THE,2019-07-17,F
FR2019_131,100 kilos d'étoiles,Stars by the Pound,Marie-Sophie Chambon,THE,2019-07-17,F
FR2019_132,Navajo Songline,,"Lorenza Garcia, Bruno Vienne",THE,2019-07-17,D
FR2019_133,La Source,Wipe Out,Rodolphe Lauga,THE,2019-07-24,F
FR2019_134,Sun,Sun,"Jonathan Desoindre, Ella Kowalska",THE,2019-07-24,F
FR2019_135,L'Étincelle : une histoire des luttes LGBT+,The Spark - The Origin of Pride,Benoît Masocco,THE,2019-07-24,D
FR2019_136,Mon frère,Bro,Julien Abraham,THE,2019-07-31,F
FR2019_137,Rêves de jeunesse,As Happy As Possible,Alain Raoust,THE,2019-07-31,F
FR2019_138,C'est quoi cette mamie ?!,Who's That Granny?!,Gabriel Julien-Laferrière,THE,2019-08-07,F
FR2019_139,Perdrix,The Bare Necessity,Erwan Le Duc,THE,2019-08-14,F
FR2019_140,Je promets d'être sage,Lost and Found,Ronan Le Page,THE,2019-08-14,F
FR2019_141,Thalasso,Thalasso,Guillaume Nicloux,THE,2019-08-21,F
FR2019_142,Ma famille et le loup,My Family and the Wolf,Adria Garcia,THE,2019-08-21,F
FR2019_143,Frankie,Frankie,Ira Sachs,THE,2019-08-28,F
FR2019_144,Vif-Argent,Burning Ghost,Stéphane Batut,THE,2019-08-28,F
FR2019_145,Inséparables,A Very Bad Friend,Varante Soudjian,THE,2019-09-04,F
FR2019_146,Fête de famille,Happy Birthday,Cédric Kahn,THE,2019-09-04,F
FR2019_147,Les Hirondelles de Kaboul,The Swallows of Kabul,"Zabou Breitman, Eléa Gobbé-Mévellec",THE,2019-09-04,A
FR2019_148,Fourmi,Of Loves and Lies,Julien Rappeneau,THE,2019-09-04,F
FR2019_149,Andy,Andy,Julien Weill,THE,2019-09-04,F
FR2019_150,Liberté,Liberté,Albert Serra,THE,2019-09-04,F
FR2019_151,Deux moi,"Someone, Somewhere",Cédric Klapisch,THE,2019-09-11,F
FR2019_152,Jeanne,Joan of Arc,Bruno Dumont,THE,2019-09-11,F
FR2019_153,On va tout péter,Blow It to Bits,Lech Kowalski,THE,2019-09-11,D
FR2019_154,Ça marche !?,,Camille de Casabianca,THE,2019-09-11,D
FR2019_155,Trois Jours et une vie,Three Days and a Life,Nicolas Boukhrief,THE,2019-09-18,F
FR2019_156,Au nom de la terre,In the Name of the Land,Edouard Bergeon,THE,2019-09-25,F
FR2019_157,Le Dindon,The Fool,Jalil Lespert,THE,2019-09-25,F
FR2019_158,De cendres et de braises,Ash and Ember,Manon Ott,THE,2019-09-25,D
FR2019_159,Alice et le Maire,Alice and the Mayor,Nicolas Pariser,THE,2019-10-02,F
FR2019_160,J'irai où tu iras,I'll Go Wher You Go,Géraldine Nakache,THE,2019-10-02,F
FR2019_161,Bonjour le monde,Hello World,"Anne-Lise Koehler, Éric Serre",THE,2019-10-02,A
FR2019_162,"Psychomagie, un art pour guérir","Psychomagic, an Art That Heals",Alejandro Jodorowsky,THE,2019-10-02,D
FR2019_163,Le Regard de Charles,Aznavour By Charles,"Marc di Domenico, Charles Aznavour",THE,2019-10-02,D
FR2019_164,"Vous êtes jeunes, vous êtes beaux",You Are Young You Are Pretty,Franchin Don,THE,2019-10-02,F
FR2019_165,Donne-moi des ailes,Spread Your Wings,Nicolas Vanier,THE,2019-10-09,F
FR2019_166,Chambre 212,On a Magical Night,Christophe Honoré,THE,2019-10-09,F
FR2019_167,La Fameuse Invasion des ours en Sicile,The Bears' Famous Invasion,Lorenzo Mattotti,THE,2019-10-09,A
FR2019_168,Soeurs d'armes,Sisters in Arms,Caroline Fourest,THE,2019-10-09,F
FR2019_169,Betty Marcusfeld,,Martine Bouquin,THE,2019-10-09,D
FR2019_170,Fahim,"Fahim, the Little Chess Prince",Pierre-François Martin-Laval,THE,2019-10-16,F
FR2019_171,La vérité si je mens ! Les débuts,Would I Lie To You: The Beginning,"Gérard Bitton, Michel Munz",THE,2019-10-16,F
FR2019_172,Camille,Camille,Boris Lojkine,THE,2019-10-16,F
FR2019_173,L'Angle mort,Blind Spot,"Pierre Trividic, Patrick-Mario Bernard",THE,2019-10-16,F
FR2019_174,Hors normes,The Specials,"Olivier Nakache, Éric Toledano",THE,2019-10-23,F
FR2019_175,"Les Municipaux, trop c'est trop",,"Éric Carrière, Francis Ginibre",THE,2019-10-23,F
FR2019_176,L'Âcre Parfum des immortelles,,Jean-Pierre Thorn,THE,2019-10-23,D
FR2019_177,"Thanatos, l'ultime passage",,Pierre Barnérias,THE,2019-10-30,D
FR2019_178,La Cordillère des songes,The Cordillera of Dreams,Patricio Guzmán,THE,2019-10-30,D
FR2019_179,Debout sur la montagne,Up The Mountain,Sébastien Betbeder,THE,2019-10-30,F
FR2019_180,Je prends ta peine,I Take Your Pain,Anne Consigny,THE,2019-10-30,D
FR2019_181,La Belle Époque,La Belle Époque,Nicolas Bedos,THE,2019-11-06,F
FR2019_182,J'ai perdu mon corps,I Lost My Body,Jérémy Clapin,THE,2019-11-06,A
FR2019_183,Adults in the Room,Adults in the Room,Costa-Gavras,THE,2019-11-06,F
FR2019_184,Place des Victoires,Victorious Square,Yoann Guillouzouic,THE,2019-11-06,F
FR2019_185,Le Char et l'Olivier - Une autre histoire de la Palestine,"The Tank and The Olive Tree, Another History of Palestine",Roland Nurier,THE,2019-11-06,D
FR2019_186,Vitis Prohibita,,Stephan Balay,THE,2019-11-06,D
FR2019_187,J'accuse,An Officer and a Spy,Roman Polanski,THE,2019-11-13,F
FR2019_188,Rendre la justice,,Robert Salis,THE,2019-11-13,D
FR2019_189,Prendre soin,,Bertrand Hagenmüller,THE,2019-11-13,D
FR2019_190,Océan,Océan,Océan,THE,2019-11-13,D
FR2019_191,Le Bel Été,A Beautiful Summer,Pierre Creton,THE,2019-11-13,F
FR2019_192,L'Âme du vin,,Marie-Ange Gorbanevsky,THE,2019-11-13,D
FR2019_193,J'aimerais qu'il reste quelque chose,,Ludovic Cantais,THE,2019-11-13,D
FR2019_194,Graines de ronds-points,,Jean-Paul Julliand,THE,2019-11-13,D
FR2019_195,Le Roi d'ici,,Avénarius d'Ardronville,THE,2019-11-13,F
FR2019_196,Joyeuse retraite !,Just Retired,Fabrice Bracq,THE,2019-11-20,F
FR2019_197,Les Éblouis,The Dazzled,Sarah Suco,THE,2019-11-20,F
FR2019_198,Nouvelle Cordée,,Marie-Monique Robin,THE,2019-11-20,D
FR2019_199,Terminal Sud,South Terminal,Rabah Ameur-Zaïmeche,THE,2019-11-20,F
FR2019_200,Les Enfants d'Isadora,Isadora's Children,Damien Manivel,THE,2019-11-20,F
FR2019_201,La Passion de Marie Madeleine,,Marc Bielli,THE,2019-11-20,F
FR2019_202,Gloria Mundi,Sic Transit Gloria Mundi,Robert Guédiguian,THE,2019-11-27,F
FR2019_203,Chanson douce,The Perfect Nanny,Lucie Borleteau,THE,2019-11-27,F
FR2019_204,Proxima,Proxima,Alice Winocour,THE,2019-11-27,F
FR2019_205,Toute ressemblance,Disclaimer,Michel Denisot,THE,2019-11-27,F
FR2019_206,Le meilleur reste à venir,The Best is Yet to Come,"Alexandre de La Patellière, Matthieu Delaporte",THE,2019-12-04,F
FR2019_207,It Must Be Heaven,It Must Be Heaven,Elia Suleiman,THE,2019-12-04,F
FR2019_208,Le Voyage du prince,The Prince's Voyage,"Xavier Picard, Jean-François Laguionie",THE,2019-12-04,A
FR2019_209,Seules les bêtes,Only the Animals,Dominik Moll,THE,2019-12-04,F
FR2019_210,Souviens-toi de ton futur,,Enora Boutin,THE,2019-12-04,D
FR2019_211,Ceux qui nous restent (Chronique d'un cinéma en lutte),,Abraham Cohen,THE,2019-12-04,D
FR2019_212,Les Reines de la nuit,The Queens of the Night,Christiane Spiero,THE,2019-12-04,D
FR2019_213,Docteur ?,A Good Doctor,Tristan Séguéla,THE,2019-12-11,F
FR2019_214,Les Envoûtés,The Spellbound,Pascal Bonitzer,THE,2019-12-11,F
FR2019_215,Le Choix d'Ali,,Amor Hakkar,THE,2019-12-11,F
FR2019_216,Notre Dame,Notre Dame,Valérie Donzelli,THE,2019-12-18,F
FR2019_217,Talking About Trees,Talking About Trees,Suhaib Gasmelbari,THE,2019-12-18,D
FR2019_218,Paroles de bandits,Words of Bandits,Jean Boiron Lajous,THE,2019-12-18,D
FR2019_219,Rendez-vous chez les Malawas,Meet The Malawas,James Huth,THE,2019-12-25,F
FR2019_220,La Vérité,The Truth,Hirokazu Koreeda,THE,2019-12-25,F
FR2019_221,La Sainte Famille,The Holy Family,Louis-Do De Lencquesaing,THE,2019-12-25,F
FR2019_222,Bienvenue les vers de terre,,François Stuck,THE,2019-01-01,D
FR2019_223,Basta Capital,,Pierre Zellner,VOD,2019-01-01,F
FR2019_224,Homéopathie : une autre voie,,William Suerinck,THE,2019-01-01,D
FR2019_225,Mon incroyable 93,,Wael Sghaier,THE,2019-01-01,D
FR2019_226,La Bataille du libre,,Philippe Borrel,THE,2019-01-01,D
FR2019_227,"L'École de la vie, une génération pour tout changer",,Julien Peron,VOD,2019-01-01,D
FR2019_228,Main basse sur l'énergie,,Gilles Balbastre,THE,2019-01-01,D
FR2019_229,"Au Nicaragua, on m'appelle... Chepito",,Jean-Luc Chevé,THE,2019-01-01,D
FR2019_230,Girls with Balls,Girls with Balls,Olivier Afonso,VOD,2019-01-01,F
FR2019_231,Mens,Mens,Isabelle Prim,THE,2019-01-01,F
FR2019_232,L'Échappée,,Mathias Pardo,FES,2019-01-01,F
FR2019_233,Le Temps d'une valse,,Romain Saudubois,THE,2019-01-01,D
FR2019_234,Parlons utopie,,Dominique Gautier,THE,2019-01-01,D
FR2019_235,Phil Tippett : Mad Dreams and Monsters,Phil Tippett: Mad Dreams and Monsters,"Gilles Penso, Alexandre Poncet",VOD,2019-01-01,D
FR2019_236,Chjami è Rispondi,,Axel Salvatori-Sinz,VOD,2019-01-01,D
FR2018_001,Burn Out,Burn Out,Yann Gozlan,THE,2018-01-03,F
FR2018_002,Le lion est mort ce soir,The Lion Sleeps Tonight,Nobuhiro Suwa,THE,2018-01-03,F
FR2018_003,Normandie nue,Naked Normandy,Philippe Le Guay,THE,2018-01-10,F
FR2018_004,La Monnaie de leur pièce,Family Business,Anne Le Ny,THE,2018-01-10,F
FR2018_005,Si tu voyais son coeur,If You Saw His Heart,Joan Chemla,THE,2018-01-10,F
FR2018_006,Que le diable nous emporte,Tempting Devils,Jean-Claude Brisseau,THE,2018-01-10,F
FR2018_007,"Une aventure théâtrale, 30 ans de décentralisation",,Daniel Cling,THE,2018-01-10,D
FR2018_008,Brillantissime,My Brillant Divorce,Michèle Laroque,THE,2018-01-17,F
FR2018_009,Ami-ami,(Girl)Friend,Victor Saint Macary,THE,2018-01-17,F
FR2018_010,La Surface de réparation,On the Sly,Christophe Régin,THE,2018-01-17,F
FR2018_011,La Douleur,Memoir of War,Emmanuel Finkiel,THE,2018-01-24,F
FR2018_012,"Jean Douchet, l'enfant agité",Restless Child,"Vincent Haasser, Fabien Hagege, Guillaume Namur",THE,2018-01-24,D
FR2018_013,Les Tuche 3,The Magic Tuche,Olivier Baroux,THE,2018-01-31,F
FR2018_014,L'Insulte,The Insult,Ziad Doueiri,THE,2018-01-31,F
FR2018_015,Sparring,Sparring,Samuel Jouy,THE,2018-01-31,F
FR2018_016,Etre plutôt qu'avoir : à l'école autrement,,Agnès Fouilleux,THE,2018-01-31,D
FR2018_017,Voyoucratie,Thugocratie,"Fabrice Garçon, Kévin Ossona",THE,2018-01-31,F
FR2018_018,Jusqu'à la garde,Custody,Xavier Legrand,THE,2018-02-07,F
FR2018_019,"Ni juge, ni soumise",So Help Me God,"Yves Hinant, Jean Libon",THE,2018-02-07,D
FR2018_020,Revenge,Revenge,Coralie Fargeat,THE,2018-02-07,F
FR2018_021,The Ride - La chevauchée,The Ride,Stéphanie Gillard,THE,2018-02-07,D
FR2018_022,Atelier de conversation,,Bernhard Braunstein,THE,2018-02-07,D
FR2018_023,La Sculpture vivante,,Hung Nguyen Tuong,THE,2018-02-07,F
FR2018_024,"Belle et Sébastien 3, le dernier chapitre","Belle and Sebastian, Friends for Life",Clovis Cornillac,THE,2018-02-14,F
FR2018_025,Le Retour du Héros,Return of the Hero,Laurent Tirard,THE,2018-02-14,F
FR2018_026,L'Apparition,The Apparition,Xavier Giannoli,THE,2018-02-14,F
FR2018_027,Bravo virtuose,Bravo Virtuoso!,Levon Minasian,THE,2018-02-14,F
FR2018_028,4 histoires fantastiques,,"Steeve Calvo, William Laboury, Mael Le Mée, Just Philippot",THE,2018-02-14,F
FR2018_029,Le Crime des anges,,Bania Medjbar,THE,2018-02-14,F
FR2018_030,Les Aventures de Spirou et Fantasio,Spirou & Fantasio's Big Adventure,Alexandre Coffre,THE,2018-02-21,F
FR2018_031,L'Insoumis,,Gilles Perret,THE,2018-02-21,D
FR2018_032,Corps étranger,Foreign Body,Raja Amari,THE,2018-02-21,F
FR2018_033,La Ch'tite Famille,Family is Family,Dany Boon,THE,2018-02-28,F
FR2018_034,Les Garçons sauvages,The Wild Boys,Bertrand Mandico,THE,2018-02-28,F
FR2018_035,La fête est finie,The Party Is Over,Marie Garel-Weiss,THE,2018-02-28,F
FR2018_036,L'Amour des hommes,Of Skin and Men,Mehdi Ben Attia,THE,2018-02-28,F
FR2018_037,Trait de vie,,"Sophie Arlot, Fabien Rabin",THE,2018-02-28,D
FR2018_038,"Madame Mills, une voisine si parfaite",Mrs. Mills,Sophie Marceau,THE,2018-03-07,F
FR2018_039,Eva,Eva,Benoît Jacquot,THE,2018-03-07,F
FR2018_040,La nuit a dévoré le monde,The Night Eats the World,Dominique Rocher,THE,2018-03-07,F
FR2018_041,Signer,Signing,Nurith Aviv,THE,2018-03-07,D
FR2018_042,Féminin plurielles,,Sébastien Bailly,THE,2018-03-07,F
FR2018_043,Tout le monde debout,Rolling to You,Franck Dubosc,THE,2018-03-14,F
FR2018_044,La Belle et la Belle,When Margaux meets Margaux,Sophie Fillières,THE,2018-03-14,F
FR2018_045,America,America,Claus Drexel,THE,2018-03-14,D
FR2018_046,Chien,Dog,Samuel Benchetrit,THE,2018-03-14,F
FR2018_047,Un dénommé Homme-Plume,Featherman,Éric Dick,THE,2018-03-14,F
FR2018_048,Blanche Rhapsodie - Mémoire de théâtre,,Claire Ruppli,THE,2018-03-14,D
FR2018_049,La Finale,In The Game,Robin Sykes,THE,2018-03-21,F
FR2018_050,La Prière,The Prayer,Cédric Kahn,THE,2018-03-21,F
FR2018_051,"Mektoub, My Love : Canto Uno","Mektoub, My Love: Canto Uno",Abdellatif Kechiche,THE,2018-03-21,F
FR2018_052,Après la guerre,After the War,Annarita Zambrano,THE,2018-03-21,F
FR2018_053,"Auzat l'Auvergnat, un village en mouvement",,Arnaud Fournier Montgieux,THE,2018-03-21,D
FR2018_054,9 doigts,9 Fingers,F.J. Ossang,THE,2018-03-21,F
FR2018_055,Vincent & moi,Vincent and Me,"Gaël Breton, Edouard Cuel",THE,2018-03-21,D
FR2018_056,Serge Pey et la boîte aux lettres du cimetière,,Francis Fourcou,THE,2018-03-21,D
FR2018_057,Pas comme lui,,Franck Llopis,THE,2018-03-21,F
FR2018_058,Croc-Blanc,White Fang,Alexandre Espigares,THE,2018-03-28,A
FR2018_059,"Les dents, pipi et au lit",The Full House,Emmanuel Gillibert,THE,2018-03-28,F
FR2018_060,Le Collier rouge,The Red Collar,Jean Becker,THE,2018-03-28,F
FR2018_061,Madame Hyde,Mrs. Hyde,Serge Bozon,THE,2018-03-28,F
FR2018_062,Vent du Nord,Northern Wind,Walid Mattar,THE,2018-03-28,F
FR2018_063,Carnivores,Carnivores,"Jérémie Renier, Yannick Renier",THE,2018-03-28,F
FR2018_064,Après l'ombre,Stepping Out,Stéphane Mercurio,THE,2018-03-28,D
FR2018_065,Gaston Lagaffe,Gaston,Pierre-François Martin-Laval,THE,2018-04-04,F
FR2018_066,Dans la brume,Just a Breath Away,Daniel Roby,THE,2018-04-04,F
FR2018_067,Nul homme n'est une île,No Man Is an Island,Dominique Marchais,THE,2018-04-04,D
FR2018_068,Taxi 5,Taxi 5,Franck Gastambide,THE,2018-04-11,F
FR2018_069,On a 20 ans pour changer le monde,,Hélène Médigue,THE,2018-04-11,D
FR2018_070,Luna,Luna,Elsa Diringer,THE,2018-04-11,F
FR2018_071,Du soleil dans mes yeux,,Nicolas Giraud,THE,2018-04-11,F
FR2018_072,Lutine,,Isabelle Broué,THE,2018-04-11,F
FR2018_073,Larguées,Dumped,Éloïse Lang,THE,2018-04-18,F
FR2018_074,Love Addict,,Frank Bellocq,THE,2018-04-18,F
FR2018_075,Place publique,Place publique,Agnès Jaoui,THE,2018-04-18,F
FR2018_076,Mes provinciales,A Paris Education,Jean-Paul Civeyrac,THE,2018-04-18,F
FR2018_077,"Jean Ziegler, l'optimisme de la volonté","Jean Ziegler, The Optimism of Willpower",Nicolas Wadimoff,THE,2018-04-18,D
FR2018_078,Allons enfants,Rookies,Stéphane Demoustier,THE,2018-04-18,F
FR2018_079,"Les Municipaux, ces héros",,"Éric Carrière, Francis Ginibre",THE,2018-04-25,F
FR2018_080,Amoureux de ma femme,The Other Woman,Daniel Auteuil,THE,2018-04-25,F
FR2018_081,Comme des rois,Kings for a Day,Xabi Molia,THE,2018-04-25,F
FR2018_082,Comme des garçons,Let The Girls Play,Julien Hallard,THE,2018-04-25,F
FR2018_083,"Cornélius, le meunier hurlant","Cornelius, The Howling Miller",Yann Le Quellec,THE,2018-05-02,F
FR2018_084,"Nous, les intranquilles",,"Nicolas Contant, Groupe Cinéma du Centre Artaud",THE,2018-05-02,D
FR2018_085,Monsieur Je-Sais-Tout,Mr. Know-It-All,"Stéphan Archinard, François Prévôt-Leygonie",THE,2018-05-09,F
FR2018_086,Abdel et la Comtesse,Abdel and the Countess,Isabelle Doval,THE,2018-05-09,F
FR2018_087,"Armonía, Franco et mon grand-père",,Xavier Ladjointe,THE,2018-05-09,D
FR2018_088,"Plaire, aimer et courir vite",Sorry Angel,Christophe Honoré,THE,2018-05-10,F
FR2018_089,En guerre,At War,Stéphane Brizé,THE,2018-05-16,F
FR2018_090,Et mon coeur transparent,My See-Through Heart,"David Vital-Durand, Raphaël Vital-Durand",THE,2018-05-16,F
FR2018_091,La Fête des mères,All About Mothers,Marie-Castille Mention-Schaar,THE,2018-05-23,F
FR2018_092,Mutafukaz,Mutafukaz,"Shôjirô Nishimi, Guillaume Renard",THE,2018-05-23,A
FR2018_093,Le ciel étoilé au-dessus de ma tête,The Starry Sky Above Me,Ilan Klipper,THE,2018-05-23,F
FR2018_094,Demi-soeurs,,"Saphia Azzeddine, François-Régis Jeanne",THE,2018-05-30,F
FR2018_095,L'Extraordinaire Voyage du fakir,The Extraordinary Journey of the Fakir,Ken Scott,THE,2018-05-30,F
FR2018_096,Je vais mieux,I Feel Better,Jean-Pierre Améris,THE,2018-05-30,F
FR2018_097,Train de vies ou les Voyages d'Angélique,,Paul Vecchiali,THE,2018-05-30,F
FR2018_098,Les Sept Déserteurs ou la Guerre en vrac,,Paul Vecchiali,THE,2018-05-30,F
FR2018_099,La Naissance de Narcisse,The Birth Of Narcissus,Hugo Parthonnaud,THE,2018-05-30,F
FR2018_100,Volontaire,Raising Colors,Hélène Fillières,THE,2018-06-06,F
FR2018_101,La Légende,The Legend,Florian Hessique,THE,2018-06-06,F
FR2018_102,Comment tuer sa mère,,"David Diane, Morgan Spillemaecker",THE,2018-06-13,F
FR2018_103,Le Doudou,Looking for Teddy,"Julien Hervé, Philippe Mechelen",THE,2018-06-20,F
FR2018_104,Bécassine !,Bécassine!,Bruno Podalydès,THE,2018-06-20,F
FR2018_105,"Jericó, le vol infini des jours","Jerico, The Infinite Flight of Days",Catalina Mesa,THE,2018-06-20,D
FR2018_106,Une prière avant l'aube,A Prayer Before Dawn,Jean-Stéphane Sauvaire,THE,2018-06-20,F
FR2018_107,"Kuzola, le chant des racines","Kuzola, Songs of the Roots",Hugo Bachelet,THE,2018-06-20,D
FR2018_108,Un couteau dans le coeur,Knife + Heart,Yann Gonzalez,THE,2018-06-27,F
FR2018_109,À 2 heures de Paris,Making Waves / Two Hours From Paris,Virginie Verrier,THE,2018-06-27,F
FR2018_110,Tamara Vol. 2,A New Girl in Paris!,Alexandre Castagnetti,THE,2018-07-04,F
FR2018_111,Au poste !,Keep an Eye Out,Quentin Dupieux,THE,2018-07-04,F
FR2018_112,Joueurs,Treat Me Like Fire,Marie Monge,THE,2018-07-04,F
FR2018_113,L'Île au trésor,Treasure Island,Guillaume Brac,THE,2018-07-04,D
FR2018_114,Mes frères,My Brothers,Bertrand Guerry,THE,2018-07-04,F
FR2018_115,Un village dans le vent,,Jean-Louis Gonterre,THE,2018-07-04,D
FR2018_116,Femmes du chaos vénézuélien,Women of the Venezuelan Chaos,Margarita Cadenas,THE,2018-07-04,D
FR2018_117,L'école est finie,,Anne Depétrini,THE,2018-07-11,F
FR2018_118,Christ(Off),,Pierre Dudan,THE,2018-07-11,F
FR2018_119,Moi et le Che,Me and El Che,Patrice Gautier,THE,2018-07-11,F
FR2018_120,Ma reum,Mad Mom,Frédéric Quiring,THE,2018-07-18,F
FR2018_121,Fleuve noir,Black Tide,Érick Zonca,THE,2018-07-18,F
FR2018_122,Paul Sanchez est revenu !,Paul Sanchez is Back!,Patricia Mazuy,THE,2018-07-18,F
FR2018_123,Roulez jeunesse,The Trouble-Shooter,Julien Guetta,THE,2018-07-25,F
FR2018_124,Vierges,Virgins,Keren Ben Rafael,THE,2018-07-25,F
FR2018_125,C'est qui cette fille ?,Thirst Street,Nathan Silver,THE,2018-07-25,F
FR2018_126,Les Versets de l'oubli,Oblivion Verses,Alireza Khatami,THE,2018-08-01,F
FR2018_127,"Neuilly sa mère, sa mère !",Straight Outta Neuilly,"Djamel Bensalah, Gabriel Julien-Laferrière",THE,2018-08-08,F
FR2018_128,Le monde est à toi,The World is Yours,Romain Gavras,THE,2018-08-15,F
FR2018_129,Il se passe quelque chose,Something is Happening,Anne Alix,THE,2018-08-15,F
FR2018_130,Alive in France,Alive in France,Abel Ferrara,THE,2018-08-15,D
FR2018_131,Les Vieux Fourneaux,Tricky Old Dogs,Christophe Duthuron,THE,2018-08-22,F
FR2018_132,Lukas,The Bouncer,Julien Leclercq,THE,2018-08-22,F
FR2018_133,Caniba,Caniba,"Lucien Castaing-Taylor, Verena Paravel",THE,2018-08-22,D
FR2018_134,Guy,Guy,Alex Lutz,THE,2018-08-29,F
FR2018_135,Bonhomme,My Guy,Marion Vernoux,THE,2018-08-29,F
FR2018_136,Braqueurs d'élite,Renegades,Steven Quale,THE,2018-08-29,F
FR2018_137,Photo de famille,,Cécilia Rouaud,THE,2018-09-05,F
FR2018_138,Sofia,Sofia,Meryem Benm'Barek-Aloïsi,THE,2018-09-05,F
FR2018_139,Les Déguns,,"Cyrille Droux, Claude Zidi Jr.",THE,2018-09-12,F
FR2018_140,J'ai perdu Albert,Where's Albert?,Didier Van Cauwelaert,THE,2018-09-12,F
FR2018_141,Le Grand Perdu,,Avénarius d'Ardronville,THE,2018-09-12,F
FR2018_142,Les Frères Sisters,The Sisters Brothers,Jacques Audiard,THE,2018-09-19,F
FR2018_143,Le Poulain,We Need Your Vote,Mathieu Sapin,THE,2018-09-19,F
FR2018_144,L'amour est une fête,Paris Pigalle,Cédric Anger,THE,2018-09-19,F
FR2018_145,Vaurien,,Mehdi Senoussi,THE,2018-09-19,F
FR2018_146,I Feel Good,I Feel Good,"Benoît Delépine, Gustave Kervern",THE,2018-09-26,F
FR2018_147,Un peuple et son roi,"One Nation, One King",Pierre Schoeller,THE,2018-09-26,F
FR2018_148,Hostile,Hostile,Mathieu Turi,THE,2018-09-26,F
FR2018_149,Journal d'un disparu,Diary From Beyond,"Emmanuel Ostrovski, Joseph Rottner",THE,2018-09-26,F
FR2018_150,Alad'2,The Brand New Adventures of Aladin,Lionel Steketee,THE,2018-10-03,F
FR2018_151,Frères ennemis,Close Enemies,David Oelhoffen,THE,2018-10-03,F
FR2018_152,En mille morceaux,A Thousand Pieces,Véronique Mériadec,THE,2018-10-03,F
FR2018_153,Une fois comme jamais,,Celine Pouillon,THE,2018-10-03,F
FR2018_154,Dilili à Paris,Dilili in Paris,Michel Ocelot,THE,2018-10-10,A
FR2018_155,Voyez comme on danse,Kiss & Tell,Michel Blanc,THE,2018-10-10,F
FR2018_156,L'Amour flou,In the Move for Love,"Romane Bohringer, Philippe Rebbot",THE,2018-10-10,F
FR2018_157,Grande-Synthe - La Ville où tout se joue,,Béatrice Camurat,THE,2018-10-10,D
FR2018_158,Tazzeka,Tazzeka,Jean-Philippe Gaud,THE,2018-10-10,F
FR2018_159,Le Jeu,Nothing to Hide,Fred Cavayé,THE,2018-10-17,F
FR2018_160,Le Flic de Belleville,Belleville Cop,Rachid Bouchareb,THE,2018-10-17,F
FR2018_161,Six portraits XL 1: Léon et Guillaume,,Alain Cavalier,THE,2018-10-17,D
FR2018_162,Les Illettrées,,Philippe Guilloux,THE,2018-10-17,D
FR2018_163,Le Grand Bain,Sink or Swim,Gilles Lellouche,THE,2018-10-24,F
FR2018_164,Chacun pour tous,Team Spirit,Vianney Lebasque,THE,2018-10-31,F
FR2018_165,Le Grand Bal,,Laetitia Carton,THE,2018-10-31,D
FR2018_166,Black Indians,,"Jo Béranger, Edith Patrouilleau, Hugues Poulain",THE,2018-10-31,D
FR2018_167,On l'appelait Roda,,Charlotte Silvera,THE,2018-10-31,D
FR2018_168,Un homme pressé,A Man in a Hurry,Hervé Mimran,THE,2018-11-07,F
FR2018_169,Un amour impossible,An Impossible Love,Catherine Corsini,THE,2018-11-07,F
FR2018_170,Kursk,The Command,Thomas Vinterberg,THE,2018-11-07,F
FR2018_171,Les Chatouilles,Little Tickles,"Andréa Bescond, Éric Métayer",THE,2018-11-14,F
FR2018_172,"André Robillard, en compagnie",,Henri-François Imbert,THE,2018-11-14,D
FR2018_173,Mauvaises Herbes,Bad Seeds,Kheiron,THE,2018-11-21,F
FR2018_174,Amanda,Amanda,Mikhaël Hers,THE,2018-11-21,F
FR2018_175,Les Bonnes Intentions,Best Intentions,Gilles Legrand,THE,2018-11-21,F
FR2018_176,Les Filles du soleil,Girls Of The Sun,Eva Husson,THE,2018-11-21,F
FR2018_177,#Moscou-Royan,From Moscow to Royan 3.0,Elena Kizilova,THE,2018-11-21,F
FR2018_178,Sauver ou Périr,Through the Fire,Frédéric Tellier,THE,2018-11-28,F
FR2018_179,Lola et ses frères,Lola & Her Brothers,Jean-Paul Rouve,THE,2018-11-28,F
FR2018_180,Frig,,Antony Hickling,THE,2018-11-28,F
FR2018_181,Astérix : Le secret de la potion magique,Astérix: The Secret of the Magic Potion,"Alexandre Astier, Louis Clichy",THE,2018-12-05,A
FR2018_182,Pupille,In Safe Hands,Jeanne Herry,THE,2018-12-05,F
FR2018_183,Ma mère est folle,My Mother Is Crazy,Diane Kurys,THE,2018-12-05,F
FR2018_184,Les Confins du monde,To the Ends of the World,Guillaume Nicloux,THE,2018-12-05,F
FR2018_185,Monsieur,,Laurent Delahousse,THE,2018-12-05,D
FR2018_186,"Le Sous-bois des insensés, une traversée avec Jean Oury",Underbush Of The Senseless,Martine Deyres,THE,2018-12-05,D
FR2018_187,Rémi sans famille,"Remi, Nobody's Boy",Antoine Blossier,THE,2018-12-12,F
FR2018_188,Pachamama,Pachamama,Juan Antin,THE,2018-12-12,A
FR2018_189,Nous les coyotes,We the Coyotes,"Marco La Via, Hanna Ladoul",THE,2018-12-12,F
FR2018_190,L'Empereur de Paris,The Emperor of Paris,Jean-François Richet,THE,2018-12-19,F
FR2018_191,Le Gendre de ma vie,Dad Friend,François Desagnat,THE,2018-12-19,F
FR2018_192,Maya,Maya,Mia Hansen-Løve,THE,2018-12-19,F
FR2018_193,Mia et le Lion Blanc,Mia and the White Lion,Gilles de Maistre,THE,2018-12-26,F
FR2018_194,Au bout des doigts,In Your Hands,Ludovic Bernard,THE,2018-12-26,F
FR2018_195,L'Homme fidèle,A Faithful Man,Louis Garrel,THE,2018-12-26,F
FR2018_196,Good,,Patrick-Mario Bernard,THE,2018-12-26,D
FR2018_197,Meltem,,Basile Doganis,THE,2018-12-31,F
FR2018_198,Régénération,,Alexandre Ferrini,THE,2018-01-01,F
FR2018_199,L'Amour et la Révolution,,Yannis Youlountas,THE,2018-01-01,D
FR2018_200,C'est quoi le bonheur pour vous ?,,"Julien Peron, Laurent Queralt",VOD,2018-01-01,D
FR2018_201,Un long été brûlant en Palestine,A Long Hot Summer in Palestine,Norma Marcos,THE,2018-01-01,D
FR2018_202,L'Histoire d'un homme hors normes,,Damien Roz,THE,2018-01-01,D
FR2018_203,Maternité secrète,,Sophie Bredier,VOD,2018-01-01,D
FR2018_204,La liberté si je veux !,,"Laurent Brard, Marc Rapilly",THE,2018-01-01,F
FR2018_205,Gens des blés,,Harold Vasselin,THE,2018-01-01,D
FR2018_206,"Makach Moukil, nos identités",,Franck Renaud,THE,2018-01-01,F
FR2018_207,"Yohen, l'univers dans un bol",Yohen: The Universe in a Bowl,Yannick Coutheron,THE,2018-01-01,D
FR2017_001,La Vallée des loups,,Jean-Michel Bertrand,THE,2017-01-04,D
FR2017_002,Primaire,Elementary,Hélène Angel,THE,2017-01-04,F
FR2017_003,Mes trésors,Family Heist,Pascal Bourdiaux,THE,2017-01-04,F
FR2017_004,Dalida,Dalida,Lisa Azuelos,THE,2017-01-11,F
FR2017_005,La Mécanique de l'ombre,The Eavesdropper,Thomas Kruithof,THE,2017-01-11,F
FR2017_006,Ouvert la nuit,Open at Night,Edouard Baer,THE,2017-01-11,F
FR2017_007,Jamais contente,Miss Impossible,Emilie Deleuze,THE,2017-01-11,F
FR2017_008,Le Divan de Staline,Stalin's Couch,Fanny Ardant,THE,2017-01-11,F
FR2017_009,Un jour mon prince,One Day my Prince,Flavia Coste,THE,2017-01-11,F
FR2017_010,Il a déjà tes yeux,He Even Has Your Eyes,Lucien Jean-Baptiste,THE,2017-01-18,F
FR2017_011,Un sac de billes,A Bag of Marbles,Christian Duguay,THE,2017-01-18,F
FR2017_012,Corniche Kennedy,Corniche Kennedy,Dominique Cabrera,THE,2017-01-18,F
FR2017_013,Fleur de tonnerre,The Poisoning Angel,Stéphanie Pillonca,THE,2017-01-18,F
FR2017_014,"La Cigale, le Corbeau et les Poulets",,Olivier Azam,THE,2017-01-18,D
FR2017_015,Belle Dormant,Sleeping Beauty,Adolfo Arrieta,THE,2017-01-18,F
FR2017_016,Vivere,Vivere,Judith Abitbol,THE,2017-01-18,D
FR2017_017,L'Ascension,The Climb,Ludovic Bernard,THE,2017-01-25,F
FR2017_018,RAID dingue,R.A.I.D. Special Unit,Dany Boon,THE,2017-02-01,F
FR2017_019,Sahara,Sahara,Pierre Coré,THE,2017-02-01,A
FR2017_020,Cruel,Cruel,Eric Cherrière,THE,2017-02-01,F
FR2017_021,Un Paese di Calabria,Un Paese di Calabria,"Shu Aiello, Catherine Catela",THE,2017-02-08,D
FR2017_022,Le Concours,The Competition,Claire Simon,THE,2017-02-08,D
FR2017_023,Nous nous marierons,,Dan Uzan,THE,2017-02-08,F
FR2017_024,Alibi.com,Alibi.com,Philippe Lacheau,THE,2017-02-15,F
FR2017_025,Rock'n Roll,Rock'n Roll,Guillaume Canet,THE,2017-02-15,F
FR2017_026,Dans la forêt,Into the Forest,Gilles Marchand,THE,2017-02-15,F
FR2017_027,L'Indomptée,Daydreams,Caroline Deruas,THE,2017-02-15,F
FR2017_028,L'Histoire d'une mère,,Sandrine Veysset,THE,2017-02-15,F
FR2017_029,"Des amours, désamour",Falling In/Out of Love,Dominic Bachy,THE,2017-02-15,F
FR2017_030,Chez nous,This Is Our Land,Lucas Belvaux,THE,2017-02-22,F
FR2017_031,Si j'étais un homme,If I Were a Boy,Audrey Dana,THE,2017-02-22,F
FR2017_032,Les Derniers Parisiens,Paris Prestige,"Hamé Bourokba, Ekoué Labitey",THE,2017-02-22,F
FR2017_033,De sas en sas,Visiting Ours,Rachida Brakni,THE,2017-02-22,F
FR2017_034,La DorMeuse Duval,The Sleeper by the River,Manuel Sanchez,THE,2017-02-22,F
FR2017_035,Seule... mais pas trop!,,Alexandra Robert,THE,2017-02-22,F
FR2017_036,"0,2",,Jacky Katu,THE,2017-02-22,F
FR2017_037,Patients,Step by Step,"Mehdi Idir, Grand Corps Malade",THE,2017-03-01,F
FR2017_038,Sous peine d'innocence,,Pierre Barnérias,THE,2017-03-01,D
FR2017_039,Monsieur & Madame Adelman,Mr & Mrs Adelman,Nicolas Bedos,THE,2017-03-08,F
FR2017_040,La Confession,The Confession,Nicolas Boukhrief,THE,2017-03-08,F
FR2017_041,Miss Sloane,Miss Sloane,John Madden,THE,2017-03-08,F
FR2017_042,De plus belle,Ladies,Anne-Gaëlle Daval,THE,2017-03-08,F
FR2017_043,Baby Phone,Baby Phone,Olivier Casas,THE,2017-03-08,F
FR2017_044,Paris pieds nus,Lost in Paris,"Dominique Abel, Fiona Gordon",THE,2017-03-08,F
FR2017_045,Le Secret de la chambre noire,Daguerrotype,Kiyoshi Kurosawa,THE,2017-03-08,F
FR2017_046,Les poètes sont encore vivants,,Xavier Gayan,THE,2017-03-08,D
FR2017_047,L'Embarras du choix,You Choose!,Éric Lavaine,THE,2017-03-15,F
FR2017_048,Chacun sa vie,Everyone's Life,Claude Lelouch,THE,2017-03-15,F
FR2017_049,Grave,Raw,Julia Ducournau,THR,2017-03-15,F
FR2017_050,Jours de France,4 Days in France,Jérôme Reybaud,THE,2017-03-15,F
FR2017_051,Vénéneuses,,Jean-Pierre Mocky,THE,2017-03-15,F
FR2017_052,Sage Femme,The Midwife,Martin Provost,THE,2017-03-22,F
FR2017_053,Going to Brazil,Going to Brazil,Patrick Mille,THE,2017-03-22,F
FR2017_054,"1336 jours, des hauts, débats, mais debout",,Claude Hirsch,THE,2017-03-22,D
FR2017_055,Gangsterdam,Gangsterdam,Romain Lévy,THE,2017-03-29,F
FR2017_056,"Telle mère, telle fille","Like Mother, Like Daughter",Noémie Saglio,THE,2017-03-29,F
FR2017_057,Pris de court,Not On My Watch,Emmanuelle Cuau,THE,2017-03-29,F
FR2017_058,Paris la blanche,,Lidia Terki,THE,2017-03-29,F
FR2017_059,La Rage du Démon,Fury of the Demon,Fabien Delage,THE,2017-03-29,D
FR2017_060,À bras ouverts,With Open Arms,Philippe de Chauveron,THE,2017-04-05,F
FR2017_061,Corporate,Corporate,Nicolas Silhol,THE,2017-04-05,F
FR2017_062,Massilia Sound System : Le film,Massilia Sound System,Christian Philibert,THE,2017-04-05,D
FR2017_063,Boule & Bill 2,Boule & Bill 2,Pascal Bourdiaux,THE,2017-04-12,F
FR2017_064,C'est beau la vie quand on y pense,Accidental Family,Gérard Jugnot,THE,2017-04-12,F
FR2017_065,Un profil pour deux,Mr Stein Goes Online,Stéphane Robelin,THE,2017-04-12,F
FR2017_066,Bienvenue au Gondwana,Welcome to Gondwana,Mamane,THE,2017-04-12,F
FR2017_067,Mauvais Élèves,,"Sophie Mitrani, Nicolas Ubelmann",THE,2017-04-12,D
FR2017_068,Sous le même toit,Room(H)Ates,Dominique Farrugia,THE,2017-04-19,F
FR2017_069,Cessez-le-feu,Ceasefire,Emmanuel Courcol,THE,2017-04-19,F
FR2017_070,Django,Django,Etienne Comar,THE,2017-04-26,F
FR2017_071,Aurore,Fifty Springtimes,Blandine Lenoir,THE,2017-04-26,F
FR2017_072,Jour J,Wedding Unplanned,Reem Kherici,THE,2017-04-26,F
FR2017_073,À mon âge je me cache encore pour fumer,I Still Hide To Smoke,Rayhana Obermeyer,THE,2017-04-26,F
FR2017_074,La Papesse Jeanne,Pope Joan,Jean Breschand,THE,2017-04-26,F
FR2017_075,La Morsure des Dieux,,Cheyenne Carron,THE,2017-04-26,F
FR2017_076,De toutes mes forces,Do It Right,Chad Chenouga,THE,2017-05-03,F
FR2017_077,Les Pieds sur terre,,"Batiste Combret, Bertrand Hagenmüller",THE,2017-05-03,D
FR2017_078,Vive la crise !,,Jean-François Davy,THE,2017-05-10,F
FR2017_079,Souffler plus fort que la mer,Breathing Under Water,Marine Place,THE,2017-05-10,F
FR2017_080,Soleils,,"Olivier Delahaye, Dani Kouyaté",THE,2017-05-10,F
FR2017_081,Les Fantômes d'Ismaël,Ismael's Ghosts,Arnaud Desplechin,THE,2017-05-17,F
FR2017_082,Venise sous la neige,Snow in Venice,Elliott Covrigaru,THE,2017-05-17,F
FR2017_083,Sélection officielle,Official Selection,Jacques Richard,THE,2017-05-17,F
FR2017_084,Rodin,Rodin,Jacques Doillon,THE,2017-05-24,F
FR2017_085,Le Cri des fourmis,,Liliane de Kermadec,THE,2017-05-24,D
FR2017_086,L'Amant double,Amant double,François Ozon,THE,2017-05-26,F
FR2017_087,Marie-Francine,50 is the New 30,Valérie Lemercier,THE,2017-05-31,F
FR2017_088,L'Amant d'un jour,Lover For A Day,Philippe Garrel,THE,2017-05-31,F
FR2017_089,Drôles d'oiseaux,Strange Birds,Élise Girard,THE,2017-05-31,F
FR2017_090,HHhH,The Man with the Iron Heart,Cédric Jimenez,THE,2017-06-07,F
FR2017_091,Comment j'ai rencontré mon père,How I Met my Father,Maxime Motte,THE,2017-06-07,F
FR2017_092,Ce qui nous lie,Back to Burgundy,Cédric Klapisch,THE,2017-06-14,F
FR2017_093,Nos patriotes,Our Patriots,Gabriel Le Bomin,THE,2017-06-14,F
FR2017_094,Nothingwood,The Prince of Nothingwood,Sonia Kronlund,THE,2017-06-14,D
FR2017_095,Wùlu,Wùlu,Daouda Coulibaly,THE,2017-06-14,F
FR2017_096,L'Assiette de mon voisin,,David Merlin-Dufey,THE,2017-06-14,F
FR2017_097,Le Grand Méchant Renard et autres contes...,Big Bad Fox & Other Tales,"Patrick Imbert, Benjamin Renner",THE,2017-06-21,A
FR2017_098,Les Ex,,Maurice Barthélémy,THE,2017-06-21,F
FR2017_099,Bad Buzz,Bad Buzz,Stéphane Kazandjian,THE,2017-06-21,F
FR2017_100,Songs for Madagascar,Songs for Madagascar,César Paes,THE,2017-06-21,D
FR2017_101,Macadam Popcorn,Macadam Popcorn,Jean-Pierre Pozzi,THE,2017-06-21,D
FR2017_102,Mon poussin,Sweetheart,Frédéric Forestier,THE,2017-06-28,F
FR2017_103,"Visages, villages","Faces, Places","JR, Agnès Varda",THE,2017-06-28,D
FR2017_104,Cherchez la femme,Some Like It Veiled,Sou Abadi,THE,2017-06-28,F
FR2017_105,Grand Froid,Back in Business,Gérard Pautonnier,THE,2017-06-28,F
FR2017_106,Wallay,Wallay,Berni Goldblat,THE,2017-06-28,F
FR2017_107,Loue-moi !,,"Coline Assous, Virginie Schwartz",THE,2017-07-05,F
FR2017_108,Embrasse-moi !,Kiss Me!,"Océan, Cyprien Vial",THE,2017-07-05,F
FR2017_109,À la recherche des femmes chefs,The Goddesses of Food,Vérane Frédiani,THE,2017-07-05,D
FR2017_110,Mission Pays basque,La Parisienne,Ludovic Bernard,THE,2017-07-12,F
FR2017_111,Sales Gosses,,Frédéric Quiring,THE,2017-07-19,F
FR2017_112,Valerian et la Cité des mille planètes,Valerian and the City of a Thousand Planets,Luc Besson,THE,2017-07-26,F
FR2017_113,Les As de la jungle,The Jungle Bunch (The Movie),David Alaux,THE,2017-07-26,A
FR2017_114,Crash Test Aglaé,Crash Test Aglaé,Eric Gravel,THE,2017-08-02,F
FR2017_115,Chouquette,Chouquette,Patrick Godeau,THE,2017-08-02,F
FR2017_116,Rattrapage,Mission: Finals,Tristan Séguéla,THE,2017-08-09,F
FR2017_117,Lola Pater,Lola Pater,Nadir Moknèche,THE,2017-08-09,F
FR2017_118,Djam,Djam,Tony Gatlif,THE,2017-08-09,F
FR2017_119,La Vie de château,Château,"Cédric Ido, Modi Barry",THE,2017-08-09,F
FR2017_120,Overdrive,Overdrive,Antonio Negret,THE,2017-08-16,F
FR2017_121,Une femme douce,A Gentle Woman,Sergey Loznitsa,THE,2017-08-16,F
FR2017_122,Mort à Sarajevo,Death in Sarajevo,Danis Tanovic,THE,2017-08-23,F
FR2017_123,Petit Paysan,Bloody Milk,Hubert Charuel,THE,2017-08-30,F
FR2017_124,Bonne Pomme,Nobody's Perfect!,Florence Quentin,THE,2017-08-30,F
FR2017_125,Ôtez-moi d'un doute,Just to Be Sure,Carine Tardieu,THE,2017-09-06,F
FR2017_126,Barbara,Barbara,Mathieu Amalric,THE,2017-09-06,F
FR2017_127,Dans les pas de Trisha Brown,In the Steps of Trisha Brown,Marie-Hélène Rebois,THE,2017-09-06,D
FR2017_128,Napalm,Napalm,Claude Lanzmann,THE,2017-09-06,D
FR2017_129,Les Grands Esprits,The Teacher,Olivier Ayache-Vidal,THE,2017-09-13,F
FR2017_130,Le Redoutable,Redoubtable,Michel Hazanavicius,THE,2017-09-13,F
FR2017_131,Nos années folles,Golden Years,André Téchiné,THE,2017-09-13,F
FR2017_132,Laurent et Safi,,Anton Vassil,THE,2017-09-13,F
FR2017_133,L'un dans l'autre,In & Out,Bruno Chiche,THE,2017-09-20,F
FR2017_134,Gauguin - Voyage de Tahiti,Gauguin: Voyage to Tahiti,Edouard Deluc,THE,2017-09-20,F
FR2017_135,La Mort se mérite - Digressions avec Serge Livrozet,Death Must Be Earned,Nicolas Drolc,THE,2017-09-20,D
FR2017_136,Le Petit Spirou,Little Spirou,Nicolas Bary,THE,2017-09-27,F
FR2017_137,Un beau soleil intérieur,Bright Sunshine In,Claire Denis,THE,2017-09-27,F
FR2017_138,Le Jeune Karl Marx,The Young Karl Marx,Raoul Peck,THE,2017-09-27,F
FR2017_139,Money,Money's Money,Géla Babluani,THE,2017-09-27,F
FR2017_140,Espèces menacées,Endangered Species,Gilles Bourdos,THE,2017-09-27,F
FR2017_141,Le Sens de la fête,C'est la vie!,"Olivier Nakache, Éric Toledano",THE,2017-10-04,F
FR2017_142,Happy End,Happy End,Michael Haneke,THE,2017-10-04,F
FR2017_143,"Latifa, le coeur au combat",Latifa: A Fighting Heart,"Cyril Brody, Olivier Peyon",THE,2017-10-04,D
FR2017_144,"Va, Toto !",,Pierre Creton,THE,2017-10-04,D
FR2017_145,L'École buissonnière,School of Life,Nicolas Vanier,THE,2017-10-11,F
FR2017_146,Coexister,Coexist,Fabrice Eboué,THE,2017-10-11,F
FR2017_147,Numéro une,Number One,Tonie Marshall,THE,2017-10-11,F
FR2017_148,La Quête d'Alain Ducasse,The Quest of Alain Ducasse,Gilles de Maistre,THE,2017-10-11,D
FR2017_149,Les Nouvelles Aventures de Cendrillon,The New Adventures of Cinderella,Lionel Steketee,THE,2017-10-18,F
FR2017_150,Knock,Dr. Knock,Lorraine Levy,THE,2017-10-18,F
FR2017_151,Zombillénium,Zombillenium,"Arthur de Pins, Alexis Ducord",THE,2017-10-18,A
FR2017_152,"Corbier, des traces dans la mémoire des masses",,Félix Letot,THE,2017-10-18,D
FR2017_153,Votez pour moi !,,Jean-Pierre Mocky,FES,2017-01-01,F
FR2017_154,Épouse-moi mon pote,"Marry Me, Dude",Tarek Boudali,THE,2017-10-25,F
FR2017_155,Au revoir là-haut,See You Up There,Albert Dupontel,THE,2017-10-25,F
FR2017_156,Sans adieu,No Farewells,Christophe Agou,THE,2017-10-25,D
FR2017_157,Des bobines et des hommes,,Charlotte Pouch,THE,2017-10-25,D
FR2017_158,Mémoires d'un condamné,,Sylvestre Meinzer,THE,2017-10-25,D
FR2017_159,Ton coeur est plus noir que la nuit,,François Zabaleta,THE,2017-10-25,F
FR2017_160,Carbone,Carbon,Olivier Marchal,THE,2017-11-01,F
FR2017_161,Daddy Cool,Daddy Cool,Maxime Govare,THE,2017-11-01,F
FR2017_162,Jeune Femme,Montparnasse Bienvenüe,Léonor Serraille,THE,2017-11-01,F
FR2017_163,D'après une histoire vraie,Based on a True Story,Roman Polanski,THE,2017-11-01,F
FR2017_164,La Bombe et Nous,,Xavier-Marie Bonnot,THE,2017-11-01,D
FR2017_165,Jalouse,Jealous,"David Foenkinos, Stéphane Foenkinos",THE,2017-11-08,F
FR2017_166,Tout nous sépare,All That Divides Us,Thierry Klifa,THE,2017-11-08,F
FR2017_167,La Mélodie,Orchestra Class,Rachid Hami,THE,2017-11-08,F
FR2017_168,En attendant les hirondelles,Until the Birds Return,Karim Moussaoui,THE,2017-11-08,F
FR2017_169,We Blew It,We Blew It,Jean-Baptiste Thoret,THE,2017-11-08,D
FR2017_170,Les Sentinelles,,Pierre Pézerat,THE,2017-11-08,D
FR2017_171,Docteur Jack,,"Pierre-Antoine Hiroz, Benoît Lange",THE,2017-11-08,D
FR2017_172,Maryline,Maryline,Guillaume Gallienne,THE,2017-11-15,F
FR2017_173,M,M,Sara Forestier,THE,2017-11-15,F
FR2017_174,Diane a les épaules,Diane Has the Right Shape,Fabien Gorgeart,THE,2017-11-15,F
FR2017_175,Par instinct,Out of Instinct,Nathalie Marchak,THE,2017-11-15,F
FR2017_176,Le Semeur,The Sower,Marine Francen,THE,2017-11-15,F
FR2017_177,Simon et Théodore,Simon & Théodore,Mikael Buch,THE,2017-11-15,F
FR2017_178,L'Ombre de Vénus,,Jean Luc Piacentino,THE,2017-11-15,F
FR2017_179,Le Brio,Le Brio,Yvan Attal,THE,2017-11-22,F
FR2017_180,Marvin ou la Belle Éducation,Reinventing Marvin,Anne Fontaine,THE,2017-11-22,F
FR2017_181,Madame,Madame,Amanda Sthers,THE,2017-11-22,F
FR2017_182,L'Œil du cyclone,Eye of the Storm,Sekou Traoré,THE,2017-11-22,F
FR2017_183,C'est tout pour moi,,"Ludovic Colbeau-Justin, Nawell Madani",THE,2017-11-29,F
FR2017_184,La Villa,The House by the Sea,Robert Guédiguian,THE,2017-11-29,F
FR2017_185,12 jours,12 Days,Raymond Depardon,THE,2017-11-29,D
FR2017_186,Plonger,Diving,Mélanie Laurent,THE,2017-11-29,F
FR2017_187,Éditeur,,Paul Otchakovsky-Laurens,THE,2017-11-29,D
FR2017_188,Santa & Cie,Christmas & Co.,Alain Chabat,THE,2017-12-06,F
FR2017_189,Les Gardiennes,The Guardians,Xavier Beauvois,THE,2017-12-06,F
FR2017_190,"Stars 80, la suite",,Thomas Langmann,THE,2017-12-06,F
FR2017_191,La Deuxième Étoile,Let It Snow,Lucien Jean-Baptiste,THE,2017-12-13,F
FR2017_192,Drôles de petites bêtes,Tall Tales from the Magical Garden of Antoon Krings,"Arnaud Bouron, Antoon Krings",THE,2017-12-13,A
FR2017_193,Soleil battant,Sunbeat,"Clara Laperrousaz, Laura Laperrousaz",THE,2017-12-13,F
FR2017_194,Enseignez à vivre ! Edgar Morin et l'éducation innovante,,Abraham Segal,THE,2017-12-13,D
FR2017_195,La Promesse de l'aube,Promise at Dawn,Éric Barbier,THE,2017-12-20,F
FR2017_196,Garde alternée,Joint Custody,Alexandra Leclère,THE,2017-12-20,F
FR2017_197,Tout là-haut,To the Top,Serge Hazanavicius,THE,2017-12-20,F
FR2017_198,Nuit de grève,,Yoann Jean-Charles,THE,2017-12-20,F
FR2017_199,Momo,Finding Momo,"Vincent Lobelle, Sébastien Thiery",THE,2017-12-27,F
FR2017_200,Le Rire de Madame Lin,Last Laugh,Tao Zhang,THE,2017-12-27,F
FR2017_201,À l'air libre,,"Nicolas Ferran, Samuel Gautier",THE,2017-01-01,D
FR2017_202,"L'Aluminium, les Vaccins et les Deux Lapins",Injecting Aluminum,Marie-Ange Poyet,THE,2017-01-01,D
FR2017_203,"Cuba, rouges années",,Renaud Schaack,THE,2017-01-01,D
FR2017_204,Semences du futur,,Honorine Perino,THE,2017-01-01,D
FR2017_205,Le Plaisir du désordre,,Christian Rouaud,THE,2017-01-01,D
FR2017_206,"Au jour le jour, à la nuit la nuit",,Anaëlle Godard,THE,2017-01-01,D
FR2017_207,"Sylvie Ouellet, au-delà du miroir",,Jean-Yves Bilien,THE,2017-01-01,D
FR2016_001,Arrêtez-moi là,Stop Me Here,Gilles Bannier,THE,2016-01-06,F
FR2016_002,La Fille du patron,The Boss's Daughter,Olivier Loustau,THE,2016-01-06,F
FR2016_003,Je vous souhaite d'être follement aimée,Looking for Her,Ounie Lecomte,THE,2016-01-06,F
FR2016_004,"Dakar, ta nostalgie",,Florence Arrigoni Neri,THE,2016-01-06,D
FR2016_005,Arrête ton cinéma !,,Diane Kurys,THE,2016-01-13,F
FR2016_006,Mon maître d'école,,Émilie Thérond,THE,2016-01-13,D
FR2016_007,Gaz de France,,Benoît Forgeard,THE,2016-01-13,F
FR2016_008,Paris-Willouby,,"Arthur Delaire, Quentin Reynaud",THE,2016-01-20,F
FR2016_009,Je veux être actrice,,Frédéric Sojcher,THE,2016-01-20,D
FR2016_010,Encore heureux,Hopefully,Benoît Graffin,THE,2016-01-27,F
FR2016_011,Tout en haut du monde,Long Way North,Rémi Chayé,THE,2016-01-27,A
FR2016_012,Les Filles au Moyen Âge,Girls in the Middle Ages,Hubert Viel,THE,2016-01-27,F
FR2016_013,Contre-pouvoirs,Checks & Balances,Malek Bensmaïl,THE,2016-01-27,D
FR2016_014,Koan de Printemps,Koan of Spring,Marc-Olivier Louveau,THE,2016-01-27,F
FR2016_015,Le Chanteur,,Rémi Lange,THE,2016-01-27,F
FR2016_016,Les Tuche 2 - Le rêve américain,The Tuche - The American Dream,Olivier Baroux,THE,2016-02-03,F
FR2016_017,Chocolat,Monsieur Chocolat,Roschdy Zem,THE,2016-02-03,F
FR2016_018,Dofus - Livre 1 : Julith,Dofus - Book 1: Julith,"Jean-Jacques Denis, Anthony Roux",THE,2016-02-03,A
FR2016_019,La Marcheuse,She Walks,Naël Marandin,THE,2016-02-03,F
FR2016_020,Joséphine s'arrondit,"Joséphine, Pregnant & Fabulous",Marilou Berry,THE,2016-02-10,F
FR2016_021,Les Innocentes,Agnus Dei / The Innocents,Anne Fontaine,THE,2016-02-10,F
FR2016_022,La Tour 2 contrôle infernale,Tour 2 Contrôle Infernale,Éric Judor,THE,2016-02-10,F
FR2016_023,Peur de rien,Parisienne,Danielle Arbid,THE,2016-02-10,F
FR2016_024,Faut savoir se contenter de beaucoup,,Jean-Henri Meunier,THE,2016-02-10,F
FR2016_025,La Vache,The Cow,Mohamed Hamidi,THE,2016-02-17,F
FR2016_026,Amis publics,Public Friends,Edouard Pluvieux,THE,2016-02-17,F
FR2016_027,Les Naufragés,Shipwrecked,David Charhon,THE,2016-02-17,F
FR2016_028,Ce sentiment de l'été,This Summer Feeling,Mikhaël Hers,THE,2016-02-17,F
FR2016_029,Sur le plancher des vaches,,Fabrice Tempo,THE,2016-02-17,F
FR2016_030,Merci patron !,Thanks Boss,François Ruffin,THE,2016-02-24,D
FR2016_031,Tempête,Land Legs,Samuel Collardey,THE,2016-02-24,F
FR2016_032,Le Silence et la Douleur,,Patrick Séraudie,THE,2016-02-24,D
FR2016_033,Saint Amour,Saint Amour,"Benoît Delépine, Gustave Kervern",THE,2016-03-02,F
FR2016_034,Éperdument,Down by Love,Pierre Godeau,THE,2016-03-02,F
FR2016_035,Moonwalkers,Moonwalkers,Antoine Bardou-Jacquet,THE,2016-03-02,F
FR2016_036,Un vrai faussaire,A Genuine Forger,Jean-Luc Leon,THE,2016-03-02,D
FR2016_037,"Deux Rémi, deux",,Pierre Léon,THE,2016-03-02,F
FR2016_038,"Un marchand, des artistes et des collectionneurs",,"Jean-Luc Leon, Sylvie Faguer",THE,2016-03-02,D
FR2016_039,Dieumerci !,Dieumerci!,Lucien Jean-Baptiste,THE,2016-03-09,F
FR2016_040,Des nouvelles de la planète Mars,News from Planet Mars,Dominik Moll,THE,2016-03-09,F
FR2016_041,Louis-Ferdinand Céline,Louis-Ferdinand Céline,Emmanuel Bourdieu,THE,2016-03-09,F
FR2016_042,Suite armoricaine,Armorican Suite,Pascale Breton,THE,2016-03-09,F
FR2016_043,C'est l'amour,,Paul Vecchiali,THE,2016-03-09,F
FR2016_044,Pseudonym,Pseudonym,Thierry Sebban,THE,2016-03-09,F
FR2016_045,Ex-TAZ Citizen Ca$h,,Xanaë Bove,THE,2016-03-13,D
FR2016_046,Marseille,Marseille,Kad Merad,THE,2016-03-16,F
FR2016_047,Au nom de ma fille,Kalinka,Vincent Garenq,THE,2016-03-16,F
FR2016_048,Les Ogres,Ogres,Léa Fehner,THE,2016-03-16,F
FR2016_049,Le Divan du monde,,Swen de Pauw,THE,2016-03-16,D
FR2016_050,Le Chant du merle,Song of the Blackbird,Frédéric Pelle,THE,2016-03-16,F
FR2016_051,Médecin de campagne,Irreplaceable,Thomas Lilti,THE,2016-03-23,F
FR2016_052,Rosalie Blum,Rosalie Blum,Julien Rappeneau,THE,2016-03-23,F
FR2016_053,La Dream Team,A Mighty Team,Thomas Sorriaux,THE,2016-03-23,F
FR2016_054,Comme des lions,,Françoise Davisse,THE,2016-03-23,D
FR2016_055,Five,Five,Igor Gotesman,THE,2016-03-30,F
FR2016_056,Good Luck Algeria,Good Luck Sam,Farid Bentoumi,THE,2016-03-30,F
FR2016_057,Le Cœur régulier,Kokoro,Vanja d'Alcantara,THE,2016-03-30,F
FR2016_058,Les Visiteurs : La Révolution,The Visitors: Bastille Day,Jean-Marie Poiré,THE,2016-04-06,F
FR2016_059,Le Fantôme de Canterville,The Canterville Ghost,Yann Samuell,THE,2016-04-06,F
FR2016_060,L'Avenir,Things to Come,Mia Hansen-Løve,THE,2016-04-06,F
FR2016_061,Sky,Sky,Fabienne Berthaud,THE,2016-04-06,F
FR2016_062,La Sociologue et l'Ourson,,"Etienne Chaillou, Mathias Théry",THE,2016-04-06,D
FR2016_063,"Laurette 1942, une volontaire au camp du Récébédou",,Francis Fourcou,THE,2016-04-06,F
FR2016_064,Tout pour être heureux,Dad in Training,Cyril Gelblat,THE,2016-04-13,F
FR2016_065,Marie et les Naufragés,Marie and the Misfits,Sébastien Betbeder,THE,2016-04-13,F
FR2016_066,Fui banquero (j'étais banquier),,"Émilie Grandperret, Patrick Grandperret",THE,2016-04-13,F
FR2016_067,Adopte un veuf,Roommates Wanted,François Desagnat,THE,2016-04-20,F
FR2016_068,Les Malheurs de Sophie,Sophie's Misfortunes,Christophe Honoré,THE,2016-04-20,F
FR2016_069,Le Potager de mon grand-père,My Grandpa's Garden,Martin Esposito,THE,2016-04-20,D
FR2016_070,Le Fils de Joseph,The Son of Joseph,Eugène Green,THE,2016-04-20,F
FR2016_071,D'une pierre deux coups,Our Mother,Fejria Deliba,THE,2016-04-20,F
FR2016_072,Parfum de printemps,Sweet Smell of Spring,Férid Boughedir,THE,2016-04-20,F
FR2016_073,Blind Sun,Blind Sun,Joyce A. Nashawati,THE,2016-04-20,F
FR2016_074,Les Habitants,France,Raymond Depardon,THE,2016-04-27,D
FR2016_075,Mobile Étoile,Night Song,Raphaël Nadjari,THE,2016-04-27,F
FR2016_076,West Coast,West Coast,Benjamin Weill,THE,2016-04-27,F
FR2016_077,10949 femmes,10949 Women,Nassima Guessoum,THE,2016-04-27,D
FR2016_078,Un homme à la hauteur,Up for Love,Laurent Tirard,THE,2016-05-04,F
FR2016_079,Braqueurs,The Crew,Julien Leclercq,THE,2016-05-04,F
FR2016_080,Vendeur,Who's Your Daddy?,Sylvain Desclous,THE,2016-05-04,F
FR2016_081,L'Homme-fumée,,"Vincent Gérard, Cédric Laty",THE,2016-05-04,D
FR2016_082,"Tout, tout de suite",Everything Now,Richard Berry,THE,2016-05-11,F
FR2016_083,Ma Loute,Slack Bay,Bruno Dumont,THE,2016-05-13,F
FR2016_084,André et les Martiens,,Philippe Lespinasse,THE,2016-05-18,D
FR2016_085,Elle,Elle,Paul Verhoeven,THE,2016-05-25,F
FR2016_086,L'Origine de la violence,The Origin of Violence,Élie Chouraqui,THE,2016-05-25,F
FR2016_087,Retour chez ma mère,Back to Mom's,Éric Lavaine,THE,2016-06-01,F
FR2016_088,Ils sont partout,The Jews,Yvan Attal,THE,2016-06-01,F
FR2016_089,L'Intérêt général et Moi,,cq,THE,2016-06-01,D
FR2016_090,Bienvenue à Marly-Gomont,The African Doctor,Julien Rambaldi,THE,2016-06-08,F
FR2016_091,La Nouvelle Vie de Paul Sneijder,The New Life of Paul Sneijder,Thomas Vincent,THE,2016-06-08,F
FR2016_092,Vicky,Vicky,Denis Imbert,THE,2016-06-08,F
FR2016_093,Diamant noir,Dark Diamond,Arthur Harari,THE,2016-06-08,F
FR2016_094,Celui qu'on attendait,Lost in Armenia,Serge Avédikian,THE,2016-06-08,F
FR2016_095,Peshmerga,Peshmerga,Bernard-Henri Lévy,THE,2016-06-08,D
FR2016_096,600 euros,600 euros,Adnane Tragha,THE,2016-06-08,F
FR2016_097,Madres de los dioses,Mothers od Gods,Pablo Agüero,THE,2016-06-08,D
FR2016_098,Autour de Maïr,,Hejer Charf,THE,2016-06-08,D
FR2016_099,L'Idéal,The Ideal,Frédéric Beigbeder,THE,2016-06-15,F
FR2016_100,La Loi de la jungle,Struggle for Life,Antonin Peretjatko,THE,2016-06-15,F
FR2016_101,Un homme d'État,The Statesman,Pierre Courrège,THE,2016-06-15,F
FR2016_102,Tout de suite maintenant,Right Here Right Now,Pascal Bonitzer,THE,2016-06-22,F
FR2016_103,Le Secret des banquises,Arctic Heart,Marie Madinier,THE,2016-06-22,F
FR2016_104,La Forêt de Quinconces,Fool Moon,Grégoire Leprince-Ringuet,THE,2016-06-22,F
FR2016_105,Parcours d'amour,,Bettina Blümner,THE,2016-06-22,D
FR2016_106,Futur antérieur,,Franck Llopis,THE,2016-06-22,F
FR2016_107,Camping 3,Camping 3,Fabien Onteniente,THE,2016-06-29,F
FR2016_108,Cosmodrama,Cosmodrama,Philippe Fernandez,THE,2016-06-29,F
FR2016_109,Sur quel pied danser,Julie and the Shoe Factory,"Paul Calori, Kostia Testut",THE,2016-07-06,F
FR2016_110,Hibou,Owl You Need Is Love,Ramzy Bedia,THE,2016-07-06,F
FR2016_111,Malgré la nuit,Despite the Night,Philippe Grandrieux,THE,2016-07-06,F
FR2016_112,Débarquement immédiat !,Last Call for Nowhere,Philippe de Chauveron,THE,2016-07-13,F
FR2016_113,Juillet Août,The Summer of All My Parents,Diastème,THE,2016-07-13,F
FR2016_114,Parenthèse,Interlude,Bernard Tanguy,THE,2016-07-20,F
FR2016_115,À tous les vents du ciel,Twisting Fate,Christophe Lioud,THE,2016-07-27,F
FR2016_116,Ma vie de chat,Nine Lives,Barry Sonnenfeld,THE,2016-08-03,F
FR2016_117,Ma révolution,My Revolution,Ramzi Ben Sliman,THE,2016-08-03,F
FR2016_118,C'est quoi cette famille ?!,We Are Family,Gabriel Julien-Laferrière,THE,2016-08-10,F
FR2016_119,Moka,Moka,Frédéric Mermoud,THE,2016-08-17,F
FR2016_120,Rester vertical,Staying Vertical,Alain Guiraudie,THE,2016-08-24,F
FR2016_121,Le Correspondant,,Jean-Michel Ben Soussan,THE,2016-08-24,F
FR2016_122,Un petit boulot,Odd Job,Pascal Chaumeil,THE,2016-08-31,F
FR2016_123,Le Fils de Jean,A Kid,Philippe Lioret,THE,2016-08-31,F
FR2016_124,Blood Father,Blood Father,Jean-François Richet,THE,2016-08-31,F
FR2016_125,Nocturama,Nocturama,Bertrand Bonello,THE,2016-08-31,F
FR2016_126,Frantz,Frantz,François Ozon,THE,2016-09-07,F
FR2016_127,Éternité,Eternity,Tran Anh Hung,THE,2016-09-07,F
FR2016_128,Jeunesse,The Young One,Julien Samani,THE,2016-09-07,F
FR2016_129,Victoria,In Bed with Victoria,Justine Triet,THE,2016-09-14,F
FR2016_130,Toril,Toril,Laurent Teyssier,THE,2016-09-14,F
FR2016_131,Le Pantin,,Mallory Grolleau,THE,2016-09-14,F
FR2016_132,Cézanne et Moi,Cézanne and I,Danièle Thompson,THE,2016-09-21,F
FR2016_133,Radin !,Penny Pincher!,Fred Cavayé,THE,2016-09-28,F
FR2016_134,La Danseuse,The Dancer,Stéphanie Di Giusto,THE,2016-09-28,F
FR2016_135,Le ciel attendra,Heaven Will Wait,Marie-Castille Mention-Schaar,THE,2016-10-05,F
FR2016_136,Chouf,Chouf,Karim Dridi,THE,2016-10-05,F
FR2016_137,Mercenaire,Mercenary,Sacha Wolff,THE,2016-10-05,F
FR2016_138,Le Cancre,,Paul Vecchiali,THE,2016-10-05,F
FR2016_139,Vino Veritas,Vino Veritas,Pascal Obadia,THE,2016-10-05,D
FR2016_140,L'Odyssée,The Odyssey,Jérôme Salle,THE,2016-10-12,F
FR2016_141,Voyage à travers le cinéma français,A Journey Through French Cinema,Bertrand Tavernier,THE,2016-10-12,D
FR2016_142,La Pièce : Les derniers seront les premiers,,Lamine Diakite,THE,2016-10-12,F
FR2016_143,Fin de jour,,Mansur Tural,THE,2016-10-12,D
FR2016_144,Brice 3,Brice From Nice,James Huth,THE,2016-10-19,F
FR2016_145,Mal de pierres,From the Land of the Moon,Nicole Garcia,THE,2016-10-19,F
FR2016_146,Apnée,,Jean-Christophe Meurisse,THE,2016-10-19,F
FR2016_147,Willy 1er,Willy the 1st,"Ludovic Boukherma, Zoran Boukherma, Marielle Gautier, Hugo P. Thomas",THE,2016-10-19,F
FR2016_148,Tamara,Tamara,Alexandre Castagnetti,THE,2016-10-26,F
FR2016_149,Le Mystère Jérôme Bosch,Bosch: The Garden of Dreams,José Luis López-Linares,THE,2016-10-26,D
FR2016_150,La Bataille de Florange,,Jean-Claude Poirson,THE,2016-10-26,D
FR2016_151,Réparer les vivants,Heal the Living,Katell Quillévéré,THE,2016-11-01,F
FR2016_152,La Folle Histoire de Max et Léon,Max & Leon,Jonathan Barré,THE,2016-11-01,F
FR2016_153,La Mort de Louis XIV,The Death of Louis XIV,Albert Serra,THE,2016-11-02,F
FR2016_154,Ma famille t'adore déjà,My Family Already Adores You,"Jérôme Commandeur, Alan Corno",THE,2016-11-09,F
FR2016_155,L'Histoire de l'amour,The History of Love,Radu Mihaileanu,THE,2016-11-09,F
FR2016_156,La Sociale,,Gilles Perret,THE,2016-11-09,D
FR2016_157,Maman a tort,Mum's Wrong,Marc Fitoussi,THE,2016-11-09,F
FR2016_158,L'Invitation,The Invitation,Michaël Cohen,THE,2016-11-09,F
FR2016_159,Les Beaux Jours d'Aranjuez,The Beautiful Days of Aranjuez,Wim Wenders,THE,2016-11-09,F
FR2016_160,Mon père en grand,,Mathias Renou,THE,2016-11-09,F
FR2016_161,Les Têtes de l'emploi,The No-Job Agency,"Alexandre Charlot, Franck Magnier",THE,2016-11-16,F
FR2016_162,Le Petit Locataire,A Bun in the Oven,Nadège Loiseau,THE,2016-11-16,F
FR2016_163,"Polina, danser sa vie",Polina,"Valérie Müller, Angelin Preljocaj",THE,2016-11-16,F
FR2016_164,Tour de France,Tour de France,Rachid Djaidani,THE,2016-11-16,F
FR2016_165,Close Encounters with Vilmos Zsigmond,Close Encounters with Vilmos Zsigmond,Pierre Filmon,THE,2016-11-16,D
FR2016_166,La Fille de Brest,150 Milligrams,Emmanuelle Bercot,THE,2016-11-23,F
FR2016_167,Une vie,A Woman's Life,Stéphane Brizé,THE,2016-11-23,F
FR2016_168,Louise en hiver,Louise by the Shore,Jean-François Laguionie,THE,2016-11-23,A
FR2016_169,Arès,Ares,Jean-Patrick Benes,THE,2016-11-23,F
FR2016_170,Qu'est-ce qu'on attend ?,,Marie-Monique Robin,THE,2016-11-23,D
FR2016_171,Le Voyage au Groenland,Journey to Greenland,Sébastien Betbeder,THE,2016-11-30,F
FR2016_172,Les Enfants de la chance,,Malik Chibane,THE,2016-11-30,F
FR2016_173,Le Gang des Antillais,Gang of the Caribbean,Jean-Claude Flamand-Barny,THE,2016-11-30,F
FR2016_174,La Fine Équipe,,Magaly Richard-Serrano,THE,2016-11-30,F
FR2016_175,Rocco,Rocco,"Thierry Demaizière, Alban Teurlai",THE,2016-11-30,D
FR2016_176,Demain tout commence,Two is a Family,Hugo Gélin,THE,2016-12-07,F
FR2016_177,Papa ou maman 2,Divorce French Style,Martin Bourboulon,THE,2016-12-07,F
FR2016_178,Carole Matthieu,,Louis-Julien Petit,THE,2016-12-07,F
FR2016_179,Algérie du possible,,Viviane Candas,THE,2016-12-07,D
FR2016_180,Ballerina,Leap,"Éric Summer, Éric Warin",THE,2016-12-14,A
FR2016_181,La Jeune Fille sans mains,The Girl Without Hands,Sébastien Laudenbach,THE,2016-12-14,A
FR2016_182,À fond,Full Speed,Nicolas Benamou,THE,2016-12-21,F
FR2016_183,Père fils thérapie !,Father-son Boot Camp,Emile Gaudreault,THE,2016-12-28,F
FR2016_184,Le Cœur en braille,Heartstrings,Michel Boujenah,THE,2016-12-28,F
FR2016_185,L'Ami - François d'Assise et ses frères,,"Renaud Fely, Arnaud Louvet",THE,2016-12-28,F
FR2016_186,Maintenant ils peuvent venir,Let Them Come,Salem Brahimi,FES,2016-01-01,F
FR2016_187,Flâneries buxoises,,Lionel Baillemont,THE,2016-01-01,D
FR2016_188,La Nueva Medellín,,Catalina Villar,THE,2016-01-01,D
FR2016_189,Le Complexe de Frankenstein,Creature Designers - The Frankenstein Complex,"Gilles Penso, Alexandre Poncet",THE,2016-01-01,D
FR2015_001,L'Affaire SK1,SK1,Frédéric Tellier,THE,2015-01-07,F
FR2015_002,Chic !,Chic!,Jérôme Cornuau,THE,2015-01-07,F
FR2015_003,La Rançon de la gloire,The Price of Fame,Xavier Beauvois,THE,2015-01-07,F
FR2015_004,Valentin Valentin,Valentin Valentin,Pascal Thomas,THE,2015-01-07,F
FR2015_005,Les Souvenirs,Memories,Jean-Paul Rouve,THE,2015-01-14,F
FR2015_006,Loin des hommes,Far From Men,David Oelhoffen,THE,2015-01-14,F
FR2015_007,Sous X,,Jean-Michel Correia,THE,2015-01-14,F
FR2015_008,The Smell of Us,The Smell of Us,Larry Clark,THE,2015-01-14,F
FR2015_009,Bébé tigre,Young Tiger,Cyprien Vial,THE,2015-01-14,F
FR2015_010,Dos à la mer,The Sea Behind Me,Steve Moreau,THE,2015-01-14,F
FR2015_011,Taken 3,Taken 3,Olivier Megaton,THE,2015-01-21,F
FR2015_012,Discount,Discount,Louis-Julien Petit,THE,2015-01-21,F
FR2015_013,108 Rois-Démons,108 Demon-Kings,Pascal Morelli,THE,2015-01-21,A
FR2015_014,Rendez-vous à Atlit,Atlit,Shirel Amitay,THE,2015-01-21,F
FR2015_015,"Léa, un ange dans ma maison",,Jacques-Hervé Fichet,THE,2015-01-21,F
FR2015_016,La Sonate des spectres,,Ivan Heidsieck,THE,2015-01-21,F
FR2015_017,Toute première fois,I Kissed a Girl,"Maxime Govare, Noémie Saglio",THE,2015-01-28,F
FR2015_018,En quête de sens,,"Nathanaël Coste, Marc De La Ménardière, Marc de la Ménardière",THE,2015-01-28,D
FR2015_019,Les Nuits d'été,Summer Nights,Mario Fanfani,THE,2015-01-28,F
FR2015_020,Nuits blanches sur la jetée,White Nights on the Pier,Paul Vecchiali,THE,2015-01-28,F
FR2015_021,"Gus, petit oiseau, grand voyage",Yellowbird,Christian De Vita,THE,2015-02-04,A
FR2015_022,Les Jours venus,The Days Come,Romain Goupil,THE,2015-02-04,F
FR2015_023,Pitchipoï,Pitchipoï,Charles Najman,THE,2015-02-04,F
FR2015_024,Le Paradis de Sandra,Sandra's Paradise,Marianne Roussy,THE,2015-02-04,D
FR2015_025,Un village presque parfait,Home Sweet Home,Stéphane Meunier,THE,2015-02-11,F
FR2015_026,L'Enquête,The Clearstream Affair,Vincent Garenq,THE,2015-02-11,F
FR2015_027,Casting sauvage,,Galaad Hemsi,THE,2015-02-11,F
FR2015_028,Bis,Bis,Dominique Farrugia,THE,2015-02-18,F
FR2015_029,Réalité,Reality,Quentin Dupieux,THE,2015-02-18,F
FR2015_030,La Duchesse de Varsovie,The Duchess of Warsaw,Joseph Morder,THE,2015-02-25,F
FR2015_031,À 14 ans,Being 14,Hélène Zimmer,THE,2015-02-25,F
FR2015_032,Bien de chez nous,,Henri de Latour,THE,2015-02-25,D
FR2015_033,L'Art de la fugue,The Easy Way Out,Brice Cauvin,THE,2015-03-04,F
FR2015_034,La Vie des gens,,Olivier Ducray,THE,2015-03-04,D
FR2015_035,Horsehead,Horsehead,Romain Basset,THE,2015-03-11,F
FR2015_036,Ma mère et mon père (Annem ve Babam),,Müret Isitmez,THE,2015-03-11,D
FR2015_037,Un homme idéal,A Perfect Man,Yann Gozlan,THE,2015-03-18,F
FR2015_038,Anton Tchékhov 1890,Anton Chekhov 1890,René Féret,THE,2015-03-18,F
FR2015_039,L'Antiquaire,The Art Dealer,François Margolin,THE,2015-03-18,F
FR2015_040,Indésirables,Indesirables,Philippe Barassat,THE,2015-03-18,F
FR2015_041,Louise,Louise,Jean-François Gallotte,THE,2015-03-18,F
FR2015_042,Voyage en Chine,Journey Through China,Zoltan Mayer,THE,2015-03-25,F
FR2015_043,À trois on y va,All About Them,Jérôme Bonnell,THE,2015-03-25,F
FR2015_044,La Sapienza,La Sapienza,Eugène Green,THE,2015-03-25,F
FR2015_045,300 hommes,300 Souls,"Aline Dalbis, Emmanuel Gras",THE,2015-03-25,D
FR2015_046,Un amour,,Richard Copans,THE,2015-03-25,D
FR2015_047,Journal d'une femme de chambre,Diary of a Chambermaid,Benoît Jacquot,THE,2015-04-01,F
FR2015_048,Les Châteaux de sable,Sand Castles,Olivier Jahan,THE,2015-04-01,F
FR2015_049,"Compostelle, le chemin de la vie",,Freddy Mouchard,THE,2015-04-01,D
FR2015_050,Arnaud fait son deuxième film,"Paris, Love, Cut",Arnaud Viard,THE,2015-04-01,F
FR2015_051,Vivant !,Alive!,Vincent Boujon,THE,2015-04-01,D
FR2015_052,Pourquoi j'ai pas mangé mon père,Why I Did (Not) Eat My Father (3D),Jamel Debbouze,THE,2015-04-08,A
FR2015_053,Jamais de la vie,The Night Watchman,Pierre Jolivet,THE,2015-04-08,F
FR2015_054,L'Astragale,Astragalus,Brigitte Sy,THE,2015-04-08,F
FR2015_055,Histoire de Judas,Story of Judas,Rabah Ameur-Zaïmeche,THE,2015-04-08,F
FR2015_056,Loba,,Catherine Béchard,THE,2015-04-08,D
FR2015_057,En équilibre,In Harmony,Denis Dercourt,THE,2015-04-15,F
FR2015_058,"Robin des Bois, la véritable histoire","Robin Hood, the Real Story",Anthony Marciano,THE,2015-04-15,F
FR2015_059,Les Gorilles,Buddy Guards,Tristan Aurouet,THE,2015-04-15,F
FR2015_060,Entre amis,,Olivier Baroux,THE,2015-04-22,F
FR2015_061,Caprice,Caprice,Emmanuel Mouret,THE,2015-04-22,F
FR2015_062,Le Dos rouge,Portrait of the Artist,Antoine Barraud,THE,2015-04-22,F
FR2015_063,"Connasse, princesse des coeurs","The Parisian Bitch, Princess of Hearts","Eloïse Lang, Noémie Saglio",THE,2015-04-29,F
FR2015_064,Nos femmes,Our Women,Richard Berry,THE,2015-04-29,F
FR2015_065,"Howard Zinn, une histoire populaire américaine",Howard Zinn: A People's History of the United States,"Olivier Azam, Daniel Mermet",THE,2015-04-29,D
FR2015_066,On est vivants,We Are Alive,Carmen Castillo,THE,2015-04-29,D
FR2015_067,"Edgar Morin, chronique d'un regard","Edgar Morin, Chronicle of a Gaze","Olivier Bohler, Céline Gailleurd",THE,2015-04-29,D
FR2015_068,"Un peu, beaucoup, aveuglément !",Blind Date,Clovis Cornillac,THE,2015-05-06,F
FR2015_069,Le Talent de mes amis,Thanks to My Friends,Alex Lutz,THE,2015-05-06,F
FR2015_070,Ladygrey,Ladygrey,Alain Choquart,THE,2015-05-06,F
FR2015_071,La Tête haute,Standing Tall,Emmanuelle Bercot,THE,2015-05-13,F
FR2015_072,La Cité muette,The Silenced Walls,Sabrina Van Tassel,THE,2015-05-13,D
FR2015_073,La Loi du marché,The Measure of a Man,Stéphane Brizé,THE,2015-05-13,F
FR2015_074,Trois souvenirs de ma jeunesse,My Golden Days,Arnaud Desplechin,THE,2015-05-13,F
FR2015_075,L'Ombre des femmes,In the Shadow of Women,Philippe Garrel,THE,2015-05-27,F
FR2015_076,Neiges d'automne,,Hugo Bardin,THE,2015-05-27,F
FR2015_077,On voulait tout casser,We Were Young,Philippe Guillard,THE,2015-06-03,F
FR2015_078,Qui c'est les plus forts ?,You'll Never Walk Alone,Charlotte de Turckheim,THE,2015-06-03,F
FR2015_079,Graziella,Graziella,Mehdi Charef,THE,2015-06-03,F
FR2015_080,Parole de kamikaze,"I, Kamikaze",Masa Sawada,THE,2015-06-03,D
FR2015_081,Comme un avion,The Sweet Escape,Bruno Podalydès,THE,2015-06-10,F
FR2015_082,Un Français,French Blood,Diastème,THE,2015-06-10,F
FR2015_083,Mustang,Mustang,Deniz Gamze Ergüven,THE,2015-06-17,F
FR2015_084,Valley of Love,Valley of Love,Guillaume Nicloux,THE,2015-06-17,F
FR2015_085,La Résistance de l'air,Through the Air,Fred Grivois,THE,2015-06-17,F
FR2015_086,L'Échappée belle,Eva & Leon,Emilie Cherpitel,THE,2015-06-17,F
FR2015_087,"Cavanna, jusqu'à l'ultime seconde, j'écrirai","Cavanna, He Was Charlie","Denis Robert, Nina Robert",THE,2015-06-17,D
FR2015_088,Des pierres en ce jardin,,Pascal Bonnelle,THE,2015-06-17,F
FR2015_089,Les Compagnons de la Pomponette,,Jean-Pierre Mocky,THE,2015-06-17,F
FR2015_090,Tu es si jolie ce soir,,Jean-Pierre Mocky,THE,2015-06-17,F
FR2015_091,Un moment d'égarement,One Wild Moment,Jean-François Richet,THE,2015-06-24,F
FR2015_092,Gunman,Gunman,Pierre Morel,THE,2015-06-24,F
FR2015_093,Une mère,A Mother,Christine Carrière,THE,2015-06-24,F
FR2015_094,A Love You,A Love You,"Paul Lefèvre, Paul Lefevre",THE,2015-06-24,F
FR2015_095,L'Année prochaine,Next Year,Vania Leturcq,THE,2015-06-24,F
FR2015_096,Les profs 2,Serial Teachers 2,Pierre-François Martin-Laval,THE,2015-07-01,F
FR2015_097,Microbe et Gasoil,Microbe and Gasoline,Michel Gondry,THE,2015-07-08,F
FR2015_098,Le Combat ordinaire,Ordinary Victories,Laurent Tuel,THE,2015-07-15,F
FR2015_099,Nos futurs,Our Futures,Rémi Bezançon,THE,2015-07-22,F
FR2015_100,Les Bêtises,The Cocktail Party,"Alice Philippon, Rose Philippon",THE,2015-07-22,F
FR2015_101,Des Apaches,The Apaches,Nassim Amaouche,THE,2015-07-22,F
FR2015_102,Le Petit Prince,The Little Prince,Mark Osborne,THE,2015-07-29,A
FR2015_103,Les Chaises musicales,Musical Chairs,Marie Belhomme,THE,2015-07-29,F
FR2015_104,Papa Lumière,So Long Africa,Ada Loueilh,THE,2015-07-29,F
FR2015_105,La Dame dans l'auto avec des lunettes et un fusil,The Lady in the Car with Glasses and a Gun,Joann Sfar,THE,2015-08-05,F
FR2015_106,Floride,Florida,Philippe Le Guay,THE,2015-08-12,F
FR2015_107,Coup de chaud,Heatwave,Raphaël Jacoulot,THE,2015-08-12,F
FR2015_108,Une famille à louer,Family for Rent,Jean-Pierre Améris,THE,2015-08-19,F
FR2015_109,La Belle Saison,Summertime,Catherine Corsini,THE,2015-08-19,F
FR2015_110,Dheepan,Dheepan,Jacques Audiard,THE,2015-08-26,F
FR2015_111,La Volante,The Assistant,"Christophe Ali, Nicolas Bonilauri",THE,2015-09-02,F
FR2015_112,Je lutte donc je suis,,Yannis Youlountas,THE,2015-09-11,D
FR2015_113,Human,Human,Yann Arthus-Bertrand,THE,2015-09-12,D
FR2015_114,Marguerite,Marguerite,Xavier Giannoli,THE,2015-09-16,F
FR2015_115,Much Loved,Much Loved,Nabil Ayouch,THE,2015-09-16,F
FR2015_116,Fou d'amour,Mad Love,Philippe Ramos,THE,2015-09-16,F
FR2015_117,Le Grand Tout,The Big Everything,Nicolas Bazz,THE,2015-09-16,F
FR2015_118,Premiers Crus,First Growth,Jérôme Le Gris,THE,2015-09-23,F
FR2015_119,Boomerang,Boomerang,François Favrat,THE,2015-09-23,F
FR2015_120,Une enfance,A Childhood,Philippe Claudel,THE,2015-09-23,F
FR2015_121,Les Rois du monde,The Mad Kings,Laurent Laffargue,THE,2015-09-23,F
FR2015_122,Brooklyn,Brooklyn,Pascal Tessaud,THE,2015-09-23,F
FR2015_123,L'Odeur de la mandarine,The Scent of Mandarine,Gilles Legrand,THE,2015-09-30,F
FR2015_124,Je suis à vous tout de suite,I'm All Yours,Baya Kasmi,THE,2015-09-30,F
FR2015_125,Un début prometteur,,Emma Luchini,THE,2015-09-30,F
FR2015_126,"Marcel Conche, la nature d'un philosophe",,Christian Girier,THE,2015-09-30,D
FR2015_127,"Edmond, un portrait de Baudoin",,Laetitia Carton,THE,2015-09-30,D
FR2015_128,Quand je ne dors pas,,Tommy Weber,THE,2015-09-30,F
FR2015_129,L'Étudiante et Monsieur Henri,The Student and Mr. Henri,Ivan Calbérac,THE,2015-10-07,F
FR2015_130,Asphalte,Macadam Stories,Samuel Benchetrit,THE,2015-10-07,F
FR2015_131,Même pas peur !,,Ana Dumitrescu,THE,2015-10-07,D
FR2015_132,Qui a tué Ali Ziri ?,,Luc Decaster,THE,2015-10-07,D
FR2015_133,Fever,Fever,Raphaël Neal,THE,2015-10-07,F
FR2015_134,Les Nouvelles Aventures d'Aladin,The New Adventures of Aladdin,Arthur Benzaquen,THE,2015-10-14,F
FR2015_135,"Mune, le gardien de la lune",Mune,"Alexandre Heboyan, Benoît Philippon",THE,2015-10-14,A
FR2015_136,Belles Familles,Families,Jean-Paul Rappeneau,THE,2015-10-14,F
FR2015_137,Phantom Boy,Phantom Boy,"Jean-Loup Felicioli, Alain Gagnol",THE,2015-10-14,A
FR2015_138,La Forme des îles,,Patrick Viret,THE,2015-10-14,D
FR2015_139,Mon roi,My King,Maïwenn,THE,2015-10-21,F
FR2015_140,Adama,Adama,Simon Rouby,THE,2015-10-21,A
FR2015_141,La Glace et le Ciel,Ice and the Sky,Luc Jacquet,THE,2015-10-21,D
FR2015_142,Lamia,Lamia,Christophe Karabache,THE,2015-10-21,F
FR2015_143,Terra di i Turmenti,,De Gaulle Eid,THE,2015-10-21,D
FR2015_144,Lolo,,Julie Delpy,THE,2015-10-28,F
FR2015_145,Le Bouton de nacre,The Pearl Button,Patricio Guzmán,THE,2015-10-28,D
FR2015_146,Le Caravage,,Alain Cavalier,THE,2015-10-28,D
FR2015_147,Nous trois ou rien,The Three of Us,Kheiron,THE,2015-11-04,F
FR2015_148,La Dernière Leçon,The Final Lesson,Pascale Pouzadoux,THE,2015-11-04,F
FR2015_149,"En mai, fais ce qu'il te plaît",Come What May,Christian Carion,THE,2015-11-04,F
FR2015_150,Avril et le Monde truqué,April and the Extraordinary World,"Christian Desmares, Franck Ekinci",THE,2015-11-04,A
FR2015_151,La Clarté,,"Elodie Faria, Rémy Ratynska",THE,2015-11-04,D
FR2015_152,L'Odyssée de l'empathie,,"Mario Viana, Michel Meignant",THE,2015-11-05,D
FR2015_153,Ange et Gabrielle,Love at First Child,Anne Giafferi,THE,2015-11-10,F
FR2015_154,Une histoire de fou,Don't Tell Me the Boy Was Mad,Robert Guédiguian,THE,2015-11-11,F
FR2015_155,Le Dernier Continent,,Vincent Lapize,THE,2015-11-11,D
FR2015_156,Le Feu sacré,The Sacred Fire,Arthur Joffé,THE,2015-11-11,D
FR2015_157,La Fille et le Fleuve,The Girl and the River,Aurélia Georges,THE,2015-11-11,F
FR2015_158,L'Hermine,Courted,Christian Vincent,THE,2015-11-18,F
FR2015_159,Je suis un soldat,I Am a Soldier,Laurent Larivière,THE,2015-11-18,F
FR2015_160,Vingt et une nuits avec Pattie,21 Nights with Pattie,"Arnaud Larrieu, Jean-Marie Larrieu",THE,2015-11-25,F
FR2015_161,Les Cowboys,Cowboys,Thomas Bidegain,THE,2015-11-25,F
FR2015_162,The Other Side,The Other Side,Roberto Minervini,THE,2015-11-25,D
FR2015_163,La Vie pure,Pure Life,Jeremy Banster,THE,2015-11-25,F
FR2015_164,Chant d'hiver,Winter Song,Otar Iosseliani,THE,2015-11-25,F
FR2015_165,Babysitting 2,Babysitting 2,"Nicolas Benamou, Philippe Lacheau",THE,2015-12-02,F
FR2015_166,Demain,Tomorrow,"Cyril Dion, Mélanie Laurent",THE,2015-12-02,D
FR2015_167,Marguerite et Julien,Marguerite & Julien,Valérie Donzelli,THE,2015-12-02,F
FR2015_168,Orlando Ferito,Roland Wounded,Vincent Dieutre,THE,2015-12-02,D
FR2015_169,"Belle et Sébastien, l'aventure continue","Belle & Sebastian, the Adventure Continues...",Christian Duguay,THE,2015-12-09,F
FR2015_170,Un + une,,Claude Lelouch,THE,2015-12-09,F
FR2015_171,Comment c'est loin,Uncompleted Song,"Orelsan, Christophe Offenstein",THE,2015-12-09,F
FR2015_172,Cosmos,Cosmos,Andrzej Zulawski,THE,2015-12-09,F
FR2015_173,Le Goût des merveilles,A Sense of Wonder,Éric Besnard,THE,2015-12-16,F
FR2015_174,La Vie très privée de Monsieur Sim,The Very Private Life of Mister Sim,Michel Leclerc,THE,2015-12-16,F
FR2015_175,Le Grand Jeu,The Great Game,Nicolas Pariser,THE,2015-12-16,F
FR2015_176,Le Dernier Jour d'Yitzhak Rabin,"Rabin, the Last Day",Amos Gitai,THE,2015-12-16,F
FR2015_177,L'Humour à mort,Je suis Charlie,"Daniel Leconte, Emmanuel Leconte",THE,2015-12-16,D
FR2015_178,L'Engagement 1.0,The Assignment 1.0,Stéphane Guenin,THE,2015-12-17,F
FR2015_179,Le Grand Partage,The Roommates Party,Alexandra Leclère,THE,2015-12-23,F
FR2015_180,Pension complète,French Cuisine,Florent-Emilio Siri,THE,2015-12-30,F
FR2015_181,Je compte sur vous,Thank You for Calling,Pascal Elbé,THE,2015-12-30,F
FR2015_182,Shanghai-Belleville,,Show-Chun Lee,THE,2015-12-30,F
FR2015_183,Ta mère !,,Touria Benzari,THE,2015-12-30,F
FR2015_184,Compañeras,,"Jean Ortiz, Dominique Gautier",THE,2015-01-01,D
FR2015_185,Cette lumière n'est pas celle du soleil,,Bernard Favre,THE,2015-01-01,D
FR2015_186,Demokratia,,"Pablo Girault, Thierry Kruger",THE,2015-01-01,D
FR2015_187,Notre créativité oubliée !,,Étienne Gary,THE,2015-01-01,D
FR2015_188,"Gilbert Espinasse, agriculteur de conscience",,Yves Garric,THE,2015-01-01,D
FR2015_189,"Les Ombres, un conte familial",,Leïla Férault-Lévy,THE,2015-01-01,D
FR2014_001,Jamais le premier soir,Never on the First Night,Mélissa Drigeard,THE,2014-01-01,F
FR2014_002,Yves Saint Laurent,Yves Saint Laurent,Jalil Lespert,THE,2014-01-08,F
FR2014_003,Cadences obstinées,Obsessive Rhythms,Fanny Ardant,THE,2014-01-08,F
FR2014_004,À coup sûr,Best in Bed,Delphine de Vigan,THE,2014-01-15,F
FR2014_005,Passer l'hiver,,Aurélia Barbet,THE,2014-01-15,F
FR2014_006,Lulu femme nue,Lulu in the Nude,Sólveig Anspach,THE,2014-01-22,F
FR2014_007,Prêt à tout,Anything for Alice,Nicolas Cuche,THE,2014-01-22,F
FR2014_008,Belle comme la femme d'un autre,,Catherine Castel,THE,2014-01-22,F
FR2014_009,Une autre vie,Lovers,Emmanuel Mouret,THE,2014-01-22,F
FR2014_010,Le Jeu de la vérité,,François Desagnat,THE,2014-01-22,F
FR2014_011,Afrik'aïoli,,Christian Philibert,THE,2014-01-22,F
FR2014_012,Les Enfants rouges,,Santiago Amigorena,THE,2014-01-22,F
FR2014_013,Le cinéma français se porte bien,,"Stéphane Arnoux, Aurélia Georges, Jean-Baptiste Germain, Chiara Malta",THE,2014-01-22,D
FR2014_014,Jacky au royaume des filles,Jacky in Women's Kingdom,Riad Sattouf,THE,2014-01-29,F
FR2014_015,Tonnerre,Tonnerre,Guillaume Brac,THE,2014-01-29,F
FR2014_016,Démocratie Zéro6,,Michel Toesca,THE,2014-01-29,D
FR2014_017,Jack et la mécanique du coeur,Jack and the Cuckoo-Clock Heart,"Stéphane Berla, Mathias Malzieu",THE,2014-02-05,A
FR2014_018,Mea culpa,Mea culpa,Fred Cavayé,THE,2014-02-05,F
FR2014_019,Un beau dimanche,Going Away,Nicole Garcia,THE,2014-02-05,F
FR2014_020,La Fabuleuse Histoire de Monsieur Riquet,,Jean Périssé,THE,2014-02-05,D
FR2014_021,Le Casse des casses,,Florian Hessique,THE,2014-02-05,F
FR2014_022,"Les Trois Frères, le retour",Three Brothers : The Return,"Didier Bourdon, Bernard Campan, Pascal Légitimus",THE,2014-02-12,F
FR2014_023,La Belle et la Bête,Beauty and the Beast,Christophe Gans,THE,2014-02-12,F
FR2014_024,Tante Hilda !,Aunt Hilda!,"Jacques-Rémy Girerd, Benoît Chieux",THE,2014-02-12,A
FR2014_025,Abus de faiblesse,Abuse of Weakness,Catherine Breillat,THE,2014-02-12,F
FR2014_026,Macadam Baby,Macadam Baby,Patrick Bossard,THE,2014-02-12,F
FR2014_027,Le Crocodile du Botswanga,The Crocodile of Botswanga,"Lionel Steketee, Fabrice Eboué",THE,2014-02-19,F
FR2014_028,L'Expérience Blocher,,Jean-Stéphane Bron,THE,2014-02-19,D
FR2014_029,Y a des limites,,Charly Cassan,THE,2014-02-19,F
FR2014_030,Supercondriaque,Superchondriac,Dany Boon,THE,2014-02-26,F
FR2014_031,Week-ends,Weekends in Normandy,Anne Villacèque,THE,2014-02-26,F
FR2014_032,Je reviendrai comme un enfant,I Will Come Back as a Baby,Christian Merlhiot,THE,2014-02-26,D
FR2014_033,Goal of the Dead,Goal of the Dead,"Thierry Poiraud, Benjamin Rocher",THE,2014-02-27,F
FR2014_034,Diplomatie,Diplomacy,Volker Schlöndorff,THE,2014-03-05,F
FR2014_035,N'importe qui,WTF,Raphaël Frydman,THE,2014-03-05,F
FR2014_036,Arrête ou je continue,If You Don't I Will,Sophie Fillières,THE,2014-03-05,F
FR2014_037,Se battre,Fight,"Jean-Pierre Duret, Andrea Santana",THE,2014-03-05,D
FR2014_038,Parce que j'étais peintre,Because I Was a Painter,Christophe Cognet,THE,2014-03-05,D
FR2014_039,L'Instinct de résistance,,Jorge Amat,THE,2014-03-05,D
FR2014_040,Fiston,The Date Coach,Pascal Bourdiaux,THE,2014-03-12,F
FR2014_041,Braddock America,Braddock America,"Gabriella Kessler, Jean-Loïc Portron",THE,2014-03-12,D
FR2014_042,La Pièce manquante,The Missing Piece,Nicolas Birkenstock,THE,2014-03-19,F
FR2014_043,Dors mon lapin,,Jean-Pierre Mocky,THE,2014-03-19,F
FR2014_044,"Chalvet, la conquête de la dignité",,Camille Mauduech,THE,2014-03-19,D
FR2014_045,De toutes nos forces,The Finishers,Nils Tavernier,THE,2014-03-26,F
FR2014_046,"Aimer, Boire et Chanter",Life of Riley,Alain Resnais,THE,2014-03-26,F
FR2014_047,Les Gazelles,,Mona Achache,THE,2014-03-26,F
FR2014_048,El impenetrable,Impenetrable,"Daniele Incalcaterra, Fausta Quattrini",THE,2014-03-26,D
FR2014_049,Avis de mistral,My Summer in Provence,Rose Bosch,THE,2014-04-02,F
FR2014_050,"Salaud, on t'aime",,Claude Lelouch,THE,2014-04-02,F
FR2014_051,La Crème de la crème,Smartass,Kim Chapiron,THE,2014-04-02,F
FR2014_052,Eastern Boys,Eastern Boys,Robin Campillo,THE,2014-04-02,F
FR2014_053,No gazaran,No gazaran,"Doris Buttignol, Carole Menduni",THE,2014-04-02,D
FR2014_054,La Braconne,,Samuel Rondière,THE,2014-04-02,F
FR2014_055,Les Yeux jaunes des crocodiles,The Yellow Eyes of the Crocodiles,Cécile Telerman,THE,2014-04-09,F
FR2014_056,La Belle Vie,The Good Life,Jean Denizot,THE,2014-04-09,F
FR2014_057,Tout est permis,Hit the Road,Coline Serreau,THE,2014-04-09,D
FR2014_058,Qu'est-ce qu'on a fait au Bon Dieu ?,Serial (Bad) Weddings,Philippe de Chauveron,THE,2014-04-16,F
FR2014_059,Babysitting,Babysitting,"Nicolas Benamou, Philippe Lacheau",THE,2014-04-16,F
FR2014_060,Une promesse,A Promise,Patrice Leconte,THE,2014-04-16,F
FR2014_061,Les Chèvres de ma mère,All My Mother's Goats,Sophie Audier,THE,2014-04-16,D
FR2014_062,Rencontres,,"Alexandre Zeff, Maroussia Dubreuil",THE,2014-04-16,D
FR2014_063,Une rencontre,Quantum Love,Lisa Azuelos,THE,2014-04-23,F
FR2014_064,Dans la cour,In the Courtyard,Pierre Salvadori,THE,2014-04-23,F
FR2014_065,96 heures,96 Hours,Frédéric Schoendoerffer,THE,2014-04-23,F
FR2014_066,Les 3 vies du chevalier,,Dominique Dattola,THE,2014-04-23,F
FR2014_067,Un voyage,A Journey,Samuel Benchetrit,THE,2014-04-23,F
FR2014_068,Je m'appelle Hmmm...,My Name is Hmmm...,Agnès Troublé,THE,2014-04-23,F
FR2014_069,Barbecue,Barbecue,Éric Lavaine,THE,2014-04-30,F
FR2014_070,Pas son genre,Not My Type,Lucas Belvaux,THE,2014-04-30,F
FR2014_071,Le Dernier Diamant,The Last Diamond,Éric Barbier,THE,2014-04-30,F
FR2014_072,"24 jours, la vérité sur l'affaire Ilan Halimi",24 Days,Alexandre Arcady,THE,2014-04-30,F
FR2014_073,Conversation animée avec Noam Chomsky,Is the Man Who Is Tall Happy? An Animated Conversation with Noam Chomsky,Michel Gondry,THE,2014-04-30,A
FR2014_074,Une lettre ne s'écrit pas,You Can't Write a Letter,Guillaume Levil,THE,2014-04-30,F
FR2014_075,Libre et assoupi,Nice and Easy,Benjamin Guedj,THE,2014-05-07,F
FR2014_076,La Voie de l'ennemi,Two Men in Town,Rachid Bouchareb,THE,2014-05-07,F
FR2014_077,De guerre lasse,,Olivier Panchot,THE,2014-05-07,F
FR2014_078,Ne pas s'avouer vaincu,,"Susana Arbizu, Henri Belin",THE,2014-05-07,D
FR2014_079,Grace de Monaco,Grace of Monaco,Olivier Dahan,THE,2014-05-14,F
FR2014_080,Kidon,Kidon,Emmanuel Naccache,THE,2014-05-14,F
FR2014_081,Amour sur place ou à emporter,Take-Away Romance,Amelle Chahbi,THE,2014-05-28,F
FR2014_082,La Liste de mes envies,The List of My Desires,Didier Le Pêcheur,THE,2014-05-28,F
FR2014_083,Caricaturistes - Fantassins de la démocratie,"Cartoonists, Foot Soldiers of Democracy",Stéphanie Valloatto,THE,2014-05-28,D
FR2014_084,Sous les jupes des filles,French Women,Audrey Dana,THE,2014-06-04,F
FR2014_085,Bird People,Bird People,Pascale Ferran,THE,2014-06-04,F
FR2014_086,Tristesse Club,Fool Circle,Vincent Mariette,THE,2014-06-04,F
FR2014_087,La Mante religieuse,The Maneater,Natalie Saracco,THE,2014-06-04,F
FR2014_088,La Ritournelle,Paris Follies,Marc Fitoussi,THE,2014-06-11,F
FR2014_089,Sarajéviens,,Damien Fritsch,THE,2014-06-11,D
FR2014_090,Au fil d'Ariane,Ariane's Thread,Robert Guédiguian,THE,2014-06-18,F
FR2014_091,On a failli être amies,Almost Friends,Anne Le Ny,THE,2014-06-25,F
FR2014_092,L'Ex de ma vie,Divorce a la française,Dorothée Sebbagh,THE,2014-06-25,F
FR2014_093,Les Vacances du petit Nicolas,Nicholas on Holiday,Laurent Tirard,THE,2014-07-09,F
FR2014_094,Du goudron et des plumes,Patchwork Family,Pascal Rabaté,THE,2014-07-09,F
FR2014_095,City of Dreams,City of Dreams,Steve Faigenbaum,THE,2014-07-09,D
FR2014_096,Fastlife,Fastlife,Thomas Ngijol,THE,2014-07-16,F
FR2014_097,L'Homme qu'on aimait trop,In the Name of My Daughter,André Téchiné,THE,2014-07-16,F
FR2014_098,Ablations,Ablations,Arnold de Parscau,THE,2014-07-16,F
FR2014_099,Le Mystère des jonquilles,,Jean-Pierre Mocky,THE,2014-07-18,F
FR2014_100,Les Francis,The Francis,Fabrice Begotti,THE,2014-07-23,F
FR2014_101,Maestro,Maestro,Léa Fazer,THE,2014-07-23,F
FR2014_102,Loup-Garou,,Stéphane Lévy,THE,2014-07-23,F
FR2014_103,Hasta mañana,,"Sébastien Maggiani, Olivier Vidal",THE,2014-07-30,F
FR2014_104,Lucy,Lucy,Luc Besson,THE,2014-08-06,F
FR2014_105,Colt 45,Colt 45,Fabrice Du Welz,THE,2014-08-06,F
FR2014_106,Ana Arabia,Ana Arabia,Amos Gitai,THE,2014-08-06,F
FR2014_107,Le Beau Monde,High Society,Julie Lopes-Curval,THE,2014-08-13,F
FR2014_108,La Dune,The Dune,Yossi Aviram,THE,2014-08-13,F
FR2014_109,Le Grand Homme,The Great Man,Sarah Leonor,THE,2014-08-13,F
FR2014_110,Les Combattants,Love at First Fight,Thomas Cailley,THE,2014-08-20,F
FR2014_111,Sils Maria,Clouds of Sils Maria,Olivier Assayas,THE,2014-08-20,F
FR2014_112,Des lendemains qui chantent,,Nicolas Castro,THE,2014-08-20,F
FR2014_113,Party Girl,Party Girl,"Marie Amachoukeli-Barsacq, Claire Burger, Samuel Theis",THE,2014-08-27,F
FR2014_114,Hippocrate,Hippocrates,Thomas Lilti,THE,2014-09-03,F
FR2014_115,Maintenant ou jamais,Now or Never,Serge Frydman,THE,2014-09-03,F
FR2014_116,Boys Like Us,Boys Like Us,Patric Chiha,THE,2014-09-03,F
FR2014_117,"Irina, la mallette rouge","Irina, the Scarlet Briefcase",Bernard Mazauric,THE,2014-09-03,F
FR2014_118,Gemma Bovery,Gemma Bovery,Anne Fontaine,THE,2014-09-10,F
FR2014_119,Near Death Experience,Near Death Experience,"Benoît Delépine, Gustave Kervern",THE,2014-09-10,F
FR2014_120,Les gens du Monde,Inside the News,Yves Jeuland,THE,2014-09-10,D
FR2014_121,"A.D.N., l'âme de la terre",,Thierry Obadia,THE,2014-09-10,F
FR2014_122,So Long,So Long,Bruno Mercier,THE,2014-09-10,F
FR2014_123,Bon rétablissment !,Get Well Soon,Jean Becker,THE,2014-09-17,F
FR2014_124,3 Cœurs,3 Hearts,Benoît Jacquot,THE,2014-09-17,F
FR2014_125,Estherka,Estherka,David Quesemand,THE,2014-09-21,D
FR2014_126,Elle l'adore,Number One Fan,Jeanne Herry,THE,2014-09-24,F
FR2014_127,Saint Laurent,Saint Laurent,Bertrand Bonello,THE,2014-09-24,F
FR2014_128,Brèves de comptoir,,Jean-Michel Ribes,THE,2014-09-24,F
FR2014_129,Flore,,Jean-Albert Lièvre,THE,2014-09-24,D
FR2014_130,Tu veux... ou tu veux pas ?,"Sex, Love & Therapy",Tonie Marshall,THE,2014-10-01,F
FR2014_131,Bodybuilder,Bodybuilder,Roschdy Zem,THE,2014-10-01,F
FR2014_132,Le Temps de quelques jours,,Nicolas Gayraud,THE,2014-10-01,D
FR2014_133,Casse,Scrap Yard,Nadège Trebal,THE,2014-10-01,D
FR2014_134,Lou ! Journal infime,Lou!,Julien Neel,THE,2014-10-08,F
FR2014_135,Le Paradis,Paradise,Alain Cavalier,THE,2014-10-08,D
FR2014_136,Heritage Fight,Heritage Fight,Eugénie Dumont,THE,2014-10-08,D
FR2014_137,Samba,Samba,"Olivier Nakache, Éric Toledano",THE,2014-10-15,F
FR2014_138,Le Sel de la Terre,The Salt of the Earth,"Juliano Ribeiro Salgado, Wim Wenders",THE,2014-10-15,D
FR2014_139,White Bird,White Bird in a Blizzard,Gregg Araki,THE,2014-10-15,F
FR2014_140,¡G.A.R.I.!,,Nicolas Réglat,THE,2014-10-15,D
FR2014_141,Le Grimoire d'Arkandias,,"Alexandre Castagnetti, Julien Simonet",THE,2014-10-22,F
FR2014_142,On a marché sur Bangkok,"Bangkok, We Have a Problem!",Olivier Baroux,THE,2014-10-22,F
FR2014_143,Lili Rose,Lili Rose,Bruno Ballouard,THE,2014-10-22,F
FR2014_144,Patria obscura,,Stéphane Ragot,THE,2014-10-22,D
FR2014_145,Fils de,What's Your Job Daddy ?,Hervé Pierre-Gustave,THE,2014-10-29,D
FR2014_146,Félix et les Loups,Félix and the Wolves,Philippe Sisbane,THE,2014-10-29,F
FR2014_147,Les Filles d'Eve et du Serpent,,Denys Maury,THE,2014-10-29,D
FR2014_148,Une nouvelle amie,The New Girlfriend,François Ozon,THE,2014-11-05,F
FR2014_149,La prochaine fois je viserai le coeur,Next Time I'll Aim for the Heart,Cédric Anger,THE,2014-11-12,F
FR2014_150,Marie Heurtin,Marie's Story,Jean-Pierre Améris,THE,2014-11-12,F
FR2014_151,Qui vive,Insecure,Marianne Tardieu,THE,2014-11-12,F
FR2014_152,Un illustre inconnu,Nobody from Nowhere,Matthieu Delaporte,THE,2014-11-19,F
FR2014_153,M et le 3ème secret,,Pierre Barnérias,THE,2014-11-19,D
FR2014_154,Eden,Eden,Mia Hansen-Løve,THE,2014-11-19,F
FR2014_155,L'Oranais,The Man from Oran,Lyès Salem,THE,2014-11-19,F
FR2014_156,Casanova Variations,The Casanova Variations,Michael Sturminger,THE,2014-11-19,F
FR2014_157,Calomnies,,Jean-Pierre Mocky,THE,2014-11-19,F
FR2014_158,Astérix : Le domaine des dieux,Asterix - The Mansion of the Gods,"Alexandre Astier, Louis Clichy",THE,2014-11-26,A
FR2014_159,À la vie,To Life,Jean-Jacques Zilbermann,THE,2014-11-26,F
FR2014_160,The Search,The Search,Michel Hazanavicius,THE,2014-11-26,F
FR2014_161,Tiens-toi droite,French Dolls,Katia Lewkowicz,THE,2014-11-26,F
FR2014_162,La French,The Connection,Cédric Jimenez,THE,2014-12-03,F
FR2014_163,Les Héritiers,Once in a Lifetime,Marie-Castille Mention-Schaar,THE,2014-12-03,F
FR2014_164,Repas de famille,,Pierre-Henry Salfati,THE,2014-12-03,F
FR2014_165,Ceci est mon corps,,Jérôme Soubeyrand,THE,2014-12-10,F
FR2014_166,Benoît Brisefer : Les Taxis rouges,Benedict Ironbreaker: The Red Taxis,Manuel Pradal,THE,2014-12-17,F
FR2014_167,Le Temps des aveux,The Gate,Régis Wargnier,THE,2014-12-17,F
FR2014_168,Terre battue,40-Love,Stéphane Demoustier,THE,2014-12-17,F
FR2014_169,Zouzou,Zouzou,Blandine Lenoir,THE,2014-12-24,F
FR2014_170,Une heure de tranquillité,Do Not Disturb,Patrice Leconte,THE,2014-12-31,F
FR2014_171,Mon amie Victoria,My Friend Victoria,Jean-Paul Civeyrac,THE,2014-12-31,F
FR2014_172,Pasolini,Pasolini,Abel Ferrara,THE,2014-12-31,F
FR2014_173,Nina Simone Love Sorceress... Forever,,René Letzgus,THE,2014-01-01,D
FR2014_174,Monstrum,,Éric Dick,THE,2014-01-01,F
FR2014_175,Sur les toits,,Nicolas Drolc,THE,2014-01-01,D
FR2014_176,Les Vieilles Bobines,,"Jean-Louis Vuillermoz, Jean-Baptiste Benoit",THE,2014-01-01,D
FR2014_177,"Sauf ici, peut-être","But Here, Maybe",Matthieu Chatellier,THE,2014-01-01,D
FR2014_178,Les Balles du 14 juillet 1953,,Daniel Kupferstein,THE,2014-01-01,D
RO2021_001,Babardeala cu bucluc sau porno balamuc,Bad Luck Banging or Loony Porn,Radu Jude,THE,2021-05-07,F
RO2021_002,Început,Beginning,Răzvan Săvescu,THE,2021-02-18,F
RO2021_003,Berliner,The Campaign,Marian Crișan,THE,2021-02-26,F
RO2021_004,Casa cu păpuși,House of Dolls,Tudor Platon,THE,2021-09-24,D
RO2021_005,Complet necunoscuți,Perfect Strangers,Octavian Strunilă,THE,2021-09-24,F
RO2021_006,Domnișoara Bovary,,Dinu Tănase,THE,2021-12-08,F
RO2021_007,După 40 de zile,No Rest for the Old Lady,Andrei Gruzsniczki,THE,2021-08-20,F
RO2021_008,Tatăl nostru,Holy Father,Andrei Dăscălescu,THE,2021-06-15,D
RO2021_009,Întregalde,Întregalde,Radu Muntean,THE,2021-08-06,F
RO2021_010,Luca,Luca,Horațiu Mălăele,THE,2021-05-21,F
RO2021_011,Neidentificat,Unidentified,Bogdan George Apetri,THE,2021-08-06,F
RO2021_012,Otto Barbarul,Otto the Barbarian,Ruxandra Ghițescu,THE,2021-09-24,F
RO2021_013,"Pup-o, mă! 2: Mireasa nebună","Pup-o, ma2! The crazy bride",Camelia Popa,THE,2021-09-03,F
RO2021_014,Scara,The Ladder,Vlad Păunescu,THE,2021-10-15,F
RO2021_015,"Și atunci, ce e libertatea?","So, What's Freedom?",Andrei Zinca,THE,2021-07-16,F
RO2021_016,Tata mută munții,The Father Who Moves Mountains,Daniel Sandu,THE,2021-07-23,F
RO2021_017,Glasul care strigă-n pustie,The Voice Crying in the Wilderness,Ciprian Mega,THE,2021-10-04,F
RO2021_018,"Zăpadă, Ceai și Dragoste","Snow, Tea and Love",Cătălin Bugean,THE,2021-09-08,F
RO2021_019,România sălbatică,Wild Romania,"Dan Dinu, Cosmin Dumitrache",THE,2021-09-17,D
RO2022_001,#dogpoopgirl,#dogpoopgirl,Andrei Huțuleac,THE,2022-04-15,F
RO2022_002,Balaur,A Higher Law,Octav Chelaru,THE,2022-09-09,F
RO2022_003,Capra cu trei iezi,The Goat with Three Kids,Victor Canache,THE,2022-10-28,F
RO2022_004,Căutătorul de vânt,The Windseeker,Mihai Sofronea,THE,2022-03-11,F
RO2022_005,Ciné verité,,Bogdan Dreyer,THE,2022-05-13,F
RO2022_006,Anul pierdut 1986,Clouds of Chernobyl,Ligia Ciornei,THE,2022-06-24,F
RO2022_007,Copacul dorințelor: Amintiri din copilărie,,Andrei Huțuleac,THE,2022-03-25,F
RO2022_008,Crai nou,Blue Moon,Alina Grigore,THE,2022-03-04,F
RO2022_009,Dirijorul tăcerilor,,Ovidiu Georgescu,THE,2022-09-02,F
RO2022_010,Dosarul 631,,Marius Th. Barna,THE,2022-05-13,F
RO2022_011,Fără prelungiri,,Ștefan Pătrașcu,THE,2022-10-14,F
RO2022_012,Gata Oricând!: partea întâi - Eroii de la podul Jiului,,"Sergiu Prodan, Barbu Silviu Tripăduș",THE,2022-12-02,F
RO2022_013,Grindul șacalilor,,Nap Toader,THE,2022-05-09,F
RO2022_014,Hai hui în timp,Wandering in Time,Irina Murgeanu Grigore,THE,2022-12-02,F
RO2022_015,Imaculat,Immaculate,"Monica Stan, George Chiper",THE,2022-05-27,F
RO2022_016,Insula,,Anca Damian,THE,2022-11-11,A
RO2022_017,Ki kutyája vagyok én?,Whose Dog Am I?,Róbert Lakatos,THE,2022-11-04,D
RO2022_018,Lebensdorf,Lebensdorf,Valentin Hotea,THE,2022-02-11,F
RO2022_019,Maria Tănase,,Mihai Constantinescu,THE,2022-08-26,F
RO2022_020,Marocco,Mikado,Emanuel Pârvu,THE,2022-10-07,F
RO2022_021,Metronom,Metronom,Alexandru Belc,THE,2022-11-04,F
RO2022_022,Mihai Viteazul: Prințul intrat în legenda Europei,,Mihaela Mihai,THE,2022-07-15,F
RO2022_023,Miracol,Miracle,Bogdan George Apetri,THE,2022-02-04,F
RO2022_024,Mirciulică,,Cristian Ilișuan,THE,2022-10-07,F
RO2022_025,"Nunți, botezuri, înmormântări","Weddings, Christenings and Funerals",Alexandru Lustig,THE,2022-09-23,F
RO2022_026,Oameni de treabă,Men of Deeds,Paul Negoescu,THE,2022-11-25,F
RO2022_027,Om-Câine,Man and Dog,Ștefan Constantinescu,THE,2022-09-16,F
RO2022_028,Paradisul Naivilor,The Paradise of the Naives,Copel Moscu,THE,2022-09-21,D
RO2022_029,R.M.N.,R.M.N.,Cristian Mungiu,THE,2022-06-03,F
RO2022_030,Regele Mihai: Drumul către casă,The Last King: Behind the Iron Curtain,John Florescu,FES,2022-01-01,D
RO2022_031,Rondul de noapte,Night Patrol,Iosif Demian,THE,2022-06-17,F
RO2022_032,Secretul lui Zorillo,Zorillo's Secret,Robert Eugen Popa,THE,2022-04-22,F
RO2022_033,Teambuilding,Teambuilding,"Matei Dima, Cosmin Micutzu Nedelcu, Alex Coteț",THE,2022-09-30,F
RO2022_034,Omul cu umbra,The Man and His Shadow,Dragoș Hanciu,THE,2022-04-15,D
RO2022_035,Insula muzicii,The Music Island,Cosmin P. Zaharia,THE,2022-05-06,F
RO2022_036,"Uneori ninge cu zăpadă, alteori cu întuneric",Snowing Darkness,Gabriel Achim,THE,2022-07-01,F
RO2022_037,Vulturii din Ţaga,Eagles from Ţaga,"Iulian Manuel Ghervas, Adina Popescu",FES,2022-10-09,D
RO2022_038,În căutarea inginerului Dragomirescu,In search of engineer Dragomirescu,Dragoș Zămosteanu,FES,2022-04-09,D
RO2022_039,"Bucureștiul seniorilor – Vederi din Colentina, Drumul Taberei și Rahova",,Laura-Maria Ilie,FES,2022-11-13,D
RO2022_040,Merge și-așa,,Valentin Urziceanu,THE,2022-06-03,A
RO2022_041,Phoenix: povestea,,"Cristian Radu Nema, Mimis Ravanis",FES,2022-10-16,D
RO2020_001,Miami Bici,Miami Beach,Jesús del Cerro,THE,2020-02-21,F
RO2020_002,Colectiv,Collective,Alexander Nanau,THE,2020-02-28,D
RO2020_003,30 de ani și 15 minute,30 Years and 15 Minutes,Ștefan Mandachi,THE,2020-10-02,D
RO2020_004,Tipografic majuscul,Uppercase Print,Radu Jude,THE,2020-02-21,F
RO2020_005,Urma,Legacy,Dorian Boguță,THE,2020-03-06,F
RO2020_006,Ivana cea Groaznică,Ivana the Terrible,Ivana Mladenović,THE,2020-03-13,F
RO2020_007,Profu',Teach,Alex Brendea,THE,2020-10-02,D
RO2020_008,5 minute,5 Minutes Too Late,Dan Chișu,THE,2020-11-20,F
RO2020_009,Bukovina: Țara oamenilor fagi,,Florin Kevorkian,THE,2020-01-17,D
RO2020_010,Nostalgia dictaturii,,Marius Th. Barna,THE,2020-01-20,D
RO2019_001,"Oh, Ramona!","Oh, Ramona!",Cristina Jacob,THE,2020-02-15,F
RO2019_002,"Maria, Regina României",Queen Marie of Romania,"Alexis Cahill, Brigitte Drodtloff",THE,2019-11-08,F
RO2019_003,Faci sau taci,Do It or Shut Up,Iura Luncașu,THE,2019-03-15,F
RO2019_004,La Gomera,The Whistlers,Corneliu Porumboiu,THE,2019-09-13,F
RO2019_005,Parking,Parking,Tudor Giurgiu,THE,2019-06-14,F
RO2019_006,Cardinalul,The Cardinal,Nicolae Mărgineanu,THE,2019-11-22,F
RO2019_007,Distanţa dintre mine şi mine,The Distance Between Me and Me,"Mona Nicoară, Dana Bunescu",THE,2019-03-08,D
RO2019_008,Mo,Mo,Radu Dragomir,THE,2019-10-04,F
RO2019_009,Între chin și amin,Between Pain and Amen,Toma Enache,THE,2019-10-04,F
RO2019_010,Monștri.,Monsters,Marius Olteanu,THE,2019-09-27,F
RO2019_011,Să nu ucizi,Thou Shalt Not Kill,"Cătălin Rotaru, Gabi Virginia Șarga",THE,2019-03-01,F
RO2019_012,Arest,Arrest,Andrei Cohn,THE,2019-09-20,F
RO2019_013,Heidi,Heidi,Cătălin Mitulescu,THE,2019-11-15,F
RO2019_014,Jurnalul familiei -escu,Being Romanian: A Family Journal,Șerban Georgescu,THE,2019-10-25,D
RO2019_015,Caisă,,Alexandru Mavrodineanu,THE,2019-03-01,D
RO2019_016,Cărturan,Cărturan,Liviu Sandulescu,THE,2019-11-08,F
RO2019_017,Zavera,Zavera,Andrei Gruzsniczki,THE,2019-11-29,F
RO2019_018,Pisica verde,The Green Cat,Constantinescu Narcis,THE,2019-10-11,F
RO2019_019,Timebox,Timebox,Nora Agapi,THE,2019-12-06,D
RO2019_020,Epava,The Wreck,Cornel Gheorghiță,THE,2019-04-19,F
RO2019_021,Touch Me Not,Touch Me Not,Adina Pintilie,THE,2019-03-15,F
RO2018_001,Moromeții 2,Moromete Family: On the Edge of Time,Stere Gulea,THE,2018-11-16,F
RO2018_002,România neîmblânzită,Untamed Romania,Tom Barton-Humphreys,THE,2018-04-13,D
RO2018_003,"Pup-o, mă!",U Get What U Kiss,Camelia Popa,THE,2018-10-26,F
RO2018_004,Coborâm la prima,Beside Me,Tedy Necula,THE,2018-10-26,F
RO2018_005,Îmi este indiferent dacă în istorie vom intra ca barbari,I Do Not Care If We Go Down in History as Barbarians,Radu Jude,THE,2018-09-28,F
RO2018_006,Charleston,Charleston,Andrei Crețulescu,THE,2018-06-08,F
RO2018_007,Vânătorul de spirite,The Wanderers: The Quest of The Demon Hunter,Dragoș Buliga,THE,2018-04-20,F
RO2018_008,Scurtcircuit,Fault Condition,Cătălin Saizescu,THE,2018-02-23,F
RO2018_009,Soldații. Poveste din Ferentari,Soldiers: Story from Ferentari,Ivana Mladenović,THE,2018-02-02,F
RO2018_010,Luna de miere,Lemonade,Ioana Uricaru,THE,2018-10-26,F
RO2018_011,"Licu, o poveste românească",Licu: A Romanian Story,Ana Dumitrescu,THE,2018-08-24,D
RO2018_012,Moon Hotel Kabul,Moon Hotel Kabul,Anca Damian,THE,2018-11-30,F
RO2018_013,Un om la locul lui,A Decent Man,Hadrian Marcu,THE,2018-11-23,F
RO2018_014,Dragoste 1: Câine,Love 1: Dog,Florin Șerban,THE,2018-12-07,F
RO2018_015,Fals tratat de mântuire a sufletului,Soul's Redemption: a Pocket Guide,Nicolae Mărgineanu,THE,2018-09-21,F
RO2018_016,În pronunțare,Yet to Rule,Mihaela Popescu,THE,2018-12-07,F
RO2018_017,Comoara naivă,,Copel Moscu,THE,2018-01-01,D
RO2017_001,Ghinionistul,,Iura Luncașu,THE,2017-12-08,F
RO2017_002,Octav,Octav,Serge Ioan Celebidachi,THE,2017-10-06,F
RO2017_003,Un pas în urma serafimilor,One Step Behind the Seraphim,Daniel Sandu,THE,2017-09-22,F
RO2017_004,6.9 pe scara Richter,6.9 on the Richter Scale,Nae Caranfil,THE,2017-01-20,F
RO2017_005,"Ana, mon amour","Ana, My Love",Călin Peter Netzer,THE,2017-03-03,F
RO2017_006,Hawaii,Hawaii,Jesús del Cerro,THE,2017-11-17,F
RO2017_007,Breaking News,Breaking News,Iulia Rugina,THE,2017-09-29,F
RO2017_008,Fixeur,The Fixer,Adrian Sitaru,THE,2017-01-27,F
RO2017_009,Planeta Petrila,Petrila Planet,Andrei Dăscălescu,THE,2017-06-23,D
RO2017_010,Vara s-a sfârsit,Summer's Over,Radu Potcoavă,THE,2017-05-05,F
RO2017_011,Marița,Marita,Cristi Iftime,THE,2017-12-01,F
RO2017_012,Departe de tine,Far from Here,James Pillion,THE,2017-03-31,F
RO2017_013,Meda sau Partea nu prea fericita a lucrurilor,Meda or The Not So Bright Side of Things,Emanuel Pârvu,THE,2017-11-24,F
RO2017_014,Capace,Caps,Sorin Marin,THE,2017-10-27,F
RO2017_015,Perfect sănătos,Perfect Health,Anca Damian,THE,2017-09-15,F
RO2017_016,Răzbunarea țigăncii: pălăria fatală și nazistul,,Adrian Munteanu,THE,2017-03-24,F
RO2017_017,Aniversarea,The Anniversary,Dan Chișu,THE,2017-11-10,F
RO2017_018,Portrete în pădure,Portrets in the Forest,Dinu Tănase,THE,2017-03-24,F
RO2017_019,Vizitatorul,The Visitor,Jamil Hendi,THE,2017-04-21,F
RO2017_020,Dimineața care nu se va sfârși,The Very Last Morning,Ciprian Mega,THE,2017-12-15,F
RO2017_021,Ultima zi,The Last Day,Gabriel Achim,THE,2017-05-12,F
RO2017_022,Cine a ucis Crăciunul?,Frozen Ignat,Dinu Tănase,THE,2017-12-28,F
RO2017_023,"Lovesc, deci exist",I Hit Therefore I Am,Marius Th. Barna,THE,2017-11-16,D
RO2017_024,Răzbunarea țigăncii 2: pălăria fatală și Horthy,,Adrian Munteanu,THE,2017-05-12,F
RO2016_001,#Selfie 69,#Selfie 69,Cristina Jacob,THE,2016-09-16,F
RO2016_002,Bacalaureat,Graduation,Cristian Mungiu,THE,2016-05-20,F
RO2016_003,Sieranevada,Sieranevada,Cristi Puiu,THE,2016-09-09,F
RO2016_004,Câini,Dogs,Bogdan Mirică,THE,2016-09-23,F
RO2016_005,Ilegitim,Illegitimate,Adrian Sitaru,THE,2016-03-18,F
RO2016_006,Minte-mă frumos în Centrul Vechi,Sweet Little Lies in Downtown,Iura Luncașu,THE,2016-04-01,F
RO2016_007,Strada Speranţei,Mercy Street,"Ștefan Buzea, Alexandru Buzea, Nicolae Radu",THE,2016-04-15,F
RO2016_008,Inimi cicatrizate,Scarred Hearts,Radu Jude,THE,2016-11-18,F
RO2016_009,Orizont,,Marian Crişan,THE,2016-02-12,F
RO2016_010,Afacerea Est,Eastern Business,Igor Cobileanski,THE,2016-10-28,F
RO2016_011,Dincolo de calea ferată,By the Rails,Cătălin Mitulescu,THE,2016-04-22,F
RO2016_012,"Cinema, mon amour",,Alexandru Belc,THE,2016-10-21,D
RO2016_013,Dublu,Duble,Catrinel Dănăiață,THE,2016-06-17,F
RO2016_014,Billion Star Hotel,Billion Star Hotel,Alecs Năstoiu,THE,2016-02-19,F
RO2016_015,Miracolul din Tekir,The Miracle of Tekir,Ruxandra Zenide,THE,2016-03-04,F
RO2016_016,03.ByPass,,Nap Toader,THE,2016-05-06,F
RO2016_017,Bondoc,,"Cristian Delcea, Mihai Mincan, Mihai Voinea",THE,2016-09-23,F
RO2016_018,În căutarea tatălui pierdut,,Ionuț Teianu,THE,2016-06-02,D
RO2016_019,Împărăteasa roșie. Viața și aventurile Anei Pauker,The Red Empress - The Life and Adventures of Ana Pauker,Radu Gabrea,THE,2016-06-19,F
RO2016_020,Întoarcerea magilor,,Ioan Cărmăzan,THE,2016-09-29,F
RO2015_001,Aferim!,Aferim!,Radu Jude,THE,2015-03-13,F
RO2015_002,De ce eu?,Why Me?,Tudor Giurgiu,THE,2015-02-27,F
RO2015_003,Poveste de dragoste,Love Is a Story,Cristina Jacob,THE,2015-11-27,F
RO2015_004,Lumea e a mea,The World is Mine,Nicolae Constantin Tănase,THE,2015-10-23,F
RO2015_005,Comoara,The Treasure,Corneliu Porumboiu,THE,2015-05-29,F
RO2015_006,București Non-Stop,Bucharest Non-Stop,Dan Chișu,THE,2015-11-13,F
RO2015_007,Cel ales,The Chosen One,Cristian Comeagă,THE,2015-04-24,F
RO2015_008,Un etaj mai jos,One Floor Below,Radu Muntean,THE,2015-09-18,F
RO2015_009,Live,Live,Vlad Păunescu,THE,2015-05-15,F
RO2015_010,Doar cu buletinul la Paris,,Șerban Marinescu,THE,2015-05-15,F
RO2015_011,Acasă la tata,Back Home,Andrei Cohn,THE,2015-11-06,F
RO2015_012,Muntele magic,The Magic Mountain,Anca Damian,THE,2015-10-09,A
RO2015_013,Carmen,Carmen,Doru Nițescu,THE,2015-05-22,F
RO2014_001,#Selfie,#Selfie,Cristina Jacob,THE,2014-05-09,F
RO2014_002,Cuscrii,,Radu Potcoavă,THE,2014-10-24,F
RO2014_003,"America, venim!","America, Here We Come",Răzvan Săvescu,THE,2014-09-19,F
RO2014_004,Mai aproape de lună,Closer to the Moon,Nae Caranfil,THE,2014-03-07,F
RO2014_005,Alt Love Building,,Iulia Rugină,THE,2014-12-26,F
RO2014_006,Dragoste & Design,Love by Design,Michael Damian,THE,2014-10-31,F
RO2014_007,Brâncuși... din eternitate,Brâncuși from Eternity,Adrian Popovici,THE,2014-04-19,F
RO2014_008,Kyra Kyralina,Kyra Kyralina,Dan Pița,THE,2014-09-05,F
RO2014_009,Ultimul zburător,The Last Incubus,Ovidiu Georgescu,THE,2014-01-07,F
RO2014_010,"O poveste de dragoste, Lindenfeld","A Love Story, Lindenfeld",Radu Gabrea,THE,2014-06-20,F
RO2014_011,Q.E.D.,Quod Erat Demonstrandum,Andrei Gruzsniczki,THE,2014-10-10,F
RO2014_012,Al doilea joc,The Second Game,Corneliu Porumboiu,THE,2014-04-04,D
RO2014_013,Ana,,Alexa Visarion,THE,2014-12-12,F
RO2014_014,Niascharian - Să renaştem,,Leonardo Tonitza,THE,2014-03-18,D
RO2023_001,Miami Bici 2,Miami Bici 2,Jesús del Cerro,THE,2023-11-24,F
RO2023_002,Nunta pe bani,,Cristian Ilișuan,THE,2023-10-13,F
RO2023_003,Haita de acțiune,The Action Pack,Vali Dobrogeanu,THE,2023-03-24,F
RO2023_004,Ramon,Ramon,Jesús del Cerro,THE,2023-02-03,F
RO2023_005,Băieți deștepți,,Igor Cobileanski,THE,2023-10-13,F
RO2023_006,Încă două lozuri,,Paul Negoescu,THE,2023-10-27,F
RO2023_007,Libertate,Freedom,Tudor Giurgiu,THE,2023-10-06,F
RO2023_008,Visul,The Dream,Cătălin Saizescu,THE,2023-12-15,F
RO2023_009,Dragoste pe muchie de cuțit,Romance on the Edge of the Blade,Germain Kanda,THE,2023-09-29,F
RO2023_010,Boss,Boss,Bogdan Mirică,THE,2023-04-28,F
RO2023_011,21 de rubini,21 Rubies,Ciprian Mega,THE,2023-11-03,F
RO2023_012,Nu aștepta prea mult de la sfârșitul lumii,Do Not Expect Too Much from the End of the World,Radu Jude,THE,2023-10-27,F
RO2023_013,"De ce mă cheamă Nora, când cerul meu e senin",Nora,Carla Maria Teaha,THE,2023-11-17,D
RO2023_014,Warboy,Warboy,Marian Crișan,THE,2023-11-17,F
RO2023_015,MMXX,MMXX,Cristi Puiu,THE,2023-11-10,F
RO2023_016,Spre nord,To the North,Mihai Mincan,THE,2023-03-17,F
RO2023_017,Tigru,Day of the Tiger,Andrei Tănase,THE,2023-09-29,F
RO2023_018,Playback,Playback,Iulia Rugină,THE,2023-10-20,D
RO2023_019,Mai departe,This World is My Arena,Tedy Necula,THE,2023-10-27,F
RO2023_020,Experimentul Pitești,Pitești: The Experiment,Victoria Baltag,THE,2023-04-29,F
RO2023_021,"Pup-o, mă! Ouăle, franceza și ardelenii",U Get What You Kiss 3,Tudor Botezatu,THE,2023-02-17,F
RO2023_022,Phoenix. Har/Jar,,Cornel Mihalache,THE,2023-01-20,D
RO2023_023,De ce scriu ăștia pe pereți?,Why Do They Write on Walls?,Alin Boeru,THE,2023-11-24,D
RO2023_024,Memento 1918,Memento 1918,Adrian Popovici,THE,2023-07-21,F
RO2023_025,Mireasa mortului,The Deadman's Bride,Cornel Gheorghiță,THE,2023-03-24,F
RO2023_026,Mrs. Buică,Mrs. Buică,Eugene Buică,THE,2023-12-08,F
RO2023_027,S.B.C.R.D.F.,,Iura Luncașu,FES,2023-06-21,F
RO2023_028,Dark Ages,Dark Ages,Tom Wilson,THE,2023-05-05,F
RO2023_029,Ultima Transhumanţă,Last Transhumance,Dragoș Lumpan,FES,2023-06-16,D
RO2023_030,Chipuri: Victor Rebengiuc,Faces: Victor Rebengiuc,Laurențiu Damian,THE,2023-10-05,D
RO2023_031,Miutyun,,Armine Vosganian,THE,2023-05-06,D
RO2023_032,Planeta albastră,Blue Planet,Dani Saracut,FES,2023-06-19,D
RO2023_033,My Journey To Romania – Letter From Timișoara,My Journey To Romania – Letter From Timișoara,Florin Iepan,THE,2023-07-19,D
RO2023_034,Magnificent Sky,Magnificent Sky,Alexandru Badea,THE,2023-10-27,D
RO2023_035,Negustorul de meteoriți,,Copel Moscu,THE,2023-01-01,D
RO2023_036,Simțul luminii,The Sense of Light,Dragoș Zămosteanu,THE,2023-10-20,D
RO2014_015,Cripta,The Gentleman from the Courtyard,Cornel Gheorghiță,THE,2014-09-12,F
RO2019_022,Omul care a vrut să fie liber,The Man Who Would Be Free,"Mihai Mincan, George Chiper",FES,2019-10-17,D
RO2016_021,Camera obscură,Camera obscura,Gheorghe Preda,FES,2016-09-11,D
RO2016_022,Imagini din vis,Dream Images,Sorin Luca,FES,2016-06-02,D
RO2017_025,"Brașov 1987, doi ani prea devreme",,Liviu Tofan,FES,2017-11-15,D
RO2014_016,Pașaport de Germania,Trading Germans,Răzvan Georgescu,THE,2014-11-21,D
RO2014_017,Un ultim an în 114 minute,A last year in 114 minutes,Daniel Nicolae Djamo,FES,2014-10-24,D
HU2022_001,Nyugati nyaralás,Riviera East,"Balázs Lévai, Dániel Tiszeker",THE,2022-09-15,F
HU2022_002,"Szia, életem!",Daddy and Other Wolves,"Gábor Rohonyi, Csaba Vékes",THE,2022-08-25,F
HU2022_003,Blokád,Blockade,Ádám Tősér,THE,2022-10-20,F
HU2022_004,Együtt kezdtük,We Started Together,Yvonne Kerékgyártó,THE,2022-08-04,F
HU2022_005,Jóreménység-sziget,The Island of Hope,Ljasuk Dimitry,THE,2022-11-17,F
HU2022_006,Larry,Larry,Szilárd Bernáth,THE,2022-12-01,F
HU2022_007,A játszma,The Game,Péter Fazakas,THE,2022-06-09,F
HU2022_008,Magasságok és mélységek,Heights and Depths,Sándor Csoma,THE,2022-09-22,F
HU2022_009,Zanox,Zanox,Gábor Benő Baranyi,THE,2022-05-26,F
HU2022_010,Átjáróház,Halfway Home,Isti Madarász,THE,2022-12-08,F
HU2022_011,Béke - A nemzetek felett,,"Tamás Babos, Ádám Tősér",THE,2022-11-10,D
HU2022_012,Veszélyes lehet a fagyi,Not a Thing,Fanni Szilágyi,THE,2022-11-17,F
HU2022_013,Kilakoltatás,Eviction,Máté Fazekas,THE,2022-03-17,F
HU2022_014,Bereményi kalapja,,Gábor Zsigmond Papp,THE,2022-09-22,D
HU2022_015,Tiszta sváb,,"ifj. András Petróczy, Ágnes Sós",THE,2022-09-27,D
HU2022_016,Szelíd,Gentle,"László Csuja, Anna Nemes",THE,2022-04-07,F
HU2022_017,Keleti Ágnes - Aki legyőzte az időt,Ágnes Kelete - Conquering Time,Kata Oláh,THE,2022-12-08,D
HU2022_018,Legendárium - Mesék Székelyföldről,,Szabolcs Fazakas,THE,2022-03-03,A
HU2022_019,Melegvizek országa,Land of Warm Waters,"Igor Buharov, Ivan Buharov",THE,2022-03-15,F
HU2022_020,Macska a betonban,,Ferenc Dalnoky,THE,2022-05-27,F
HU2022_021,Ott torony volt,,András Kécza,THE,2022-09-01,D
HU2022_022,Magyar hangja...,The Art of Dubbing,András Csapó,THE,2022-09-15,D
HU2022_023,Szimpla manus,Simple Guy,Attila Magyar,THE,2022-11-03,F
HU2022_024,Mindörökké,Perpetuity,György Pálfi,THE,2022-02-22,F
HU2022_025,Múlt és jelen - Vizeink az ember kezében,,Zoltán Fehér,THE,2022-10-13,D
HU2022_026,Hűség,,Csaba Szekeres,THE,2022-10-06,D
HU2022_027,Boszorkányház,,István Nyíri Kovács,THE,2022-05-19,F
HU2022_028,A Kinematográfus,,"Csaba Bollók, Gábor Medvigy",THE,2022-09-18,D
HU2022_029,Stamps Back,Stamps Back,Szilárd Matusik,THE,2022-12-13,D
HU2021_001,Elk*rtuk,The Cost of Deception,Keith English,THE,2021-10-21,F
HU2021_002,Nagykarácsony,Christmas Flame,Dániel Tiszeker,THE,2021-11-25,F
HU2021_003,Toxikoma,Toxikoma,Gábor Herendi,THE,2021-09-02,F
HU2021_004,Az unoka,The Grandson,Kristóf Deák,THE,2021-12-21,F
HU2021_005,El a kezekkel a papámtól!,Stop My Stepmom,"Kata Dobó, Buda Gulyás",THE,2021-12-09,F
HU2021_006,Post Mortem,Post Mortem,Péter Bergendy,THE,2021-10-28,F
HU2021_007,Vadlovak: Hortobágyi mese,Wild Horses: A tale from the Puszta,Zoltán Török,THE,2021-11-04,D
HU2021_008,A feleségem története,The Story of My Wife,Ildikó Enyedi,THE,2021-09-23,F
HU2021_009,Magyar passió,,Károly Eperjes,THE,2021-11-04,F
HU2021_010,Így vagy tökéletes,Perfect as You Are,Péter Varsics,THE,2021-08-19,F
HU2021_011,Külön falka,Wild Roots,Hajni Kis,THE,2021-09-20,F
HU2021_012,Becsúszó szerelem,Bullhorn Lullaby,Viktor Oszkár Nagy,THE,2021-07-15,F
HU2021_013,A kuflik és az Akármi,,Kristóf Jurik,THE,2021-08-12,A
HU2021_014,Mentés másképp,Special Treatment,Gábor Rózsa,THE,2021-08-26,F
HU2021_015,Eltörölni Frankot,Erasing Frank,Gábor Fabricius,THE,2021-10-07,F
HU2021_016,A legjobb dolgokon bőgni kell,Things Worth Weeping For,Cristina Groșan,THE,2021-09-16,F
HU2021_017,Spirál,Spiral,Cecília Felméri,THE,2021-05-13,F
HU2021_018,Legjobb tudomásom szerint,As Far as I Know,"Nándor Lőrincz, Bálint Nagy",THE,2021-12-16,F
HU2021_019,Űrpiknik,Garbage Theory,Ákos Badits,THE,2021-07-01,F
HU2021_020,Hasadék,Ravine,Balázs Krasznahorkai,THE,2021-09-09,F
HU2021_021,Hét kis véletlen,Seven Small Coincidences,Péter Gothár,THE,2021-05-10,F
HU2021_022,Vad víz - Aqua Hungarica,,Zoltán Fehér,THE,2021-06-03,D
HU2021_023,A komáromi hős,,Judit Simon,THE,2021-07-31,D
HU2021_024,Pecakúra,,Tibor Dusa,THE,2021-10-07,F
HU2021_025,Kövek,,György Dobray,THE,2021-07-08,D
HU2020_001,Pesti balhé,Budapest Heist,Balázs Lóth,THE,2020-07-30,F
HU2020_002,Zárójelentés,Final Report,István Szabó,THE,2020-02-27,F
HU2020_003,Hab,Cream,Nóra Lakos,THE,2020-09-10,F
HU2020_004,Felkészülés meghatározatlan ideig tartó együttlétre,Preparations to Be Together for an Unknown Period of Time,Lili Horvát,THE,2020-09-24,F
HU2020_005,A feltaláló,The Inventor,Bence Gyöngyössy,THE,2020-02-06,F
HU2020_006,Bogyó és Babóca 4. - Tündérkártyák,Berry and Dolly - Fairy Cards,"Antonin Krizsanics, Géza M. Tóth",THE,2020-07-09,A
HU2020_007,Tékasztorik 2,,"Csaba Martin, Kála Czupi",THE,2020-02-13,F
HU2020_008,A mi Kodályunk,,Eszter Petrovics,THE,2020-07-09,D
HU2020_009,Isteni kéz,Hands of God,László Barna,THE,2020-01-28,D
HU2020_010,Magdolna,,Tamás Buvári,THE,2020-09-17,F
HU2020_011,Patthelyzet,Barrel of the Gun,Dóra Szűcs,THE,2020-08-06,F
HU2020_012,Nagyapám: Horthy Miklós,My Grandfather: Miklós Horthy,József Sipos,THE,2020-06-04,D
HU2020_013,A Pásztor,The Shepherd,László Illés,THE,2020-09-03,F
HU2019_001,Kölcsönlakás,,"Kata Dobó, Buda Gulyás",THE,2019-02-14,F
HU2019_002,Seveled,Neither with You,Dénes Orosz,THE,2019-12-05,F
HU2019_003,Drakulics elvtárs,Comrade Drakulich,Márk Bodzsár,THE,2019-10-31,F
HU2019_004,Akik maradtak,Those Who Remained,Barnabás Tóth,THE,2019-09-26,F
HU2019_005,Apró mesék,Tall Tales,Attila Szász,THE,2019-03-14,F
HU2019_006,"FOMO – Megosztod, és uralkodsz",FOMO: Fear of Missing Out,Attila Hartung,THE,2019-10-10,F
HU2019_007,Valan – Az angyalok völgye,Valan: Valley of Angels,Béla Bagota,THE,2019-11-21,F
HU2019_008,"Mi újság, kuflik?",,"Kristóf Jurik, Géza M. Tóth",THE,2019-10-03,A
HU2019_009,Vadonvilág – Gróf Széchenyi Zsigmond nyomában,Close to the Wild: On the Path of Count Sigmund Szecheny,János Lerner,THE,2019-10-10,D
HU2019_010,Szép csendben,On the Quiet,Zoltán Nagy,THE,2019-11-14,F
HU2019_011,Pécsi szál,,Balázs Lévai,THE,2019-05-09,D
HU2019_012,Most van most,Now is Now,Péter Szajki,THE,2019-03-07,F
HU2019_013,Guerilla,Guerilla,György Mór Kárpáti,THE,2019-07-03,F
HU2019_014,Piedone nyomában,,Levente Király,THE,2019-02-28,D
HU2019_015,Folyékony arany,Liquid Gold,Tamás Almási,THE,2019-09-19,D
HU2019_016,A létezés eufóriája,The Euphoria of Being,Réka Szabó,THE,2019-09-12,D
HU2019_017,"Curtiz – A magyar, aki felforgatta Hollywoodot",Curtiz,Tamás Yvan Topolánszky,THE,2019-09-12,F
HU2019_018,Gettó Balboa,,Árpád Bogdán,THE,2019-04-18,D
HU2019_019,Egy nő fogságban,A Woman Captured,Bernadett Tuza-Ritter,THE,2019-04-18,D
HU2019_020,"Szeretlek, mint állat!",Love You Like an Animal,Erik Novák,THE,2019-04-04,F
HU2019_021,"Élet, öröm, zene – Hollerung Gábor és a Budafoki Dohnányi Zenekar",,András Sólyom,THE,2019-11-09,D
HU2019_022,Spanyolul tudni kell,,Zoltán Galambos,THE,2019-06-27,F
HU2018_001,Valami Amerika 3,A Kind of America 3,Gábor Herendi,THE,2018-02-15,F
HU2018_002,BÚÉK,Happy New Year,Krisztina Goda,THE,2018-12-06,F
HU2018_003,Rossz versek,Bad Poems,Gábor Reisz,THE,2018-12-27,F
HU2018_004,Nyitva,Open,Orsi Nagypál,THE,2018-10-18,F
HU2018_005,"Ruben Brandt, a gyűjtő","Ruben Brandt, Collector",Milorad Kristić,THE,2018-11-15,A
HU2018_006,Napszállta,Sunset,László Nemes,THE,2018-09-27,F
HU2018_007,X – A rendszerből törölve,X - The eXploited,Károly Ujj Mészáros,THE,2018-11-01,F
HU2018_008,Lajkó – Cigány az űrben,Lajkó – Gypsy in Space,Balázs Lengyel,THE,2018-03-23,F
HU2018_009,Egy nap,One Day,Zsófia Szilágyi,THE,2018-11-08,F
HU2018_010,Remélem legközelebb sikerül meghalnod :),Hope You Die Next Time :-),Mihály Schwechtje,THE,2018-09-13,F
HU2018_011,"A hentes, a kurva és a félszemű","The Butcher, the Whore and the One-Eyed Man",János Szász,THE,2018-01-25,F
HU2018_012,Vad Balaton,,Szabolcs Mosonyi,THE,2018-04-19,D
HU2018_013,Lengemesék 2 – Tél a nádtengeren,Willy and the Guardians of the Lake,Zsolt Pálfi,THE,2018-12-06,A
HU2018_014,Vándorszínészek,The Troupe,Pál Sándor,THE,2018-03-08,F
HU2018_015,Nagyi projekt,Granny Project,Bálint Révész,THE,2018-11-01,D
HU2018_016,Trezor,Vault,Péter Bergendy,THE,2018-10-15,F
HU2018_017,Tegnap,Yesterday,Bálint Kenyeres,THE,2018-06-09,F
HU2018_018,Örök tél,Eternal Winter,Attila Szász,THE,2018-02-25,F
HU2018_019,Parázs a szívnek,,Zoltán Vámos,THE,2018-01-15,F
HU2018_020,A rossz árnyék,Sinister Shadow,András Jeles,THE,2018-02-28,F
HU2018_021,Genezis,Genesis,Árpád Bogdán,THE,2018-04-12,F
HU2018_022,Volt egyszer egy téka,Once Upon a Time a Video Store,Gábor Csizmazia,THE,2018-09-27,D
HU2018_023,Három tánc,Three Dances,Glória Halász,THE,2018-06-21,D
HU2018_024,Cosmic Symphony,Cosmic Symphony,István Poór,THE,2018-12-15,F
HU2018_025,Az elveszett nagypapa,The Lost Grandpa,István Borsody,THE,2018-09-18,D
HU2017_001,Kincsem,Bet on Revenge,Gábor Herendi,THE,2017-03-16,F
HU2017_002,A Viszkis,The Whiskey Bandit,Nimród Antal,THE,2017-11-23,F
HU2017_003,Pappa pia,,Gábor Csupó,THE,2017-08-17,F
HU2017_004,Testről és lélekről,On Body and Soul,Ildikó Enyedi,THE,2017-03-02,F
HU2017_005,Brazilok,Brazilians,"Csaba M. Kiss, Gábor Rohonyi",THE,2017-04-06,F
HU2017_006,Aurora Borealis: Északi fény,Aurora Borealis: Northern Light,Márta Mészáros,THE,2017-10-19,F
HU2017_007,Budapest Noir,Budapest Noir,Éva Gárdos,THE,2017-11-02,F
HU2017_008,1945,1945,Ferenc Török,THE,2017-04-19,F
HU2017_009,Lengemesék,Tales from the Lakeside,Zsolt Pálfi,THE,2017-04-27,A
HU2017_010,Az állampolgár,The Citizen,Roland Vranik,THE,2017-01-26,F
HU2017_011,Jupiter holdja,Jupiter's Moon,Kornél Mundruczó,THE,2017-06-08,F
HU2017_012,Tékasztorik,,"Csaba Martin, Kála Czupi",THE,2017-02-23,F
HU2017_013,Egy kupac kufli,,"Szabolcs Pálfi, Kristóf Jurik",THE,2017-08-17,A
HU2017_014,Gemenc,,Olma Frigyes,THE,2017-05-18,D
HU2017_015,Ultra,Ultra,Balázs Simonyi,THE,2017-09-21,D
HU2017_016,Bartók,,"József Sipos, László Kriskó",THE,2017-09-14,D
HU2017_017,Kojot,Coyote,Márk Kostyál,THE,2017-02-14,F
HU2017_018,A tökéletes gyilkos,The Perfect Killer,József Pacskovszky,THE,2017-04-27,F
HU2017_019,Álmatlan,Dreamless,Norbert Porkoláb,THE,2017-09-28,D
HU2017_020,Férfikor,Manhood,Péter Politzer,THE,2017-11-23,F
HU2017_021,#Jézus – Apám nevében,P.S.O: In the Name of My Father,Zoltán Roczó-Nagy,THE,2017-01-12,F
HU2017_022,Kádár.kom,,"Péter Aradi-Beöthy, Róbert V. Bodnár",THE,2017-11-28,D
HU2017_023,Visszahúz a múlt – Ember Judit portréja,Burdened by the Past: Portrait of Judit Ember,Asia Dér,THE,2017-05-17,D
HU2017_024,A Silbermann-varázs - Varnus Xaver koncertfilmje,,Máté Vargha,THE,2017-06-12,D
HU2016_001,A lovasíjász,,"Géza Kaszás, Dániel Tiszeker",THE,2016-01-21,D
HU2016_002,A martfűi rém,Strangled,Árpád Sopsits,THE,2016-10-11,F
HU2016_003,Tiszta szívvel,Kills on Wheels,Attila Till,THE,2016-04-28,F
HU2016_004,#Sohavégetnemérős,,Dániel Tiszeker,THE,2016-01-12,F
HU2016_005,Gondolj rám,Think of Me,András Kern,THE,2016-01-21,F
HU2016_006,Hurok,Loop,Isti Madarász,THE,2016-04-14,F
HU2016_007,Kút,Well,Attila Gigor,THE,2016-09-22,F
HU2016_008,Vad Kunság: A Puszta rejtett élete,,Szabolcs Mosonyi,THE,2016-03-24,D
HU2016_009,Félvilág,Demimonde,Attila Szász,THE,2016-02-18,F
HU2016_010,Cop Mortem,Cop Mortem,József Kovalik,THE,2016-11-24,F
HU2016_011,Halj már meg!,Just Drop Dead,Zoltán Kamondi,THE,2016-12-01,F
HU2016_012,Soul Exodus,Soul Exodus,Csaba Bereczki,THE,2016-12-15,D
HU2016_013,Zero,Zero,Gyula Nemes,THE,2016-03-24,F
HU2016_014,Az itt élő lelkek nagy része,Most of the Souls That Live Here,"Igor Buharov, Ivan Buharov",THE,2016-03-15,F
HU2016_015,Nincs kegyelem,,Gábor Matúz,THE,2016-12-08,F
HU2016_016,A Szent Korona és koronázási kincseink nyomában,,Krisztián Bárány,THE,2016-12-10,F
HU2015_001,Saul fia,Son of Saul,László Nemes,THE,2015-06-11,F
HU2015_002,"Liza, a rókatündér",Liza the Fox-Fairy,Károly Ujj Mészáros,THE,2015-02-19,F
HU2015_003,Argo 2,Argo 2,Attila Árpa,THE,2015-04-30,F
HU2015_004,Anyám és más futóbolondok a családból,Mom and Other Loonies in the Family,Ibolya Fekete,THE,2015-11-05,F
HU2015_005,Dumapárbaj,,Béla Paczolay,THE,2015-01-15,F
HU2015_006,Mancs,,Róbert Pejó,THE,2015-01-29,F
HU2015_007,Víkend,Weekend,Áron Mátyássy,THE,2015-09-10,F
HU2015_008,Veszettek,Home Guards,Krisztina Goda,THE,2015-11-22,F
HU2015_009,Szerdai gyerek,The Wednesday Child,Lili Horvát,THE,2015-12-03,F
HU2015_010,Login,Login,Ákos Barnóczky,THE,2015-10-29,F
HU2015_011,Az éjszakám a nappalod,"My Night, Your Day","András Dési, Gábor Móray",THE,2015-11-26,F
HU2015_012,Parkoló,Parking,Bence Miklauzic,THE,2015-01-22,F
HU2015_013,Új esély,New Chance,Tibor Czeily,THE,2015-11-19,F
HU2015_014,Tititá,,Tamás Almási,THE,2015-04-09,D
HU2015_015,Fischer Iván,,András Sólyom,THE,2015-04-09,D
HU2015_016,Manieggs – Egy kemény tojás bosszúja,Manieggs: Revenge of the Hard Egg,Zoltán Miklósy,THE,2015-02-26,A
HU2015_017,Lámpagyújtogatók,Project 42: The universal message,Miklós Százados,THE,2015-04-23,F
HU2015_018,Meleg Férfiak Hideg Diktatúrák,Hot Men Cold Dictatorships,Mária Takács,THE,2015-07-02,D
HU2015_019,Az elveszett európai,,József Sipos,THE,2015-02-05,D
HU2014_001,Megdönteni Hajnal Tímeát,What Ever Happened to Timi,Attila Herczeg,THE,2014-02-13,F
HU2014_002,Swing,Swing,Csaba Fazekas,THE,2014-12-04,F
HU2014_003,VAN valami furcsa és megmagyarázhatatlan,For Some Inexplicable Reason,Gábor Reisz,THE,2014-10-30,F
HU2014_004,Fehér isten,White God,Kornél Mundruczó,THE,2014-06-12,F
HU2014_005,Bogyó és Babóca 3: Játszótársak,Berry and Dolly - Playmates,"Antonin Krizsanics, Géza M. Tóth",THE,2014-08-28,A
HU2014_006,Utóélet,Afterlife,Virág Zomborácz,THE,2014-09-11,F
HU2014_007,Szabadesés,Free Fall,"György Pálfi, Zsófia Ruttkay",THE,2014-09-25,F
HU2014_008,Senki szigete,No Man's Land,Ferenc Török,THE,2014-10-16,F
HU2014_009,Fekete leves,Black Soup,Erik Novák,THE,2014-06-05,F
HU2014_010,Couch Surf,Couch Surf,Zsombor Dyga,THE,2014-03-06,F
HU2014_011,Viharsarok,Land of Storms,Ádám Császi,THE,2014-03-20,F
HU2014_012,Drága Elza!,Dear Elza!,Zoltán Füle,THE,2014-11-27,F
HU2014_013,Délibáb,Mirage,Szabolcs Hajdu,THE,2014-11-13,F
HU2014_014,Nemzeti Dokumentumfilm,,András Salamon,THE,2014-03-09,D
HU2014_015,Parador Húngaro,,"Patrick Alexander, Aseneth Suarez Ruiz",THE,2014-02-21,D
HU2014_016,Jacky's World,Jacky's World,Rajmund Pánovics,THE,2014-07-04,D
HU2023_001,Semmelweis,Semmelweis,Lajos Koltai,THE,2023-11-30,F
HU2023_002,A nemzet aranyai,Golden Legends,"Tamás Zákonyi S., Ottó Ifj. Elek",THE,2023-04-20,D
HU2023_003,Magyarázat mindenre,Explanation for Everything,Gábor Reisz,THE,2023-10-05,F
HU2023_004,Hadik,Hadik,János Szikora,THE,2023-03-09,F
HU2023_005,Bogyó és Babóca 5. – Hónapok meséi,,Géza M. Tóth,THE,2023-04-06,A
HU2023_006,Kojot négy lelke,Four Souls of Coyote,Áron Gauder,THE,2023-03-16,A
HU2023_007,Cicaverzum,Cat Call,Rozália Szeleczki,THE,2023-10-19,F
HU2023_008,Legénybúcsú Extra,,Gábor Rózsa,THE,2023-05-11,F
HU2023_009,Hat hét,Six Weeks,Noémi Veronika Szakonyi,THE,2023-03-23,F
HU2023_010,Műanyag égbolt,White Plastic Sky,"Tibor Bánóczki, Sarolta Szabó",THE,2023-03-30,F
HU2023_011,Mesterjátszma,Mastergame,Barnabás Tóth,THE,2023-11-09,F
HU2023_012,Az almafa virága,Our Blossom,Dóra Szűcs,THE,2023-02-16,F
HU2023_013,Elfogy a levegő,Without Air,Katalin Moldovai,THE,2023-11-02,F
HU2023_014,Háromezer számozott darab,Three Thousand Numbered Pieces,Ádám Császi,THE,2023-04-06,F
HU2023_015,Radics Béla: A megátkozott gitáros,,Gábor Klacsán,THE,2023-05-04,F
HU2023_016,Valami madarak,Some Birds,Dániel Hevér,THE,2023-12-14,F
HU2023_017,Saját erdő,Own Forest,György Mór Kárpáti,THE,2023-03-30,D
HU2023_018,"Látom, amit látsz",Wandering Leaves,Mátyás Szabó,THE,2023-06-22,F
HU2023_019,Az első kettő,The Fisrt Two,Balázs Szövényi-Lux,THE,2023-04-13,F
HU2023_020,Mellékszereplők,Supporting Actors,Árpád Sopsits,THE,2023-10-19,F
HU2023_021,Éger,,Levente Nagy Borús,THE,2023-11-23,F
HU2023_022,Magasmentés,,András Fésős,THE,2023-11-16,F
HU2023_023,A másik érintése,On Human Touch,Tamás Buvári,THE,2023-09-27,F
HU2023_024,129,129,Peter Noel,THE,2023-02-03,F
HU2023_025,Varrat,Ink,Márta Anna Kempf,THE,2023-09-14,D
HU2023_026,Balcsillag,,József Pólik,THE,2023-04-13,F
HU2023_027,Emberszag,,"Mária Harangi, György Pálos",THE,2023-09-01,F
HU2023_028,A két egyetlen - Karinthy Frigyes nagy szerelmei,,Tamás Szirtes,THE,2023-09-01,F
HU2021_026,A bereki ember,,Lívia Bertha,THE,2021-10-04,D
HU2018_026,A báró hazatér,,Ádám Breier,THE,2018-10-20,D
HU2019_023,A fegyházlelkész,The Prison Chaplain,Ágota Varga,THE,2019-01-29,D
HU2019_024,Emmi néni csodálatos élete,,Eszter Száraz,THE,2019-01-01,D
HU2016_017,Kocsis - Intim megvilágításban,,András Surányi,THE,2016-11-06,D
HU2015_019,Anyám levelei Sztálin elvtárshoz,My Mother's Letters to Comrade Stalin,Márta Mészáros,FES,2015-01-01,D
DE2017_001,Ein Haus in Ninh Hoa,,Philip Widmann,THE,2017-01-05,D
DE2017_002,Ritter Rost 2: Das Schrottkomplott,Knight Rusty 2: Full Metal Racket,"Thomas Bodenstein, Marcus Hamann",THE,2017-01-19,A
DE2017_003,Die Hölle,Cold Hell,Stefan Ruzowitzky,THE,2017-01-19,F
DE2017_004,Shot in the Dark,Shot in the Dark,Frank Amann,THE,2017-01-19,D
DE2017_005,Mein Blind Date mit dem Leben,My Blind Date with Life,Marc Rothemund,THE,2017-01-26,F
DE2017_006,Wendy,Wendy,Dagmar Seume,THE,2017-01-26,F
DE2017_007,Kundschafter des Friedens,,Robert Thalheim,THE,2017-01-26,F
DE2017_008,Violently Happy,Violently Happy,Paola Calvo,THE,2017-01-26,D
DE2017_009,Bibi & Tina: Tohuwabohu total,Bibi & Tina: Tohuwabohu total,Detlev Buck,THE,2017-02-23,F
DE2017_010,Timm Thaler oder das verkaufte Lachen,The Legend of Timm Thaler or The Boy Who Sold His Laughter,Andreas Dresen,THE,2017-02-02,F
DE2017_011,From Business to Being,From Business to Being,"Hanna Henigin, Julian Wildgruber",THE,2017-02-02,D
DE2017_012,Erzähl es niemandem!,,Klaus Martens,THE,2017-02-02,D
DE2017_013,Volt,,Tarek Ehlail,THE,2017-02-02,F
DE2017_014,"Schatz, nimm Du sie!","It's Your Turn, Honey!",Sven Unterwaldt Jr.,THE,2017-02-16,F
DE2017_015,Enklava,Enclave,Goran Radovanovic,THE,2017-02-16,F
DE2017_016,Die Gabe zu Heilen,,Andreas Geiger,THE,2017-02-23,D
DE2017_017,Offline - Das Leben ist kein Bonuslevel,,Florian Schnell,THE,2017-02-23,F
DE2017_018,Europa - ein Kontinent als Beute,,Christoph Schuch,THE,2017-02-23,D
DE2017_019,Marija,Marija,Michael Koch,THE,2017-03-09,F
DE2017_020,Original Copy,Original Copy,"Georg Heinzen, Florian Heinzen-Ziob",THE,2017-03-09,D
DE2017_021,For all the World to see,For all the World to see,Claudia Schmid,THE,2017-03-09,D
DE2017_022,Die Häschenschule: Jagd nach dem goldenen Ei,Rabbit School: Guardians of the Golden Egg,Ute von Münchow-Pohl,THE,2017-03-16,A
DE2017_023,Happy,Happy,Carolin Genreith,THE,2017-03-16,D
DE2017_024,Los Veganeros 2,,Lars Oppermann,THE,2017-03-16,F
DE2017_025,Zwischen den Jahren,End of the Season,Lars Henning,THE,2017-03-16,F
DE2017_026,Orientierungslosigkeit ist kein Verbrechen,Disorientation Is Not a Crime,"Marita Neher, Tatjana Turanskyj",THE,2017-03-16,F
DE2017_027,Alles gut,,Pia Lenz,THE,2017-03-23,D
DE2017_028,Der Hund begraben,,Sebastian Stern,THE,2017-03-23,F
DE2017_029,Von Bananenbäumen träumen,,Antje Hubert,THE,2017-03-30,D
DE2017_030,Zazy,Zazy,Matthias X. Oberg,THE,2017-03-30,F
DE2017_031,Es war einmal in Deutschland...,Bye Bye Germany,Sam Garbarski,THE,2017-04-06,F
DE2017_032,Ü100,,Dagmar Wagner,THE,2017-04-06,D
DE2017_033,Conni und Co 2 - Das Geheimnis des T-Rex,,"Til Schweiger, Torsten Künstler",THE,2017-04-20,F
DE2017_034,Happy Burnout,Happy Burnout,André Erkau,THE,2017-04-27,F
DE2017_035,Beat Beat Heart,Beat Beat Heart,Luise Brinkmann,THE,2017-04-27,F
DE2017_036,Hey Bunny,Hey Bunny,"Barnaby Metschurat, Lavinia Wilson",THE,2017-04-27,F
DE2017_037,Einsamkeit und Sex und Mitleid,"Sex, Pity and Loneliness",Lars Montag,THE,2017-05-04,F
DE2017_038,Trockenschwimmen,,Susanne Schulz,THE,2017-05-04,D
DE2017_039,Little Bird's Big Adventure,"Überflieger - Kleine Vögel, großes Geklapper","Toby Genkel, Reza Memari",THE,2017-05-11,A
DE2017_040,Return to Montauk,Return to Montauk,Volker Schlöndorff,THE,2017-05-11,F
DE2017_041,Denk ich an Deutschland in der Nacht,If I Think of Germany at Night,Romuald Karmakar,THE,2017-05-11,D
DE2017_042,Fahr Ma Obi Am Wasser,,Walter Steffen,THE,2017-05-11,D
DE2017_043,Fünf Sterne,,Annekatrin Hendel,THE,2017-05-11,D
DE2017_044,Beuys,Beuys,Andres Veiel,THE,2017-05-18,D
DE2017_045,You'll Never Walk Alone - Die Geschichte eines Songs,You'll Never Walk Alone - Die Geschichte eines Songs,André Schäfer,THE,2017-05-18,D
DE2017_046,Borderland Blues,Borderland Blues,Gudrun Gruber,THE,2017-05-18,D
DE2017_047,Hanni & Nanni: Mehr als beste Freunde,,Isabell Suba,THE,2017-05-25,F
DE2017_048,Die Reste meines Lebens,What's Left of My Life,Jens Wischnewski,THE,2017-05-25,F
DE2017_049,Rosemari,,Sara Johnsen,THE,2017-05-25,F
DE2017_050,In Zeiten des abnehmenden Lichts,In Times of Fading Light,Matti Geschonneck,THE,2017-06-01,F
DE2017_051,Code of Survival,Code of Survival,Bertram Verhaag,THE,2017-06-01,D
DE2017_052,Deportation Class,Deportation Class,"Carsten Rau, Hauke Wendler",THE,2017-06-01,D
DE2017_053,Timeswings - Hanne Darbovens Kunst,Timeswings - Hanne Darbovens Kunst,Rasmus Gerlach,THE,2017-06-01,D
DE2017_054,Plan B: Scheiß auf Plan A,Plan B,"Ufuk Genc, Michael Popescu",THE,2017-06-08,F
DE2017_055,Selbstkritik eines bürgerlichen Hundes,Self-Criticism of a Bourgeois Dog,Julian Radlmaier,THE,2017-06-08,F
DE2017_056,Die vergessene Armee,The Forgotten Army,Signe Astrup,THE,2017-06-08,D
DE2017_057,"Mann im Spagat: Pace, Cowboy, Pace","Mann im Spagat: Pace, Cowboy, Pace",Timo Jacobs,THE,2017-06-08,F
DE2017_058,Maria Mafiosi,,Jule Ronstedt,THE,2017-06-15,F
DE2017_059,Sommerfest,,Sönke Wortmann,THE,2017-06-29,F
DE2017_060,Axolotl Overkill,,Helene Hegemann,THE,2017-06-29,F
DE2017_061,Mein wunderbares West-Berlin,My Wonderful West Berlin,Jochen Hick,THE,2017-06-29,D
DE2017_062,Dries,Dries,Reiner Holzemer,THE,2017-06-29,D
DE2017_063,Das Pubertier,Teenosaurus Rex,Leander Haußmann,THE,2017-07-06,F
DE2017_064,Auf der anderen Seite ist das Gras viel grüner,,Pepe Danquart,THE,2017-07-13,F
DE2017_065,Einmal bitte alles,Pretty Far from Okay,Helena Hufnagel,THE,2017-07-20,F
DE2017_066,Ostwind 3: Aufbruch nach Ora,Windstorm 3,Katja von Garnier,THE,2017-07-27,F
DE2017_067,Die Guten Feinde,,Christian Weisenborn,THE,2017-07-27,D
DE2017_068,Grießnockerlaffäre,The Dumpling Affair,Ed Herzog,THE,2017-08-03,F
DE2017_069,Helle Nächte,Bright Nights,Thomas Arslan,THE,2017-08-10,F
DE2017_070,Atomin paluu,Return of the Atom,"Jussi Eerola, Mika Taanila",THE,2017-08-10,D
DE2017_071,Die Hannas,The Hannas,Julia C. Kaiser,THE,2017-08-10,F
DE2017_072,Bullyparade: Der Film,Bullyparade: The Movie,Michael Herbig,THE,2017-08-17,F
DE2017_073,Happy Family,Happy Family,Holger Tappe,THE,2017-08-24,F
DE2017_074,Western,Western,Valeska Grisebach,THE,2017-08-24,F
DE2017_075,Einsteins Nichten,,Friedemann Fromm,THE,2017-08-24,D
DE2017_076,Jugend ohne Gott,Godless Youth,Alain Gsponer,THE,2017-08-31,F
DE2017_077,Magical Mystery oder die Rückkehr des Karl Schmidt,Magical Mystery or: The Return of Karl Schmidt,Arne Feldhusen,THE,2017-08-31,F
DE2017_078,Haus Ohne Dach,House Without Roof,Soleen Yusef,THE,2017-08-31,F
DE2017_079,Die Pfefferkörner und der Fluch des Schwarzen Königs,The Peppercorns and the Curse of the Black King,Christian Theede,THE,2017-09-07,F
DE2017_080,Das schaffen wir schon,,Andreas Arnstedt,THE,2017-09-07,F
DE2017_081,Revolution of Sound: Tangerine Dream,Revolution of Sound: Tangerine Dream,Margarete Kreuzer,THE,2017-09-07,D
DE2017_082,High Society,High Society,Anika Decker,THE,2017-09-14,F
DE2017_083,Leanders letzte Reise,The Final Journey,Nick Baker-Monteys,THE,2017-09-21,F
DE2017_084,Rock My Heart,Rock My Heart,Hanno Olderdissen,THE,2017-09-28,F
DE2017_085,Conny Plank - The Potential of Noise,Conny Plank - The Potential of Noise,"Reto Caduff, Stephan Plank",THE,2017-09-28,D
DE2017_086,Macho Man 2,Macho Man 2,Davide Grisolia,THE,2017-09-28,D
DE2017_087,Wann endlich küsst Du mich?,Longing for a Kiss,Julia Ziesche,THE,2017-09-30,F
DE2017_088,Unter deutschen Betten,,Jan Fehse,THE,2017-10-05,F
DE2017_089,Vorwärts immer!,Forwards Ever!,Franziska Meletzky,THE,2017-10-12,F
DE2017_090,Pre-Crime,Pre-Crime,"Matthias Heeder, Monika Hielscher",THE,2017-10-12,D
DE2017_091,Schumanns Bargespräche,Schumann's Bar Talks,Marieke Schroeder,THE,2017-10-12,D
DE2017_092,Die Einsiedler,The Eremites,Ronny Trocker,THE,2017-10-12,F
DE2017_093,Es war einmal Indianerland,,Ilker Çatak,THE,2017-10-19,F
DE2017_094,Die Unsichtbaren,The Invisibles,Claus Räfle,THE,2017-10-26,F
DE2017_095,Casting,Casting,Nicolas von Wackerbarth,THE,2017-11-02,F
DE2017_096,The Misandrists,The Misandrists,Bruce La Bruce,THE,2017-11-02,F
DE2017_097,Hexe Lillis eingesacktes Weihnachtsfest,Lilly's Bewitched Christmas,Wolfgang Groos,THE,2017-11-09,F
DE2017_098,Simpel,My Brother Simple,Markus Goller,THE,2017-11-09,F
DE2017_099,Werner Nekes - Der Wandler zwischen den Bildern,,Ulrike Pfeiffer,THE,2017-11-09,D
DE2017_100,Fikkefuchs,Bedbugs,Jan Henrik Stahlberg,THE,2017-11-16,F
DE2017_101,Wer war Hitler,Who was Hitler,"Hermann Poelking, Hermann Pölking",THE,2017-11-16,D
DE2017_102,Silly: Frei von Angst,,Sven Halfar,THE,2017-11-16,D
DE2017_103,Aus dem Nichts,In the Fade,Fatih Akin,THE,2017-11-23,F
DE2017_104,Überleben in Neukölln,Survival in Berlin-Neukölln,"Rosa von Praunheim, Markus Tiarks",THE,2017-11-23,D
DE2017_105,Whatever Happens,Whatever Happens,Niels Laupert,THE,2017-11-30,F
DE2017_106,Der Mann aus dem Eis,Iceman,Felix Randau,THE,2017-11-30,F
DE2017_107,Burg Schreckenstein II - Küssen (nicht) verboten,Shiverstone Castle 2,Ralf Huettner,THE,2017-12-07,F
DE2017_108,Forget About Nick,Forget About Nick,Margarethe von Trotta,THE,2017-12-07,F
DE2017_109,Sum1,Alien Invasion: S.U.M.1,Christian Pasquariello,THE,2017-12-07,F
DE2017_110,Queercore: How to Punk a Revolution,Queercore: How to Punk a Revolution,Yony Leyser,THE,2017-12-07,D
DE2017_111,Sisters! Share everything,Sisters! Share everything,Pierre Sanoussi-Bliss,THE,2017-12-07,F
DE2017_112,Dieses bescheuerte Herz,This Crazy Heart,Marc Rothemund,THE,2017-12-21,F
DE2017_113,Laible und Frisch: Do goht dr Doig,,Michael Rösel,THE,2017-12-28,F
DE2016_001,Friend Request,Friend Request,Simon Verhoeven,THE,2016-01-07,F
DE2016_002,Familie Haben,,Jonas Rothlaender,THE,2016-01-07,D
DE2016_003,Neukölln Wind,,Arsenny Rapoport,THE,2016-01-07,F
DE2016_004,Gut zu Vögeln,,Mira Thiel,THE,2016-01-14,F
DE2016_005,Die dunkle Seite des Mondes,The Dark Side of the Moon,Stephan Rick,THE,2016-01-14,F
DE2016_006,Iraqi Odyssey,Iraqi Odyssey,Samir,THE,2016-01-14,D
DE2016_007,Bibi & Tina: Mädchen gegen Jungs,,Detlev Buck,THE,2016-01-21,F
DE2016_008,Hello I Am David!,Hello I Am David!,Cosima Lange,THE,2016-01-21,D
DE2016_009,Alaaf You,,Baris Aladag,THE,2016-01-21,D
DE2016_010,Das Wetter in geschlossenen Räumen,The Weather Inside,Isabelle Stever,THE,2016-01-28,F
DE2016_011,Ein Atem,One Breath,Christian Zübert,THE,2016-01-28,F
DE2016_012,Uns geht es gut,We Are Fine,Henri Steinmetz,THE,2016-01-28,F
DE2016_013,Family Business,Family Business,"Christiane Büchner, Herbert Schwarze",THE,2016-01-28,D
DE2016_014,Tetarti 04:45,,Alexis Alexiou,THE,2016-02-04,F
DE2016_015,Grenzbock,,Hendrik Löbbert,THE,2016-02-04,D
DE2016_016,Sibylle,Like a Cast Shadow,Michael Krummenacher,THE,2016-02-04,F
DE2016_017,Antons Fest,,John Kolya Reichart,THE,2016-02-04,F
DE2016_018,Die Wilden Kerle 6 - Die Legende lebt,The Wild Soccer Bunch 6,Joachim Masannek,THE,2016-02-11,F
DE2016_019,"Feuer bewahren, nicht Asche anbeten",,Annette von Wangenheim,THE,2016-02-11,D
DE2016_020,Colonia,,Florian Gallenberger,THE,2016-02-18,F
DE2016_021,Trash Detective,Trash Detective,Maximilian Buck,THE,2016-02-18,F
DE2016_022,Der Kuaför aus der Keupstraße,,Andreas Maus,THE,2016-02-25,D
DE2016_023,Als wir die Zukunft waren,,"Lars Barthel, Gabriele Denecke, Peter Kahane, Thomas Knauf, Ralf Marschalleck, Hannes Schönemann, Andreas Voigt",THE,2016-02-25,D
DE2016_024,Der geilste Tag,The Most Beautiful Day,Florian David Fitz,THE,2016-02-25,F
DE2016_025,Das Tagebuch der Anne Frank,The Diary of Anne Frank,Hans Steinbichler,THE,2016-03-03,F
DE2016_026,Landstück,,Volker Koepp,THE,2016-03-03,D
DE2016_027,Babai,,Visar Morina,THE,2016-03-10,F
DE2016_028,No Land's Song,No Land's Song,Ayat Najafi,THE,2016-03-10,D
DE2016_029,Grüße aus Fukushima,Greetings from Fukushima,Doris Dörrie,THE,2016-03-10,F
DE2016_030,Herbert,A Heavy Heart,Thomas Stuber,THE,2016-03-17,F
DE2016_031,Kein Zickenfox,,Kerstin Polte,THE,2016-03-17,D
DE2016_032,Bach in Brazil,,Ansgar Ahlers,THE,2016-03-17,F
DE2016_033,Langes Echo,Long Echo,"Lukasz Lakomy, Veronika Glasunowa",THE,2022-03-17,D
DE2016_034,Chamissos Schatten,Chamisso's Shadow,Ulrike Ottinger,THE,2016-03-24,D
DE2016_035,Lee Scratch Perry's Vision of Paradise,Lee Scratch Perry's Vision of Paradise,Volker Schaner,THE,2016-03-24,D
DE2016_036,Cafe Waldluft,,Matthias Kossmehl,THE,2016-03-31,D
DE2016_037,Anhedonia,,"Patrick Siegfried Zimmer, Robert Stadlober",THE,2016-03-31,F
DE2016_038,Gestrandet,,Lisei Caspers,THE,2016-04-07,D
DE2016_039,Rabbi Wolff,,Britta Wauer,THE,2016-04-14,D
DE2016_040,Fritz Lang,Fritz Lang,Gordian Maugg,THE,2016-04-14,F
DE2016_041,"Rico, Oskar und der Diebstahlstein",,Neele Leana Vollmar,THE,2016-04-28,F
DE2016_042,A Hologram for the King,A Hologram for the King,Tom Tykwer,THE,2016-04-28,F
DE2016_043,Wer hat Angst vor Sibylle Berg?,,"Wiltrud Baier, Sigrun Köhler",THE,2016-04-28,D
DE2016_044,Schrotten!,,Max Zähle,THE,2016-05-05,F
DE2016_045,Mannheim - Neurosen zwischen Rhein und Neckar,,Thomas Oberlies,THE,2016-05-05,F
DE2016_046,Frauen,,Nikolai Müllerschön,THE,2016-05-05,F
DE2016_047,Desire Will Set You Free,Desire Will Set You Free,Yony Leyser,THE,2016-05-05,F
DE2016_048,Mängelexemplar,Too Hard to Handle,Laura Lackmann,THE,2016-05-12,F
DE2016_049,Happy Hour,Happy Hour,Franz Müller,THE,2016-05-12,F
DE2016_050,Die Prüfung,The Audition,Till Harms,THE,2016-05-19,D
DE2016_051,Ente gut!,Fortune Favors the Brave: Girls Home Alone,Norbert Lechner,THE,2016-05-26,F
DE2016_052,Der Nachtmahr,The Nightmare,Achim Bornhak,THE,2016-05-26,F
DE2016_053,Urmila: My Memory is My Power,Urmila: My Memory is My Power,Susan Gluth,THE,2016-05-26,D
DE2016_054,Vor der Morgenröte,Stefan Zweig: Farewell to Europe,Maria Schrader,THE,2016-06-02,F
DE2016_055,Seitenwechsel,,Vivian Naefe,THE,2016-06-02,F
DE2016_056,Agnes,Agnes,Johannes Schmid,THE,2016-06-02,F
DE2016_057,Elsterglanz und der Schlüssel für die Weibersauna,,"Gilbert Roediger, Sven Wittek",THE,2016-06-09,F
DE2016_058,Hannas schlafende Hunde,Hanna's Sleeping Dogs,Andreas Gruber,THE,2016-06-09,F
DE2016_059,Rockabilly Requiem,Rockabilly Requiem,Till Müller-Edenborn,THE,2016-06-09,F
DE2016_060,Wanja,Wanja,Carolina Hellsgård,THE,2016-06-09,F
DE2016_061,Schau mich nicht so an,Don't Look at Me That Way,Uisenma Borchu,THE,2016-06-16,F
DE2016_062,Die Frau mit der Kamera - Portrait der Fotografin Abisag Tüllmann,,Claudia von Alemann,THE,2016-06-23,D
DE2016_063,Treppe Aufwärts,,Mia Meyer,THE,2016-06-23,F
DE2016_064,God of Happiness,God of Happiness,Dito Tsintsadze,THE,2016-06-23,F
DE2016_065,Lou Andreas-Salomé,,Cordula Kablitz-Post,THE,2016-06-30,F
DE2016_066,Milhemet 90 Hadakot,The 90 Minute War,Eyal Halfon,THE,2016-06-30,F
DE2016_067,Mich kriegt Ihr nicht!,,Werner Müller,THE,2016-06-30,D
DE2016_068,Meier Müller Schmidt,,Sebastian Peterson,THE,2016-06-30,F
DE2016_069,Smaragdgrün,,"Felix Fuchssteiner, Katharina Schöde",THE,2016-07-07,F
DE2016_070,Stadtlandliebe,,Marco Kreuzpaintner,THE,2016-07-07,F
DE2016_071,Ferien,,Bernadette Knoller,THE,2016-07-07,F
DE2016_072,Toni Erdmann,Toni Erdmann,Maren Ade,THE,2016-07-14,F
DE2016_073,Mullewapp - Eine schöne Schweinerei,,Theresa Strozyk,THE,2016-07-14,A
DE2016_074,My Brothers and Sisters in the North,My Brothers and Sisters in the North,Sung Hyung Cho,THE,2016-07-14,D
DE2016_075,Schweinskopf al dente,,Ed Herzog,THE,2016-08-11,F
DE2016_076,El Viaje - Ein Musikfilm mit Rodrigo González,,Nahuel Lopez,THE,2016-08-11,D
DE2016_077,Conni & Co.,Conni & Co.,Franziska Buch,THE,2016-08-18,F
DE2016_078,"Antonio, ihm schmeckt's nicht!",,Sven Unterwaldt Jr.,THE,2016-08-18,F
DE2016_079,Krieg und Spiele,,Karin Jurschick,THE,2016-08-18,D
DE2016_080,Looping,Looping,Leonie Krippendorff,THE,2016-08-25,F
DE2016_081,König Laurin,,Matthias Lang,THE,2016-09-01,F
DE2016_082,Fado,,Jonas Rothlaender,THE,2016-09-01,F
DE2016_083,Timebreakers - auf der Suche nach dem geheimnisvollen Heidekristall,,Niels Marquardt,THE,2016-09-01,F
DE2016_084,Männertag,,Holger Haase,THE,2016-09-08,F
DE2016_085,Nellys Abenteuer,Nelly's Adventure,Dominik Wessely,THE,2016-09-08,F
DE2016_086,Tschick,Goodbye Berlin,Fatih Akin,THE,2016-09-15,F
DE2016_087,SMS für Dich,Text for You,Karoline Herfurth,THE,2016-09-15,F
DE2016_088,Thank You for Calling,Thank You for Calling,Klaus Scheidsteger,THE,2016-09-15,D
DE2016_089,Das Geständnis,,Bernd Michael Lade,THE,2016-09-15,F
DE2016_090,Rudolf Thome - Überall Blumen,,Serpil Turhan,THE,2016-09-15,D
DE2016_091,24 Wochen,24 Weeks,Anne Zohra Berrached,THE,2016-09-22,F
DE2016_092,Nebel im August,Fog in August,Kai Wessel,THE,2016-09-29,F
DE2016_093,Die letzte Sau,The Last Pig,Aron Lehmann,THE,2016-09-29,F
DE2016_094,LenaLove,LenaLove,Florian Gaag,THE,2016-09-22,F
DE2016_095,Kommen Rührgeräte in den Himmel? Ein Film über Nachhaltigkeit,,Reinhard Günzler,THE,2016-09-29,D
DE2016_096,Eine unerhörte Frau,,Hans Steinbichler,THE,2016-10-06,F
DE2016_097,Auf Einmal,All of a Sudden,Asli Özge,THE,2016-10-06,F
DE2016_098,Jonathan,Jonathan,Piotr J. Lewandowski,THE,2016-10-06,F
DE2016_099,Verrückt nach Fixi,,Mike Marzuk,THE,2016-10-13,F
DE2016_100,Die Welt der Wunderlichs,Wunderlich's World,Dani Levy,THE,2016-10-13,F
DE2016_101,Monkey King,Monkey King,Oliver Rihs,THE,2016-10-13,F
DE2016_102,Weiße Ritter,White Knights,"Markus Mischkowski, Kai Maria Steinkühler",THE,2016-10-13,F
DE2016_103,Burg Schreckenstein,Shiverstone Castle,Ralf Huettner,THE,2016-10-20,F
DE2016_104,Schwester Weiß,,Dennis Todorovic,THE,2016-10-20,F
DE2016_105,Gleißendes Glück,Original Bliss,Sven Taddicken,THE,2016-10-20,F
DE2016_106,Ostfriesisch für Anfänger,,Gregory Kirchhoff,THE,2016-10-27,F
DE2016_107,Nirgendwo,Nowhere,Matthias Starte,THE,2016-10-27,F
DE2016_108,Allein gegen die Zeit - Der Film,Time Heroes,Christian Theede,THE,2016-10-27,F
DE2016_109,Haymatloz - Exil in der Türkei,,Eren Önsöz,THE,2016-10-27,D
DE2016_110,Das Versprechen,Killing for Love,"Karin Steinberger, Marcus Vetter",THE,2016-10-27,D
DE2016_111,Transit Havana,,Daniel Abma,THE,2016-11-03,D
DE2016_112,Willkommen bei den Hartmanns,Welcome to Germany,Simon Verhoeven,THE,2016-11-03,F
DE2016_113,Pettersson und Findus 2 - Das schönste Weihnachten überhaupt,,Ali Samadi Ahadi,THE,2016-11-03,A
DE2016_114,Die Mitte der Welt,Center of My World,Jakob M. Erwa,THE,2016-11-10,F
DE2016_115,"Peter Handke: Bin im Wald. Kann sein, dass ich mich verspäte...",,Corinna Belz,THE,2016-11-10,D
DE2016_116,Manche hatten Krokodile,,Christian Hornung,THE,2016-11-10,D
DE2016_117,Soy Nero,,Rafi Pitts,THE,2016-11-10,D
DE2016_118,The Florence Foster Jenkins Story,The Florence Foster Jenkins Story,Ralf Pleger,THE,2016-11-10,D
DE2016_119,Wir sind die Flut,,Sebastian Hilger,THE,2016-11-10,F
DE2016_120,Der Ost-Komplex,,Jochen Hick,THE,2016-11-10,D
DE2016_121,Radio Heimat,,Matthias Kutschmann,THE,2016-11-17,F
DE2016_122,Wir sind Juden aus Breslau,We Are Jews from Breslau,"Karin Kaper, Dirk Szuszies",THE,2016-11-17,D
DE2016_123,Alone in Berlin,Alone in Berlin,Vincent Perez,THE,2016-11-17,F
DE2016_124,Die Reise mit Vater,,Anca Miruna Lazarescu,THE,2016-11-17,F
DE2016_125,Im Namen der Tiere,,Sabine Kückelmann,THE,2016-11-17,D
DE2016_126,Continuity,Continuity,Omer Fast,THE,2016-11-17,F
DE2016_127,Marie Curie,Marie Curie,Marie Noelle,THE,2016-12-01,F
DE2016_128,Die Hände meiner Mutter,,Florian Eichinger,THE,2016-12-01,F
DE2016_129,Die Vampirschwestern 3,,Tim Trachte,THE,2016-12-08,F
DE2016_130,Schubert in Love: Vater werden ist,,Lars Büchel,THE,2016-12-08,F
DE2016_131,Paula,Paula,Christian Schwochow,THE,2016-12-15,F
DE2015_001,Ich will mich nicht künstlich aufregen,,Max Linz,THE,2015-01-08,F
DE2015_002,Frau Müller muss weg!,,Sönke Wortmann,THE,2015-01-15,F
DE2015_003,Hells Angel - Unter Brüdern,,Marcel Wehn,THE,2015-01-15,D
DE2015_004,Top Girl oder La déformation professionnelle,Top Girl,Tatjana Turanskyj,THE,2015-01-15,F
DE2015_005,3 Türken & ein Baby,,Sinan Akkus,THE,2015-01-22,F
DE2015_006,Wir sind jung. Wir sind stark.,We Are Young. We Are Strong.,Burhan Qurbani,THE,2015-01-22,F
DE2015_007,Fünf Freunde 4,,Mike Marzuk,THE,2015-01-29,F
DE2015_008,Da muss Mann durch,,Marc Rothemund,THE,2015-01-29,F
DE2015_009,Anderswo,,Ester Amrami,THE,2015-01-29,F
DE2015_010,Die letzten Gigolos,,Stephan Bergmann,THE,2015-01-29,D
DE2015_011,Los Ángeles,Los Ángeles,Damian John Harper,THE,2015-01-29,F
DE2015_012,Bonne Nuit Papa,,Marina Kem,THE,2015-01-29,D
DE2015_013,300 Worte Deutsch,,Züli Aladag,THE,2015-02-05,F
DE2015_014,Wer rettet wen? - Die Krise als Geschäftsmodell auf Kosten von Demokratie und sozialer Sicherheit,,"Leslie Franke, Stefan Corinth, Herdolor Lorenz, Alexander Grasseck, Tania Sainz Martín",THE,2015-02-12,D
DE2015_015,Traumfrauen,,Anika Decker,THE,2015-02-19,F
DE2015_016,Wem gehört die Stadt - Bürger in Bewegung,,Anna Ditges,THE,2015-02-19,D
DE2015_017,Als wir träumten,,Andreas Dresen,THE,2015-02-26,F
DE2015_018,Stopping,Stopping,Bernhard Koch,THE,2015-02-26,D
DE2015_019,bestefreunde,,"Jonas Grosch, Carlos Val",THE,2015-02-26,F
DE2015_020,Pepe Mujica - Lektionen eines Erdklumpens,,Heidi Specogna,THE,2015-03-05,D
DE2015_021,Willkommen auf Deutsch,A Very German Welcome,"Carsten Rau, Hauke Wendler",THE,2015-03-12,D
DE2015_022,Schattenwald,,Laura Thies,THE,2015-03-12,F
DE2015_023,Von jetzt an kein Zurück,,Christian Frosch,THE,2015-03-12,F
DE2015_024,Poeten des Tanzes - Die Sacharoffs,,Stella Tinbergen,THE,2015-03-12,D
DE2015_025,Der Nanny,The Manny,"Matthias Schweighöfer, Torsten Künstler",THE,2015-03-26,F
DE2015_026,Tod den Hippies!! Es lebe der Punk!,Punk Berlin 1982,Oskar Roehler,THE,2015-03-26,F
DE2015_027,Verfehlung,The Culpable,Gerd Schneider,THE,2015-03-26,F
DE2015_028,Forever and a Day: Scorpions,Forever and a Day: Scorpions,Katja von Garnier,THE,2015-03-26,D
DE2015_029,Von glücklichen Schafen,,Kadir Sözen,THE,2015-03-26,F
DE2015_030,Gespensterjäger,Ghosthunters: On Icy Trails,Tobi Baumann,THE,2015-04-02,F
DE2015_031,Every Thing Will Be Fine,Every Thing Will Be Fine,Wim Wenders,THE,2015-04-02,F
DE2015_032,Mara und der Feuerbringer,Mara and the Firebringer,Tommy Krappweis,THE,2015-04-02,F
DE2015_033,Halbe Brüder,Half Brothers,Christian Alvart,THE,2015-04-09,F
DE2015_034,Szenario,,"Karsten Krause, Philip Widmann",THE,2015-04-09,D
DE2015_035,Elser,13 Minutes,Oliver Hirschbiegel,THE,2015-04-09,F
DE2015_036,Winnetous Sohn,Winnetou's Son,André Erkau,THE,2015-04-09,F
DE2015_037,Dessau Dancers,Dessau Dancers,Jan Martin Scharf,THE,2015-04-16,F
DE2015_038,Mülheim - Texas: Helge Schneider hier und dort,,Andrea Roggon,THE,2015-04-23,D
DE2015_039,Härte,Tough Love,Rosa von Praunheim,THE,2015-04-23,F
DE2015_040,Striche ziehen,,Gerd Kroske,THE,2015-04-23,D
DE2015_041,Fassbinder,Fassbinder,Annekatrin Hendel,THE,2015-04-30,D
DE2015_042,Die abhandene Welt,,Margarethe von Trotta,THE,2015-05-07,F
DE2015_043,Hedi Schneider steckt fest,,Sonja Heiss,THE,2015-05-07,F
DE2015_044,The Forecaster,The Forecaster,"Marcus Vetter, Karin Steinberger",THE,2015-05-07,D
DE2015_045,Reuber,,Axel Ranisch,THE,2015-05-07,F
DE2015_046,Die Widerständen: Also machen wir das weiter ...,,"Katrin Seybold, Ula Stöckl",THE,2015-05-07,D
DE2015_047,Ostwind 2,Windstorm 2,Katja von Garnier,THE,2015-05-14,F
DE2015_048,La buena vida,The Good Life,Jens Schanze,THE,2015-05-14,D
DE2015_049,Silentium - Vom Leben im Kloster,Silentium: From Life in the Convent,Sobo Swobodnik,THE,2015-05-14,D
DE2015_050,Abschussfahrt,,Tim Trachte,THE,2015-05-21,F
DE2015_051,Dancing Arabs,Dancing Arabs,Eran Riklis,THE,2015-05-21,F
DE2015_052,B-Movie: Lust & Sound in West-Berlin 1979-1989,B-Movie: Lust & Sound in West-Berlin 1979-1989,"Jörg A. Hoppe, Heiko Lange, Klaus Maeck",THE,2015-05-21,D
DE2015_053,Mädchen im Eis,,Stefan Krohmer,THE,2015-05-21,F
DE2015_054,Lost in Karastan,,Ben Hopkins,THE,2015-05-21,F
DE2015_055,Von Caligari zu Hitler: Das deutsche Kino im Zeitalter der Massen,From Caligari to Hitler: German Cinema in the Age of the Masses,Rüdiger Suchsland,THE,2015-05-28,D
DE2015_056,Das Zimmermädchen Lynn,The Chambermaid Lynn,Ingo Haeb,THE,2015-05-28,F
DE2015_057,Amok,Amok,Zoltan Paul,THE,2015-05-28,F
DE2015_058,Hirschen,,George Inci,THE,2015-06-04,F
DE2015_059,Nice Places to Die,Nice Places to Die,Bernd Schaarmann,THE,2015-06-04,D
DE2015_060,Nachthelle,Bright Night,Florian Gottschick,THE,2015-06-04,F
DE2015_061,"Rico, Oskar und das Herzgebreche",,Wolfgang Groos,THE,2015-06-11,F
DE2015_062,Victoria,Victoria,Sebastian Schipper,THE,2015-06-11,F
DE2015_063,Das dunkle Gen,,"Miriam Jakobs, Gerhard Schick",THE,2015-06-11,D
DE2015_064,Was heißt hier Ende?,,Dominik Graf,THE,2015-06-18,D
DE2015_065,Die Lügen der Sieger,The Lies of the Victors,Christoph Hochhäusler,THE,2015-06-18,F
DE2015_066,Täterätää - Die Kirche bleibt im Dorf 2,,Ulrike Grote,THE,2015-06-25,F
DE2015_067,Freistatt,Sanctuary,Marc Brummund,THE,2015-06-25,F
DE2015_068,Atlantic.,Atlantic.,Jan-Willem van Ewijk,THE,2015-06-25,F
DE2015_069,"Verliebt, verlobt, verloren",,Sung Hyung Cho,THE,2015-06-25,D
DE2015_070,Das fehlende Grau,,"Marc Dietschreit, Nadine Heinze",THE,2015-06-25,F
DE2015_071,Marry Me - Aber bitte auf Indisch,Marry Me!,Neelesha Barthel,THE,2015-07-02,F
DE2015_072,Kafkas Der Bau,Kafka's the Burrow,Jochen Alexander Freydank,THE,2015-07-09,F
DE2015_073,Heil,Heil,Dietrich Brüggemann,THE,2015-07-16,F
DE2015_074,Desaster,Desaster,Justus von Dohnányi,THE,2015-07-16,F
DE2015_075,Kartoffelsalat - Nicht fragen!,Potato Salad,Michael David Pate,THE,2015-07-23,F
DE2015_076,Becks letzter Sommer,,Frieder Wittich,THE,2015-07-23,F
DE2015_077,I Am Here,The 11th Hour,Anders Morgenthaler,THE,2015-07-23,F
DE2015_078,Ooops! Noah is Gone...,All Creatures Big And Small,"Toby Genkel, Seán McCormack",THE,2015-07-30,A
DE2015_079,About a Girl,About a Girl,Mark Monheim,THE,2015-08-06,F
DE2015_080,Coconut Hero,Coconut Hero,Florian Cossen,THE,2015-08-13,F
DE2015_081,Toilet Stories,Toilet Stories,"Sören Hüper, Christian Prettin",THE,2015-08-13,F
DE2015_082,Liebe mich!,Love Me!,Philipp Eichholtz,THE,2015-08-20,F
DE2015_083,Der kleine Rabe Socke - Das große Rennen,Raven the Little Rascal - The Big Race,"Sandor Jesse, Ute von Münchow-Pohl",THE,2015-08-20,A
DE2015_084,Taxi,Taxi,Kerstin Ahlrichs,THE,2015-08-20,F
DE2015_085,L'Chaim!: To Life!,,Elkan Spiller,THE,2015-08-27,D
DE2015_086,Die Kleinen und die Bösen,,Markus Sehr,THE,2015-09-03,F
DE2015_087,Gotthard Graubner - Farb-Raum-Körper,,Tilmann Urbach,THE,2015-09-03,D
DE2015_088,Engelbecken,,"Gamma Bak, Steffen Reck",THE,2015-09-03,D
DE2015_089,Der Kuckuck und der Esel,The Chuckoo and the Donkey,Andreas Arnstedt,THE,2015-09-03,F
DE2015_090,Fack ju Göhte 2,Suck Me Shakespeer 2,Bora Dagtekin,THE,2015-09-10,F
DE2015_091,Voll Paula!,,Malte Wirtz,THE,2015-09-17,F
DE2015_092,Tango Pasión,,Kordula Hildebrandt,THE,2015-09-17,D
DE2015_093,Schmidts Katze,,Marc Schlegel,THE,2015-09-24,F
DE2015_094,Der Staat gegen Fritz Bauer,The People Vs. Fritz Bauer,Lars Kraume,THE,2015-10-01,F
DE2015_095,Wunder der Lebenskraft,,Stephan Petrowitsch,THE,2015-10-01,D
DE2015_096,"Arbeit macht das Leben süß, Faulheit stärkt die Glieder",,Claudia Funk,THE,2015-10-01,D
DE2015_097,True Love Ways,True Love Ways,Mathieu Seiler,THE,2015-10-01,F
DE2015_098,Er ist wieder da,Look Who's Back,David Wnendt,THE,2015-10-08,F
DE2015_099,"Kleine Ziege, sturer Bock","Stroppy Cow, Stubborn Ram",Johannes Fabrick,THE,2015-10-15,F
DE2015_100,Nicht schon wieder Rudi!,,"Oona-Devi Liebich, Ismail Sahin",THE,2015-10-15,F
DE2015_101,Homesick,Homesick,Jakob M. Erwa,THE,2015-10-15,F
DE2015_102,Familienfest,,Lars Kraume,THE,2015-10-15,F
DE2015_103,Rettet Raffi!,,Arend Agthe,THE,2015-10-22,F
DE2015_104,Hördur - Zwischen den Welten,,Ekrem Ergün,THE,2015-10-29,F
DE2015_105,Macho Man,,Christof Wahl,THE,2015-10-29,F
DE2015_106,Birds & People - Ganz verrückt auf Vögel,,Hans-Jürgen Zimmermann,THE,2015-10-29,D
DE2015_107,Stung,Stung,Benni Diez,THE,2015-10-29,F
DE2015_108,Todos están muertos,They Are All Dead,Beatriz Sanchís,THE,2015-10-29,F
DE2015_109,Erich Mielke - Meister der Angst,Erich Mielke - Master of Fear,"Jens Becker, Maarten van der Duin",THE,2015-11-05,D
DE2015_110,Die Hälfte der Stadt,Half the Town,Pawel Siczek,THE,2015-11-05,D
DE2015_111,Schmitke,Schmitke,Stepan Altrichter,THE,2015-11-05,F
DE2015_112,Der kleine Ritter Trenk,"Trenk, the Little Knight",Anthony Power,THE,2015-11-05,A
DE2015_113,Law Not War,A Man Can Make a Difference,Ullabritt Horn,THE,2015-11-12,D
DE2015_114,Democracy: Im Rausch der Daten,,David Bernet,THE,2015-11-12,D
DE2015_115,Alki Alki,,Axel Ranisch,THE,2015-11-12,F
DE2015_116,Herr von Bohlen privat,,André Schäfer,THE,2015-11-19,D
DE2015_117,Hasret,,Michael Hehl,THE,2015-11-26,D
DE2015_118,Highway to Hellas,Highway to Hellas,Aron Lehmann,THE,2015-11-26,F
DE2015_119,4 Könige,4 Kings,Theresa von Eltz,THE,2015-12-03,F
DE2015_120,Black Tape,Black Tape,Sekou A. Neblett,THE,2015-12-03,D
DE2015_121,Aus dem Abseits,,Simon Brückner,THE,2015-12-03,D
DE2015_122,Die Geschichte vom Astronauten,,Godehard Giese,THE,2015-12-03,F
DE2015_123,Si-o-se Pol,,Henrik Peschel,THE,2015-12-10,F
DE2015_124,Heidi,Heidi,Alain Gsponer,THE,2015-12-10,F
DE2015_125,"Hilfe, ich hab meine Lehrerin geschrumpft",,Sven Unterwaldt Jr.,THE,2015-12-17,F
DE2015_126,Madame Bovary,,Sophie Barthes,THE,2015-12-17,F
DE2015_127,Bruder vor Luder,,"Tomas Erhart, Heiko Lochmann, Roman Lochmann",THE,2015-12-24,F
DE2015_128,Ich bin dann mal weg,,Julia von Heinz,THE,2015-12-24,F
DE2014_001,Das merkwürdige Kätzchen,The Strange Little Cat,Ramon Zürcher,THE,2014-01-02,F
DE2014_002,Über das Meer,,Arend Agthe,THE,2014-01-16,D
DE2014_003,Das radikal Böse,Radical Evil,Stefan Ruzowitzky,THE,2014-01-16,D
DE2014_004,Fünf Freunde 3,,Mike Marzuk,THE,2014-01-16,F
DE2014_005,Nicht mein Tag,Not My Day,Peter Thorwarth,THE,2014-01-16,F
DE2014_006,Hannas Reise,Hanna's Journey,Julia von Heinz,THE,2014-01-23,F
DE2014_007,Der blinde Fleck,,Daniel Harrich,THE,2014-01-23,F
DE2014_008,Illusion,Illusion,Roland Reber,THE,2014-01-23,F
DE2014_009,Crashkurs,,Anika Wangard,THE,2014-01-23,F
DE2014_010,Nordstrand,,Florian Eichinger,THE,2014-01-23,F
DE2014_011,Staudamm,,Thomas Sieben,THE,2014-01-30,F
DE2014_012,Vaterfreuden,Joy of Fatherhood,"Matthias Schweighöfer, Torsten Künstler",THE,2014-02-06,F
DE2014_013,Und Äktschn!,,Frederick Baker,THE,2014-02-06,F
DE2014_014,Meine Schwestern,,Lars Kraume,THE,2014-02-06,F
DE2014_015,Und morgen mittag bin ich tot,Zurich,Frederik Steiner,THE,2014-02-13,F
DE2014_016,Lovely Louise,Lovely Louise,Bettina Oberli,THE,2014-02-13,F
DE2014_017,Dead,Dead,Sven Halfar,THE,2014-02-13,F
DE2014_018,Stromberg - Der Film,,Arne Feldhusen,THE,2014-02-20,F
DE2014_019,Bibi & Tina - Der Film,,Detlev Buck,THE,2014-03-06,F
DE2014_020,Alles Inklusive,,Doris Dörrie,THE,2014-03-06,F
DE2014_021,Beltracchi - Die Kunst der Fälschung,Beltracchi: The Art of Forgery,Arne Birkenstock,THE,2014-03-06,D
DE2014_022,Verbotene Filme,Forbidden Films,Felix Moeller,THE,2014-03-06,D
DE2014_023,Mitgift,,Roland Blum,THE,2014-03-06,D
DE2014_024,Der Tropfen - Ein Roadmovie,,"Matthias Kubusch, Robert von Wroblewsky",THE,2014-03-06,F
DE2014_025,"Pettersson und Findus - Kleiner Quälgeist, große Freundschaft","Pettson and Findus: A Little Nuisance, a Great Friendship",Ali Samadi Ahadi,THE,2014-03-13,A
DE2014_026,Transmitting,Transmitting,Christoph Hübner,THE,2014-03-13,D
DE2014_027,Mittsommernachtstango,Midsummer Night's Tango,Viviane Blumenschein,THE,2014-03-13,D
DE2014_028,Kreuzweg,Stations of the Cross,Dietrich Brüggemann,THE,2014-03-20,F
DE2014_029,Die Frau des Polizisten,The Police Officer's Wife,Philip Gröning,THE,2014-03-20,F
DE2014_030,Westen,West,Christian Schwochow,THE,2014-03-27,F
DE2014_031,Banklady,Banklady,Christian Alvart,THE,2014-03-27,F
DE2014_032,Zwischen Welten,Inbetween Worlds,Feo Aladag,THE,2014-03-27,F
DE2014_033,Im Dreieck,,Uwe Mann,THE,2014-03-27,D
DE2014_034,Union fürs Leben,,"Frank Pfeiffer, Rouven Rech",THE,2014-04-03,D
DE2014_035,"Heye Shalom, Peter Schwarz",,Yael Reuveny,THE,2014-04-10,D
DE2014_036,Stiller Sommer,Silent Summer,Nana Neul,THE,2014-04-10,F
DE2014_037,Lauf Junge lauf,Run Boy Run,Pepe Danquart,THE,2014-04-17,F
DE2014_038,Die schwarzen Brüder,,Xavier Koller,THE,2014-04-17,F
DE2014_039,Miss Sixty,Miss Sixty,Sigrid Hoerner,THE,2014-04-24,F
DE2014_040,Irre sind männlich,,Anno Saul,THE,2014-04-24,F
DE2014_041,Vergiss mein Ich,Lose My Self,Jan Schomburg,THE,2014-05-01,F
DE2014_042,Die Er­fin­dung der Liebe,The Invention of Love,Lola Randl,THE,2014-05-01,F
DE2014_043,Summer of Dreams,Summer of Dreams,Niels Marquardt,THE,2014-05-08,F
DE2014_044,Hinterdupfing,,Andreas Schmidbauer,THE,2014-05-08,F
DE2014_045,Über-Ich und Du,Superegos,Benjamin Heisenberg,THE,2014-05-08,F
DE2014_046,Der letzte Mentsch,,Pierre-Henry Salfati,THE,2014-05-08,F
DE2014_047,Stereo,,Maximilian Erlenwein,THE,2014-05-15,F
DE2014_048,Die Wirklichkeit kommt,,Niels Bolbrinker,THE,2014-05-15,D
DE2014_049,Zeit der Kannibalen,Age of Cannibals,Johannes Naber,THE,2014-05-22,F
DE2014_050,Kathedralen der Kultur,Cathedrals of Culture,Margreth Olin,THE,2014-05-29,D
DE2014_051,Welcome Goodbye!,Welcome Goodbye!,Nana Rebhan,THE,2014-05-29,D
DE2014_052,Vom Ordnen der Dinge,,"Jürgen Brügger, Jörg Hassengier",THE,2014-05-29,D
DE2014_053,Willkommen bei Habib,,Michael Baumann,THE,2014-06-05,F
DE2014_054,Sieniawka,,Marcin Malaszczak,THE,2014-06-05,D
DE2014_055,Harms,,Nikolai Müllerschön,THE,2014-06-12,F
DE2014_056,Still,Still,Matti Bauer,THE,2014-06-19,D
DE2014_057,Lupu,,Bogdan Mustata,THE,2014-06-19,F
DE2014_058,Beste Chance,,Marcus H. Rosenmüller,THE,2014-06-26,F
DE2014_059,Nebenwege,,Michael Ammann,THE,2014-07-03,F
DE2014_060,Millionen,,Fabian Möhrke,THE,2014-07-03,F
DE2014_061,"Rico, Oskar und die Tieferschatten","Rico, Oskar und der Diebstahlstein",Neele Leana Vollmar,THE,2014-07-10,F
DE2014_062,Wir sind die Neuen,,Ralf Westhoff,THE,2014-07-17,F
DE2014_063,Der Schmetterlingsjäger - 37 Karteikarten zu Nabokov,,Harald Bergmann,THE,2014-07-17,F
DE2014_064,Wacken 3D,,Norbert Heitker,THE,2014-07-24,D
DE2014_065,Die geliebten Schwestern,Beloved Sisters,Dominik Graf,THE,2014-07-31,F
DE2014_066,Die Innere Zone,,Fosco Dubini,THE,2014-07-31,F
DE2014_067,Freiland,,Moritz Laube,THE,2014-08-07,F
DE2014_068,Saphirblau,Sapphire Blue,"Felix Fuchssteiner, Katharina Schöde",THE,2014-08-14,F
DE2014_069,Hector and the Search for Happiness,Hector and the Search for Happiness,Peter Chelsom,THE,2014-08-14,F
DE2014_070,Besser als nix,,Ute Wieland,THE,2014-08-21,F
DE2014_071,Göttliche Lage - Eine Stadt erfindet sich neu,,"Ulrike Franke, Michael Loeken",THE,2014-08-21,D
DE2014_072,Patriotinnen (Patriots & Poets)/ Drei Heldinnen auf der Suche nach Heimat,,Irina Roerig,THE,2014-08-21,D
DE2014_073,Wolfskinder,,Rick Ostermann,THE,2014-08-28,F
DE2014_074,Doktorspiele,Playing Doctor,Marco Petry,THE,2014-08-28,F
DE2014_075,Lola auf der Erbse,,Thomas Heinemann,THE,2014-09-04,F
DE2014_076,Ohne Dich,,Alexandre Powelz,THE,2014-09-04,F
DE2014_077,Amma und Appa,,"Franziska Schönenberger, Jayakrishnan Subramanian",THE,2014-09-04,D
DE2014_078,Maya the Bee Movie,Maya the Bee Movie,Alexs Stadermann,THE,2014-09-11,A
DE2014_079,Lügen und andere Wahrheiten,,Vanessa Jopp,THE,2014-09-11,F
DE2014_080,Song from the Forest,Song from the Forest,Michael Obert,THE,2014-09-11,D
DE2014_081,Töchter,Daughters,Maria Speth,THE,2014-09-11,F
DE2014_082,Nowitzki: Der perfekte Wurf,,Sebastian Dehnhardt,THE,2014-09-18,D
DE2014_083,Schönefeld Boulevard,,Sylke Enders,THE,2014-09-18,F
DE2014_084,Who Am I - Kein System ist sicher,,Baran bo Odar,THE,2014-09-25,F
DE2014_085,Der 7bte Zwerg,The Seventh Dwarf,"Boris Aljinovic, Harald Siepermann",THE,2014-09-25,A
DE2014_086,Phoenix,Phoenix,Christian Petzold,THE,2014-09-25,F
DE2014_087,Im Krieg - Der 1. Weltkrieg in 3D,,Nikolai Vialkowitsch,THE,2014-09-25,D
DE2014_088,Anderson,,Annekatrin Hendel,THE,2014-10-02,D
DE2014_089,Männerhort,,Franziska Meyer Price,THE,2014-10-02,F
DE2014_090,Planet Deutschland - 300 Millionen Jahre,,Stefan Schneider,THE,2014-10-02,D
DE2014_091,Die Zeit vergeht wie ein brüllender Löwe,,"Philipp Hartmann, Jan Eichberg",THE,2014-10-08,D
DE2014_092,Ein Geschenk der Götter,,Oliver Haffner,THE,2014-10-09,F
DE2014_093,Hirngespinster,,Christian Bach,THE,2014-10-09,F
DE2014_094,Gefällt mir,,Michael David Pate,THE,2014-10-09,F
DE2014_095,Lamento,,Jöns Jönsson,THE,2014-10-09,F
DE2014_096,The Cut,The Cut,Fatih Akin,THE,2014-10-16,F
DE2014_097,Die Vampirschwestern 2,,Wolfgang Groos,THE,2014-10-16,F
DE2014_098,Winterkartoffelknödel,,Ed Herzog,THE,2014-10-16,F
DE2014_099,Arteholic,,Hermann Vaske,THE,2014-10-16,D
DE2014_100,Coming In,Coming In,Marco Kreuzpaintner,THE,2014-10-23,F
DE2014_101,Hin und weg,Tour de Force,Christian Zübert,THE,2014-10-23,F
DE2014_102,Que Caramba Es La Vida,,Doris Dörrie,THE,2014-10-23,D
DE2014_103,Good luck finding yourself,Good luck finding yourself,Severin Winzenburg,THE,2014-10-23,D
DE2014_104,"Love, Rosie","Love, Rosie",Christian Ditter,THE,2014-10-30,F
DE2014_105,Der Kleine Medicus - Geheimnisvolle Mission im Körper,,Peter Claridge,THE,2014-10-30,A
DE2014_106,Der Samurai,,Till Kleinert,THE,2014-10-30,F
DE2014_107,Karneval! - Wir sind positiv bekloppt,,Claus Wischmann,THE,2014-11-06,D
DE2014_108,Die Familie,,,THE,2014-11-06,D
DE2014_109,Im Labyrinth des Schweigens,Labyrinth of Lies,Giulio Ricciarelli,THE,2014-11-06,F
DE2014_110,Quatsch und die Nasenbärbande,Fiddlesticks,Veit Helmer,THE,2014-11-06,F
DE2014_111,Bevor der letzte Vorhang fällt,Before the Last Curtain Falls,Thomas Wallner,THE,2014-11-13,D
DE2014_112,Love Supreme - Sechs Saiten und ein Brett,,"Olaf Neumann, Steffen König",THE,2014-11-20,D
DE2014_113,Bocksprünge,,Eckhard Preuß,THE,2014-11-20,F
DE2014_114,The Farmer and His Prince,The Farmer and His Prince,Bertram Verhaag,THE,2014-11-20,D
DE2014_115,Der Koch,,Ralf Huettner,THE,2014-11-27,F
DE2014_116,Auf Das Leben!,To Life!,Uwe Janson,THE,2014-11-27,F
DE2014_117,Wir waren Könige,The King's Surrender,Philipp Leinemann,THE,2014-11-27,F
DE2014_118,"Wie ich lernte, die Zahlen zu lieben",,"Oliver Sechting, Max Taubert",THE,2014-11-27,D
DE2014_119,Alles Ist Liebe,,Markus Goller,THE,2014-12-04,F
DE2014_120,Wiedersehen mit Brundibar,,Douglas Wolfsperger,THE,2014-12-04,D
DE2014_121,Haindling - und überhaupts...,,Toni Schmid,THE,2014-12-04,D
DE2014_122,Titos Brille,,Regina Schilling,THE,2014-12-11,D
DE2014_123,The Special Need,The Special Need,Carlo Zoratti,THE,2014-12-11,D
DE2014_124,Der kleine Drache Kokosnuss,"Coconut, the Little Dragon","Hubert Weiland, Nina Wels",THE,2014-12-18,A
DE2014_125,Honig im Kopf,Head Full of Honey,"Til Schweiger, Lars Gmehling",THE,2014-12-25,F
DE2014_126,Bibi & Tina:+B1620 Voll verhext!,,Detlev Buck,THE,2014-12-25,F
DE2014_127,Bavaria Vista Club,,Walter Steffen,THE,2014-12-25,D
SI2023_001,Šepet Metulja,,Pavsar Alen,THE,2023-10-12,F
SI2023_002,Je kir ke riku? Poharska komedija,,"Andrej Pratnemer, Denis Vengust",THE,2023-09-17,F
SI2023_003,Nekaj sladkega,,Tin Vodopivec,THE,2023-02-16,F
SI2023_004,Jezdeca,Riders,Dominik Mencej,THE,2023-04-06,F
SI2023_005,Kaj pa Ester?,,Tosja Flaker Berce,THE,2023-12-14,F
SI2023_006,Vzornik,,Nejc Gazvoda,THE,2023-11-30,F
SI2023_007,Poslednji heroj,Shooting Blanks,Žiga Virc,THE,2023-11-02,F
SI2023_008,Pero,Pero,Damjan Kozole,THE,2023-10-17,D
SI2023_009,Temni pokrov sveta,,Amir Muratović,THE,2023-03-12,D
SI2023_010,Telo,Body,Petra Seliškar,THE,2023-10-06,D
SI2023_011,L'uomo senza colpa,,Ivan Gergolet,THE,2023-05-18,F
SI2023_012,Ptičar,The Birdbreeder,Robert Černelč,THE,2023-11-09,F
SI2022_001,Pr' Hostar 2,,Luka Marčetić,THE,2022-10-27,F
SI2022_002,Gajin svet 2,,Peter Bratusa,THE,2022-09-01,F
SI2022_003,Kapa,Beanie,Slobodan Maksimović,THE,2022-11-17,F
SI2022_004,"Prasica, slabsalni izraz za zensko","Bitch, A Derogatory Term for a Woman",Tijana Zinajić,THE,2022-03-24,F
SI2022_005,Vesolje med nami (The space among us),,Rahela Jagric Pirc,THE,2022-04-14,F
SI2022_006,Orkester,,Matevz Luzar,THE,2022-08-11,F
SI2022_007,Moja Vesna,Moja & Vesna,Sara Kern,THE,2022-11-12,F
SI2022_008,Iskre V Času,,Jurij Gruden,THE,2022-02-26,D
SI2022_009,Zastoj,Deadlock,Vinko Moderndorfer,THE,2022-01-14,F
SI2022_010,Antigona - kako si upamo!,,Jani Sever,THE,2022-05-24,D
SI2021_001,Inventura,,Darko Sinko,THE,2021-11-16,F
SI2021_002,Sanremo,Sanremo,Miroslav Mandić,THE,2021-10-07,F
SI2021_003,Nekoč so bili ljudje,,Goran Vojnović,THE,2021-10-21,F
SI2021_004,Beli bojevnik v crni obleki,,Maja Weiss,THE,2021-12-16,D
SI2020_001,Vsi proti vsem,All Against All,Andrej Kosak,THE,2020-01-30,F
SI2020_002,Polsestra,Half-Sister,Damjan Kozole,THE,2020-01-16,F
SI2020_003,Daughter of Camorra,Daughter of Camorra,Siniša Gačić,THE,2020-06-18,D
SI2019_001,Košarkar Naj Bo 2,,Boris Bezić,THE,2019-09-26,F
SI2019_002,Ne bom več luzerka,My Last Year as a Loser,Ursa Menart,THE,2019-03-21,F
SI2019_003,Zgodbe iz kostanjevih gozdov,Stories from the Chestnut Woods,Gregor Bozic,THE,2019-11-17,F
SI2019_004,Izbrisana,Erased,"Miha Mazzini, Dusan Joksimovic",THE,2019-02-28,F
SI2019_005,Igor in Rosa,Rosa,Katja Colja,THE,2019-09-12,F
SI2019_006,Korporacija,,Matej Nahtigal,THE,2019-12-05,F
SI2019_007,Oroslan,Oroslan,Matjaž Ivanišin,THE,2019-10-02,F
SI2018_001,Posledice,Consequences,Darko Stante,THE,2018-10-10,F
SI2018_002,Družina,Family,Rok Biček,THE,2018-01-11,D
SI2018_003,Poj mi pesem,,Miran Zupanič,THE,2018-11-29,D
SI2018_004,Tisoč ur bridkosti za eno uro veselja,,Dušan Moravec,THE,2018-09-12,D
SI2018_005,Cankar,Cankar,Amir Muratović,THE,2018-09-13,F
SI2018_006,Codelli,,Miha Celar,THE,2018-09-10,F
SI2018_007,Pero lovšin - ti lahko,,Jani Sever,THE,2018-10-04,D
SI2018_008,Vztrajanje,Perseverance,Miha Knific,THE,2018-05-03,F
SI2018_009,Playing Men,Playing Men,Matjaž Ivanišin,THE,2018-04-10,D
SI2018_010,Glasba je časovna umetnost 3: LP film Laibach,Music is the Art of Time 3: LP film Laibach,Igor Zupe,THE,2018-06-12,D
SI2018_011,Žaba,The Frog,Elmir Jukić,THE,2018-10-11,F
SI2017_001,Košarkar naj bo,Let Him Be a Basketball Player,Boris Petkovič,THE,2017-09-14,F
SI2017_002,Milice 2,,Sašo Đukić,THE,2017-10-12,F
SI2017_003,Prebujanja,,Peter Bratuša,THE,2017-10-26,F
SI2017_004,Ivan,,Janez Burger,THE,2017-11-16,F
SI2017_005,Anina provizija,,Igor Šmid,THE,2017-02-23,F
SI2017_006,Družinica,The Basics of Killing,Jan Cvitkovič,THE,2017-10-12,F
SI2017_007,Mladi levi: polnost časa,The Young Lions: The Fullness of Time,Dejan Batoćanin,THE,2017-01-19,D
SI2017_008,Privid,A Dream,Boštjan Slatenšek,THE,2017-12-04,F
SI2017_009,A Comedy of Tears,A Comedy of Tears,Marko Sosič,THE,2017-05-04,F
SI2016_001,Pr' Hostar,,Luka Marčetić,THE,2016-10-27,F
SI2016_002,"Houston, We Have a Problem","Houston, We Have a Problem!",Žiga Virc,THE,2016-05-05,F
SI2016_003,Nika,,Slobodan Maksimović,THE,2016-10-06,F
SI2016_004,Pojdi Z Mano,Come Along,Igor Šterk,THE,2016-12-01,F
SI2016_005,Nočno življenje,Nightlife,Damjan Kozole,THE,2016-11-24,F
SI2016_006,Case: Osterberg,,Matej Nahtigal,THE,2016-05-19,F
SI2015_001,Šiška Deluxe,,Jan Cvitkovič,THE,2015-10-29,F
SI2015_002,Idila,Idyll,Tomaž Gorkič,THE,2015-10-01,F
SI2015_003,Julija in alfa Romeo,,Blaž Završnik,THE,2015-09-17,F
SI2015_004,The Beat of Love: Utrip Ljubezni,,Boris Petkovič,THE,2015-10-15,F
SI2015_005,Avtošola,Driving School,Janez Burger,THE,2015-02-26,F
SI2015_006,"Šuplje priče: Zdej te je, a zdej te ni","Tall Tales: Now You Are, Now You're Gone",Samir Bajrić,THE,2015-01-22,F
SI2015_007,Dom,,Metod Pevec,THE,2015-09-16,D
SI2015_008,Rdeča raketa,,Vojko Anzeljc,THE,2015-03-26,F
SI2015_009,Doberdob - roman upornika,,Martin Turk,THE,2015-10-27,D
SI2014_001,Vloga za Emo,,"Pavsar Alen, Allen Pavsar",THE,2014-10-23,F
SI2014_002,Panika,,Barbara Zemljič,THE,2014-02-27,F
SI2014_003,Pot v raj,Sailing to Paradise,Blaž Završnik,THE,2014-09-18,F
SI2014_004,Inferno,,Vinko Möderndorfer,THE,2014-09-11,F
SI2014_005,The Mask of Democracy,The Mask of Democracy,Tomi Cegnar,THE,2014-04-17,D
SI2014_006,Zapelji me,Seduce Me,Marko Šantić,THE,2014-10-16,F
HR2023_001,Cvrčak i mravica,Cricket & Antoinette,"Luka Rukavina, Kristijan Milić, Dino Krpan",THE,2023-01-05,A
HR2023_002,Tragovi,Traces,Dubravka Turić,THE,2023-01-12,F
HR2023_003,Glava velike ribe,,Arsen Oremović,THE,2023-02-02,F
HR2023_004,Punim plućima,High on Life,Radislav Jovanov Gonzo,THE,2023-03-09,F
HR2023_005,El Shatt - nacrt za utopiju,,Ivan Ramljak,THE,2023-06-24,D
HR2023_006,Pelikan,,Filip Heraković,THE,2023-06-29,F
HR2023_007,Hotel Pula,Hotel Pula,Andrej Korovljev,THE,2023-08-31,F
HR2023_008,Smrt djevojčice sa žigicama,Death of the Little Match Girl,Goran Kulenović,THE,2023-09-14,F
HR2023_009,Ciné-Guerrillas: Scenes from the Labudović Reels,Ciné-Guerrillas: Scenes from the Labudović Reels,Mila Turajlić,THE,2023-09-21,D
HR2023_010,Kuća na Kraljevcu,,Pero Kvesic,THE,2023-10-20,D
HR2023_011,Escort,,Lukas Nola,THE,2023-10-26,F
HR2023_012,Snajka: Dnevnik očekivanja,Snajka: Diary of Expectations,Tea Vidović Dalipi,THE,2023-11-02,D
HR2023_013,Sedmo nebo,Seventh Heaven,Jasna Nanut,THE,2023-11-09,F
HR2023_014,Samo kad se smijem,Only When I Laugh,Vanja Juranić,THE,2023-11-23,F
HR2023_015,Sveta obitelj,,Vlatka Vorkapić,THE,2023-12-07,F
HR2022_001,Tvornice radnicima,Factory to the Workers,Srđan Kovačević,THE,2022-04-12,D
HR2022_002,Razgovor,,Dominik Sedlar,THE,2022-04-28,F
HR2022_003,Veće od traume,Bigger Than Trauma,Vedrana Pribačić,THE,2022-05-05,D
HR2022_004,Djeca sa CNN-a,,Aida Bukvić,THE,2022-05-19,F
HR2022_005,Divljaci,,Dario Lonjak,THE,2022-06-02,F
HR2022_006,Baci se na pod,Kick and Scream,Nina Violić,THE,2022-06-23,F
HR2022_007,Nosila je rubac črleni,,Goran Dukić,THE,2022-09-22,F
HR2022_008,Nuovo Cinema Buie,,Alessio Bozzer,THE,2022-10-06,D
HR2022_009,Illyricvm,,Simon Bogojevic-Narath,THE,2022-10-13,F
HR2022_010,Marginalci,,Ljubomir Kerekeš,THE,2022-10-27,F
HR2022_011,Sigurno mjesto,Safe Place,Juraj Lerotić,THE,2022-11-03,F
HR2022_012,Šesti autobus,Sixth Bus,Eduard Galić,THE,2022-11-17,F
HR2022_013,Stric,The Uncle,"David Kapac, Andrija Mardešić",THE,2022-12-01,F
HR2022_014,Garbura,Carbide,Josip Žuvan,THE,2022-12-22,F
HR2021_001,Slučajna raskoš prozirnog vodenog rebusa,Accidental Luxuriance of the Translucent Watery Rebus,Dalibor Barić,THE,2021-02-12,A
HR2021_002,Nun of Your Business,Nun of Your Business,Ivana Marinić Kragić,THE,2021-03-01,F
HR2021_003,Doba uskoka,The Age of Uskoks,Božidar Domagoj Burić,THE,2021-05-13,F
HR2021_004,Zora,The Dawn,Dalibor Matanić,THE,2021-06-10,F
HR2021_005,Tereza37,,Danilo Šerbedžija,THE,2021-06-10,F
HR2021_006,Riječki orao,,Dario Lonjak,THE,2021-06-17,D
HR2021_007,Love around the world,Love around the world,"Anđela Rostuhar, Davor Rostuhar",THE,2021-06-24,D
HR2021_008,Murina,,Antoneta Alamat Kusijanović,THE,2021-08-26,F
HR2021_009,Zbornica,The Staffroom,Sonja Tarokić,THE,2021-11-25,F
HR2021_010,Plavi cvijet,A Blue Flower,Zrinko Ogresta,THE,2021-11-04,F
HR2021_011,A bili smo vam dobri,Once We Were Good for You,Branko Schmidt,THE,2021-12-09,F
HR2021_012,Po tamburi,,Stanislav Tomić,THE,2021-12-09,F
HR2020_001,Zagrebački ekvinocij,Zagreb Equinox,Svebor Mihael Jelić,THE,2020-02-13,F
HR2020_002,Stepinac: Kardinal i njegova savjest,,Višnja Starešina,THE,2020-09-24,D
HR2020_003,Ribanje i ribarsko prigovaranje,Fishing and Fishermen's Conversations,Milan Trenc,THE,2020-10-08,F
HR2019_001,Koja je ovo država!,What a Country!,Vinko Brešan,THE,2019-01-03,F
HR2019_002,Za ona dobra stara vremena,For Good Old Times,Eduard Galić,THE,2019-01-31,F
HR2019_003,Mali,,Antonio Nuić,THE,2019-02-14,F
HR2019_004,Posljednji Srbin u Hrvatskoj,The Last Serb in Croatia,Predrag Ličina,THE,2019-02-28,F
HR2019_005,Lada Kamenski,Lada Kamenski,"Sara Hribar, Marko Šantić",THE,2019-03-07,F
HR2019_006,Dom,Home,Dario Pleić,THE,2019-03-14,F
HR2019_007,Moj dida je pao s Marsa,My Grandpa Is an Alien,"Marina Andree Škop, Dražen Žarković",THE,2019-03-21,F
HR2019_008,Ufuraj se i pukni,Keep Calm and Snap,Ljubomir Kerekeš,THE,2019-04-04,F
HR2019_009,Duboki rezovi,Deep Cuts,"Filip Mojzeš, Filip Peruzović, Dubravka Turić",THE,2019-04-11,F
HR2019_010,Do kraja smrti,Until the End of the Death,Anđelo Jurkas,THE,2019-04-18,F
HR2019_011,General,General,Antun Vrdoljak,THE,2019-08-08,F
HR2019_012,Tusta,,Andrej Korovljev,THE,2019-09-30,D
HR2019_013,Dnevnik Diane Budisavljević,The Diary of Diana B,Dana Budisavljević,THE,2019-10-03,F
HR2019_014,Dopunska nastava,Extracurricular,Ivan-Goran Vitez,THE,2019-11-21,F
HR2019_015,Ideš? Idem!,,Ljubo Zdjelarević,THE,2019-12-05,F
HR2018_001,Ljetnikovac,Summerhouse,Damir Čučić,THE,2018-07-12,F
HR2018_002,Sam samcat,All Alone,Bobo Ječić,THE,2018-12-18,F
HR2018_003,Osmi povjerenik,The Eighth Commissioner,Ivan Salaj,,2018-01-01,F
HR2018_004,Comic Sans,,Nevio Marasović,,2018-01-01,F
HR2018_005,F20,,Arsen Anton Ostojić,,2018-01-01,F
HR2018_006,Aleksi,,Barbara Vekarić,,2018-01-01,F
HR2018_007,Happy End,,Anđelo Jurkas,,2018-01-01,F
HR2017_001,Anka,Anka,Dejan Aćimović,THE,2017-02-23,F
HR2017_002,Svinjari,The Enchanting Porkers,Ivan Livaković,THE,2017-05-18,F
HR2017_003,Lavina,The Avalanche,Stanislav Tomić,THE,2017-10-05,F
HR2017_004,Fuck Off I Love You,Fuck Off I Love You,Anđelo Jurkas,THE,2017-10-26,F
HR2017_005,Egzorcizam,Exorcism,Dalibor Matanić,THE,2017-11-09,F
HR2017_006,Agape,,Branko Schmidt,THE,2017-11-30,F
HR2017_007,Mrtve ribe,Dead Fish,Kristijan Milić,THE,2017-12-21,F
HR2016_001,S one strane,On the Other Side,Zrinko Ogresta,THE,2016-03-10,F
HR2016_002,Zg80,,Igor Šeregi,THE,2016-09-01,F
HR2016_003,Ustav Republike Hrvatske,The Constitution,Rajko Grlić,THE,2016-10-13,F
HR2016_004,Ministarstvo ljubavi,Ministry of Love,Pavo Marinković,THE,2016-11-03,F
HR2016_005,Sve najbolje,,Snježana Tribuson,THE,2016-12-08,F
HR2016_006,Goran,Goran,Nevio Marasović,THE,2016-12-22,F
HR2015_001,Most na kraju svijeta,The Bridge at the End of the World,Branko Ištvančić,THE,2015-01-01,F
HR2015_002,Takva su pravila,These Are the Rules,Ognjen Sviličić,THE,2015-01-29,F
HR2015_003,Kosac,The Reaper,Zvonimir Jurić,THE,2015-02-19,F
HR2015_004,Zagreb Cappuccino,Zagreb Cappuccino,Vanja Juranić,THE,2015-03-19,F
HR2015_005,Ti mene nosiš,You Carry Me,Ivona Juka,THE,2015-05-28,F
HR2015_006,Zvizdan,The High Sun,Dalibor Matanić,THE,2015-09-24,F
HR2015_007,Narodni heroj Ljiljan Vidić,Shooting Stars,Ivan-Goran Vitez,THE,2015-12-31,F
HR2014_001,Projekcije,Projections,Zrinko Ogresta,THE,2014-01-23,F
HR2014_002,Hitac,One Shot,Robert Orhel,THE,2014-02-27,F
HR2014_003,Majstori,,Dalibor Matanić,THE,2014-03-13,F
HR2014_004,Duh babe Ilonke,The Little Gypsy Witch,Tomislav Zaja,THE,2014-03-27,F
HR2014_005,Simon Čudotvorac,Simon Magus,Petar Orešković,THE,2014-05-01,F
HR2014_006,Otok ljubavi,Love Island,Jasmila Žbanić,THE,2014-10-09,F
HR2014_007,Happy Endings,Happy Endings,Darko Suvak,THE,2014-10-30,F
HR2014_008,Broj 55,Number 55,Kristijan Milić,THE,2014-11-20,F
DE2023_001,Holy Spider,Holy Spider,Ali Abbasi,THE,2023-01-12,F
DE2023_002,Mission Ulja Funk,Mission Ulja Funk,Barbara Kronenberg,THE,2023-01-12,F
DE2023_003,FCK 2020 - Zweieinhalb Jahre mit Scooter,,Cordula Kablitz-Post,THE,2023-01-12,D
DE2023_004,Schlachthäuser der Moderne,Slaughterhouses of Modernity,Heinz Emigholz,THE,2023-01-19,D
DE2023_005,Die drei ??? – Erbe des Drachen,,Tim Dünschede,THE,2023-01-26,F
DE2023_006,Caveman,Caveman,Laura Lackmann,THE,2023-01-26,F
DE2023_007,Schattenkind: Andreas Reiner,,Jo Müller,THE,2023-01-26,D
DE2023_008,Sharaf,,Samir Nasr,THE,2023-01-26,F
DE2023_009,Daniel Richter,Daniel Richter,Pepe Danquart,THE,2023-02-02,D
DE2023_010,Aus meiner Haut,Skin Deep,Alex Schaad,THE,2023-02-02,F
DE2023_011,Fritz Bauers Erbe - Gerechtigkeit verjährt nicht,,"Isabel Gathof, Sabine Lamby, Cornelia Partmann",THE,2023-02-02,D
DE2023_012,Bulldog,Bulldog,André Szardenings,THE,2023-02-02,F
DE2023_013,The Albanian Virgin,The Albanian Virgin,Bujar Alimani,THE,2023-02-09,F
DE2023_014,Acht Geschwister,,Christoph Weinert,THE,2023-02-09,D
DE2023_015,Sorry Genosse,,Vera Brückner,THE,2023-02-09,D
DE2023_016,Wie Dich selbst?,,"Ralph Gladitz, Susanne Petz",THE,2023-02-09,D
DE2023_017,Vogelperspektiven,,Jörg Adolph,THE,2023-02-16,D
DE2023_018,"Quo Vadis, Angeln?",,"Steffen König, Anne Nissen",THE,2023-02-19,D
DE2023_019,"Wann wird es endlich wieder so, wie es nie war",,Sonja Heiss,THE,2023-02-23,F
DE2023_020,Lucy ist jetzt Gangster,,Till Endemann,THE,2023-03-02,F
DE2023_021,Der Zeuge,,Bernd Michael Lade,THE,2023-03-02,F
DE2023_022,Alle wollen geliebt werden,,Katharina Woll,THE,2023-03-08,F
DE2023_023,CAN and Me,CAN and Me,"Michael P. Aust, Tessa Knapp",THE,2023-03-09,D
DE2023_024,Rock Chicks - I am not Female to You,Rock Chicks - I am not Female to You,Marita Stocker,THE,2023-03-09,D
DE2023_025,DORA - Flucht in die Musik,,"Kyra Steckeweh, Tim van Beveren",THE,2023-03-09,D
DE2023_026,"Mayor, Shepherd, Widow, Dragon","Mayor, Shepherd, Widow, Dragon",Eliza Petkova,THE,2023-03-09,D
DE2023_027,Ladybitch,Ladybitch,"Paula Knüpling, Marina Prados",THE,2023-03-09,F
DE2023_028,Der Pfau,,Lutz Heineking,THE,2023-03-16,F
DE2023_029,Der Maler,,Oliver Hirschbiegel,THE,2023-03-16,D
DE2023_030,Überflieger 2 - Das Geheimnis des großen Juwels,Richard the Stork and the Mystery of the Great Jewel,"Benjamin Quabeck, Mette Tange",THE,2023-03-23,A
DE2023_031,Der vermessene Mensch,Measures of Men,Lars Kraume,THE,2023-03-23,F
DE2023_032,Lars Eidinger - Sein oder nicht sein,,Reiner Holzemer,THE,2023-03-23,D
DE2023_033,Seneca,Seneca: On the Creation of Earthquakes,Robert Schwentke,THE,2023-03-23,F
DE2023_034,Long Distance Swimmer: Sara Mardini,Long Distance Swimmer: Sara Mardini,Charly Wai Feldman,THE,2023-03-23,D
DE2023_035,Liebe Angst,,Sandra Prechtel,THE,2023-03-23,D
DE2023_036,Anne-Sophie Mutter - Vivace,,Sigrid Faltin,THE,2023-03-28,D
DE2023_037,"Manta, Manta - Zwoter Teil","Manta, Manta: Legacy",Til Schweiger,THE,2023-03-30,F
DE2023_038,Sisi & Ich,Sisi & I,Frauke Finsterwalder,THE,2023-03-30,F
DE2023_039,The Ordinaries,The Ordinaries,Sophie Linnenbaum,THE,2023-03-30,F
DE2023_040,Olaf Jagger,Olaf Jagger,Heike Fink,THE,2023-04-06,F
DE2023_041,Irgendwann werden wir uns alles erzählen,Someday We'll Tell Each Other Everything,Emily Atef,THE,2023-04-13,F
DE2023_042,Der Fuchs,The Fox,Adrian Goiginger,THE,2023-04-13,F
DE2023_043,Himbeeren mit Senf,Raspberries with Mustard,Ruth Olshan,THE,2023-04-20,F
DE2023_044,Roter Himmel,Afire,Christian Petzold,THE,2023-04-20,F
DE2023_045,Das Recht der Stärkeren,,Sebastian Peterson,THE,2023-04-20,F
DE2023_046,Der Illusionist,,Birgit Schulz,THE,2023-04-27,D
DE2023_047,Das Lehrerzimmer,The Teachers' Lounge,Ilker Çatak,THE,2023-05-04,F
DE2023_048,Musik,Music,Angela Schanelec,THE,2023-05-04,F
DE2023_049,Mediterranean Fever,Mediterranean Fever,Maha Haj,THE,2023-05-04,F
DE2023_050,Piaffe,,Ann Oren,THE,2023-05-04,F
DE2023_051,Adios Buenos Aires,,German Kral,THE,2023-05-11,F
DE2023_052,"Wenzel: Glaubt nie, was ich singe",,Lew Hohmann,THE,2023-05-11,D
DE2023_053,153 Meter,153 Meter,Anton von Heiseler,THE,2023-05-11,F
DE2023_054,Gewalten,,Constantin Hatz,THE,2023-05-11,F
DE2023_055,She Chef,,"Melanie Liebheit, Gereon Wetzel",THE,2023-05-18,D
DE2023_056,Blauer Himmel Weiße Wolken,,Astrid Menzel,THE,2023-05-25,D
DE2023_057,Fisch im Fell,,Dean Benzin,THE,2023-05-25,F
DE2023_058,Orphea in Love,Orphea in Love,Axel Ranisch,THE,2023-06-01,F
DE2023_059,All Inclusive,All Inclusive,"Thorsten Ernst, Tobias Lickes, Malte Nieschalk, Gordon Volk",THE,2023-06-08,F
DE2023_060,Coming home,Coming home,Karsten Dahlem,THE,2023-06-15,F
DE2023_061,Tanja: Up in Arms,Tanja: Up in Arms,Marcel Mettelsiefen,THE,2023-06-15,D
DE2023_062,Bis ans Ende der Nacht,Till the End of the Night,Christoph Hochhäusler,THE,2023-06-22,F
DE2023_063,The Investor - The Independent Surf Movie,The Investor - The Independent Surf Movie,Jarek Raczek,THE,2023-06-27,F
DE2023_064,Die Unschärferelation der Liebe,,Lars Kraume,THE,2023-06-29,F
DE2023_065,Thomas Schütte - Ich bin nicht allein,,Corinna Belz,THE,2023-06-29,D
DE2023_066,Jackie the Wolf,Jackie the Wolf,Tuki Jencquel,THE,2023-06-29,D
DE2023_067,Irre oder Der Hahn ist tot,,Reinhild Dettmer-Finke,THE,2023-07-13,D
DE2023_068,Gehen und Bleiben,,Volker Koepp,THE,2023-07-20,D
DE2023_069,Lassie - Ein neues Abenteuer,,Hanno Olderdissen,THE,2023-07-27,F
DE2023_070,Geschlechterkampf - Das Ende des Patriarchats,,Sobo Swobodnik,THE,2023-08-03,F
DE2023_071,Rehragout-Rendezvous,,Ed Herzog,THE,2023-08-10,F
DE2023_072,Black Box,Black Box,Asli Özge,THE,2023-08-10,F
DE2023_073,Kannawoniwasein!,,Stefan Westerwelle,THE,2023-08-17,F
DE2023_074,Le Mali 70,,Markus Schmidt,THE,2023-08-17,D
DE2023_075,YOUTH TOPIA,YOUTH TOPIA,Dennis Stormer,THE,2023-08-17,F
DE2023_076,Ponyherz,Wild Heart,Markus Dietrich,THE,2023-08-24,F
DE2023_077,Jeder schreibt für sich allein,,"Dominik Graf, Felix von Boehm",THE,2023-08-24,D
DE2023_078,"Sophia, der Tod und ich","Sophia, Death and Me",Charly Hübner,THE,2023-08-31,F
DE2023_079,Enkel für Fortgeschrittene,,Wolfgang Groos,THE,2023-09-07,F
DE2023_080,Jazzfieber,,Reinhard Kungel,THE,2023-09-07,D
DE2023_081,Trauzeugen,,"Lena May Graf, Finn Christoph Stroeks",THE,2023-09-14,F
DE2023_082,Das Versprechen,,Jan Schmidt-Garre,THE,2023-09-14,D
DE2023_083,Frauen in Landschaften,,Sabine Michel,THE,2023-09-14,D
DE2023_084,Weißt du noch,,Rainer Kaufmann,THE,2023-09-21,F
DE2023_085,Wochenendrebellen,Weekend Rebels,Marc Rothemund,THE,2023-09-28,F
DE2023_086,Die Mittagsfrau,Blind at Heart,Barbara Albert,THE,2023-09-28,F
DE2023_087,Schlamassel,,Sylke Enders,THE,2023-09-28,F
DE2023_088,Gernstls Reisen - Auf der Suche nach Irgendwas,,"Jonas Gernstl, Franz X. Gernstl",THE,2023-10-05,D
DE2023_089,Eren,Eren,Maria Binder,THE,2023-10-05,D
DE2023_090,Anselm - Das Rauschen der Zeit,Anselm,Wim Wenders,THE,2023-10-23,D
DE2023_091,Heaven Can Wait - Wir leben jetzt,Heaven Can Wait - Wir leben jetzt,Sven Halfar,THE,2023-10-23,D
DE2023_092,Ein Fest fürs Leben,,Richard Huber,THE,2023-10-19,F
DE2023_093,White Angel - The End of Marinka,White Angel - The End of Marinka,Arndt Ginzel,THE,2023-10-19,D
DE2023_094,Neue Geschichten vom Pumuckl,,Marcus H. Rosenmüller,THE,2023-10-26,F
DE2023_094,Neue Geschichten vom Pumuckl,,Marcus H. Rosenmüller,THE,2023-10-26,A
DE2023_095,Die (un)langweiligste Schule der Welt,,Ekrem Ergün,THE,2023-10-26,F
DE2023_096,One for the Road,One for the Road,Markus Goller,THE,2023-10-26,F
DE2023_097,Die Theorie von Allem,The Universal Theory,Timm Kröger,THE,2023-10-26,F
DE2023_098,Kommt ein Vogel geflogen,,Christian Werner,THE,2023-11-02,F
DE2023_099,Thabo and the Rhino Case,Thabo and the Rhino Case,Mara Eibl-Eibesfeldt,THE,2023-11-09,F
DE2023_100,Für immer,,Pia Lenz,THE,2023-11-09,D
DE2023_101,Miss Holocaust Survivor,Miss Holocaust Survivor,Radek Wegrzyn,THE,2023-11-09,D
DE2023_102,Tastenarbeiter - Alexander von Schlippenbach,,Tilmann Urbach,THE,2023-11-09,D
DE2023_103,Monster im Kopf,,Christina Ebelt,THE,2023-11-09,F
DE2023_104,Dead Girls Dancing,Dead Girls Dancing,Anna Roller,THE,2023-11-23,F
DE2023_105,Holy Shit: Can Poop Save the World?,Holy Shit: Can Poop Save the World?,Rubén Abruña,THE,2023-11-23,D
DE2023_106,The Sound of Cologne,The Sound of Cologne,Kristina Schippling,THE,2023-11-23,D
DE2023_107,Das Beste kommt noch!,,Til Schweiger,THE,2023-12-07,F
DE2023_108,Falling Into Place,Falling Into Place,Aylin Tezel,THE,2023-12-07,F
DE2023_109,Haus der Stille,,Simone Geißler,THE,2023-12-07,F
DE2023_110,791 km,791 km,Tobi Baumann,THE,2023-12-14,F
DE2023_111,Girl You Know It's True,Girl You Know It's True,Simon Verhoeven,THE,2023-12-21,F
DE2022_001,Niemand ist bei den Kälbern,No One's with the Calves,Sabrina Sarabi,THE,2022-01-20,F
DE2022_002,Schattenstunde,The Shadow Hour,Benjamin Martins,THE,2022-01-27,F
DE2022_003,Wunderschön,,Karoline Herfurth,THE,2022-02-03,F
DE2022_004,Träume sind wie wilde Tiger,,Lars Montag,THE,2022-02-03,F
DE2022_005,Der Boandlkramer und die ewige Liebe,,Joseph Vilsmaier,THE,2022-02-10,F
DE2022_006,Das Mädchen mit den goldenen Hände,The Girl with the Golden Hands,Katharina M. Schubert,THE,2022-02-17,F
DE2022_007,Der Pfad,The Path,Tobias Wiemann,THE,2022-02-17,F
DE2022_008,Trübe Wolken,Cloudy Clouds,Christian Schäfer,THE,2022-02-24,F
DE2022_009,Europe,Europe,Philip Scheffner,THE,2022-03-10,F
DE2022_010,Vatersland,,Petra Seeger,THE,2022-03-10,F
DE2022_011,Die Häschenschule - Der große Eierklau,Rabbit Academy: Mission Eggpossible,Ute von Münchow-Pohl,THE,2022-03-17,A
DE2022_012,JGA: Jasmin. Gina. Anna.,,Alireza Golafshan,THE,2022-03-24,F
DE2022_013,Trümmermädchen,,Oliver Kracht,THE,2022-03-24,F
DE2022_014,Peterchens Mondfahrt,Moonbound,Ali Samadi Ahadi,THE,2022-03-31,F
DE2022_015,Im Nachtlicht,In the Light of the Night,Misha Kreuz,THE,2022-04-07,F
DE2022_016,Son of Cornwall,,Lawrence Richards,THE,2022-04-13,F
DE2022_017,Eingeschlossene Gesellschaft,Locked-in Society,Sönke Wortmann,THE,2022-04-14,F
DE2022_018,Geschichten vom Franz,,Johannes Schmid,THE,2022-04-14,F
DE2022_019,Go Heal Yourself,Go Heal Yourself,Yasmin C. Rams,THE,2022-04-21,D
DE2022_020,Köy,,Serpil Turhan,THE,2022-04-21,D
DE2022_021,Das Glaszimmer,,Christian Lerch,THE,2022-04-28,F
DE2022_022,Die Saat,The Seed,Mia Meyer,THE,2022-04-28,F
DE2022_023,Wolke unterm Dach,,Alain Gsponer,THE,2022-04-28,F
DE2022_024,"Der Mann, der die Welt aß",The Man Who Ate the World,"Lena Lessing, Johannes Suhm",THE,2022-04-28,F
DE2022_025,Rabiye Kurnaz gegen George W. Bush,Rabiye Kurnaz vs. George W. Bush,Andreas Dresen,THE,2022-04-28,F
DE2022_026,Der Onkel,,"Helmut Köpping, Michael Ostrowski",THE,2022-05-06,F
DE2022_027,Blutsauger,Bloodsuckers - A Marxist Vampire Comedy,Julian Radlmaier,THE,2022-05-12,F
DE2022_028,Heinrich Vogeler - Aus dem Leben eines Träumers,,Marie Noelle,THE,2022-05-12,D
DE2022_029,Nico,,Eline Gehring,THE,2022-05-12,F
DE2022_030,Willi und die Wunderkröte,,Markus Dietrich,THE,2022-05-12,A
DE2022_031,Bettina,Bettina,Lutz Pehnert,THE,2022-05-19,D
DE2022_032,Stasikomödie,A Stasi Comedy,Leander Haußmann,THE,2022-05-19,F
DE2022_033,Ökozid,,Andres Veiel,THE,2022-05-19,F
DE2022_034,Die Bilderkriegerin,,"Roman Kuhn, Sonya Winterberg",THE,2022-05-26,F
DE2022_035,Immenhof - Das große Versprechen,,Sharon von Wietersheim,THE,2022-05-26,F
DE2022_036,Mia and Me: The Hero of Centopia,,Adam Gunn,THE,2022-05-26,F
DE2022_036,Mia and Me: The Hero of Centopia,,Adam Gunn,THE,2022-05-26,A
DE2022_037,Alles in bester Ordnung,Mostly Minimalistic,Natja Brunckhorst,THE,2022-05-26,F
DE2022_038,Heiko`s Welt,Heiko`s World,Dominik Galizia,THE,2022-05-26,F
DE2022_039,Bastard in Mind,Bastard in Mind,Sobo Swobodnik,THE,2022-06-02,D
DE2022_040,Rivale,Rival,Marcus Lenz,THE,2022-06-02,F
DE2022_041,The Strait Guys,The Strait Guys,Rick Minnich,THE,2022-06-02,D
DE2022_042,Ein großes Versprechen,,Wendla Nölle,THE,2022-06-09,F
DE2022_043,Zum Tod meiner Mutter,,Jessica Krummacher,THE,2022-06-09,F
DE2022_044,Die Geschichte der Menschheit - leicht gekürzt,,Erik Haffner,THE,2022-06-16,F
DE2022_045,Endlich unendlich,,Stephan Bergmann,THE,2022-06-16,D
DE2022_046,Zwischen uns,,Max Fey,THE,2022-06-16,F
DE2022_047,Stand Up,Stand Up,Timo Jacobs,THE,2022-06-16,F
DE2022_048,A E I O U - Das schnelle Alphabet der Liebe,A E I O U: A Quick Alphabet of Love,Nicolette Krebitz,THE,2022-06-16,F
DE2022_049,Dear Memories - Eine Reise mit dem Magnum-Fotografen Thomas Hoepker,Dear Memories - A journey with Magnum Photographer Thomas Hoepker,Nahuel Lopez,THE,2022-06-30,F
DE2022_050,Axiom,,Jöns Jönsson,THE,2022-06-30,F
DE2022_051,Alfons Zitterbacke - Endlich Klassenfahrt!,,Mark Schlichter,THE,2022-07-07,F
DE2022_052,Best Birthday Ever,Best Birthday Ever,Michael Ekbladh,THE,2022-07-07,A
DE2022_053,Liebesdings,,Anika Decker,THE,2022-07-07,F
DE2022_054,The Expert at the Card Table,The Expert at the Card Table,Hans-Joachim Brucherseifer,THE,2022-07-07,D
DE2022_055,Everything Will Change,Everything Will Change,Marten Persiel,THE,2022-07-14,F
DE2022_056,Bibi & Tina: Einfach Anders,,Detlev Buck,THE,2022-07-21,F
DE2022_057,Geborgtes Weiß,,Sebastian Ko,THE,2022-07-21,F
DE2022_058,Guglhupfgeschwader,,Ed Herzog,THE,2022-08-04,F
DE2022_059,Nicht ganz koscher: Eine göttliche Komödie,No Name Restaurant,"Stefan Sarazin, Peter Keller",THE,2022-08-04,F
DE2022_060,Der junge Häuptling Winnetou,The Young Chief Winnetou,Mike Marzuk,THE,2022-08-11,F
DE2022_061,Grand Jeté,,Isabelle Stever,THE,2022-08-11,F
DE2022_062,Sweet Disaster,Sweet Disaster,Laura Lehmus,THE,2022-08-11,F
DE2022_063,Die Zukunft ist ein einsamer Ort,Future Is a Lonely Place,"Laura Harwarth, Martin Hawie",THE,2022-08-18,F
DE2022_064,Jagdsaison,Hunting Season,Aron Lehmann,THE,2022-08-18,F
DE2022_065,Die Känguru-Verschwörung,The Kangaroo Conspiracy,"Alexander Berner, Marc-Uwe Kling",THE,2022-08-25,F
DE2022_066,Evolution,Evolution,Kornél Mundruczó,THE,2022-08-25,F
DE2022_067,Freibad,The Pool,Doris Dörrie,THE,2022-09-01,F
DE2022_068,Komm mit mir in das Cinema - Die Gregors,,Alice Agneskirchner,THE,2022-09-01,D
DE2022_069,L'état et moi,,Max Linz,THE,2022-09-01,F
DE2022_070,Le tigre qui s’invita pour le thé,The Tiger Who Came to Tea,"Kariem Saleh, An Vrombaut, Robin Shaw, Benoît Chieux",THE,2022-09-14,F
DE2022_071,Alle reden übers Wetter,Talking about the Weather,Annika Pinske,THE,2022-09-15,F
DE2022_072,Lieber Kurt,,Til Schweiger,THE,2022-09-15,F
DE2022_073,Mittagsstunde,,Lars Jessen,THE,2022-09-22,F
DE2022_074,Verabredungen mit einem Dichter - Michael Krüger,,Frank Wierke,THE,2022-09-22,D
DE2022_075,Da kommt noch was,,Mareille Klein,THE,2022-09-29,F
DE2022_076,Die Schule der magischen Tiere 2,School of Magical Animals 2,Sven Unterwaldt Jr.,THE,2022-09-29,F
DE2022_077,Mutter,,Carolin Schmitz,THE,2022-09-29,F
DE2022_078,Wir könnten genauso gut tot sein,We Might As Well Be Dead,Natalia Sinelnikova,THE,2022-09-29,F
DE2022_079,"In einem Land, das es nicht mehr gibt",,Aelrun Goette,THE,2022-10-06,F
DE2022_080,Rimini,Rimini,Ulrich Seidl,THE,2022-10-06,F
DE2022_081,Margarethe von Trotta - Zeit der Frauen,,"Peter Altmann, Cuini Amelio-Ortiz",THE,2022-10-22,D
DE2022_082,Der Passfälscher,The Forger,Maggie Peren,THE,2022-10-13,F
DE2022_083,Nicht verrecken,,Martin Gressmann,THE,2022-10-13,D
DE2022_084,Ach du Scheisse!,Holy Shit!,Lukas Rinker,THE,2022-10-20,F
DE2022_085,Der Nachname,Family Affairs,Sönke Wortmann,THE,2022-10-20,F
DE2022_086,Die Mucklas ... und wie sie zu Pettersson und Findus kamen,,"Ali Samadi Ahadi, Markus Dietrich",THE,2022-10-20,A
DE2022_087,Werner Herzog - Radical Dreamer,Werner Herzog - Radical Dreamer,Thomas von Steinaecker,THE,2022-10-27,D
DE2022_088,Rheingold,,Fatih Akin,THE,2022-10-27,F
DE2022_089,Schweigend steht der Wald,The Silent Forest,Saralisa Volm,THE,2022-10-27,F
DE2022_090,"Der Russe ist einer, der Birken liebt",,Pola Schirin Beck,THE,2022-11-03,F
DE2022_091,Die Frau des Dichters,,Helke Misselwitz,THE,2022-11-03,D
DE2022_092,Hui Buh und das Hexenschloss,,Sebastian Niemann,THE,2022-11-03,F
DE2022_093,Wer gräbt den Bestatter ein?,,"Andreas Schmidbauer, Tanja Schmidbauer",THE,2022-11-03,F
DE2022_094,Wir sind dann wohl die Angehörigen,We Are Next of Kin,Hans-Christian Schmid,THE,2022-11-03,F
DE2022_095,Elfriede Jelinek - die Sprache von der Leine lassen,,Claudia Müller,THE,2022-11-22,D
DE2022_096,Human Factors,Human Factors,Ronny Trocker,THE,2022-11-22,D
DE2022_097,Hunter from Elsewhere - a Journey with Helen Britton,Hunter from Elsewhere - a Journey with Helen Britton,Elena Alvarez Lutz,THE,2022-11-22,D
DE2022_098,Einfach mal was Schönes,,Karoline Herfurth,THE,2022-11-17,F
DE2022_099,Kopfplatzen,Head Burst,Savas Ceviz,THE,2022-11-17,F
DE2022_100,The Magic Flute,The Magic Flute,Florian Sigl,THE,2022-11-17,F
DE2022_101,The Middle Man,The Middle Man,Bent Hamer,THE,2022-11-17,F
DE2022_102,König hört auf,,Tilman König,THE,2022-11-17,D
DE2022_103,Echo,Echo,Mareike Wegener,THE,2022-11-24,F
DE2022_104,Nachtwald,,Andre Hörmann,THE,2022-11-24,F
DE2022_105,Die stillen Trabanten,Dark Satellites,Thomas Stuber,THE,2022-12-01,D
DE2022_106,Ich Ich Ich,Second Thoughts,Zora Rux,THE,2022-12-01,F
DE2022_107,Stille Post,,Florian Hoffmann,THE,2022-12-01,F
DE2022_108,Der Räuber Hotzenplotz,The Robber Hotzenplotz,Michael Krummenacher,THE,2022-12-08,F
DE2022_109,Oskars Kleid,,Hüseyin Tabak,THE,2022-12-22,F
DE2022_110,Was man von hier aus sehen kann,What You Can See from Here,Aron Lehmann,THE,2022-12-29,F
DE2021_001,Szenen meiner Ehe,,Katrin Schlösser,THE,2021-04-08,F
DE2021_002,Weissbier im Blut,,Jörg Graser,THE,2021-05-27,F
DE2021_003,Kids Run,Kids Run,Barbara Ott,THE,2021-06-03,F
DE2021_004,Stillstehen,Stay Still,Elisa Mishto,THE,2021-06-17,F
DE2021_005,Stowaway,Stowaway,Joe Penna,THE,2021-06-24,F
DE2021_006,Sommer-Rebellen,Summer Rebels,Martina Sakova,THE,2021-07-01,F
DE2021_007,Catweazle,Catweazle,Sven Unterwaldt Jr.,THE,2021-07-01,F
DE2021_008,Ich bin dein Mensch,I`m Your Man,Maria Schrader,THE,2021-07-01,F
DE2021_009,Shorty und das Geheimnis des Zauberriffs,,Peter Popp,THE,2021-07-08,A
DE2021_010,Im Feuer,Sisters Apart,Daphne Charizani,THE,2021-07-15,F
DE2021_011,Nebenan,Next Door,Daniel Brühl,THE,2021-07-15,F
DE2021_012,Wir alle. Das Dorf,,"Antonia Traulsen, Claire Roggan",THE,2021-07-22,D
DE2021_013,Gasmann,Gasman,Arne Körner,THE,2021-07-22,F
DE2021_014,Glück,Bliss,Henrika Kull,THE,2021-07-22,F
DE2021_015,Smelliville,The Ogglies,"Toby Genkel, Jens Møller",THE,2021-07-22,F
DE2021_016,Die Vergesslichkeit der Eichhörnchen,,Marc Dietschreit,THE,2021-07-22,F
DE2021_017,Home,Home,Franka Potente,THE,2021-07-29,F
DE2021_018,Julia muss sterben,,Marco Gadge,THE,2021-07-29,F
DE2021_019,Ostwind - Der große Orkan,Windstorm: the great Hurricane,Lea Schmidbauer,THE,2021-07-29,F
DE2021_020,Fabian oder Der Gang vor die Hunde,Fabian: Going to the Dogs,Dominik Graf,THE,2021-08-05,F
DE2021_021,Kaiserschmarrndrama,,Ed Herzog,THE,2021-08-05,F
DE2021_022,Kultourhelden,,Wolfram Hannemann,THE,2021-08-05,D
DE2021_023,Look Me Over: Liberace,Look Me Over: Liberace,Jeremy J.P. Fekete,THE,2021-08-05,D
DE2021_024,Kunst kommt aus dem Schnabel wie er gewachsen ist,Art Comes from the Beak the Way It Has Grown,Sabine Herpich,THE,2021-08-12,D
DE2021_025,Nahschuss,The Last Execution,Franziska Stünkel,THE,2021-08-12,F
DE2021_026,Neubau,,Johannes Maria Schmit,THE,2021-08-12,F
DE2021_027,Wem gehört mein Dorf?,Who Owns My Village?,Christoph Eder,THE,2021-08-12,D
DE2021_028,Die Frau des Piloten,Copilot,Anne Zohra Berrached,THE,2021-08-12,F
DE2021_029,König der Raben,King of Ravens,Piotr J. Lewandowski,THE,2021-08-19,F
DE2021_030,Coup,Coup,Sven O. Hill,THE,2021-08-26,F
DE2021_031,Sky Sharks,Sky Sharks,Marc Fehse,THE,2021-08-26,F
DE2021_032,Tides,The Colony,Tim Fehlbaum,THE,2021-08-26,F
DE2021_033,Bekenntnisse des Hochstaplers Felix Krull,,Detlev Buck,THE,2021-09-02,F
DE2021_034,Mary Bauermeister - eins und eins ist drei,,Carmen Elena Belaschk,THE,2021-09-02,D
DE2021_035,Vic the Viking and the Magic Sword,Vic the Viking and the Magic Sword,Éric Cazes,THE,2021-09-02,A
DE2021_036,1986,1986,Lothar Herzog,THE,2021-09-09,F
DE2021_037,Beckenrand Sheriff,,Marcus H. Rosenmüller,THE,2021-09-09,F
DE2021_038,Curveball,Operation Curveball,Johannes Naber,THE,2021-09-09,F
DE2021_039,Ein Nasser Hund,Wet Dog,Damir Lukačević,THE,2021-09-09,F
DE2021_040,Herr Bachmann und seine Klasse,Mr. Bachmann and His Class,Maria Speth,THE,2021-09-16,F
DE2021_041,Ivie wie Ivie,,Sarah Blaßkiewitz,THE,2021-09-16,F
DE2021_042,Je Suis Karl,,Christian Schwochow,THE,2021-09-16,F
DE2021_043,Gender Crisis,Geschlechterkrise,Malte Wirtz,THE,2021-09-18,F
DE2021_044,Schachnovelle,The Royal Game,Philipp Stölzl,THE,2021-09-23,F
DE2021_045,The Sunlit Night,The Sunlit Night,David Wnendt,THE,2021-09-23,F
DE2021_046,Zu den Sternen,,Nicolai Tegeler,THE,2021-09-30,F
DE2021_047,Nö,,Dietrich Brüggemann,THE,2021-09-30,F
DE2021_048,Die Pfefferkörner und der Schatz der Tiefsee,The Peppercorns and the Secret of the Deep Sea,Christian Theede,THE,2021-09-30,F
DE2021_049,Le Prince,Prince,Lisa Bierwirth,THE,2021-09-30,F
DE2021_050,Lost in Face,Lost in Face,Valentin Riedl,THE,2021-09-30,D
DE2021_051,Töchter,,Nana Neul,THE,2021-10-07,F
DE2021_052,Das Haus,The House,Rick Ostermann,THE,2021-10-07,F
DE2021_053,Der Siebzehnte,Come Closer,"Saskia Walker, Ralf Walker",THE,2021-10-07,F
DE2021_054,Uta,,Mario Schneider,THE,2021-10-07,D
DE2021_055,Die Schule der magischen Tiere,School of Magical Animals,Gregor Schnitzler,THE,2021-10-14,F
DE2021_056,Endlich Tacheles,,"Andrea Schramm, Jana Matthes",THE,2021-10-14,D
DE2021_057,"Es ist nur eine Phase, Hase",,Florian Gallenberger,THE,2021-10-14,F
DE2021_058,Eine einsame Stadt,,Nicola Graef,THE,2021-10-14,D
DE2021_059,Walchensee Forever,,Janna Ji Wonders,THE,2021-10-21,D
DE2021_060,Genderation,,Monika Treut,THE,2021-10-21,D
DE2021_061,Die letzte Stadt,The Last City,Heinz Emigholz,THE,2021-10-21,F
DE2021_062,Contra,,Sönke Wortmann,THE,2021-10-28,F
DE2021_063,Monster Family 2,,Holger Tappe,THE,2021-11-04,A
DE2021_064,Paris - Kein Tag ohne dich,Paris - No Day Without You,Ulrike Schaz,THE,2021-11-04,D
DE2021_065,Die Rettung der uns bekannten Welt,,Til Schweiger,THE,2011-11-21,F
DE2021_066,Eine Handvoll Wasser,A Handfull of Water,Jakob Zapf,THE,2011-11-21,F
DE2021_067,Windstill,Windstill,Nancy Camaldo,THE,2011-11-21,F
DE2021_068,Lieber Thomas,Dear Thomas,Andreas Kleinert,THE,2011-11-21,F
DE2021_069,Tagundnachtgleiche,Equinox,Lena Knauss,THE,2021-11-18,F
DE2021_070,Mein Sohn,My Son,Lena Stahl,THE,2021-11-18,F
DE2021_071,Das schwarze Quadrat,The Black Square,Peter Meister,THE,2021-11-25,F
DE2021_072,Baden gegen Württemberg,,Andreas Köller,THE,2021-11-25,F
DE2021_073,Bilder (m)einer Mutter,,Melanie Lischker,THE,2021-11-25,D
DE2021_074,Hannes,,Hans Steinbichler,THE,2021-11-25,F
DE2021_075,A Pure Place,A Pure Place,Nikias Chryssos,THE,2021-11-25,F
DE2021_076,Plan A,,"Doron Paz, Yoav Paz",THE,2021-12-09,F
DE2021_077,Zeros and Ones,Zeros and Ones,Abel Ferrara,THE,2021-12-21,F
DE2020_001,Sprite Sisters - Vier zauberhafte Schwestern,Four Enchanted Sisters,Sven Unterwaldt Jr.,THE,2020-01-09,F
DE2020_002,Freies Land,,Christian Alvart,THE,2020-01-09,F
DE2020_003,"Mein Vater, Mein Sohn Und Der Kilimandscharo",,Achill Moser,THE,2020-01-09,D
DE2020_004,Lindenberg! Mach dein Ding,,Hermine Huntgeburth,THE,2020-01-16,F
DE2020_005,Crescendo,,Dror Zahavi,THE,2020-01-16,F
DE2020_006,Character One: Susan,,Tim Lienhard,THE,2020-01-16,D
DE2020_007,Die Hochzeit,The Wedding,Til Schweiger,THE,2020-01-23,F
DE2020_008,Die Wolf-Gäng,Die Wolf-Gäng,Tim Trageser,THE,2020-01-23,F
DE2020_009,Das Vorspiel,The Audition,Ina Weisse,THE,2020-01-23,F
DE2020_010,Roland Rebers Todesrevue,Roland Rebers Todesrevue,Roland Reber,THE,2020-01-23,F
DE2020_011,Die Heinzels - Rückkehr der Heinzelmännchen,A Piece of Cake,Ute von Münchow-Pohl,THE,2020-01-30,A
DE2020_012,Darkroom - Tödliche Tropfen,Darkroom,Rosa von Praunheim,THE,2020-01-30,F
DE2020_013,Enkel für Anfänger,Granny Nanny,Wolfgang Groos,THE,2020-02-06,F
DE2020_014,Butenland,,Marc Pierschel,THE,2020-02-06,D
DE2020_015,Nightlife,Nightlife,Simon Verhoeven,THE,2020-02-13,F
DE2020_016,"Kill Me Today, Tomorrow I'm Sick!","Kill Me Today, Tomorrow I'm Sick!","Joachim Schroeder, Tobias Streck",THE,2020-02-13,F
DE2020_017,Friedrich Hölderlin - Dichter sein. Unbedingt!,,"Rolf Lambert, Hedwig Schmutte",THE,2020-02-13,D
DE2020_018,Limbo,,Tim Dünschede,THE,2020-02-20,F
DE2020_019,Lassie - Eine abenteuerliche Reise,Lassie Come Home,Hanno Olderdissen,THE,2020-02-20,F
DE2020_020,Das Wunder von Taipeh,,John David Seidler,THE,2020-02-27,D
DE2020_021,Die Känguru-Chroniken,,Dani Levy,THE,2020-03-05,A
DE2020_022,Jenseits des Sichtbaren - Hilma af Klint,Beyond the Visible - Hilma af Klingt,Halina Dyrschka,THE,2020-03-05,D
DE2020_023,Paris Calligrammes,,Ulrike Ottinger,THE,2020-03-05,D
DE2020_024,Kahlschlag,A Clear Felling,Max Gleschinski,THE,2020-03-05,F
DE2020_025,Der Krieg in mir,The War in Me,Sebastian Heinzel,THE,2020-03-05,D
DE2020_026,800 Mal Einsam - ein Tag mit dem Filmemacher Edgar Reitz,,Anna Hepp,THE,2020-03-05,D
DE2020_027,Narziss und Goldmund,Narcissus and Goldmund,Stefan Ruzowitzky,THE,2020-03-12,F
DE2020_028,Wagenknecht,Wagenknecht,Sandra Kaudelka,THE,2020-03-12,D
DE2020_029,Blind,Man from Beirut,Christoph Gampl,THE,2020-05-20,F
DE2020_030,Bleichercode der Film,,Hans-Günther Bücking,THE,2020-05-20,F
DE2020_031,La Palma,,Erec Brehmer,THE,2020-06-04,F
DE2020_032,Guns Akimbo,,Jason Lei Howden,THE,2020-06-25,F
DE2020_033,Der Geburtstag,,Carlos Andrés Morelli,THE,2020-06-25,F
DE2020_034,Gipsy Queen,Gipsy Queen,Hüseyin Tabak,THE,2020-06-25,F
DE2020_035,Takeover,Takeover,Florian Ross,THE,2020-07-02,F
DE2020_036,Undine,,Christian Petzold,THE,2020-07-02,F
DE2020_037,Sunburned,Sunburned,Carolina Hellsgård,THE,2020-07-02,F
DE2020_038,Helmut Newton: The Bad and the Beautiful,Helmut Newton: The Bad and the Beautiful,Gero von Boehm,THE,2020-07-09,D
DE2020_039,Into the Beat - Dein Herz tanzt,Into the Beat,Stefan Westerwelle,THE,2020-07-16,F
DE2020_040,Berlin Alexanderplatz,Berlin Alexanderplatz,Burhan Qurbani,THE,2020-07-16,F
DE2020_041,Leif in Concert,,Christian Klandt,THE,2020-07-16,F
DE2020_042,Wim Wenders: Desperado,,"Eric Friedler, Campino",THE,2020-07-16,D
DE2020_043,"Hilfe, ich hab meine Freunde geschrumpft","Help, I Shrunk My Friends",Granz Henman,THE,2020-07-23,F
DE2020_044,Max und die wilde 7,,Winfried Oelsner,THE,2020-08-06,F
DE2020_045,"Sein - Gesund, Bewusst, Lebendig",,Bernhard Koch,THE,2020-08-06,D
DE2020_046,Giraffe,,Anna Sofie Hartmann,THE,2020-08-06,F
DE2020_047,Spencer,Spencer,Pablo Larrain,THE,2020-08-06,F
DE2020_048,Ausgrissn! - In der Lederhosn nach Las Vegas,,Julian Wittmann,THE,2020-08-13,F
DE2020_049,Divine,Divine,Jan Schomburg,THE,2020-08-13,F
DE2020_050,The Accidental Rebel,The Accidental Rebel,Randa Chahoud,THE,2020-08-13,F
DE2020_051,Kopfplatzen,Head Burst,Savas Ceviz,THE,2020-08-20,F
DE2020_052,Exil,Exile,Visar Morina,THE,2020-08-20,F
DE2020_053,Experiment Sozialismus - Rückkehr nach Kuba,,Jana Käsdorf,THE,2020-08-20,F
DE2020_054,Mit dem Rückwärtsgang nach vorn,,Sebastian Schindler,THE,2020-09-03,F
DE2020_055,Uferfrauen – Lesbisches L(I)Eben In Der Ddr,,Barbara Wallbraun,THE,2020-09-03,D
DE2020_056,Faking Bullshit - Krimineller als die Polizei erlaubt!,,Alexander Schubert,THE,2020-09-10,F
DE2020_057,Kiss Me Kosher,Kiss Me Kosher,Shirel Peleg,THE,2020-09-10,F
DE2020_058,Body of Truth,Body of Truth,Evelyn Schels,THE,2020-09-10,D
DE2020_059,Hello Again - A Wedding a Day,Hallo Again,Maggie Peren,THE,2020-09-17,F
DE2020_060,Chichinette: The Accidental Spy,Chichinette: The Accidental Spy,Nicola Hens,THE,2020-09-17,D
DE2020_061,In Berlin wächst kein Orangenbaum,,Kida Khodr Ramadan,THE,2020-09-24,A
DE2020_062,Jim Knopf und die Wilde 13,Jim Button and the Wild 13,Dennis Gansel,THE,2020-10-01,F
DE2020_063,"Gott, du kannst ein Arsch sein","God, You're Such a Prick",André Erkau,THE,2020-10-01,F
DE2020_064,Enfant Terrible,,Oskar Roehler,THE,2020-10-01,F
DE2020_065,Es ist zu deinem Besten,It's for Your Own Good,Marc Rothemund,THE,2020-10-08,F
DE2020_066,Im Stillen laut (A Quiet Resistance),,Therese Koppe,THE,2020-10-08,D
DE2020_067,Dragon Rider,Dragon Rider,Tomer Eshed,THE,2020-10-15,A
DE2020_068,Und morgen die ganze Welt,And Tomorrow the Entire World,Julia von Heinz,THE,2020-10-29,F
DE2020_069,Cortex,Cortex,Moritz Bleibtreu,THE,2020-10-22,F
DE2019_001,Kalte Füße,Cold Feet,Wolfgang Groos,THE,2019-01-10,F
DE2019_002,Adam und Evelyn,Adam & Evelyn,Andreas Goldstein,THE,2019-01-10,F
DE2019_003,Meine Welt ist die Musik - Der Komponist Christian Bruhn,,Marie Reich,THE,2019-01-10,D
DE2019_004,Immenhof - Das Abenteuer eines Sommers,,Sharon von Wietersheim,THE,2019-01-17,F
DE2019_005,The Secrets of Handsome Leo,The Secrets of Handsome Leo,Benedikt Schwarzer,THE,2019-01-17,D
DE2019_006,Das letzte Mahl,The Last Supper,Florian Frerichs,THE,2019-01-30,F
DE2019_007,Glück ist was für Weicheier,,Anca Miruna Lazarescu,THE,2019-02-07,F
DE2019_008,Asi mit Niwoh - Die Jürgen Zeltinger Geschichte,,Oliver Schwabe,THE,2019-02-07,D
DE2019_009,Club der roten Bänder - Wie alles begann,Red Bracelets: The Beginning,Felix Binder,THE,2019-02-14,F
DE2019_010,Luft,Air,Anatol Schuster,THE,2019-02-14,F
DE2019_011,Der goldene Handschuh,The Golden Glove,Fatih Akin,THE,2019-02-21,F
DE2019_012,Ostwind: Aris Ankunft,Windstorm 4: Ari's Arrival,Theresa von Eltz,THE,2019-02-28,F
DE2019_013,Wie gut ist deine Beziehung?,,Ralf Westhoff,THE,2019-02-28,F
DE2019_014,Manou the Swift,Swift,"Christian Haas, Andrea Block",THE,2019-02-28,A
DE2019_015,Rate Your Date,Rate Your Date,David Dietl,THE,2019-03-07,F
DE2019_016,Kirschblüten & Dämonen,Cherry Blossoms and Demons,Doris Dörrie,THE,2019-03-07,F
DE2019_017,The Bra,The Bra,Veit Helmer,THE,2019-03-07,F
DE2019_018,"Helmut Berger, meine Mutter und ich","Helmut Berger, My Mother and Me",Valesca Peters,THE,2019-03-07,D
DE2019_019,A Young Man with High Potential,A Young Man with High Potential,Linus de Paoli,THE,2019-03-07,F
DE2019_020,Rocca verändert die Welt,Rocca Changes the World,Katja Benrath,THE,2019-03-14,F
DE2019_021,Trautmann,The Keeper,Marcus H. Rosenmüller,THE,2019-03-14,F
DE2019_022,Misfit,Misfit,Erwin van den Eshof,THE,2019-03-14,F
DE2019_023,Die Goldfische,The Goldfish,Alireza Golafshan,THE,2019-03-21,F
DE2019_024,Head Full of Honey,Head Full of Honey,Til Schweiger,THE,2019-03-21,F
DE2019_025,Scala Adieu - Von Windeln verweht,,Douglas Wolfsperger,THE,2019-03-21,D
DE2019_026,Wintermärchen,Germany. A Winter's Tale,Jan Bonny,THE,2019-03-21,D
DE2019_027,Die Toten Hosen - You Only Live Once,Weil du nur einmal lebst - Die Toten Hosen auf Tour,"Paul Dugdale, Cordula Kablitz-Post",THE,2019-03-28,D
DE2019_028,Princess Emmy,Princess Emmy,Piet de Rycker,THE,2019-03-28,A
DE2019_029,Very Senior - Attitude is everything,Very Senior: Attitude Is Everything,Susan Gluth,THE,2019-03-28,D
DE2019_030,Unheimlich perfekte Freunde,Double Trouble and the Magical Mirror,Marcus H. Rosenmüller,THE,2019-04-04,F
DE2019_031,Land of My Children,Land of My Children,Dario Aguirre,THE,2019-04-04,D
DE2019_032,Der Funktionär,The Communist,Andreas Goldstein,THE,2019-04-11,D
DE2019_033,Alfons Zitterbacke: Das Chaos ist zurück,Alfons Zitterbacke,Mark Schlichter,THE,2019-04-18,F
DE2019_034,Der Fall Collini,The Collini Case,Marco Kreuzpaintner,THE,2019-04-18,F
DE2019_035,Goliath96,,Marcus Richardt,THE,2019-04-25,F
DE2019_036,Atlas,,David Nawrath,THE,2019-05-02,F
DE2019_037,Liebesfilm,Love Film,Robert Bohrer,THE,2019-05-02,F
DE2019_038,Luft Zum Atmen - 40 Jahre Opposition Bei Opel In Bochum,,Johanna Schellhagen,THE,2019-05-02,D
DE2019_039,JOMI's Sphere of Action,JOMI's Sphere of Action,"Sebastian Voltmer, Manfred Voltmer",THE,2019-05-09,D
DE2019_040,Nur eine Frau,A Regular Woman,Sherry Hormann,THE,2019-05-09,F
DE2019_041,Das Ende der Wahrheit,Blame Game,Philipp Leinemann,THE,2019-05-09,F
DE2019_042,Caraba,,Katharina Mihm,THE,2019-05-09,F
DE2019_043,Jibril,,Henrika Kull,THE,2019-05-16,F
DE2019_044,The Silence,The Silence,John R. Leonetti,THE,2019-05-16,F
DE2019_045,German Class,German Class,Florian Heinzen-Ziob,THE,2019-05-23,D
DE2019_046,All my Loving,All my Loving,Edward Berger,THE,2019-05-23,F
DE2019_047,Sunset Over Mulholland Drive,Sunset Over Mulholland Drive,"Uli Gaulke, Agnes Lisa Wegner",THE,2019-05-23,D
DE2019_048,Peter Pfister - Der Pferdemann,,Monika Agler,THE,2019-05-30,D
DE2019_049,Roads,Roads,Sebastian Schipper,THE,2019-05-30,F
DE2019_050,High Life,High Life,Claire Denis,THE,2019-05-30,F
DE2019_051,The Artist & The Pervert,The Artist & The Pervert,"Beatrice Behn, René Gebhardt",THE,2019-06-06,D
DE2019_052,TKKG,,Robert Thalheim,THE,2019-06-06,F
DE2019_053,Das Leben meiner Tochter,,Steffen Weinert,THE,2019-06-13,F
DE2019_054,Kim hat einen Penis,Everything Always All the Time,Philipp Eichholtz,THE,2019-06-20,F
DE2019_055,O Beautiful Night,O Beautiful Night,Xaver Böhm,THE,2019-06-20,F
DE2019_056,Happy Lamento,,"Khavn, Alexander Kluge",THE,2019-06-27,D
DE2019_057,Wenn Fliegen träumen,,Katharina Wackernagel,THE,2019-07-04,F
DE2019_058,Traumfabrik,Dreamfactory,Martin Schreier,THE,2019-07-04,F
DE2019_059,Spider Murphy Gang - Glory Days of Rock'n'Roll,Spider Murphy Gang - Glory Days of Rock'n'Roll,Jens Pfeifer,THE,2019-07-11,D
DE2019_060,Electric Girl,Electric Girl,Ziska Riemann,THE,2019-07-25,F
DE2019_061,Un café sans musique c'est rare à Paris,Voyages,Johanna Pauline Maier,THE,2019-07-25,F
DE2019_062,Die Drei !!!,The Three Exclamation Marks,Viviane Andereggen,THE,2019-08-01,F
DE2019_063,Cleo,Cleo,Erik Schmitt,THE,2019-08-01,F
DE2019_064,Leberkäsjunkie,,Ed Herzog,THE,2019-08-01,F
DE2019_065,Benjamin Blümchen,Benjamin the Elephant,Tim Trachte,THE,2019-08-08,A
DE2019_066,Es gilt das gesprochene Wort,"I Was, I Am, I Will Be",Ilker Çatak,THE,2019-08-08,F
DE2019_067,Und wer nimmt den Hund?,Lost in Separation,Rainer Kaufmann,THE,2019-08-08,F
DE2019_068,Photograph,Photograph,Ritesh Batra,THE,2019-08-15,F
DE2019_069,"Berlin, I Love You","Berlin, I Love You","Dianna Agron, Peter Chelsom, Claus Clausen, Fernando Eimbcke, Justin Franklin, Dennis Gansel, Dani Levy, Daniel Lwowski, Stephanie Martin, Josef Rusnak, Til Schweiger, Massy Tadjedin, Gabriela Tscherniak",THE,2019-08-15,F
DE2019_070,"Ich war zuhause, aber","I Was at Home, But…",Angela Schanelec,THE,2019-07-18,F
DE2019_071,Axel der Held,,Hendrik Hölzemann,THE,2019-08-22,F
DE2019_072,Endzeit,Ever After,Carolina Hellsgård,THE,2019-08-22,F
DE2019_073,Die Einzelteile der Liebe,The Components of Love,Miriam Bliese,THE,2019-08-29,F
DE2019_074,Frau Stern,Ms Stern,Anatol Schuster,THE,2019-08-29,F
DE2019_075,A Gschicht über d'Lieb,,Peter Evers,THE,2019-08-29,F
DE2019_076,Golden Twenties,Golden Twenties,Sophie Kluge,THE,2019-09-05,F
DE2019_077,Und der Zukunft zugewandt,Sealed Lips,Bernd Böhlich,THE,2019-09-05,F
DE2019_078,Petting statt Pershing,Good Girl Gone Bad,Petra Lüschow,THE,2019-09-12,F
DE2019_079,Gut gegen Nordwind,The Space Between the Lines,Vanessa Jopp,THE,2019-09-12,F
DE2019_080,Über Grenzen - der Film einer langen Reise,,"Johannes Meier, Paul Hartmann",THE,2019-09-19,D
DE2019_081,Systemsprenger,System Crasher,Nora Fingscheidt,THE,2019-09-26,F
DE2019_082,Heimat ist ein Raum aus Zeit,Heimat is a Space in Time,Thomas Heise,THE,2019-10-03,D
DE2019_083,Deutschstunde,The German Lesson,Christian Schwochow,THE,2019-10-03,F
DE2019_084,Eine ganz heiße Nummer 2.0,,Rainer Kaufmann,THE,2019-10-03,F
DE2019_085,Zwischen uns die Mauer,The Wall Between Us,Norbert Lechner,THE,2019-10-03,F
DE2019_086,Memory Games,Memory Games,"Janet Tobias, Claus Wehlisch",THE,2019-10-09,D
DE2019_087,Fritzi - Eine Wendewundergeschichte,Fritzi: A Revolutionary Tale,"Matthias Bruhn, Ralf Kukula",THE,2019-10-19,A
DE2019_088,Bruder Schwester Herz,,Tom Sommerlatte,THE,2019-10-19,F
DE2019_089,Ronny & Klaid,,Erkan Acar,THE,2019-10-19,F
DE2019_090,Intrigo: Samaria,,Daniel Alfredson,THE,2019-10-19,F
DE2019_091,Intrigo: Dear Agnes,,Daniel Alfredson,THE,2019-10-17,F
DE2019_092,Ich war noch niemals in New York,I've Never Been to New York,Philipp Stölzl,THE,2019-10-24,F
DE2019_093,Zoros Solo,,Martin Busker,THE,2019-10-24,F
DE2019_094,Martin Margiela: In His Own Words,Martin Margiela: In His Own Words,Reiner Holzemer,THE,2019-10-24,D
DE2019_095,Weitermachen Sanssouci,Music and Apocalypse,Max Linz,THE,2019-10-24,F
DE2019_096,Heimsuchung,,Wolfgang Andrä,THE,2019-10-31,F
DE2019_097,Das perfekte Geheimnis,The Perfect Secret,Bora Dagtekin,THE,2019-10-31,F
DE2019_098,Invisible Sue,Invisible Sue,Markus Dietrich,THE,2019-10-31,F
DE2019_099,Verteidiger des Glaubens,Defender of the Faith,Christoph Röhl,THE,2019-10-31,D
DE2019_100,Justice - Verstrickt im Netz der Macht,,Alexander Dannenberg,THE,2019-11-06,F
DE2019_101,Das Forum - Rettet Davos die Welt?,The Forum,Marcus Vetter,THE,2019-11-07,D
DE2019_102,Lara,Lara,Jan-Ole Gerster,THE,2019-11-07,F
DE2019_103,Der letzte Bulle,,Peter Thorwarth,THE,2019-11-07,F
DE2019_104,Es hätte schlimmer kommen können - Mario Adorf,,Dominik Wessely,THE,2019-11-07,D
DE2019_105,Im Niemandsland,Love Between the Walls,Florian Aigner,THE,2019-11-07,F
DE2019_106,Thing I Don't Get,Thing I Don't Get,Henning Beckhoff,THE,2019-11-07,F
DE2019_107,The Symphony of Uncertainty,The Symphony of Uncertainty,Claudia Lehmann,THE,2019-04-11,D
DE2019_108,Die Sterne über uns,Stars Above Us,Christina Ebelt,THE,2019-11-14,F
DE2019_109,Schmucklos,,Thomas Schwendemann,THE,2019-11-21,F
DE2019_110,The Golan Swimmingpool,Swimmingpool am Golan,Esther Zimmering,THE,2019-11-21,D
DE2019_111,Bitte nach Mitte!,,Anne Osterloh,THE,2019-11-21,D
DE2019_112,Mein Ende. Dein Anfang.,Relativity,Mariko Minoguchi,THE,2019-11-28,F
DE2019_113,Als ich mal Groß war,,"Lilly Engel, Philipp Fleischmann",THE,2019-11-28,F
DE2019_114,Dear Brother,Bruder Liebe,Julia Horn,THE,2019-11-28,D
DE2019_115,Auerhaus,,Neele Leana Vollmar,THE,2019-12-05,F
DE2019_116,Schönheit & Vergänglichkeit,,Annekatrin Hendel,THE,2019-12-05,D
DE2019_117,Der kleine Rabe Socke - Suche nach dem verlorenen Schatz,Raven the Little Rascal: Hunt for the Lost Treasure,"Verena Fels, Sandor Jesse",THE,2019-12-19,A
DE2019_118,Gundermann Revier,,Grit Lemke,THE,2019-12-19,D
DE2019_119,All I Never Wanted,All I Never Wanted,"Annika Blendl, Leonie Stade",THE,2019-12-19,F
DE2019_120,Holy Spirit,Holy Spirit,Mike Baran,THE,2019-12-19,F
DE2019_121,Als Hitler das rosa Kaninchen stahl,When Hitler Stole Pink Rabbit,Caroline Link,THE,2019-12-25,F
DE2019_122,Latte Igel und der magische Wasserstein,Latte & the Magic Waterstone,"Mimi Maynard, Regina Welker, Paulette Victor-Lifton, Nina Wels, Andrea Deppert",THE,2019-12-25,A
DE2019_123,A Vida Invisível,Invisible Life,Karim Ainouz,THE,2019-12-26,F
DE2018_001,Lux: Krieger des Lichts,Lux: Warrior of Light,Daniel Wild,THE,2018-01-04,F
DE2018_002,Ein Weg,Paths,Chris Miera,THE,2018-01-11,F
DE2018_003,"Hilfe, ich hab meine Eltern geschrumpft","Help, I Shrunk My Parents",Tim Trageser,THE,2018-01-18,F
DE2018_004,Hot Dog,Hot Dog,Torsten Künstler,THE,2018-01-18,F
DE2018_005,Die Anfängerin,,Alexandra Sell,THE,2018-01-18,F
DE2018_006,Das Milan-Protokoll,The Milan Protocol,Peter Ott,THE,2018-01-18,F
DE2018_007,Garden of Stars,Garden of Stars,"Pasquale Plastino, Stephane Riethauser",THE,2018-01-18,D
DE2018_008,Nur Gott kann mich richten,Only God Can Judge Me,Özgür Yildirim,THE,2018-01-25,F
DE2018_009,Anne Clark: I'll Walk out into Tomorrow,Anne Clark: I'll Walk out into Tomorrow,Claus Withopf,THE,2018-01-25,D
DE2018_010,A Thought of Ecstasy,Ecstasy,Rolf Peter Kahl,THE,2018-01-25,F
DE2018_011,Die kleine Hexe,The Little Witch,Mike Schaerer,THE,2018-02-01,F
DE2018_012,Freddy/Eddy,Freddy/Eddy,Tini Tüllmann,THE,2018-02-01,F
DE2018_013,Freiheit,Freedom,Jan Speckenbach,THE,2018-02-08,F
DE2018_014,Dinky Sinky,Dinky Sinky,Mareille Klein,THE,2018-02-08,F
DE2018_015,Königin von Niendorf,Queen of Niendorf,Joya Thome,THE,2018-02-15,F
DE2018_016,Luna,Luna's Revenge,Khaled Kaissar,THE,2018-02-15,F
DE2018_017,37,37,Chris Brügge,THE,2018-02-15,F
DE2018_018,Wendy 2 - Freundschaft für immer,,Hanno Olderdissen,THE,2018-02-22,F
DE2018_019,Der Geschmack von Leben,Taste of Life,Roland Reber,THE,2018-02-22,F
DE2018_020,Maya the Bee: The Honey Games,,"Noel Cleary, Sergio Delfino, Alexs Stadermann",THE,2018-03-01,A
DE2018_021,Das schweigende Klassenzimmer,The Silent Revolution,Lars Kraume,THE,2018-03-01,F
DE2018_022,Vielmachglas,A Jar Full of Life,Florian Ross,THE,2018-03-08,F
DE2018_023,Arthur & Claire,Arthur & Claire,Miguel Alexandre,THE,2018-03-08,F
DE2018_024,Fühlen Sie sich manchmal ausgebrannt und leer?,Do You Sometimes Feel Burned Out and Empty?,Lola Randl,THE,2018-03-08,F
DE2018_025,Der Hauptmann,The Captain,Robert Schwentke,THE,2018-03-15,F
DE2018_026,Rückenwind von vorn,Away You Go,Philipp Eichholtz,THE,2018-03-15,F
DE2018_027,Zwei Herren im Anzug,Two Men in Suits,Josef Bierbichler,THE,2018-03-22,F
DE2018_028,Die stille Revolution,,Kristian Gründling,THE,2018-03-22,D
DE2018_029,Living in Demmin,Living in Demmin,Martin Farkas,THE,2018-03-22,D
DE2018_030,Jim Knopf & Lukas der Lokomotivführer,Jim Button and Luke the Engine Driver,Dennis Gansel,THE,2018-03-29,F
DE2018_031,"Verpiss Dich, Schneewittchen",,Cüneyt Kaya,THE,2018-03-29,F
DE2018_032,1000 Arten Regen zu beschreiben,Different Kinds of Rain,Isabel Prahl,THE,2018-03-29,F
DE2018_033,Exodus Where I Come from Is Disappearing,Exodus Where I Come from Is Disappearing,Hank Levine,THE,2018-03-29,D
DE2018_034,Transit,Transit,Christian Petzold,THE,2018-04-05,F
DE2018_035,Die Nacht der Nächte,Together Forever - Secrets of 50+ Years of Marriage,"Nesrin Samdereli, Yasemin Samdereli",THE,2018-04-05,D
DE2018_036,3 Tage in Quiberon,3 Days in Quiberon,Emily Atef,THE,2018-04-12,F
DE2018_037,Steig. Nicht. Aus!,Don't. Get. Out!,Christian Alvart,THE,2018-04-12,F
DE2018_038,Spielmacher,Playmaker,Timon Modersohn,THE,2018-04-12,F
DE2018_039,Matti & Sami und die drei größten Fehler des Universums,Matti and Sami and the Three Biggest Mistakes in the Universe,Stefan Westerwelle,THE,2018-04-19,F
DE2018_040,The King,The King,Eugene Jarecki,THE,2018-04-19,F
DE2018_041,SPK Komplex,,Gerd Kroske,THE,2018-04-19,D
DE2018_042,Pawo,,"Marvin Litwak, Sonam Tseten",THE,2018-04-19,F
DE2018_043,Draußen in meinem Kopf,,Eibe Maleen Krebs,THE,2018-04-26,F
DE2018_044,Herrliche Zeiten,,Oskar Roehler,THE,2018-05-03,F
DE2018_045,Wer hat eigentlich die Liebe erfunden?,Cloud Whispers,Kerstin Polte,THE,2018-05-03,F
DE2018_046,55 Steps,55 Steps,Bille August,THE,2018-05-03,F
DE2018_047,Therapie für Gangster,,Sobo Swobodnik,THE,2018-05-03,D
DE2018_048,Rewind: Die zweite Chance,,Johannes Sievert,THE,2018-05-03,F
DE2018_049,Reggae Boyz,Reggae Boyz,Till Schauder,THE,2018-05-03,D
DE2018_050,Liliane Susewind - Ein tierisches Abenteuer,Little Miss Dolittle,Joachim Masannek,THE,2018-05-10,F
DE2018_051,Dance Fight Love Die: With Mikis On the Road,Dance Fight Love Die: With Mikis On the Road,Asteris Kutulas,THE,2018-05-10,D
DE2018_052,Hagazussa,,Lukas Feigelfeld,THE,2018-05-17,F
DE2018_053,In den Gängen,In the Aisles,Thomas Stuber,THE,2018-05-24,F
DE2018_054,The Happy Prince,The Happy Prince,Rupert Everett,THE,2018-05-24,F
DE2018_055,Sympathisanten: Unser Deutscher Herbst,,Felix Moeller,THE,2018-05-24,F
DE2018_056,Wunder der Wirklichkeit,,Thomas Frickel,THE,2018-05-24,D
DE2018_057,Zwei im falschen Film,Mission: Love,Laura Lackmann,THE,2018-05-31,F
DE2018_058,Usedom: Der freie Blick aufs Meer,,Heinz Brinkmann,THE,2018-05-31,D
DE2018_059,Looking for Oum Kulthum,Looking for Oum Kulthum,"Shirin Neshat, Shoja Azari",THE,2018-06-07,F
DE2018_060,Luv & Lee: Amrum der Film,,"Ralf Thomsen, Constantin Löhrmann",THE,2018-06-10,D
DE2018_061,Aus einem Jahr der Nichtereignisse,From a Year of Non-Events,"René Frölke, Ann Carolin Renninger",THE,2018-06-14,D
DE2018_062,Am Ende ist man tot,,Daniel Lommatzsch,THE,2018-07-05,F
DE2018_063,Foxtrot,,Samuel Maoz,THE,2018-07-12,F
DE2018_064,LOMO: The Language of Many Others,LOMO: The Language of Many Others,Julia Langhof,THE,2018-07-12,F
DE2018_065,Ingmar Bergman - Vermächtnis eines Jahrhundertgenies,,"Margarethe von Trotta, Bettina Böhler, Felix Moeller",THE,2018-07-12,D
DE2018_066,Submergence,Submergence,Wim Wenders,THE,2018-08-02,F
DE2018_067,Sauerkrautkoma,,Ed Herzog,THE,2018-08-09,F
DE2018_068,Shelter,Shelter,Eran Riklis,THE,2018-08-09,F
DE2018_069,The Brasch Family,The Brasch Family,Annekatrin Hendel,THE,2018-08-16,D
DE2018_070,So was von da,Right Here Right Now,Jakob Lass,THE,2018-08-16,F
DE2018_071,Gundermann,Gundermann,Andreas Dresen,THE,2018-08-23,F
DE2018_072,Lebenszeichen - Jüdischsein in Berlin,,Alexa Karolinski,THE,2018-08-23,D
DE2018_073,"Grüner wird's nicht, sagte der Gärtner und flog davon",As Green As It Gets,Florian Gallenberger,THE,2018-08-30,F
DE2018_074,Safari: Match Me If You Can,Safari: Match Me If You Can,Rudi Gaul,THE,2018-08-30,F
DE2018_075,Capt'n Sharky,Capt'n Sharky,"Jan Stoltz, Hubert Weiland",THE,2018-08-30,A
DE2018_076,Asphaltgorillas,,Detlev Buck,THE,2018-08-30,F
DE2018_077,Donbass,,Sergey Loznitsa,THE,2018-08-30,F
DE2018_078,Draußen,Outside,"Johanna Sunder-Plassman, Tama Tobias-Macht",THE,2018-08-30,D
DE2018_079,Peropero: Breakdown in Tokyo,Peropero: Breakdown in Tokyo,Zoltan Paul,THE,2018-08-30,F
DE2018_080,Pettersson und Findus - Findus zieht um,Pettson and Findus: Findus Moves House,Ali Samadi Ahadi,THE,2018-09-13,F
DE2018_080,Pettersson und Findus - Findus zieht um,Pettson and Findus: Findus Moves House,Ali Samadi Ahadi,THE,2018-09-13,A
DE2018_081,Dreigroschenfilm,Mack the Knife - Brecht's Threepenny Film,Joachim Lang,THE,2018-09-13,F
DE2018_082,Seestück,,Volker Koepp,THE,2018-09-13,D
DE2018_083,Eingeimpft,,David Sieveking,THE,2018-09-13,D
DE2018_084,Naomis Reise,,Frieder Schlaich,THE,2018-09-13,F
DE2018_085,Klassentreffen 1.0,,Til Schweiger,THE,2018-09-20,F
DE2018_086,Wackersdorf,,Oliver Haffner,THE,2018-09-20,F
DE2018_087,Shut Up and Play the Piano,Shut Up and Play the Piano,Philipp Jedicke,THE,2018-09-20,D
DE2018_088,Das Dorf der Vergesslichen,,Madeleine Dallmeyer,THE,2018-09-20,D
DE2018_089,Ballon,Balloon,Michael Herbig,THE,2018-09-27,F
DE2018_090,Alles ist gut,All Is Well,Eva Trobisch,THE,2018-09-27,F
DE2018_091,"Weserlust Hotel - Der verrückte Filmdreh ""All Inclusive""",,Eike Besuden,THE,2018-09-27,D
DE2018_092,Nachlass,,"Christoph Hübner, Gabriele Voss",THE,2018-09-27,D
DE2018_093,Fly Rocket Fly,Fly Rocket Fly,Oliver Schwehm,THE,2018-09-27,D
DE2018_094,Werk ohne Autor,Never Look Away,Florian Henckel von Donnersmarck,THE,2018-10-03,F
DE2018_095,Why Are We Creative: The Centipede's Dilemma,Why Are We Creative: The Centipede's Dilemma,Hermann Vaske,THE,2018-10-04,D
DE2018_096,Die defekte Katze,A Dysfunctional Cat,Susan Gordanshekan,THE,2018-10-04,F
DE2018_097,Abgeschnitten,Cut Off,Christian Alvart,THE,2011-10-18,F
DE2018_098,Der Vorname,How About Adolf?,Sönke Wortmann,THE,2018-10-18,F
DE2018_099,WUFF,,Detlev Buck,THE,2018-10-25,F
DE2018_100,Moritz Daniel Oppenheim,Moritz Daniel Oppenheim: The first Jewish painter,Isabel Gathof,THE,2018-10-25,F
DE2018_101,In My Room,In My Room,Ulrich Köhler,THE,2018-11-08,F
DE2018_102,Der marktgerechte Patient,,Leslie Franke,THE,2018-11-08,D
DE2018_103,Was uns nicht umbringt,What Doesn't Kill Us,Sandra Nettelbeck,THE,2018-11-15,F
DE2018_104,Reise nach Jerusalem,The Chairs Game,Lucia Chiarla,THE,2018-11-15,F
DE2018_105,Pink Elephants,Pink Elephants,"Susanne Bohlmann, Christopher Hawkins",THE,2018-11-15,D
DE2018_106,So viel Zeit,,Philipp Kadelbach,THE,2018-11-22,F
DE2018_107,Mein Bruder heißt Robert und ist ein Idiot,My Brother's Name Is Robert and He Is an Idiot,Philip Gröning,THE,2018-11-22,F
DE2018_108,Berlin Excelsior,,Erik Lemke,THE,2018-11-29,D
DE2018_109,Josef Urbach: Lost Art,Josef Urbach: Lost Art,Tilmann Urbach,THE,2018-11-29,D
DE2018_110,Aggregat,,Marie Wilke,THE,2018-11-29,D
DE2018_111,Geister der Weihnacht,,Julian Köberer,THE,2018-12-01,A
DE2018_112,100 Dinge,100 Things,Florian David Fitz,THE,2018-12-06,F
DE2018_113,Tabaluga,,Sven Unterwaldt Jr.,THE,2018-12-06,A
DE2018_114,Climate Warriors,Climate Warriors,"Carl-A. Fechner, Nicolai Niemann",THE,2018-12-06,D

DE2018_115,Der Junge muss an die frische Luft,,Caroline Link,THE,2018-12-25,F
