film_id,nat_title,film_genre
ES2018_001,El mejor verano de mi vida,COM
ES2018_001,El mejor verano de mi vida,CHI
ES2018_001,El mejor verano de mi vida,COA
ES2018_001,El mejor verano de mi vida,ROA
ES2018_002,La tribu,COM
ES2018_003,Todos lo saben,DRA
ES2018_003,Todos lo saben,THR
ES2018_004,Ola de crímenes,COM
ES2018_004,Ola de crímenes,CRI
ES2018_005,El reino,DRA
ES2018_005,El reino,THR
ES2018_005,El reino,CRI
ES2018_005,El reino,NOI
ES2018_006,Miamor perdido,ROM
ES2018_006,Miamor perdido,COM
ES2018_007,Tu hijo,DRA
ES2018_007,Tu hijo,THR
ES2018_007,Tu hijo,NOI
ES2018_008,Petra,DRA
ES2018_008,Petra,THR
ES2018_009,Quién te cantará,DRA
ES2018_009,Quién te cantará,HOR
ES2018_010,La enfermedad del domingo,DRA
ES2018_011,Mudar la piel,DPA
ES2018_011,Mudar la piel,DPE
ES2018_011,Mudar la piel,SPY
ES2018_012,El silencio de otros,DPA
ES2018_012,El silencio de otros,DOB
ES2018_013,Mi querida cofradía,COM
ES2018_013,Mi querida cofradía,CRI
ES2018_014,El árbol de la sangre,DRA
ES2018_014,El árbol de la sangre,THR
ES2018_015,Oreina,DRA
ES2018_015,Oreina,COA
ES2018_016,The Man Who Killed Don Quixote,DRA
ES2018_016,The Man Who Killed Don Quixote,ADV
ES2018_016,The Man Who Killed Don Quixote,COM
ES2018_016,The Man Who Killed Don Quixote,ROA
ES2018_016,The Man Who Killed Don Quixote,MET
ES2018_017,En las estrellas,COA
ES2018_017,En las estrellas,DRA
ES2018_017,En las estrellas,FAN
ES2018_017,En las estrellas,MET
ES2018_017,En las estrellas,ROM
ES2018_018,Figuras,DRA
ES2018_019,Trote,DRA
ES2018_020,Cuando dejes de quererme,DRA
ES2018_020,Cuando dejes de quererme,DTH
ES2018_020,Cuando dejes de quererme,NOIR
ES2018_021,Formentera Lady,DRA
ES2018_021,Formentera Lady,COM
ES2018_022,Miau,COM
ES2018_022,Miau,HEI
ES2018_023,Miss Dalí,BIO
ES2018_023,Miss Dalí,DRA
ES2018_024,Sea Beasts,DRA
ES2018_024,Sea Beasts,THR
ES2018_024,Sea Beasts,HOR
ES2018_025,Apocalipsis Voodoo,HOR
ES2018_025,Apocalipsis Voodoo,COM
ES2018_025,Apocalipsis Voodoo,ACT
ES2018_026,"Escoréu, 24 d'avientu de 1937",DPA
ES2018_026,"Escoréu, 24 d'avientu de 1937",DPO
ES2018_027,Good Bye Mister Marshall,DPE
ES2018_027,Good Bye Mister Marshall,DPA
ES2018_027,Good Bye Mister Marshall,MET
ES2018_028,Los gigantes no existen,WAR
ES2018_028,Los gigantes no existen,DRA
ES2018_028,Los gigantes no existen,HIS
ES2018_028,Los gigantes no existen,WES
ES2018_029,"Director Z, el vendedor de ilusiones",DPA
ES2018_029,"Director Z, el vendedor de ilusiones",DEX
ES2018_029,"Director Z, el vendedor de ilusiones",MET
ES2018_030,El pintor de Calaveras,DPA
ES2018_031,La última toma,DPA
ES2018_031,La última toma,MET
ES2018_032,A palabra xusta,DPA
ES2018_033,"Alegría, tristeza",DRA
ES2018_034,Sin novedad,DRA
ES2018_035,No quiero perderte nunca,DRA
ES2018_035,No quiero perderte nunca,HOR
ES2018_036,El último invierno,DRA
ES2018_036,El último invierno,THR
ES2018_036,El último invierno,ACT
ES2018_037,Carrasca,DPA
ES2018_037,Carrasca,DPO
ES2018_037,Carrasca,ROA
ES2018_038,Akemarropa,COM
ES2018_038,Akemarropa,MET
ES2018_039,Querido Fotogramas,DPA
ES2018_039,Querido Fotogramas,MET
ES2018_040,Blue Rai,COM
ES2018_040,Blue Rai,CRI
ES2018_041,Doctrina El pecat original i la reinserció,THR
ES2018_041,Doctrina El pecat original i la reinserció,DRA
ES2018_042,"Els karamazoff, a walk on the SoHo years",DPA
ES2018_043,Universal i faraona,DOB
ES2018_043,Universal i faraona,DPA
ES2018_044,Ánimas,HOR
ES2018_044,Ánimas,THR
ES2018_045,Penélope,DRA
ES2018_045,Penélope,EXP
ES2018_046,Bernarda,DRA
ES2018_046,Bernarda,ROM
ES2018_047,A estación violenta,DRA
ES2018_048,Rota n' Roll,DPA
ES2018_048,Rota n' Roll,DEX
ES2018_049,I Hate New York,DPA
ES2018_049,I Hate New York,DOB
ES2018_050,El corazón del Teatro Real,DOB
ES2018_050,El corazón del Teatro Real,DPA
ES2018_051,Media hora (y un epílogo),MPF
ES2018_051,Media hora (y un epílogo),DRA
ES2018_051,Media hora (y un epílogo),THR
ES2018_052,El pomo azul,DRA
ES2018_053,Oh! Mammy Blue,COM
ES2018_053,Oh! Mammy Blue,MUS
ES2018_054,Experimento Stuka,DPA
ES2018_054,Experimento Stuka,DPE
ES2018_054,Experimento Stuka,DEX
ES2018_055,El año de la plaga,ROM
ES2018_055,El año de la plaga,COM
ES2018_055,El año de la plaga,SCI
ES2018_055,El año de la plaga,HOR
ES2018_055,El año de la plaga,DYS
ES2018_056,Sâdhaka: la senda del yoga,DPA
ES2018_056,Sâdhaka: la senda del yoga,DOB
ES2018_057,Lunas de Nueva York,DPA
ES2018_057,Lunas de Nueva York,DPO
ES2018_058,Lo posible y lo necesario,DPA
ES2018_058,Lo posible y lo necesario,DPE
ES2018_059,Memorias de un hombre en pijama,ROM
ES2018_059,Memorias de un hombre en pijama,COM
ES2018_060,El amor y la muerte. Historia de Enrique Granados,DPE
ES2018_060,El amor y la muerte. Historia de Enrique Granados,DPO
ES2018_061,Jaulas,DRA
ES2018_061,Jaulas,ROA
ES2018_061,Jaulas,THR
ES2018_062,La vida lliure,COA
ES2018_062,La vida lliure,DRA
ES2018_062,La vida lliure,HIS
ES2018_063,Onyx: Kings of the Grail,HIS
ES2018_063,Onyx: Kings of the Grail,DPE
ES2018_064,Paella Today!,ROM
ES2018_064,Paella Today!,COM
ES2018_065,Desenterrando Sad Hill,DPA
ES2018_065,Desenterrando Sad Hill,MET
ES2018_066,Face au vent,HEM
ES2018_066,Face au vent,DRA
GB2018_001,Fantastic Beasts: The Crimes of Grindelwald,FAN
GB2018_001,Fantastic Beasts: The Crimes of Grindelwald,ACT
GB2018_002,Darkest Hour,HIS
GB2018_002,Darkest Hour,WAR
GB2018_002,Darkest Hour,BIO
GB2018_002,Darkest Hour,THR
GB2018_002,Darkest Hour,DRA
GB2018_003,Johnny English Strikes Again,COM
GB2018_003,Johnny English Strikes Again,SPY
GB2018_003,Johnny English Strikes Again,ROM
GB2018_003,Johnny English Strikes Again,ACT
GB2018_004,"Three Billboards Outside Ebbing, Missouri",DRA
GB2018_004,"Three Billboards Outside Ebbing, Missouri",DTH
GB2018_004,"Three Billboards Outside Ebbing, Missouri",COM
GB2018_004,"Three Billboards Outside Ebbing, Missouri",WES
GB2018_005,King of Thieves,HEI
GB2018_005,King of Thieves,COM
GB2018_006,The Guernsey Literary and Potato Peel Pie Society,HIS
GB2018_006,The Guernsey Literary and Potato Peel Pie Society,DRA
GB2018_006,The Guernsey Literary and Potato Peel Pie Society,ROM
GB2018_007,Finding Your Feet,ROM
GB2018_007,Finding Your Feet,COM
GB2018_008,The Children Act,DRA
GB2018_008,The Children Act,COU
GB2018_008,The Children Act,ROM
GB2018_009,The Wife,DRA
GB2018_009,The Wife,THR
GB2018_010,You Were Never Really Here,DRA
GB2018_010,You Were Never Really Here,THR
GB2018_010,You Were Never Really Here,ACT
GB2018_010,You Were Never Really Here,NOI
GB2018_011,The Mercy,DRA
GB2018_011,The Mercy,BIO
GB2018_012,Lean on Pete,DRA
GB2018_012,Lean on Pete,ROA
GB2018_012,Lean on Pete,COA
GB2018_012,Lean on Pete,WES
GB2018_013,Island,DOB
GB2018_014,"Happy New Year, Colin Burstead",DRA
GB2018_014,"Happy New Year, Colin Burstead",COM
GB2018_015,Dead in a Week Or Your Money Back,COM
GB2018_015,Dead in a Week Or Your Money Back,THR
GB2018_015,Dead in a Week Or Your Money Back,ACT
GB2018_015,Dead in a Week Or Your Money Back,ROM
GB2018_015,Dead in a Week Or Your Money Back,CRI
GB2018_016,Tea with the Dames,DOB
GB2018_016,Tea with the Dames,DPE
GB2018_016,Tea with the Dames,DRE
GB2018_017,The Little Stranger,HOR
GB2018_017,The Little Stranger,DRA
GB2018_017,The Little Stranger,THR
GB2018_017,The Little Stranger,HIS
GB2018_018,Final Score,ACT
GB2018_018,Final Score,THR
GB2018_019,Walk Like a Panther,COM
GB2018_019,Walk Like a Panther,SPO
GB2018_020,The Titan,SCI
GB2018_020,The Titan,DYS
GB2018_020,The Titan,THR
GB2018_020,The Titan,HOR
GB2018_021,Cake,DRA
GB2018_021,Cake,HEM
GB2018_021,Cake,ROM
GB2018_021,Cake,THR
GB2018_021,Cake,COM
GB2018_022,How to Talk to Girls at Parties,COM
GB2018_022,How to Talk to Girls at Parties,SCI
GB2018_022,How to Talk to Girls at Parties,HIS
GB2018_022,How to Talk to Girls at Parties,MUS
GB2018_023,Pin Cushion,DRA
GB2018_023,Pin Cushion,FAN
GB2018_023,Pin Cushion,COA
GB2018_024,Euphoria,DRA
GB2018_025,That Good Night,DRA
GB2018_026,Hansa Studios: By The Wall 1976-90,DPA
GB2018_027,Milk and Honey: The Movie,CRI
GB2018_027,Milk and Honey: The Movie,ACT
GB2018_027,Milk and Honey: The Movie,THR
GB2018_028,The Chaperone,DRA
GB2018_028,The Chaperone,HIS
GB2018_028,The Chaperone,ROM
GB2018_029,Kaufman's Game,THR
GB2018_029,Kaufman's Game,ACT
GB2018_029,Kaufman's Game,NOI
GB2018_029,Kaufman's Game,CRI
GB2018_030,The Trial of Ratko Mladic,COU
GB2018_030,The Trial of Ratko Mladic,DEX
GB2018_030,The Trial of Ratko Mladic,DRA
GB2018_030,The Trial of Ratko Mladic,DOB
GB2018_031,Alan Hinkes: The First Briton To Climb The World's Highest Mountains,DOB
GB2018_031,Alan Hinkes: The First Briton To Climb The World's Highest Mountains,SPO
GB2018_032,Book of Monsters,HOR
GB2018_032,Book of Monsters,COM
GB2018_032,Book of Monsters,COA
GB2018_033,Await Further Instructions,HOR
GB2018_033,Await Further Instructions,THR
GB2018_033,Await Further Instructions,DRA
GB2018_034,Sink,DRA
GB2018_035,Modern Life Is Rubbish,DRA
GB2018_035,Modern Life Is Rubbish,ROM
GB2018_035,Modern Life Is Rubbish,MUS
GB2018_036,"You, Me and Him",ROM
GB2018_036,"You, Me and Him",COM
GB2018_037,Winter Ridge,DTH
GB2018_037,Winter Ridge,NOI
GB2018_037,Winter Ridge,DRA
GB2018_038,One Note at a Time,DPA
GB2018_038,One Note at a Time,DOB
GB2018_038,One Note at a Time,MUS
GB2018_039,Erase and Forget,DPA
GB2018_039,Erase and Forget,WAR
GB2018_040,Back to Berlin,DPA
GB2018_040,Back to Berlin,DOB
GB2018_041,Datsche,DRA
GB2018_041,Datsche,COM
GB2018_041,Datsche,HEM
GB2018_042,Lies We Tell,THR
GB2018_042,Lies We Tell,CRI
GB2018_042,Lies We Tell,DRA
GB2018_042,Lies We Tell,ACT
GB2018_043,Being Blacker,DPE
GB2018_043,Being Blacker,DPA
GB2018_044,Waiting for You,DRA
GB2018_044,Waiting for You,THR
GB2018_045,Viking Destiny,HIS
GB2018_045,Viking Destiny,ACT
GB2018_045,Viking Destiny,WAR
GB2018_045,Viking Destiny,FAN
GB2018_046,Scott and Sid,COA
GB2018_046,Scott and Sid,DRA
GB2018_047,Amá,DPA
GB2018_048,Stanley a Man of Variety,DRA
GB2018_048,Stanley a Man of Variety,COM
GB2018_049,Damascus Cover,THR
GB2018_049,Damascus Cover,SPY
GB2018_049,Damascus Cover,ACT
GB2018_050,Vengeance,ACT
GB2018_050,Vengeance,THR
GB2018_051,New Town Utopia,DPA
GB2018_051,New Town Utopia,DPE
GB2018_052,The Bromley Boys,COM
GB2018_052,The Bromley Boys,COA
GB2018_052,The Bromley Boys,SPO
GB2018_052,The Bromley Boys,HIS
GB2018_053,Together,DRA
GB2018_053,Together,COU
GB2018_053,Together,ROM
GB2018_054,My Days of Mercy,DRA
GB2018_054,My Days of Mercy,ROM
GB2018_055,Kaiser: The Greatest Footballer Never to Play Football,SPO
GB2018_055,Kaiser: The Greatest Footballer Never to Play Football,DPA
GB2018_055,Kaiser: The Greatest Footballer Never to Play Football,BIO
GB2018_056,Postcards from the 48%,DPA
GB2018_057,VS.,COA
GB2018_057,VS.,DRA
GB2018_057,VS.,MUS
GB2018_058,The Spiritualist,HOR
GB2018_058,The Spiritualist,THR
GB2018_059,The Ballymurphy Precedent,DPA
GB2018_059,The Ballymurphy Precedent,DPE
GB2018_059,The Ballymurphy Precedent,WAR
GB2018_060,Possum,HOR
GB2018_061,An Evening with Beverly Luff Linn,COM
GB2018_061,An Evening with Beverly Luff Linn,CRI
GB2018_062,Surviving Christmas with the Relatives,COM
GB2018_063,The Devil's Doorway,HOR
GB2018_063,The Devil's Doorway,HIS
GB2018_064,My Life Story,BIO
GB2018_064,My Life Story,MUS
GB2018_064,My Life Story,DPE
GB2018_064,My Life Story,DRE
GB2018_065,Postcards from London,DRA
GB2018_065,Postcards from London,FAN
GB2018_066,McKellen: Playing the Part,BIO
GB2018_066,McKellen: Playing the Part,DPA
GB2018_067,The Aspern Papers,DRA
GB2018_067,The Aspern Papers,HIS
GB2018_067,The Aspern Papers,ROM
GB2018_067,The Aspern Papers,THR
GB2018_068,Blue Iguana,COM
GB2018_068,Blue Iguana,ACT
GB2018_068,Blue Iguana,THR
GB2018_069,The More You Ignore Me,DRA
GB2018_069,The More You Ignore Me,COM
GB2018_069,The More You Ignore Me,MUS
GB2018_070,Agatha And the Truth Of Murder,DTH
GB2018_070,Agatha And the Truth Of Murder,HIS
GB2018_071,Dark River,THR
GB2018_071,Dark River,DRA
GB2018_072,Leaning into the Wind,DPA
ES2019_001,Si yo fuera rico,ROM
ES2019_001,Si yo fuera rico,COM
ES2019_002,Mientras dure la guerra,BIO
ES2019_002,Mientras dure la guerra,DRA
ES2019_002,Mientras dure la guerra,HIS
ES2019_002,Mientras dure la guerra,WAR
ES2019_003,Dolor y gloria,DRA
ES2019_003,Dolor y gloria,MET
ES2019_004,Perdiendo el Este,COM
ES2019_004,Perdiendo el Este,ROM
ES2019_005,Quien a hierro mata,THR
ES2019_005,Quien a hierro mata,DRA
ES2019_005,Quien a hierro mata,CRI
ES2019_006,Adiós,THR
ES2019_006,Adiós,CRI
ES2019_006,Adiós,ACT
ES2019_006,Adiós,DRA
ES2019_007,Legado en los huesos,DRA
ES2019_007,Legado en los huesos,THR
ES2019_007,Legado en los huesos,NOI
ES2019_008,Los Rodríguez y el más allá,COM
ES2019_008,Los Rodríguez y el más allá,CHI
ES2019_008,Los Rodríguez y el más allá,FAN
ES2019_009,Gente que viene y bah,ROM
ES2019_009,Gente que viene y bah,COM
ES2019_009,Gente que viene y bah,DRA
ES2019_010,La pequeña Suiza,ROM
ES2019_010,La pequeña Suiza,COM
ES2019_011,Lo nunca visto,ROM
ES2019_011,Lo nunca visto,COM
ES2019_012,Klaus,CHI
ES2019_012,Klaus,ADV
ES2019_012,Klaus,FAN
ES2019_012,Klaus,COM
ES2019_013,O que arde,DRA
ES2019_013,O que arde,DIS
ES2019_013,O que arde,THR
ES2019_014,Aute Retrato,BIO
ES2019_014,Aute Retrato,DPA
ES2019_015,Historias de nuestro cine,DPA
ES2019_015,Historias de nuestro cine,MET
ES2019_016,La hija de un ladrón,DRA
ES2019_016,La hija de un ladrón,CRI
ES2019_017,El hoyo,DRA
ES2019_017,El hoyo,DYS
ES2019_017,El hoyo,HOR
ES2019_017,El hoyo,THR
ES2019_018,El crack cero,NOI
ES2019_018,El crack cero,DRA
ES2019_018,El crack cero,HIS
ES2019_019,Abuelos,COM
ES2019_019,Abuelos,DRA
ES2019_020,4 latas,COM
ES2019_020,4 latas,ROA
ES2019_020,4 latas,ROM
ES2019_020,4 latas,DRA
ES2019_021,Vivir dos veces,COM
ES2019_021,Vivir dos veces,DRA
ES2019_021,Vivir dos veces,ROA
ES2019_021,Vivir dos veces,ROM
ES2019_022,El silencio del pantano,NOI
ES2019_022,El silencio del pantano,THR
ES2019_022,El silencio del pantano,CRI
ES2019_023,Remember me,ROM
ES2019_023,Remember me,COM
ES2019_024,Salir del ropero,ROM
ES2019_024,Salir del ropero,COM
ES2019_025,Agur Etxebeste,COM
ES2019_026,El precio de la risa,DPA
ES2019_026,El precio de la risa,BIO
ES2019_027,Mario Y Los Perros,DEX
ES2019_027,Mario Y Los Perros,BIO
ES2019_027,Mario Y Los Perros,DPA
ES2019_028,"Manolo Sanlúcar, el legado",DPA
ES2019_028,"Manolo Sanlúcar, el legado",BIO
ES2019_029,Universo Pinzás,MET
ES2019_029,Universo Pinzás,DPE
ES2019_030,Cuca (Retrato de una mujer),DOB
ES2019_031,Se prohíbe el cante,DPA
ES2019_032,Jesús López Cobos. Música En Las Manos,DOB
ES2019_033,Cordes,HOR
ES2019_033,Cordes,THR
ES2019_034,¿Qué coño está pasando?,DPA
ES2019_035,Soñando Un Lugar,DPA
ES2019_035,Soñando Un Lugar,DBO
ES2019_036,Dolorosa Gioia,BIO
ES2019_036,Dolorosa Gioia,ROM
ES2019_036,Dolorosa Gioia,THR
ES2019_037,"Beirut, la vie en rose",DPA
ES2019_037,"Beirut, la vie en rose",DOB
ES2019_038,The Invocation of Enver Simaku,HOR
ES2019_039,El brazalete de oro,ADV
ES2019_039,El brazalete de oro,ACT
ES2019_039,El brazalete de oro,FAN
ES2019_039,El brazalete de oro,ROM
ES2019_040,La felicidad de los perros,DRA
ES2019_040,La felicidad de los perros,THR
ES2019_041,Goodbye Ringo,DPA
ES2019_041,Goodbye Ringo,DPE
ES2019_041,Goodbye Ringo,MET
ES2019_042,Sesión Salvaje,DPA
ES2019_042,Sesión Salvaje,MET
ES2019_043,Almost Ghosts,DPA
ES2019_044,The Chain,HOR
ES2019_044,The Chain,THR
ES2019_045,Tierras Construidas,DPA
ES2019_045,Tierras Construidas,DPO
ES2019_046,City for Sale,DPA
ES2019_046,City for Sale,DOB
ES2019_047,En busca del Óscar,DOB
ES2019_047,En busca del Óscar,DPE
ES2019_047,En busca del Óscar,MET
ES2019_048,Moira,DRA
ES2019_048,Moira,HIS
ES2019_048,Moira,THR
ES2019_049,Regresa El Cepa,DPA
ES2019_049,Regresa El Cepa,DPE
ES2019_049,Regresa El Cepa,MET
ES2019_050,Si me borrara el viento lo que yo canto,DPA
ES2019_050,Si me borrara el viento lo que yo canto,BIO
ES2019_051,Be Happy! (the musical),MUS
ES2019_052,Love Me Not,WAR
ES2019_052,Love Me Not,ROM
ES2019_052,Love Me Not,EXP
ES2019_053,Univers(o) Pecanins,DPA
ES2019_054,Peret: yo soy la rumba,DPA
ES2019_054,Peret: yo soy la rumba,DPE
ES2019_054,Peret: yo soy la rumba,DOB
ES2019_055,"Mujeres, de Coque Malla",DPE
ES2019_055,"Mujeres, de Coque Malla",DOB
ES2019_056,Basque Selfie,DPE
ES2019_056,Basque Selfie,DOB
ES2019_057,Antonio López: apuntes del natural,DOB
ES2019_057,Antonio López: apuntes del natural,DPA
ES2019_058,Enterrados,THR
ES2019_058,Enterrados,DRA
ES2019_059,Zaniki,DPE
ES2019_059,Zaniki,DPO
ES2019_060,La primera cita,DRA
ES2019_061,Sense sostre,DRA
ES2019_062,Yo Galgo,DPA
ES2019_063,Boi,THR
ES2019_063,Boi,ROM
ES2019_064,"Yo, mi mujer y mi mujer muerta",COM
ES2019_064,"Yo, mi mujer y mi mujer muerta",DRA
ES2019_064,"Yo, mi mujer y mi mujer muerta",ROA
ES2019_065,"522. Un gato, un chino y mi padre",COM
ES2019_065,"522. Un gato, un chino y mi padre",ROM
ES2019_065,"522. Un gato, un chino y mi padre",ROA
ES2019_066,El cuadro,DPA
ES2019_066,El cuadro,DPE
ES2019_066,El cuadro,THR
ES2019_067,Ojos Negros,COA
ES2019_067,Ojos Negros,DRA
ES2019_068,"La defensa, por la libertad",DPA
ES2019_069,La noche de las dos lunas,DRA
ES2019_070,Viva la vida,COM
ES2019_070,Viva la vida,CRI
ES2019_071,La estrategia del pequinés,THR
ES2019_071,La estrategia del pequinés,CRI
ES2019_071,La estrategia del pequinés,DRA
ES2019_072,"¡Ay, mi madre!",COM
ES2019_073,Sanfelices,DRA
ES2019_073,Sanfelices,ROM
ES2019_074,Diecisiete,DRA
ES2019_074,Diecisiete,COA
ES2019_074,Diecisiete,ROA
ES2019_075,Elisa y Marcela,DRA
ES2019_075,Elisa y Marcela,ROM
ES2019_075,Elisa y Marcela,HIS
ES2019_075,Elisa y Marcela,BIO
ES2019_076,La Banda,ROM
ES2019_076,La Banda,DRA
ES2019_076,La Banda,COM
ES2019_076,La Banda,COA
ES2019_077,Me llamo Gennet,BIO
ES2019_077,Me llamo Gennet,DRA
ES2019_078,La vida sense la Sara Amat,COA
ES2019_078,La vida sense la Sara Amat,DRA
ES2019_079,Barcelona 1714,HIS
ES2019_079,Barcelona 1714,ROM
ES2019_079,Barcelona 1714,DRA
ES2019_079,Barcelona 1714,WAR
ES2019_080,Sordo,WAR
ES2019_080,Sordo,DRA
ES2019_080,Sordo,ACT
ES2019_080,Sordo,WES
GB2019_001,Downton Abbey,HIS
GB2019_001,Downton Abbey,DRA
GB2019_001,Downton Abbey,MPF
GB2019_001,Downton Abbey,ROM
GB2019_002,Cats,MUS
GB2019_002,Cats,FAN
GB2019_002,Cats,ROM
GB2019_003,Stan & Ollie,BIO
GB2019_003,Stan & Ollie,COM
GB2019_003,Stan & Ollie,DRA
GB2019_003,Stan & Ollie,HIS
GB2019_003,Stan & Ollie,MET
GB2019_004,Mary Queen of Scots,WAR
GB2019_004,Mary Queen of Scots,HIS
GB2019_004,Mary Queen of Scots,BIO
GB2019_004,Mary Queen of Scots,DRA
GB2019_005,Judy,BIO
GB2019_005,Judy,DRA
GB2019_005,Judy,MUS
GB2019_006,Fisherman's Friends,COM
GB2019_006,Fisherman's Friends,MUS
GB2019_006,Fisherman's Friends,ROM
GB2019_007,The Kid Who Would Be King,CHI
GB2019_007,The Kid Who Would Be King,FAN
GB2019_007,The Kid Who Would Be King,ADV
GB2019_008,Blinded by the Light,COA
GB2019_008,Blinded by the Light,MUS
GB2019_008,Blinded by the Light,COM
GB2019_008,Blinded by the Light,DRA
GB2019_009,Wild Rose,DRA
GB2019_009,Wild Rose,COA
GB2019_009,Wild Rose,MUS
GB2019_010,Red Joan,DRA
GB2019_010,Red Joan,SPY
GB2019_010,Red Joan,HIS
GB2019_010,Red Joan,THR
GB2019_011,Colette,HIS
GB2019_011,Colette,DRA
GB2019_011,Colette,ROM
GB2019_012,Official Secrets,THR
GB2019_012,Official Secrets,SPY
GB2019_012,Official Secrets,DRA
GB2019_012,Official Secrets,COU
GB2019_013,The White Crow,DRA
GB2019_013,The White Crow,HIS
GB2019_013,The White Crow,BIO
GB2019_014,Mrs Lowry and Son,BIO
GB2019_014,Mrs Lowry and Son,DRA
GB2019_015,All Is True,BIO
GB2019_015,All Is True,HIS
GB2019_015,All Is True,DRA
GB2019_016,The Souvenir,DRA
GB2019_016,The Souvenir,MET
GB2019_017,The Vanishing,THR
GB2019_017,The Vanishing,DRA
GB2019_018,Vita & Virginia,DRA
GB2019_018,Vita & Virginia,BIO
GB2019_018,Vita & Virginia,ROM
GB2019_018,Vita & Virginia,HIS
GB2019_019,Tucked,DRA
GB2019_020,The Street,DPA
GB2019_021,Ordinary love,DRA
GB2019_021,Ordinary love,ROM
GB2019_022,The Corrupted,THR
GB2019_022,The Corrupted,DET
GB2019_022,The Corrupted,ACT
GB2019_023,Ray & Liz,DRA
GB2019_024,Out of Blue,NOI
GB2019_024,Out of Blue,THR
GB2019_024,Out of Blue,DET
GB2019_025,Meeting Gorbachev,DPE
GB2019_025,Meeting Gorbachev,DEX
GB2019_026,The Convent,HOR
GB2019_026,The Convent,FAN
GB2019_026,The Convent,HIS
GB2019_027,Untouchable,DPA
GB2019_027,Untouchable,DEX
GB2019_027,Untouchable,MET
GB2019_028,My Zoe,DRA
GB2019_028,My Zoe,SCI
GB2019_029,Art & Mind,DPA
GB2019_029,Art & Mind,DEX
GB2019_030,Out of Innocence,DRA
GB2019_031,An Accidental Studio,DPA
GB2019_031,An Accidental Studio,MET
GB2019_032,Fanny Lye Deliver'd,DRA
GB2019_032,Fanny Lye Deliver'd,HIS
GB2019_032,Fanny Lye Deliver'd,WES
GB2019_033,Fulci for Fake,DPE
GB2019_033,Fulci for Fake,DPA
GB2019_033,Fulci for Fake,MET
GB2019_033,Fulci for Fake,BIO
GB2019_034,Born a King,DRA
GB2019_034,Born a King,HIS
GB2019_034,Born a King,BIO
GB2019_034,Born a King,WAR
GB2019_035,The Quiet One,MUS
GB2019_035,The Quiet One,BIO
GB2019_035,The Quiet One,DPA
GB2019_035,The Quiet One,DEX
GB2019_036,Division 19,SCI
GB2019_036,Division 19,DYS
GB2019_036,Division 19,THR
GB2019_036,Division 19,ACT
GB2019_037,Songbird,ROM
GB2019_037,Songbird,COM
GB2019_037,Songbird,DRA
GB2019_038,Arifa,COM
GB2019_038,Arifa,DRA
GB2019_038,Arifa,ROM
GB2019_038,Arifa,CRI
GB2019_039,Wild Honey Pie!,ROM
GB2019_039,Wild Honey Pie!,COM
GB2019_039,Wild Honey Pie!,DRA
GB2019_040,Ophelia,DRA
GB2019_040,Ophelia,ROM
GB2019_040,Ophelia,THR
GB2019_041,Crucible of the Vampire,HOR
GB2019_041,Crucible of the Vampire,THR
GB2019_041,Crucible of the Vampire,FAN
GB2019_042,Once Upon a Time in London,CRI
GB2019_042,Once Upon a Time in London,ACT
GB2019_042,Once Upon a Time in London,DRA
GB2019_042,Once Upon a Time in London,HIS
GB2019_043,Invasion Planet Earth,SCI
GB2019_043,Invasion Planet Earth,ACT
GB2019_043,Invasion Planet Earth,WAR
GB2019_044,Winterlong,DRA
GB2019_044,Winterlong,COA
GB2019_045,I Love My Mum,COM
GB2019_045,I Love My Mum,ROA
GB2019_046,Busby,DPA
GB2019_046,Busby,DEX
GB2019_046,Busby,BIO
GB2019_047,Connect,DRA
GB2019_048,The Courier,ACT
GB2019_048,The Courier,THR
GB2019_048,The Courier,CRI
GB2019_049,The Amber Light,DPE
GB2019_049,The Amber Light,ROA
GB2019_050,Burning Men,HOR
GB2019_050,Burning Men,THR
GB2019_050,Burning Men,ROA
GB2019_051,Steel Country,NOI
GB2019_051,Steel Country,THR
GB2019_051,Steel Country,DET
GB2019_052,Dead Good,DPA
GB2019_053,Making Noise Quietly,WAR
GB2019_053,Making Noise Quietly,DRA
GB2019_053,Making Noise Quietly,MPF
GB2019_054,Mari,DRA
GB2019_054,Mari,MUS
GB2019_055,Pink Wall,DRA
GB2019_055,Pink Wall,ROM
GB2019_056,The Big Meeting,DPA
GB2019_057,Neither Wolf Nor Dog,DRA
GB2019_057,Neither Wolf Nor Dog,COM
GB2019_057,Neither Wolf Nor Dog,ROA
GB2019_058,Say My Name,COM
GB2019_058,Say My Name,CRI
GB2019_058,Say My Name,ROM
GB2019_059,Rise of the Footsoldier 4: Marbella,ACT
GB2019_059,Rise of the Footsoldier 4: Marbella,THR
GB2019_059,Rise of the Footsoldier 4: Marbella,HEI
GB2019_059,Rise of the Footsoldier 4: Marbella,CRI
GB2019_060,The Flood,THR
GB2019_060,The Flood,DRA
GB2019_061,London Unplugged,ANT
GB2019_061,London Unplugged,MPF
GB2019_061,London Unplugged,DRA
GB2019_061,London Unplugged,ROM
GB2019_062,Strike,CHI
GB2019_062,Strike,ADV
GB2019_062,Strike,COM
GB2019_062,Strike,SPO
GB2019_063,Prophecy,DPA
GB2019_063,Prophecy,DPE
GB2019_064,Destination: Dewsbury,COM
GB2019_064,Destination: Dewsbury,ROA
GB2019_065,"Everton, Howard's Way",DPA
GB2019_065,"Everton, Howard's Way",DEX
GB2019_065,"Everton, Howard's Way",SPO
GB2019_066,American Woman,DRA
GB2019_066,American Woman,NOI
GB2019_066,American Woman,THR
GB2019_067,Scotch: A Golden Dream,DPA
GB2019_068,Tomorrow,WAR
GB2019_068,Tomorrow,DRA
GB2019_069,The Dirty War on the National Health Service,DPE
GB2019_069,The Dirty War on the National Health Service,DEX
GB2019_070,Lost Lives,DPO
GB2019_071,Somebody Up There Likes Me,DPA
GB2019_071,Somebody Up There Likes Me,DOB
GB2019_071,Somebody Up There Likes Me,BIO
GB2019_072,The Fight,DRA
GB2019_072,The Fight,SPO
GB2019_073,Final Ascent: The Legend of Hamish MacInnes,DPA
GB2019_073,Final Ascent: The Legend of Hamish MacInnes,BIO
GB2019_074,Jellyfish,DRA
GB2019_074,Jellyfish,COA
GB2019_075,Churchill and the Movie Mogul,DPA
GB2019_075,Churchill and the Movie Mogul,DEX
GB2019_075,Churchill and the Movie Mogul,MET
GB2019_076,The Party's Just Beginning,DRA
GB2019_076,The Party's Just Beginning,COA
GB2019_077,Puppet Master: The Littlest Reich,HOR
GB2019_078,Serengeti Rules,DPA
GB2019_078,Serengeti Rules,DPE
GB2019_079,Where Hands Touch,WAR
GB2019_079,Where Hands Touch,DRA
GB2019_079,Where Hands Touch,COA
GB2019_079,Where Hands Touch,ROM
GB2019_080,Coup 53,DPE
GB2019_080,Coup 53,HIS
ES2020_001,Padre no hay más que uno 2: La llegada de la suegra,COM
ES2020_001,Padre no hay más que uno 2: La llegada de la suegra,CHI
ES2020_002,Malasaña 32,HOR
ES2020_003,Superagente Makey,COM
ES2020_003,Superagente Makey,ACT
ES2020_004,La boda de Rosa,COM
ES2020_004,La boda de Rosa,DRA
ES2020_005,El plan,THR
ES2020_005,El plan,DRA
ES2020_006,El inconveniente,COM
ES2020_006,El inconveniente,DRA
ES2020_007,Orígenes secretos,SUP
ES2020_007,Orígenes secretos,ACT
ES2020_007,Orígenes secretos,NOI
ES2020_007,Orígenes secretos,COM
ES2020_007,Orígenes secretos,THR
ES2020_007,Orígenes secretos,ROM
ES2020_008,Baby,THR
ES2020_008,Baby,DRA
ES2020_008,Baby,HOR
ES2020_008,Baby,FAN
ES2020_009,El arte de volver,DRA
ES2020_009,El arte de volver,COA
ES2020_009,El arte de volver,ROM
ES2020_010,Nieva en Benidorm,NOI
ES2020_010,Nieva en Benidorm,DRA
ES2020_010,Nieva en Benidorm,COM
ES2020_010,Nieva en Benidorm,ROM
ES2020_011,El Drogas,MUS
ES2020_011,El Drogas,BIO
ES2020_011,El Drogas,DPA
ES2020_011,El Drogas,DPE
ES2020_012,Invisibles,COM
ES2020_012,Invisibles,DRA
ES2020_012,Invisibles,ROM
ES2020_013,La lista de los deseos,ROM
ES2020_013,La lista de los deseos,COM
ES2020_013,La lista de los deseos,DRA
ES2020_013,La lista de los deseos,ROA
ES2020_014,La suite nupcial,ROM
ES2020_014,La suite nupcial,COM
ES2020_015,La maldición del guapo,HEI
ES2020_015,La maldición del guapo,COM
ES2020_015,La maldición del guapo,CRI
ES2020_015,La maldición del guapo,ROM
ES2020_016,Ofrenda a la tormenta,ACT
ES2020_016,Ofrenda a la tormenta,NOI
ES2020_016,Ofrenda a la tormenta,THR
ES2020_016,Ofrenda a la tormenta,DRA
ES2020_017,Lagun y la resistencia frente a ETA,DPA
ES2020_017,Lagun y la resistencia frente a ETA,DEX
ES2020_018,La última guardia,DPA
ES2020_018,La última guardia,DPE
ES2020_019,No nacimos refugiados,DOB
ES2020_019,No nacimos refugiados,DPA
ES2020_020,Diari de bosc,DPO
ES2020_021,"Calç blanca, negro carbón",DOB
ES2020_022,Lo perdido,DPE
ES2020_023,Una dona amb unes ales tremendes,DRA
ES2020_023,Una dona amb unes ales tremendes,ROM
ES2020_023,Una dona amb unes ales tremendes,CRI
ES2020_024,El abuelo Víctor - Víctor Manuel,DPA
ES2020_024,El abuelo Víctor - Víctor Manuel,BIO
ES2020_025,Amalia en el otoño,MPF
ES2020_025,Amalia en el otoño,COM
ES2020_025,Amalia en el otoño,DRA
ES2020_026,Una mañana fría,DPA
ES2020_026,Una mañana fría,DPO
ES2020_027,El que la lleva la entiende,DPE
ES2020_027,El que la lleva la entiende,COM
ES2020_027,El que la lleva la entiende,MUS
ES2020_028,Un trabajo y una película,DRA
ES2020_028,Un trabajo y una película,EXP
ES2020_028,Un trabajo y una película,MET
ES2020_029,Olea... ¡Más alto!,DPA
ES2020_029,Olea... ¡Más alto!,MET
ES2020_030,"Los Últimos De La Mejana, Rebeldía y Esperanza",DPA
ES2020_031,El secreto de Ibosim,THR
ES2020_031,El secreto de Ibosim,FAN
ES2020_031,El secreto de Ibosim,DRA
ES2020_032,Vampus Horror Tales,HOR
ES2020_032,Vampus Horror Tales,ROM
ES2020_032,Vampus Horror Tales,ANT
ES2021_042,Fantasía,DOB
ES2020_033,Tierra de leche y miel,DOB
ES2020_034,Meseta,DPA
ES2020_034,Meseta,DPO
ES2020_035,La loba parda,DOB
ES2020_036,¿Puedes oírme?,DPA
ES2020_037,Pullman,
ES2020_038,El último Arquero,DPE
ES2020_038,El último Arquero,DPO
ES2020_039,Rol & Rol,DPA
ES2020_039,Rol & Rol,DPE
ES2020_040,"Marcelino, el mejor payaso del mundo",DPE
ES2020_040,"Marcelino, el mejor payaso del mundo",DPO
ES2020_041,Arzak since 1897,DPA
ES2020_042,2020,DOB
ES2020_043,Dear Werner,DPE
ES2020_043,Dear Werner,DPO
ES2020_044,Estándar,COM
ES2020_044,Estándar,CRI
ES2020_044,Estándar,THR
ES2020_044,Estándar,ROM
ES2020_045,Billy,DPA
ES2020_046,"El vino, el mundo y nosotros",
ES2020_047,Lobster Soup,DOB
ES2020_048,La mancha negra,THR
ES2020_048,La mancha negra,HOR
ES2020_049,Mi gran despedida,ROM
ES2020_049,Mi gran despedida,COM
ES2020_049,Mi gran despedida,DRA
ES2020_050,El siglo de Galdós,DPA
ES2020_050,El siglo de Galdós,DPE
ES2020_050,El siglo de Galdós,BIO
ES2020_051,Antonio Machado. Los días azules,DPA
ES2020_051,Antonio Machado. Los días azules,DPO
ES2020_051,Antonio Machado. Los días azules,BIO
ES2020_052,A este lado del mundo,COM
ES2020_052,A este lado del mundo,DRA
ES2020_052,A este lado del mundo,THR
ES2020_053,Urubú,HOR
ES2020_053,Urubú,THR
ES2020_054,Reboiras. Acción e corazón,DPA
ES2020_054,Reboiras. Acción e corazón,DPE
ES2020_054,Reboiras. Acción e corazón,BIO
ES2020_055,Lúa vermella,HOR
ES2020_055,Lúa vermella,EXP
ES2020_056,Una ventana al mar,ROM
ES2020_056,Una ventana al mar,DRA
ES2020_057,Los Hijos de San Luis,DRA
ES2020_057,Los Hijos de San Luis,ACT
ES2020_057,Los Hijos de San Luis,ADV
ES2020_057,Los Hijos de San Luis,ROM
ES2020_057,Los Hijos de San Luis,HIS
ES2020_058,La dona il·legal,DRA
ES2020_058,La dona il·legal,THR
ES2020_058,La dona il·legal,COU
ES2020_059,Blanco en blanco,DRA
ES2020_059,Blanco en blanco,HIS
ES2020_059,Blanco en blanco,WES
ES2020_059,Blanco en blanco,THR
ES2020_060,Ons,THR
ES2020_060,Ons,DRA
ES2020_061,Ilargi Guztiak,DRA
ES2020_061,Ilargi Guztiak,HOR
ES2020_061,Ilargi Guztiak,HIS
ES2020_061,Ilargi Guztiak,ROM
ES2020_061,Ilargi Guztiak,COA
ES2020_062,El año del descubrimiento,DOB
ES2020_063,La isla de las mentiras,DRA
ES2020_063,La isla de las mentiras,THR
ES2020_063,La isla de las mentiras,NOI
ES2020_064,Hil-Kanpaiak,DRA
ES2020_064,Hil-Kanpaiak,THR
ES2020_064,Hil-Kanpaiak,NOI
ES2020_065,Lur eta Amets,FAN
ES2020_065,Lur eta Amets,CHI
ES2020_065,Lur eta Amets,ADV
ES2020_065,Lur eta Amets,HIS
ES2020_066,Palabras para un fin del mundo,DPE
ES2020_067,Un mundo normal,COM
ES2020_067,Un mundo normal,HEI
ES2020_067,Un mundo normal,ROA
GB2020_001,1917,WAR
GB2020_001,1917,DRA
GB2020_001,1917,COA
GB2020_002,Emma,COA
GB2020_002,Emma,COM
GB2020_002,Emma,HIS
GB2020_002,Emma,ROM
GB2020_003,The Personal History of David Copperfield,ADV
GB2020_003,The Personal History of David Copperfield,COA
GB2020_003,The Personal History of David Copperfield,HIS
GB2020_003,The Personal History of David Copperfield,ROM
GB2020_003,The Personal History of David Copperfield,COM
GB2020_004,Military Wives,COM
GB2020_004,Military Wives,DRA
GB2020_004,Military Wives,MUS
GB2020_005,Greed,COM
GB2020_005,Greed,CRI
GB2020_006,The Secret Garden,ADV
GB2020_006,The Secret Garden,CHI
GB2020_006,The Secret Garden,COA
GB2020_006,The Secret Garden,DRA
GB2020_006,The Secret Garden,FAN
GB2020_006,The Secret Garden,HIS
GB2020_007,Misbehaviour,BIO
GB2020_007,Misbehaviour,COM
GB2020_007,Misbehaviour,HIS
GB2020_008,Pixie,ACT
GB2020_008,Pixie,CRI
GB2020_008,Pixie,HEI
GB2020_008,Pixie,ROA
GB2020_008,Pixie,WES
GB2020_009,Hope Gap,DRA
GB2020_009,Hope Gap,COA
GB2020_009,Hope Gap,HIS
GB2020_010,Summerland,DRA
GB2020_010,Summerland,COA
GB2020_010,Summerland,HIS
GB2020_011,23 walks,ROM
GB2020_011,23 walks,COM
GB2020_011,23 walks,DRA
GB2020_012,Come Away,ADV
GB2020_012,Come Away,CHI
GB2020_012,Come Away,DRA
GB2020_012,Come Away,FAN
GB2020_013,Love Sarah,COM
GB2020_013,Love Sarah,DRA
GB2020_013,Love Sarah,ROM
GB2020_014,Four Kids and It,ADV
GB2020_014,Four Kids and It,CHI
GB2020_014,Four Kids and It,COM
GB2020_014,Four Kids and It,FAN
GB2020_015,The Owners,HOR
GB2020_016,Fatman,ACT
GB2020_016,Fatman,CRI
GB2020_016,Fatman,DRA
GB2020_016,Fatman,FAN
GB2020_016,Fatman,THR
GB2020_017,Crock of Gold: A Few Rounds With Shane MacGowan,DPE
GB2020_017,Crock of Gold: A Few Rounds With Shane MacGowan,DPA
GB2020_018,Rebecca,ROM
GB2020_018,Rebecca,THR
GB2020_018,Rebecca,DRA
GB2020_019,Being a Human Person,DPA
GB2020_019,Being a Human Person,DPE
GB2020_019,Being a Human Person,DEX
GB2020_019,Being a Human Person,MET
GB2020_020,Eternal Beauty,COM
GB2020_020,Eternal Beauty,DRA
GB2020_020,Eternal Beauty,ROM
GB2020_021,American Dharma,DPA
GB2020_022,Concrete Plans,THR
GB2020_022,Concrete Plans,CRI
GB2020_023,C.L.E.A.N.,HOR
GB2020_023,C.L.E.A.N.,THR
GB2020_024,Villain,ACT
GB2020_024,Villain,CRI
GB2020_025,Cordelia,HOR
GB2020_025,Cordelia,THR
GB2020_026,The Loss Adjuster,ROM
GB2020_026,The Loss Adjuster,COM
GB2020_027,Finding Jack Charlton,DPA
GB2020_027,Finding Jack Charlton,BIO
GB2020_027,Finding Jack Charlton,SPO
GB2020_028,Perfect Strangers,ROM
GB2020_028,Perfect Strangers,COM
GB2020_029,Show Me The Picture: The Story of Jim Marshall,DEX
GB2020_029,Show Me The Picture: The Story of Jim Marshall,DPA
GB2020_030,Philophobia,COA
GB2020_030,Philophobia,DRA
GB2020_030,Philophobia,ROM
GB2020_031,Everything - The Real Thing Story,MUS
GB2020_031,Everything - The Real Thing Story,DEX
GB2020_031,Everything - The Real Thing Story,DPA
GB2020_032,The Man in the Hat,COM
GB2020_032,The Man in the Hat,ROA
GB2020_033,The Runaways,
GB2020_034,Idiot Prayer,DPE
GB2020_034,Idiot Prayer,MUS
GB2020_035,Mogul Mowgli,MUS
GB2020_035,Mogul Mowgli,DRA
GB2020_036,Calm with Horses,CRI
GB2020_036,Calm with Horses,DRA
GB2020_036,Calm with Horses,THR
GB2020_036,Calm with Horses,ACT
GB2020_037,Final Account,DEX
GB2020_037,Final Account,DOB
GB2020_039,Nomad: In the Footsteps of Bruce Chatwin,DPA
GB2020_039,Nomad: In the Footsteps of Bruce Chatwin,DPE
GB2020_040,David Attenborough: A Life on Our Planet,DPA
GB2020_040,David Attenborough: A Life on Our Planet,DEX
GB2020_041,Patients of a Saint,HOR
GB2020_041,Patients of a Saint,ACT
GB2020_042,The Burnt Orange Heresy,DRA
GB2020_042,The Burnt Orange Heresy,THR
GB2020_043,The Banishing,HOR
GB2020_043,The Banishing,HIS
ES2021_001,¡A todo tren! Destino Asturias,COM
ES2021_001,¡A todo tren! Destino Asturias,CHI
ES2021_002,Way Down,CRI
ES2021_002,Way Down,ACT
ES2021_002,Way Down,HEI
ES2021_002,Way Down,THR
ES2021_003,Maixabel,BIO
ES2021_003,Maixabel,DRA
ES2021_004,La familia perfecta,COM
ES2021_005,García y García,COM
ES2021_005,García y García,ACT
ES2021_006,Mediterráneo,DRA
ES2021_006,Mediterráneo,BIO
ES2021_007,Libertad,DRA
ES2021_007,Libertad,COA
ES2021_008,La vida era eso,DRA
ES2021_008,La vida era eso,ROA
ES2021_009,La abuela,HOR
ES2021_010,El Cover,COM
ES2021_010,El Cover,MUS
ES2021_010,El Cover,COA
ES2021_010,El Cover,ROM
ES2021_011,El sustituto,THR
ES2021_011,El sustituto,CRI
ES2021_011,El sustituto,NOI
ES2021_012,Sis dies corrents,COM
ES2021_013,Un efecto óptico,DRA
ES2021_013,Un efecto óptico,COM
ES2021_013,Un efecto óptico,FAN
ES2021_014,Viaje a alguna parte,DPE
ES2021_014,Viaje a alguna parte,DPO
ES2021_015,Bolante Baten Historia,DPA
ES2021_016,Destello Bravío,DPO
ES2021_017,Poliamor para principiantes,COM
ES2021_018,Amanece en Calcuta,DPA
ES2021_018,Amanece en Calcuta,BIO
ES2021_019,El lodo,WES
ES2021_019,El lodo,THR
ES2021_020,100 días con la Tata,DPA
ES2021_020,100 días con la Tata,DPE
ES2021_021,Las consecuencias,DRA
ES2021_021,Las consecuencias,THR
ES2021_022,Nora,DRA
ES2021_022,Nora,ROA
ES2021_023,Los que buscamos,DPA
ES2021_024,Making Malinche: A Documentary by Nacho Cano,DPE
ES2021_025,Clown's planet,DPA
ES2021_026,Endless Cinema,DPA
ES2021_026,Endless Cinema,MET
ES2021_027,"Gustau, La Transicio Al Descobert",DPA
ES2021_028,La ley del embudo,DRA
ES2021_028,La ley del embudo,THR
ES2021_029,Occidente,DRA
ES2021_029,Occidente,THR
ES2021_029,Occidente,MET
ES2021_029,Occidente,SCI
ES2021_030,Retrato de mujer blanca con pelo cano y arrugas,DRA
ES2021_031,Piel de barro,DPA
ES2021_032,Tristesse,DRA
ES2021_032,Tristesse,MET
ES2021_033,De Quijotes y semillas,DPE
ES2021_033,De Quijotes y semillas,DPA
ES2021_033,De Quijotes y semillas,ROA
ES2021_034,Entre perro y lobo,DPO
ES2021_034,Entre perro y lobo,DOB
ES2021_034,Entre perro y lobo,WAR
ES2021_035,Nueve Sevillas,DPE
ES2021_036,Wan Xia,DOB
ES2021_037,The Man Who Wanted to See It All,DPA
ES2021_038,Traidores,DPA
ES2021_038,Traidores,DPE
ES2021_039,Los acordes de la memoria,DPA
ES2021_040,Dos,HOR
ES2021_040,Dos,THR
ES2021_041,Surcos,DRA
ES2021_041,Surcos,COM
ES2021_042,Fantasía,DOB
ES2021_043,Enero,DPE
GB2021_001,No Time to Die,ACT
GB2021_001,No Time to Die,SPY
GB2021_001,No Time to Die,DRA
GB2021_002,The King's Man,ACT
GB2021_002,The King's Man,DRA
GB2021_002,The King's Man,SPY
GB2021_002,The King's Man,HIS
GB2021_002,The King's Man,WAR
GB2021_003,Minamata,BIO
GB2021_003,Minamata,DRA
GB2021_003,Minamata,CRI
GB2021_004,Last Night in Soho,HOR
GB2021_004,Last Night in Soho,THR
GB2021_004,Last Night in Soho,ROM
GB2021_005,The Father,DRA
GB2021_005,The Father,HOR
GB2021_006,A Boy Called Christmas,COA
GB2021_006,A Boy Called Christmas,FAN
GB2021_006,A Boy Called Christmas,ADV
GB2021_006,A Boy Called Christmas,CHI
GB2021_007,Supernova,DRA
GB2021_007,Supernova,ROM
GB2021_007,Supernova,ROA
GB2021_008,Boxing Day,COM
GB2021_008,Boxing Day,ROM
GB2021_009,Mothering Sunday,ROM
GB2021_009,Mothering Sunday,DRA
GB2021_009,Mothering Sunday,HIS
GB2021_010,The Last Bus,DRA
GB2021_010,The Last Bus,ROA
GB2021_011,Off the rails,ROA
GB2021_011,Off the rails,COM
GB2021_011,Off the rails,ROM
GB2021_012,The Mauritanian,DRA
GB2021_012,The Mauritanian,BIO
GB2021_012,The Mauritanian,COU
GB2021_013,Rise of the Footsoldier: Origins,CRI
GB2021_013,Rise of the Footsoldier: Origins,ACT
GB2021_014,To Olivia,BIO
GB2021_014,To Olivia,ROM
GB2021_014,To Olivia,HIS
GB2021_014,To Olivia,DRA
GB2021_015,Sir Alex Ferguson: Never Give In,DPA
GB2021_015,Sir Alex Ferguson: Never Give In,DEX
GB2021_015,Sir Alex Ferguson: Never Give In,SPO
GB2021_015,Sir Alex Ferguson: Never Give In,BIO
GB2021_016,After Love,DRA
GB2021_017,Six Minutes to Midnight,SPY
GB2021_017,Six Minutes to Midnight,THR
GB2021_017,Six Minutes to Midnight,HIS
GB2021_017,Six Minutes to Midnight,WAR
GB2021_017,Six Minutes to Midnight,ACT
GB2021_018,The Dig,HIS
GB2021_018,The Dig,DRA
GB2021_018,The Dig,BIO
GB2021_018,The Dig,ROM
GB2021_019,The Unforgivable,DRA
GB2021_020,Mosley,DPA
GB2021_020,Mosley,SPO
GB2021_021,Dracula on Holiday,HOR
GB2021_021,Dracula on Holiday,MUS
GB2021_021,Dracula on Holiday,COM
GB2021_022,The Football Monologues,COM
GB2021_022,The Football Monologues,SPO
GB2021_022,The Football Monologues,MPF
GB2021_023,The United Way,DPA
GB2021_023,The United Way,SPO
GB2021_024,Everybody's Talking About Jamie,COA
GB2021_024,Everybody's Talking About Jamie,MUS
GB2021_024,Everybody's Talking About Jamie,DRA
GB2021_024,Everybody's Talking About Jamie,COM
GB2021_025,The Obscure Life of the Grand Duke of Corsica,COM
GB2021_025,The Obscure Life of the Grand Duke of Corsica,DRA
GB2021_025,The Obscure Life of the Grand Duke of Corsica,HIS
GB2021_026,Great North: A Run. A River. A Region.,DEX
GB2021_027,Red Mist,CRI
GB2021_027,Red Mist,DRA
GB2021_027,Red Mist,THR
GB2021_027,Red Mist,ROM
GB2021_028,Almost Liverpool 8,DPA
GB2021_029,Creation Stories,MUS
GB2021_029,Creation Stories,BIO
GB2021_029,Creation Stories,DRA
GB2021_030,Twist,HEI
GB2021_030,Twist,THR
GB2021_030,Twist,DRA
GB2021_031,To Be Someone,COM
GB2021_031,To Be Someone,CRI
GB2021_031,To Be Someone,MUS
GB2021_032,The Human Factor,DEX
GB2021_032,The Human Factor,DPA
GB2021_033,The Toll,CRI
GB2021_033,The Toll,COM
GB2021_033,The Toll,ACT
GB2021_034,Undergods,SCI
GB2021_034,Undergods,DRA
GB2021_034,Undergods,THR
GB2021_034,Undergods,MPF
GB2021_034,Undergods,DYS
GB2021_035,Lawrence: After Arabia,HIS
GB2021_035,Lawrence: After Arabia,THR
GB2021_035,Lawrence: After Arabia,SPY
GB2021_035,Lawrence: After Arabia,BIO
GB2021_036,Men Who Sing,DPA
GB2021_036,Men Who Sing,DOB
GB2021_036,Men Who Sing,MUS
GB2021_037,The War Below,WAR
GB2021_037,The War Below,HIS
GB2021_037,The War Below,DRA
GB2021_038,Janine Jansen Falling for Stradivari,DOB
GB2021_038,Janine Jansen Falling for Stradivari,DPA
GB2021_038,Janine Jansen Falling for Stradivari,MUS
GB2021_039,Misha and the Wolves,DPA
GB2021_039,Misha and the Wolves,DPE
GB2021_039,Misha and the Wolves,NOI
GB2021_039,Misha and the Wolves,THR
GB2021_040,Bull,THR
GB2021_040,Bull,ACT
GB2021_040,Bull,CRI
GB2021_041,La Cha Cha,COM
GB2021_041,La Cha Cha,ROA
GB2021_041,La Cha Cha,ROM
GB2021_041,La Cha Cha,MPF
GB2021_042,Shepherd,HOR
GB2021_042,Shepherd,THR
GB2021_043,Arsène Wenger: Invincible,DPA
GB2021_043,Arsène Wenger: Invincible,SPO
GB2021_044,The Colour Room,DRA
GB2021_044,The Colour Room,HIS
GB2021_044,The Colour Room,BIO
GB2021_044,The Colour Room,ROM
GB2021_045,Rebel Dykes,DEX
GB2021_045,Rebel Dykes,DPA
GB2021_045,Rebel Dykes,DPE
GB2021_046,Rare Beasts,ROM
GB2021_046,Rare Beasts,COM
GB2021_047,Blithe Spirit,COM
GB2021_047,Blithe Spirit,FAN
GB2021_047,Blithe Spirit,ROM
GB2021_048,Made in Italy,ROM
GB2021_048,Made in Italy,COM
GB2021_048,Made in Italy,DRA
GB2021_049,The Beatles and India,DPA
GB2021_049,The Beatles and India,MUS
GB2021_050,The Kindred,HOR
GB2021_050,The Kindred,THR
ES2022_001,Tadeo Jones 3. La tabla esmeralda,CHI
ES2022_001,Tadeo Jones 3. La tabla esmeralda,ADV
ES2022_001,Tadeo Jones 3. La tabla esmeralda,FAN
ES2022_001,Tadeo Jones 3. La tabla esmeralda,COM
ES2022_002,Padre no hay más que uno 3,COM
ES2022_002,Padre no hay más que uno 3,CHI
ES2022_003,As bestas,DRA
ES2022_003,As bestas,THR
ES2022_003,As bestas,WES
ES2022_004,A todo tren 2: Ahora son ellas,COM
ES2022_004,A todo tren 2: Ahora son ellas,CHI
ES2022_004,A todo tren 2: Ahora son ellas,CRI
ES2022_005,Los renglones torcidos de Dios,NOI
ES2022_005,Los renglones torcidos de Dios,DTH
ES2022_005,Los renglones torcidos de Dios,DRA
ES2022_006,Competencia oficial,COM
ES2022_006,Competencia oficial,DRA
ES2022_006,Competencia oficial,MET
ES2022_007,Alcarràs,DRA
ES2022_008,El cuarto pasajero,COM
ES2022_008,El cuarto pasajero,ROM
ES2022_008,El cuarto pasajero,THR
ES2022_008,El cuarto pasajero,ROA
ES2022_009,Inspector Sun y la maldición de la viuda negra,CHI
ES2022_009,Inspector Sun y la maldición de la viuda negra,DTH
ES2022_009,Inspector Sun y la maldición de la viuda negra,ADV
ES2022_010,Modelo 77,DRA
ES2022_010,Modelo 77,THR
ES2022_010,Modelo 77,HIS
ES2022_011,La vida padre,COM
ES2022_012,En los márgenes,DRA
ES2022_012,En los márgenes,MPF
ES2022_013,Llenos de Gracia,COM
ES2022_013,Llenos de Gracia,SPO
ES2022_013,Llenos de Gracia,CHI
ES2022_014,Historias para no contar,DRA
ES2022_014,Historias para no contar,COM
ES2022_014,Historias para no contar,MPF
ES2022_015,Malnazidos,COM
ES2022_015,Malnazidos,HOR
ES2022_015,Malnazidos,ACT
ES2022_015,Malnazidos,WAR
ES2022_016,Cinco lobitos,DRA
ES2022_016,Cinco lobitos,HEM
ES2022_017,Código Emperador,DRA
ES2022_017,Código Emperador,THR
ES2022_018,Irati,FAN
ES2022_018,Irati,HIS
ES2022_018,Irati,ADV
ES2022_019,13 exorcismos,HOR
ES2022_020,Canallas,COM
ES2022_021,"Camera Café, la película",COM
ES2022_022,El Test,COM
ES2022_023,Pacifiction,DRA
ES2022_023,Pacifiction,THR
ES2022_024,Reyes contra Santa,FAN
ES2022_024,Reyes contra Santa,ADV
ES2022_024,Reyes contra Santa,CHI
ES2022_025,"Por los pelos, una historia de autoestima",COM
ES2022_026,Héroes de barrio,COM
ES2022_026,Héroes de barrio,CHI
ES2022_026,Héroes de barrio,SPO
ES2022_027,Sintiéndolo mucho,DPA
ES2022_027,Sintiéndolo mucho,DPE
ES2022_027,Sintiéndolo mucho,MUS
ES2022_028,Cerdita,HOR
ES2022_028,Cerdita,THR
ES2022_029,Venus,HOR
ES2022_029,Venus,FAN
ES2022_030,Objetos,NOI
ES2022_030,Objetos,THR
ES2022_031,La piel del tambor,CRI
ES2022_031,La piel del tambor,THR
ES2022_031,La piel del tambor,ACT
ES2022_032,Live Is Life,DRA
ES2022_032,Live Is Life,COM
ES2022_032,Live Is Life,COA
ES2022_033,Vasil,DRA
ES2022_033,Vasil,COM
ES2022_034,Girasoles silvestres,DRA
ES2022_035,El mundo es vuestro,COM
ES2022_035,El mundo es vuestro,ACT
ES2022_036,No mires a los ojos,DRA
ES2022_036,No mires a los ojos,THR
ES2022_037,"Un año, una noche",DRA
ES2022_038,Lobo Feroz,DRA
ES2022_038,Lobo Feroz,DTH
ES2022_038,Lobo Feroz,THR
ES2022_038,Lobo Feroz,HOR
ES2022_039,Llegaron de noche,DRA
ES2022_039,Llegaron de noche,HIS
ES2022_039,Llegaron de noche,THR
ES2022_040,Todos lo hacen,COM
ES2022_040,Todos lo hacen,THR
ES2022_040,Todos lo hacen,DTH
ES2022_041,La voluntaria,DRA
ES2022_042,El vasco,COM
ES2022_042,El vasco,DRA
ES2022_043,Unicorn Wars,WAR
ES2022_043,Unicorn Wars,FAN
ES2022_043,Unicorn Wars,HOR
ES2022_044,La maniobra de la tortuga,THR
ES2022_044,La maniobra de la tortuga,NOI
ES2022_045,El beso de Dios,DPA
ES2022_045,El beso de Dios,DPE
ES2022_046,Petra de San José,HIS
ES2022_046,Petra de San José,BIO
ES2022_046,Petra de San José,DRA
ES2022_047,La consagración de la primavera,DRA
ES2022_048,El fred que crema,DRA
ES2022_048,El fred que crema,THR
ES2022_048,El fred que crema,HIS
ES2022_049,"Espejo, Espejo",COM
ES2022_050,75 días,DRA
ES2022_050,75 días,HIS
ES2022_050,75 días,DTH
ES2022_051,La cima,DRA
ES2022_051,La cima,ADV
ES2022_051,La cima,SPO
ES2022_052,El comensal,DRA
ES2022_052,El comensal,THR
ES2022_053,No somos nada,DPA
ES2022_053,No somos nada,MUS
ES2022_054,Sin ti no puedo,DRA
ES2022_054,Sin ti no puedo,THR
ES2022_055,En otro lugar,ROM
ES2022_055,En otro lugar,COM
ES2022_056,El universo de Óliver,COA
ES2022_056,El universo de Óliver,FAN
ES2022_056,El universo de Óliver,DRA
ES2022_057,Toscana,COM
ES2022_057,Toscana,CRI
ES2022_057,Toscana,THR
ES2022_058,Las paredes hablan,DPE
ES2022_058,Las paredes hablan,DPA
ES2022_059,Las cartas perdidas,DPE
ES2022_060,La jefa,DRA
ES2022_060,La jefa,THR
ES2022_061,O Corpo Aberto,HOR
ES2022_061,O Corpo Aberto,DRA
ES2022_061,O Corpo Aberto,THR
ES2022_062,Mendiak 1976,DPA
ES2022_062,Mendiak 1976,SPO
ES2022_063,En temporada baja,COM
ES2022_064,Rainbow,COA
ES2022_064,Rainbow,FAN
ES2022_064,Rainbow,DRA
ES2022_065,HollyBlood,COM
ES2022_065,HollyBlood,ROM
ES2022_065,HollyBlood,HOR
ES2022_065,HollyBlood,COA
ES2022_066,La Piedad,HOR
ES2022_066,La Piedad,DRA
ES2022_066,La Piedad,EXP
ES2022_066,La Piedad,FAN
ES2022_067,Los Negros,DPE
ES2022_067,Los Negros,DEX
ES2022_068,A las mujeres de España. María Lejárraga,DPE
ES2022_068,A las mujeres de España. María Lejárraga,DPA
ES2022_068,A las mujeres de España. María Lejárraga,BIO
ES2022_069,Sinjar,DRA
ES2022_070,Pico Reja,DPA
ES2022_070,Pico Reja,DPE
ES2022_071,Mi vacío y yo,COM
ES2022_071,Mi vacío y yo,DRA
ES2022_071,Mi vacío y yo,ROM
ES2022_072,Jacinto,HOR
ES2022_073,El que sabem,DRA
ES2022_073,El que sabem,ROM
ES2022_073,El que sabem,COA
ES2022_074,La pasajera,HOR
ES2022_074,La pasajera,ROA
ES2022_075,Donde acaba la memoria,DPA
ES2022_075,Donde acaba la memoria,ROA
ES2022_076,Edén,DRA
ES2022_076,Edén,THR
ES2022_077,Parias de la tierra,DPA
ES2022_077,Parias de la tierra,DEX
ES2022_078,Ciudad de la Selva. Fuxidos y guerrilleros en los montes de Casaio,DPA
ES2022_079,La paradoja de Antares,SCI
ES2022_079,La paradoja de Antares,DRA
ES2022_080,Cantando en las azoteas,DOB
ES2022_081,Viejos,HOR
ES2022_082,El radioaficionado,DRA
ES2022_083,La vida más larga,DOB
ES2022_084,"Matrioskas, Las niñas de la guerra",DPA
ES2022_085,Nightclubbing: The Birth of Punk Rock in NYC,DPA
ES2022_085,Nightclubbing: The Birth of Punk Rock in NYC,MUS
ES2022_086,"Tequila. Sexo, drogas y rock and roll",DPA
ES2022_086,"Tequila. Sexo, drogas y rock and roll",BIO
ES2022_087,La memoria escondida,DPA
ES2022_088,Francesca i l'Amor,DOB
ES2022_088,Francesca i l'Amor,ROM
ES2022_089,Oswald. El falsificador,DPA
ES2022_089,Oswald. El falsificador,DPE
ES2022_090,Inmotep,THR
ES2022_091,Con los años que me quedan,ROA
ES2022_091,Con los años que me quedan,COM
ES2022_091,Con los años que me quedan,CRI
ES2022_092,El crítico,DPA
ES2022_092,El crítico,MET
ES2022_093,Me cuesta hablar de mí,DPA
ES2022_093,Me cuesta hablar de mí,MET
ES2022_093,Me cuesta hablar de mí,BIO
ES2022_094,El color del cielo,DRA
ES2022_094,El color del cielo,ROM
ES2022_095,Para entrar a vivir,COM
ES2022_095,Para entrar a vivir,DRA
ES2022_095,Para entrar a vivir,FAN
ES2022_096,Culpa,DRA
ES2022_097,Pijamas Espaciales,ROM
ES2022_097,Pijamas Espaciales,COM
ES2022_097,Pijamas Espaciales,SCI
ES2022_098,Las niñas de cristal,DRA
ES2022_098,Las niñas de cristal,THR
ES2022_099,Mario Camus según el cine,MET
ES2022_099,Mario Camus según el cine,DPA
ES2022_099,Mario Camus según el cine,BIO
ES2022_099,Mario Camus según el cine,DPE
ES2022_100,Sonic Fantasy,DPA
ES2022_100,Sonic Fantasy,MUS
ES2022_101,Frente al Silencio,MUS
ES2022_101,Frente al Silencio,DRA
ES2022_102,Una película póstuma,DRA
ES2022_102,Una película póstuma,EXP
ES2022_103,Vamos A Volvernos Locos,COM
ES2022_104,Kuartk Valley,DOB
ES2022_104,Kuartk Valley,DPA
ES2022_104,Kuartk Valley,WES
ES2022_104,Kuartk Valley,MET
ES2022_105,El corazón de Europa,EXP
ES2022_106,El Tirabeque,COM
ES2022_106,El Tirabeque,DRA
ES2022_107,Controverso,DPA
ES2022_108,Mujeres sin censura,MET
ES2022_108,Mujeres sin censura,DPA
ES2022_108,Mujeres sin censura,DEX
ES2022_109,La piel en llamas,THR
ES2022_110,Film: The Living Record of Our Memory,DPA
ES2022_110,Film: The Living Record of Our Memory,MET
ES2022_111,El vent que ens mou,DPO
ES2022_111,El vent que ens mou,DOB
ES2022_112,Vilas y sus dobles,DPE
ES2022_113,El viaje de Julieta,DPA
ES2022_113,El viaje de Julieta,BIO
ES2022_113,El viaje de Julieta,MET
ES2022_114,Voces de una ciudad,DPA
ES2022_115,Mi adorado Monster,DPE
ES2022_115,Mi adorado Monster,HOR
ES2022_115,Mi adorado Monster,MET
ES2022_115,Mi adorado Monster,MOC
ES2022_116,Veneciafrenia,HOR
ES2022_116,Veneciafrenia,THR
ES2022_117,Karpeta Urdinak,DPE
ES2022_117,Karpeta Urdinak,DPA
GB2022_001,Downton Abbey: A New Era,DRA
GB2022_001,Downton Abbey: A New Era,COM
GB2022_001,Downton Abbey: A New Era,HIS
GB2022_001,Downton Abbey: A New Era,MET
GB2022_002,Fantastic Beasts: The Secrets of Dumbledore,FAN
GB2022_002,Fantastic Beasts: The Secrets of Dumbledore,ADV
GB2022_002,Fantastic Beasts: The Secrets of Dumbledore,CHI
GB2022_003,Roald Dahl's Matilda the Musical,MUS
GB2022_003,Roald Dahl's Matilda the Musical,CHI
GB2022_003,Roald Dahl's Matilda the Musical,FAN
GB2022_003,Roald Dahl's Matilda the Musical,COA
GB2022_003,Roald Dahl's Matilda the Musical,COM
GB2022_004,The Amazing Maurice,CHI
GB2022_004,The Amazing Maurice,COM
GB2022_004,The Amazing Maurice,ADV
GB2022_005,Operation Mincemeat,WAR
GB2022_005,Operation Mincemeat,HIS
GB2022_005,Operation Mincemeat,SPY
GB2022_005,Operation Mincemeat,DRA
GB2022_006,Mrs. Harris Goes to Paris,DRA
GB2022_006,Mrs. Harris Goes to Paris,COM
GB2022_006,Mrs. Harris Goes to Paris,HIS
GB2022_007,"Good Luck to You, Leo Grande",DRA
GB2022_007,"Good Luck to You, Leo Grande",COM
GB2022_008,Living,DRA
GB2022_009,Fisherman's Friends: One and All,MUS
GB2022_009,Fisherman's Friends: One and All,COM
GB2022_009,Fisherman's Friends: One and All,ROM
GB2022_010,Emily,BIO
GB2022_010,Emily,COA
GB2022_010,Emily,ROM
GB2022_010,Emily,DRA
GB2022_010,Emily,HIS
GB2022_011,The Railway Children Return,CHI
GB2022_011,The Railway Children Return,COA
GB2022_011,The Railway Children Return,ADV
GB2022_012,The Lost King,COM
GB2022_012,The Lost King,BIO
GB2022_013,Fall,THR
GB2022_013,Fall,DRA
GB2022_014,The Phantom of the Open,BIO
GB2022_014,The Phantom of the Open,COM
GB2022_014,The Phantom of the Open,HIS
GB2022_015,The Nan Movie,COM
GB2022_015,The Nan Movie,ROA
GB2022_016,The Forgiven,DRA
GB2022_016,The Forgiven,THR
GB2022_016,The Forgiven,ROA
GB2022_017,The Estate,COM
GB2022_018,Freedom Uncut,MUS
GB2022_018,Freedom Uncut,DPA
GB2022_018,Freedom Uncut,DPE
GB2022_019,Brian and Charles,COM
GB2022_019,Brian and Charles,SCI
GB2022_020,Benediction,BIO
GB2022_020,Benediction,DRA
GB2022_020,Benediction,HIS
GB2022_020,Benediction,WAR
GB2022_021,The Souvenir: Part II,DRA
GB2022_021,The Souvenir: Part II,MET
GB2022_022,Eric Ravilious: Drawn to War,DPA
GB2022_022,Eric Ravilious: Drawn to War,DPE
GB2022_023,This Much I Know to Be True,DPA
GB2022_023,This Much I Know to Be True,DPE
GB2022_023,This Much I Know to Be True,MUS
GB2022_024,Elizabeth: A Portrait in Part(s),DEX
GB2022_024,Elizabeth: A Portrait in Part(s),DPA
GB2022_024,Elizabeth: A Portrait in Part(s),BIO
GB2022_025,My Old School,DRE
GB2022_025,My Old School,DPE
GB2022_025,My Old School,DPA
GB2022_026,True Things,DRA
GB2022_026,True Things,ROM
GB2022_027,The Loneliest Boy in the World,COM
GB2022_027,The Loneliest Boy in the World,HOR
GB2022_027,The Loneliest Boy in the World,COA
GB2022_027,The Loneliest Boy in the World,ROM
GB2022_028,All My Friends Hate Me,COM
GB2022_028,All My Friends Hate Me,HOR
GB2022_028,All My Friends Hate Me,THR
GB2022_029,Flux Gourmet,COM
GB2022_029,Flux Gourmet,DRA
GB2022_029,Flux Gourmet,HOR
GB2022_030,Save the Cinema,COM
GB2022_030,Save the Cinema,DRA
GB2022_030,Save the Cinema,HIS
GB2022_030,Save the Cinema,MET
GB2022_030,Save the Cinema,BIO
GB2022_031,The Lady of Heaven,HIS
GB2022_031,The Lady of Heaven,WAR
GB2022_031,The Lady of Heaven,ACT
GB2022_031,The Lady of Heaven,DRA
GB2022_032,A Bunch of Amateurs,DOB
GB2022_032,A Bunch of Amateurs,DPA
GB2022_032,A Bunch of Amateurs,MET
GB2022_033,a-ha: True North,DPA
GB2022_033,a-ha: True North,DPE
GB2022_033,a-ha: True North,DPO
GB2022_033,a-ha: True North,MUS
GB2022_034,McEnroe,SPO
GB2022_034,McEnroe,DPA
GB2022_034,McEnroe,BIO
GB2022_035,The Fence,ACT
GB2022_035,The Fence,COM
GB2022_035,The Fence,DRA
GB2022_035,The Fence,COA
GB2022_036,Duran Duran: A Hollywood High,MUS
GB2022_036,Duran Duran: A Hollywood High,DPA
GB2022_037,Three Day Millionaire,HEI
GB2022_037,Three Day Millionaire,COM
GB2022_038,Rebel Dread,MUS
GB2022_038,Rebel Dread,BIO
GB2022_038,Rebel Dread,DPA
GB2022_039,She Will,MET
GB2022_039,She Will,HOR
GB2022_039,She Will,DRA
GB2022_040,Explorer,BIO
GB2022_040,Explorer,ADV
GB2022_040,Explorer,DPA
GB2022_040,Explorer,DEX
GB2022_041,Amulet,HOR
GB2022_041,Amulet,THR
GB2022_041,Amulet,FAN
GB2022_042,You Won't Be Alone,HOR
GB2022_042,You Won't Be Alone,FAN
GB2022_042,You Won't Be Alone,DRA
GB2022_043,Long Way Back,DRA
GB2022_043,Long Way Back,ROA
GB2022_044,Merkel,BIO
GB2022_044,Merkel,DEX
GB2022_045,The Hermit of Treig,DPA
GB2022_046,Doineann,DTH
GB2022_046,Doineann,NOI
GB2022_046,Doineann,DRA
GB2022_047,Boiling Point,DRA
GB2022_047,Boiling Point,THR
GB2022_048,Burial,WAR
GB2022_048,Burial,THR
GB2022_048,Burial,HOR
GB2022_049,Deus,SCI
GB2022_049,Deus,THR
GB2022_050,The Felling - an Epic Tale of People Power,DOB
GB2022_050,The Felling - an Epic Tale of People Power,DPA
GB2022_051,Munich: The Edge of War,HIS
GB2022_051,Munich: The Edge of War,WAR
GB2022_051,Munich: The Edge of War,SPY
GB2022_051,Munich: The Edge of War,THR
GB2022_052,Maisie,DPA
GB2022_052,Maisie,DOB
GB2022_053,The Score,HEI
GB2022_053,The Score,ACT
GB2022_053,The Score,ROM
GB2022_053,The Score,MUS
GB2022_053,The Score,THR
GB2022_054,McCurry: The Pursuit of Colour,DPA
GB2022_054,McCurry: The Pursuit of Colour,BIO
GB2022_055,Mind-Set,COM
GB2022_055,Mind-Set,DRA
GB2022_055,Mind-Set,ROM
GB2022_056,Gerry Anderson: A Life Uncharted,DPA
GB2022_056,Gerry Anderson: A Life Uncharted,BIO
GB2022_057,Future TX,SCI
GB2022_057,Future TX,ADV
GB2022_057,Future TX,CHI
GB2022_058,Give Them Wings,DRA
GB2022_058,Give Them Wings,BIO
GB2022_059,My Policeman,DRA
GB2022_059,My Policeman,ROM
GB2022_059,My Policeman,HIS
GB2022_060,Dùthchas,DPA
GB2022_061,Sideshow,COM
GB2022_061,Sideshow,HEI
GB2022_062,Followers,HOR
GB2022_062,Followers,COM
GB2022_063,Tomorrow Morning,MUS
GB2022_063,Tomorrow Morning,ROM
GB2022_064,Battle of Amritsar,DPA
GB2022_064,Battle of Amritsar,DEX
GB2022_064,Battle of Amritsar,HIS
GB2022_065,A Banquet,HOR
GB2022_066,Tosh,SPO
GB2022_066,Tosh,DPA
GB2022_067,Mambo Man,DRA
GB2022_067,Mambo Man,MUS
GB2022_067,Mambo Man,THR
GB2022_068,The Lost Girls,FAN
GB2022_068,The Lost Girls,DRA
GB2022_068,The Lost Girls,ADV
GB2022_068,The Lost Girls,COA
GB2022_069,Donna,DPA
GB2022_069,Donna,DOB
GB2022_070,A Bird Flew In,DRA
GB2022_070,A Bird Flew In,MET
GB2022_071,Lady Chatterley's Lover,DRA
GB2022_071,Lady Chatterley's Lover,ROM
GB2022_071,Lady Chatterley's Lover,HIS
GB2022_072,The Creeping,HOR
GB2022_073,Poison Arrows,COM
GB2022_073,Poison Arrows,MOC
GB2022_073,Poison Arrows,MET
GB2022_074,Hounded,ACT
GB2022_074,Hounded,HOR
GB2022_074,Hounded,THR
GB2022_075,Belfast,DRA
GB2022_075,Belfast,HIS
GB2022_075,Belfast,COM
GB2022_076,The Duke,COM
GB2022_076,The Duke,BIO
GB2022_076,The Duke,DRA
GB2022_076,The Duke,HEI
GB2022_076,The Duke,COU
GB2022_076,The Duke,HIS
GB2022_077,The Fire Within: A Requiem for Katia and Maurice Krafft,DPE
ES2023_001,Mummies,CHI
ES2023_001,Mummies,FAN
ES2023_002,Campeonex,COM
ES2023_002,Campeonex,SPO
ES2023_003,Ocho apellidos marroquís,COM
ES2023_003,Ocho apellidos marroquís,ROM
ES2023_004,Vacaciones de verano,COM
ES2023_004,Vacaciones de verano,CHI
ES2023_005,¡Vaya vacaciones!,COM
ES2023_005,¡Vaya vacaciones!,CHI
ES2023_006,La Navidad en sus manos,COM
ES2023_006,La Navidad en sus manos,CHI
ES2023_006,La Navidad en sus manos,FAN
ES2023_007,El hotel de los líos. García y García 2,COM
ES2023_007,El hotel de los líos. García y García 2,CHI
ES2023_008,Como Dios manda,COM
ES2023_009,La niña de la comunión,HOR
ES2023_010,Mi soledad tiene alas,DRA
ES2023_010,Mi soledad tiene alas,CRI
ES2023_010,Mi soledad tiene alas,COA
ES2023_011,El mestre que va prometre el mar,DRA
ES2023_011,El mestre que va prometre el mar,HIS
ES2023_012,20.000 especies de abejas,DRA
ES2023_012,20.000 especies de abejas,COA
ES2023_013,Alimañas,COM
ES2023_013,Alimañas,DRA
ES2023_013,Alimañas,THR
ES2023_014,Todos los nombres de Dios,THR
ES2023_015,Me he hecho viral,COM
ES2023_016,Saben aquell,BIO
ES2023_016,Saben aquell,DRA
ES2023_017,Cerrar los ojos,DRA
ES2023_017,Cerrar los ojos,MET
ES2023_017,Cerrar los ojos,NOI
ES2023_018,El favor,COM
ES2023_019,Mi otro Jon,DRA
ES2023_019,Mi otro Jon,COM
ES2023_019,Mi otro Jon,SCI
ES2023_020,Te estoy amando locamente,COM
ES2023_020,Te estoy amando locamente,ROM
ES2023_020,Te estoy amando locamente,HIS
ES2023_020,Te estoy amando locamente,MUS
ES2023_021,O corno,DRA
ES2023_021,O corno,ROA
ES2023_022,Verano en rojo,DTH
ES2023_022,Verano en rojo,NOI
ES2023_022,Verano en rojo,DRA
ES2023_023,Los buenos modales,COM
ES2023_023,Los buenos modales,DRA
ES2023_024,Matria,DRA
ES2023_025,¡Salta!,COM
ES2023_025,¡Salta!,COA
ES2023_025,¡Salta!,SCI
ES2023_026,La ternura,ROM
ES2023_026,La ternura,COM
ES2023_026,La ternura,FAN
ES2023_026,La ternura,HIS
ES2023_027,Las buenas compañías,HIS
ES2023_027,Las buenas compañías,DRA
ES2023_027,Las buenas compañías,ROM
ES2023_028,Teresa,BIO
ES2023_028,Teresa,DRA
ES2023_029,La voz del sol,DRA
ES2023_029,La voz del sol,COA
ES2023_030,They Shot the Piano Player,MUS
ES2023_030,They Shot the Piano Player,HIS
ES2023_030,They Shot the Piano Player,DRA
ES2023_031,El hombre del saco,HOR
ES2023_031,El hombre del saco,ADV
ES2023_031,El hombre del saco,COA
ES2023_032,De Caperucita a loba,ROM
ES2023_032,De Caperucita a loba,COM
ES2023_033,Els encantats,DRA
ES2023_034,Que nadie duerma,DRA
ES2023_034,Que nadie duerma,ROM
ES2023_034,Que nadie duerma,THR
ES2023_035,La sirvienta,DRA
ES2023_035,La sirvienta,BIO
ES2023_036,Tin & Tina,HOR
ES2023_037,La novia de América,COM
ES2023_037,La novia de América,ROM
ES2023_038,La ermita,HOR
ES2023_038,La ermita,DRA
ES2023_039,Loli Tormenta,COM
ES2023_039,Loli Tormenta,DRA
ES2023_040,Samsara,DRA
ES2023_040,Samsara,EXP
ES2023_041,Esperando a Dalí,COM
ES2023_041,Esperando a Dalí,DRA
ES2023_041,Esperando a Dalí,ROM
ES2023_041,Esperando a Dalí,BIO
ES2023_042,Secaderos,DRA
ES2023_042,Secaderos,COA
ES2023_042,Secaderos,FAN
ES2023_043,El Cuco,HOR
ES2023_044,Si todas las puertas se cierran,DRA
ES2023_044,Si todas las puertas se cierran,HIS
ES2023_045,La desconocida,THR
ES2023_045,La desconocida,DRA
ES2023_046,La manzana de oro,COM
ES2023_046,La manzana de oro,DRA
ES2023_046,La manzana de oro,MPF
ES2023_047,Olvido,CRI
ES2023_047,Olvido,DRA
ES2023_047,Olvido,DTH
ES2023_047,Olvido,NOI
ES2023_048,Alguien que cuide de mí,COM
ES2023_048,Alguien que cuide de mí,DRA
ES2023_049,Sobre todo de noche,DRA
ES2023_049,Sobre todo de noche,THR
ES2023_049,Sobre todo de noche,HEI
ES2023_050,Delfines de plata,THR
ES2023_050,Delfines de plata,DRA
ES2023_050,Delfines de plata,ACT
ES2023_051,Tierra de nuestras madres,COM
ES2023_052,La Singla,BIO
ES2023_052,La Singla,DPE
ES2023_053,La Fortaleza,COM
ES2023_053,La Fortaleza,THR
ES2023_054,Últimas voluntades,DRA
ES2023_054,Últimas voluntades,THR
ES2023_055,Mamacruz,COM
ES2023_055,Mamacruz,DRA
ES2023_056,La espera,HOR
ES2023_056,La espera,FAN
ES2023_056,La espera,WES
ES2023_056,La espera,DRA
ES2023_057,El fantástico caso del Golem,COM
ES2023_057,El fantástico caso del Golem,SCI
ES2023_058,Kepler Sexto B,SCI
ES2023_058,Kepler Sexto B,DRA
ES2023_058,Kepler Sexto B,COA
ES2023_059,O home e o can,DRA
ES2023_060,Ruta salvatge,THR
ES2023_060,Ruta salvatge,WES
ES2023_061,"Cante Jondo, Granada 1922",DPA
ES2023_061,"Cante Jondo, Granada 1922",DPE
ES2023_061,"Cante Jondo, Granada 1922",MUS
ES2023_062,Cristina García Rodero: La mirada oculta,DPA
ES2023_063,A los libros y a las mujeres canto,DPA
ES2023_063,A los libros y a las mujeres canto,DPO
ES2023_064,La imatge permanent,DRA
ES2023_064,La imatge permanent,MET
ES2023_065,Desmadre incluido,COM
ES2023_065,Desmadre incluido,MPF
ES2023_066,Caleta Palace,WAR
ES2023_066,Caleta Palace,DEX
ES2023_066,Caleta Palace,DPE
ES2023_067,Quan no acaba la nit,DRA
ES2023_067,Quan no acaba la nit,COA
ES2023_067,Quan no acaba la nit,CRI
ES2023_068,Secundarias,DRA
ES2023_069,Un día Lobo López,DPE
ES2023_069,Un día Lobo López,DPA
ES2023_069,Un día Lobo López,MUS
ES2023_070,Tiempo de Zarzuela,DPA
ES2023_070,Tiempo de Zarzuela,DOB
ES2023_070,Tiempo de Zarzuela,MUS
ES2023_071,Literato,COM
ES2023_071,Literato,DRA
ES2023_072,Mujeres olvidadas,DPA
ES2023_072,Mujeres olvidadas,DPE
ES2023_073,Venus,DRA
ES2023_073,Venus,ROM
ES2023_074,Los Saldos,DPE
ES2023_074,Los Saldos,WES
ES2023_074,Los Saldos,DOB
ES2023_075,Liuben,DRA
ES2023_075,Liuben,ROM
ES2023_075,Liuben,COA
ES2023_076,Camino de la suerte,DRA
ES2023_076,Camino de la suerte,ROM
ES2023_077,Amanece,DRA
ES2023_078,Bidean jarraituz,MET
ES2023_078,Bidean jarraituz,DPA
ES2023_078,Bidean jarraituz,BIO
ES2023_078,Bidean jarraituz,MUS
ES2023_079,Semilla del son,MUS
ES2023_079,Semilla del son,DPA
ES2023_079,Semilla del son,DPE
ES2023_080,Muyeres,DOB
ES2023_080,Muyeres,DPO
ES2023_081,8 años,DRA
ES2023_081,8 años,ROM
ES2023_082,Los Caballeros de Santiago,DPE
ES2023_082,Los Caballeros de Santiago,HIS
ES2023_082,Los Caballeros de Santiago,WAR
ES2023_083,Una noche con Adela,DRA
ES2023_083,Una noche con Adela,THR
ES2023_084,Nato 0. El origen del mal,DTH
ES2023_084,Nato 0. El origen del mal,THR
ES2023_084,Nato 0. El origen del mal,NOI
ES2023_085,El embrujo de Quijat,ROA
ES2023_085,El embrujo de Quijat,DPE
ES2023_086,Toda una vida,DPE
ES2023_086,Toda una vida,DOB
ES2023_087,Quest,DRA
ES2023_087,Quest,THR
ES2023_088,Alteritats,DPA
ES2023_089,La importancia de llamarse Ernesto y la gilipollez de llamarse Eric,DPA
ES2023_089,La importancia de llamarse Ernesto y la gilipollez de llamarse Eric,MUS
ES2023_089,La importancia de llamarse Ernesto y la gilipollez de llamarse Eric,BIO
ES2023_090,Ganado o Desierto,DPA
ES2023_091,Quatre raons,DRA
ES2023_092,El Hogar,DRA
ES2023_092,El Hogar,COM
ES2023_092,El Hogar,HIS
ES2023_093,Petricor,DOB
ES2023_094,Balas y Katanas,ACT
ES2023_094,Balas y Katanas,COM
ES2023_094,Balas y Katanas,MET
ES2023_095,La memoria del cine: una película sobre Fernando Méndez-Leite,DPA
ES2023_095,La memoria del cine: una película sobre Fernando Méndez-Leite,MET
ES2023_096,La última lidia,DPA
ES2023_097,Odradek,MET
ES2023_097,Odradek,DOB
ES2023_098,Un Hogar sin Armarios,DPA
ES2023_099,Set de Dau Arnau,DPA
ES2023_099,Set de Dau Arnau,DPE
ES2023_100,Soy una buena persona,COM
ES2023_100,Soy una buena persona,DRA
ES2023_101,El Amigo de Todos,DPA
ES2023_101,El Amigo de Todos,HIS
ES2023_102,"Antonio Canales, bailaor",DPA
ES2023_102,"Antonio Canales, bailaor",DPE
ES2023_102,"Antonio Canales, bailaor",BIO
ES2023_103,Capaz o incapaz?,COM
ES2023_103,Capaz o incapaz?,ROM
ES2023_103,Capaz o incapaz?,DRA
ES2023_104,Domingo Domingo,DOB
ES2023_105,Fauna,DOB
ES2023_106,Siete Jereles,DPE
ES2023_106,Siete Jereles,MUS
ES2023_106,Siete Jereles,DRE
ES2023_107,Conversaciones sobre el odio,DRA
ES2023_107,Conversaciones sobre el odio,THR
ES2023_108,Juan Mariné. Un siglo de cine,MET
ES2023_108,Juan Mariné. Un siglo de cine,DPA
ES2023_109,"Julia y Fernando, una historia de vida",DPA
ES2023_110,Y todos arderán,HOR
ES2023_111,Hilos,DPA
ES2023_112,El otro lado de la realidad,DRE
ES2023_113,Mentre siguis tu,DPE
ES2023_113,Mentre siguis tu,DPA
ES2023_113,Mentre siguis tu,MET
ES2023_114,The Longest War,DPA
ES2023_114,The Longest War,DEX
ES2023_114,The Longest War,COM
GB2023_001,What's Love Got to Do with It?,MET
GB2023_001,What's Love Got to Do with It?,ROM
GB2023_001,What's Love Got to Do with It?,COM
GB2023_001,What's Love Got to Do with It?,DRA
GB2023_002,Empire of Light,DRA
GB2023_002,Empire of Light,ROM
GB2023_003,The Old Oak,DRA
GB2023_004,The Unlikely Pilgrimage of Harold Fry,DRA
GB2023_004,The Unlikely Pilgrimage of Harold Fry,ROA
GB2023_005,The Great Escaper,DRA
GB2023_005,The Great Escaper,COM
GB2023_005,The Great Escaper,ROA
GB2023_006,Allelujah,COM
GB2023_006,Allelujah,DRA
GB2023_007,The Son,DRA
GB2023_008,The Canterville Ghost,CHI
GB2023_008,The Canterville Ghost,FAN
GB2023_008,The Canterville Ghost,HOR
GB2023_008,The Canterville Ghost,ADV
GB2023_009,Sumotherhood,CRI
GB2023_009,Sumotherhood,HEI
GB2023_009,Sumotherhood,COM
GB2023_010,Mafia Mamma,COM
GB2023_010,Mafia Mamma,CRI
GB2023_011,Golda,BIO
GB2023_011,Golda,WAR
GB2023_011,Golda,HIS
GB2023_011,Golda,DRA
GB2023_012,Rye Lane,ROM
GB2023_012,Rye Lane,COM
GB2023_012,Rye Lane,DRA
GB2023_013,Polite Society,ACT
GB2023_013,Polite Society,COM
GB2023_013,Polite Society,HEI
GB2023_014,The Eternal Daughter,DRA
GB2023_014,The Eternal Daughter,HOR
GB2023_015,Rise of the Footsoldier: Vengeance,ACT
GB2023_015,Rise of the Footsoldier: Vengeance,THR
GB2023_015,Rise of the Footsoldier: Vengeance,CRI
GB2023_016,Enys Men,HOR
GB2023_017,The Lesson,THR
GB2023_017,The Lesson,DRA
GB2023_018,The Piper,HOR
GB2023_018,The Piper,FAN
GB2023_019,Unwelcome,COM
GB2023_019,Unwelcome,HOR
GB2023_020,Squaring the Circle: The Story of Hipgnosis,DPA
GB2023_021,Bank of Dave,COM
GB2023_021,Bank of Dave,BIO
GB2023_021,Bank of Dave,ROM
GB2023_021,Bank of Dave,COU
GB2023_022,Medusa Deluxe,COM
GB2023_022,Medusa Deluxe,DRA
GB2023_022,Medusa Deluxe,THR
GB2023_023,Typist Artist Pirate King,ROA
GB2023_023,Typist Artist Pirate King,DRA
GB2023_023,Typist Artist Pirate King,BIO
GB2023_024,Mad About the Boy: The Noel Coward Story,DPE
GB2023_024,Mad About the Boy: The Noel Coward Story,DEX
GB2023_024,Mad About the Boy: The Noel Coward Story,BIO
GB2023_025,Bolan's Shoes,DRA
GB2023_026,Up on the Roof,DRA
GB2023_026,Up on the Roof,ROM
GB2023_027,And Then Come the Nightjars,DRA
GB2023_028,Little English,ROM
GB2023_028,Little English,COM
GB2023_028,Little English,DRA
GB2023_029,In the Court of the Crimson King: King Crimson at 50,DPA
GB2023_029,In the Court of the Crimson King: King Crimson at 50,MUS
GB2023_030,The Last Rider,DPA
GB2023_030,The Last Rider,DEX
GB2023_030,The Last Rider,SPO
GB2023_031,Have You Got It Yet? The Story of Syd Barrett and Pink Floyd,DPA
GB2023_031,Have You Got It Yet? The Story of Syd Barrett and Pink Floyd,DEX
GB2023_031,Have You Got It Yet? The Story of Syd Barrett and Pink Floyd,MUS
GB2023_032,Tetris,BIO
GB2023_032,Tetris,HIS
GB2023_032,Tetris,THR
GB2023_032,Tetris,COM
GB2023_033,Y Swn,HIS
GB2023_033,Y Swn,DRA
GB2023_034,My Extinction,DPE
GB2023_035,Inland,DRA
GB2023_035,Inland,FAN
GB2023_035,Inland,THR
GB2023_036,I Get Knocked Down,DPE
GB2023_036,I Get Knocked Down,DPA
GB2023_036,I Get Knocked Down,MUS
GB2023_037,Doctor Jekyll,DRA
GB2023_037,Doctor Jekyll,THR
GB2023_037,Doctor Jekyll,FAN
GB2023_038,Never Forget Tibet,DPA
GB2023_038,Never Forget Tibet,DEX
GB2023_039,Winners,DRA
GB2023_039,Winners,COA
GB2023_040,A Clever Woman,DRA
GB2023_041,Raging Grace,HOR
GB2023_041,Raging Grace,THR
GB2023_042,Sweet Sue,ROM
GB2023_042,Sweet Sue,COM
GB2023_042,Sweet Sue,DRA
GB2023_043,The Laureate,DRA
GB2023_043,The Laureate,ROM
GB2023_043,The Laureate,THR
GB2023_044,Billy Idol: State Line,DPA
GB2023_044,Billy Idol: State Line,DEX
GB2023_045,Love Without Walls,DRA
GB2023_045,Love Without Walls,ROM
GB2023_046,A Kind of Kidnapping,COM
GB2023_046,A Kind of Kidnapping,CRI
GB2023_047,Wait for Me,DRA
GB2022_077,The Fire Within: A Requiem for Katia and Maurice Krafft,DPE
GB2023_048,The Other Fellow,DPA
GB2023_048,The Other Fellow,MET
GB2023_048,The Other Fellow,DPE
GB2023_048,The Other Fellow,DRE
GB2023_049,The Undertaker,THR
GB2023_049,The Undertaker,DRA
GB2023_049,The Undertaker,CRI
GB2023_050,Big Trouble in Little India,COM
GB2023_051,The Bystanders,COM
GB2023_051,The Bystanders,ROM
GB2023_051,The Bystanders,SCI
GB2023_052,God's Petting You,COM
GB2023_052,God's Petting You,CRI
GB2023_052,God's Petting You,HEI
GB2023_053,To Nowhere,DRA
GB2023_053,To Nowhere,COA
GB2023_054,Golden Stripes,DRA
GB2023_055,Marooned Awakening,DRA
GB2023_055,Marooned Awakening,THR
GB2023_056,Goldfish,DRA
GB2023_057,In the Middle,DPA
GB2023_057,In the Middle,DOB
GB2023_057,In the Middle,SPO
GB2023_058,My One and Only,THR
GB2023_059,Kindling,DRA
GB2023_059,Kindling,COA
GB2023_059,Kindling,ROM
GB2023_060,The Hunting of the Snark,FAN
GB2023_060,The Hunting of the Snark,ADV
GB2023_061,Dario Argento: Panico,DPA
GB2023_061,Dario Argento: Panico,MET
GB2023_062,Chicken Run: Dawn of the Nugget,CHI
GB2023_062,Chicken Run: Dawn of the Nugget,ADV
GB2023_062,Chicken Run: Dawn of the Nugget,HEI
GB2023_063,Sky Peals,SCI
GB2023_063,Sky Peals,THR
GB2023_063,Sky Peals,DRA
GB2017_001,Dunkirk,WAR
GB2017_001,Dunkirk,HIS
GB2017_001,Dunkirk,DRA
GB2017_002,Paddington 2,CHI
GB2017_002,Paddington 2,ADV
GB2017_002,Paddington 2,COM
GB2017_003,Kingsman: The Golden Circle,ACT
GB2017_003,Kingsman: The Golden Circle,SPY
GB2017_003,Kingsman: The Golden Circle,COM
GB2017_004,T2: Trainspotting,COM
GB2017_004,T2: Trainspotting,DRA
GB2017_004,T2: Trainspotting,CRI
GB2017_005,Victoria & Abdul,BIO
GB2017_005,Victoria & Abdul,HIS
GB2017_005,Victoria & Abdul,COM
GB2017_005,Victoria & Abdul,DRA
GB2017_006,The Death of Stalin,COM
GB2017_006,The Death of Stalin,THR
GB2017_006,The Death of Stalin,HIS
GB2017_006,The Death of Stalin,BIO
GB2017_007,Viceroy's House,DRA
GB2017_007,Viceroy's House,HIS
GB2017_007,Viceroy's House,BIO
GB2017_008,Their Finest,HIS
GB2017_008,Their Finest,ROM
GB2017_008,Their Finest,COM
GB2017_008,Their Finest,DRA
GB2017_008,Their Finest,MET
GB2017_009,My Cousin Rachel,HIS
GB2017_009,My Cousin Rachel,ROM
GB2017_009,My Cousin Rachel,THR
GB2017_010,Churchill,BIO
GB2017_010,Churchill,DRA
GB2017_010,Churchill,HIS
GB2017_010,Churchill,WAR
GB2017_011,Hampstead,ROM
GB2017_011,Hampstead,COM
GB2017_011,Hampstead,DRA
GB2017_012,47 metres down,HOR
GB2017_012,47 metres down,THR
GB2017_013,The Limehouse Golem,NOI
GB2017_013,The Limehouse Golem,HOR
GB2017_013,The Limehouse Golem,DTH
GB2017_014,The Sense of an Ending,DRA
GB2017_015,The Party,COM
GB2017_015,The Party,DRA
GB2017_016,Film Stars Don't Die in Liverpool,BIO
GB2017_016,Film Stars Don't Die in Liverpool,DRA
GB2017_016,Film Stars Don't Die in Liverpool,ROM
GB2017_016,Film Stars Don't Die in Liverpool,MET
GB2017_017,God's Own Country,ROM
GB2017_017,God's Own Country,DRA
GB2017_018,Jawbone,SPO
GB2017_018,Jawbone,ACT
GB2017_018,Jawbone,DRA
GB2017_019,Daphne,COM
GB2017_019,Daphne,DRA
GB2017_019,Daphne,COA
GB2018_071,Dark River,THR
GB2018_071,Dark River,DRA
GB2018_072,Leaning into the Wind,DPA
GB2017_020,Williams,DPA
GB2017_020,Williams,SPO
GB2017_020,Williams,BIO
GB2017_021,Final Portrait,DRA
GB2017_021,Final Portrait,BIO
GB2017_021,Final Portrait,COM
GB2017_022,The Time of Their Lives,ROA
GB2017_022,The Time of Their Lives,COM
GB2017_022,The Time of Their Lives,ROM
GB2017_023,Stratton,ACT
GB2017_023,Stratton,THR
GB2017_023,Stratton,SPY
GB2017_024,Mad to Be Normal,DRA
GB2017_024,Mad to Be Normal,BIO
GB2017_025,The Levelling,DRA
GB2017_026,Trespass Against Us,THR
GB2017_026,Trespass Against Us,CRI
GB2017_026,Trespass Against Us,DRA
GB2017_027,Dough,COM
GB2017_027,Dough,DRA
GB2017_028,Earth: One Amazing Day,DEX
GB2017_029,Lady Macbeth,DRA
GB2017_029,Lady Macbeth,ROM
GB2017_029,Lady Macbeth,HIS
GB2017_029,Lady Macbeth,CRI
GB2017_030,The Man Who Invented Christmas,CHI
GB2017_030,The Man Who Invented Christmas,COM
GB2017_030,The Man Who Invented Christmas,BIO
GB2017_030,The Man Who Invented Christmas,DRA
GB2017_031,Don't Knock Twice,HOR
GB2017_031,Don't Knock Twice,FAN
GB2017_031,Don't Knock Twice,DRA
GB2018_073,Walk with Me,DOB
GB2018_073,Walk with Me,DPE
GB2017_032,Bob the Builder: Mega Machines,CHI
GB2017_032,Bob the Builder: Mega Machines,ADV
GB2018_074,Beast,CRI
GB2018_074,Beast,THR
GB2018_074,Beast,ROM
GB2018_074,Beast,DRA
GB2021_051,The Highway Rat,CHI
GB2021_051,The Highway Rat,ADV
GB2017_033,The Journey,BIO
GB2017_033,The Journey,DRA
GB2017_034,Mindhorn,COM
GB2017_034,Mindhorn,DTH
GB2017_034,Mindhorn,MET
GB2017_035,Another Mother's Son,WAR
GB2017_035,Another Mother's Son,HIS
GB2017_035,Another Mother's Son,DRA
GB2017_035,Another Mother's Son,THR
GB2017_036,Whisky Galore,ROM
GB2017_036,Whisky Galore,COM
GB2017_036,Whisky Galore,HIS
GB2017_037,The Hippopotamus,COM
GB2017_038,Black Sabbath the End of the End,DPA
GB2017_038,Black Sabbath the End of the End,DOB
GB2017_038,Black Sabbath the End of the End,MUS
GB2017_039,Letters from Baghdad,DPE
GB2017_039,Letters from Baghdad,HIS
GB2017_040,Tommy's Honour,BIO
GB2017_040,Tommy's Honour,DRA
GB2017_040,Tommy's Honour,HIS
GB2017_040,Tommy's Honour,ROM
GB2017_040,Tommy's Honour,SPO
GB2017_041,Prevenge,COM
GB2017_041,Prevenge,CRI
GB2017_041,Prevenge,HOR
GB2017_042,Romans,DRA
GB2017_042,Romans,THR
GB2017_043,Finding Fatimah,ROM
GB2017_043,Finding Fatimah,COM
GB2017_044,The White King,DRA
GB2017_044,The White King,SCI
GB2017_044,The White King,DYS
GB2017_045,City of Tiny Lights,NOI
GB2017_045,City of Tiny Lights,DTH
GB2017_045,City of Tiny Lights,THR
GB2017_046,The Ballad of Shirley Collins,DPO
GB2017_046,The Ballad of Shirley Collins,DOB
GB2017_046,The Ballad of Shirley Collins,MUS
GB2017_047,Summer in the Forest,DOB
GB2017_048,Nature of the Beast,DPA
GB2019_082,Sea Sorrow,DPE
GB2019_082,Sea Sorrow,HIS
GB2017_049,Manolo: The Boy Who Made Shoes for Lizards,DPA
GB2017_050,Where Is Kyra?,DRA
GB2017_051,The Ghoul,DTH
GB2017_051,The Ghoul,THR
GB2017_052,The Stolen,WES
GB2017_052,The Stolen,ACT
GB2017_052,The Stolen,DRA
GB2018_075,Gholam,CRI
GB2018_075,Gholam,DRA
GB2017_053,Kenny,DPA
GB2017_053,Kenny,SPO
GB2017_053,Kenny,BIO
GB2017_054,Eat Locals,COM
GB2017_054,Eat Locals,HOR
GB2017_055,Here to Be Heard: The Story of the Slits,DPA
GB2017_055,Here to Be Heard: The Story of the Slits,MUS
GB2017_056,Away,DRA
GB2017_057,A Change in the Weather,DRA
GB2017_058,Let Me Go,DRA
GB2017_059,The Hatton Garden Job,BIO
GB2017_059,The Hatton Garden Job,CRI
GB2017_059,The Hatton Garden Job,HEI
GB2017_059,The Hatton Garden Job,THR
GB2019_083,Amazon Adventure,ADV
GB2019_083,Amazon Adventure,BIO
GB2019_083,Amazon Adventure,HIS
GB2017_060,SHOT! The Psycho-Spiritual Mantra of Rock,DPA
GB2017_061,Destination Unknown,DPA
GB2017_061,Destination Unknown,HIS
GB2019_084,Penny Slinger: Out of the Shadows,DPA
GB2017_062,Bill Viola: The Road to St Paul's,DOB
GB2017_063,Bad Day for the Cut,CRI
GB2017_063,Bad Day for the Cut,WES
GB2017_063,Bad Day for the Cut,THR
GB2017_064,Kaleidoscope,THR
GB2017_065,Beautiful Devils,DRA
GB2017_065,Beautiful Devils,THR
GB2017_065,Beautiful Devils,MUS
GB2017_066,Dying Laughing,DPA
GB2017_066,Dying Laughing,COM
GB2017_067,The Marker,NOI
GB2017_067,The Marker,THR
GB2017_067,The Marker,ACT
GB2017_068,Beside Bowie: The Mick Ronson Story,DPA
GB2017_068,Beside Bowie: The Mick Ronson Story,MUS
GB2017_069,My Name Is Lenny,BIO
GB2017_069,My Name Is Lenny,DRA
GB2017_069,My Name Is Lenny,SPO
GB2017_070,Aux,ACT
GB2017_070,Aux,HOR
GB2017_070,Aux,THR
ES2017_001,Es por tu bien,COM
ES2017_002,Toc toc,COM
ES2017_002,Toc toc,MPF
ES2017_003,El guardián invisible,NOI
ES2017_003,El guardián invisible,DTH
ES2017_003,El guardián invisible,FAN
ES2017_004,The Bookshop,DRA
ES2017_004,The Bookshop,HIS
ES2017_005,Que baje Dios y lo vea,COM
ES2017_005,Que baje Dios y lo vea,SPO
ES2017_006,La llamada,MUS
ES2017_006,La llamada,COM
ES2017_007,Lo que de verdad importa,DRA
ES2017_007,Lo que de verdad importa,COM
ES2017_007,Lo que de verdad importa,ROM
ES2017_007,Lo que de verdad importa,FAN
ES2017_008,Fe de etarras,COM
ES2017_009,El bar,COM
ES2017_009,El bar,THR
ES2017_009,El bar,FAN
ES2017_010,No sé decir adiós,DRA
ES2017_010,No sé decir adiós,ROA
ES2017_011,Incerta glòria,DRA
ES2017_011,Incerta glòria,NOI
ES2017_011,Incerta glòria,WAR
ES2017_012,La Chana,DPA
ES2017_013,"Muchos hijos, un mono y un castillo",DPE
ES2017_013,"Muchos hijos, un mono y un castillo",COM
ES2017_014,Tierra firme,DRA
ES2017_014,Tierra firme,COM
ES2017_015,Saura(s),DPE
ES2017_015,Saura(s),MET
ES2017_016,Black Butterfly,THR
ES2017_017,Operación Concha,COM
ES2017_017,Operación Concha,MET
ES2017_018,La higuera de los bastardos,DRA
ES2017_018,La higuera de los bastardos,COM
ES2017_018,La higuera de los bastardos,WAR
ES2017_018,La higuera de los bastardos,HIS
ES2017_019,Mil coses que faria per tu,COM
ES2017_019,Mil coses que faria per tu,ROM
ES2017_019,Mil coses que faria per tu,CRI
ES2017_020,Perfectos desconocidos,COM
ES2017_020,Perfectos desconocidos,DRA
ES2017_021,Tadeo Jones 2: El secreto del Rey Midas,CHI
ES2017_021,Tadeo Jones 2: El secreto del Rey Midas,ADV
ES2017_021,Tadeo Jones 2: El secreto del Rey Midas,COM
ES2017_022,Verónica,HOR
ES2017_022,Verónica,COA
ES2017_023,"Thi Mai, rumbo a Vietnam",COM
ES2017_024,The Promise,DRA
ES2017_024,The Promise,WAR
ES2017_024,The Promise,ACT
ES2017_024,The Promise,ROM
ES2017_024,The Promise,HIS
ES2017_025,Estiu 1993,DRA
ES2017_025,Estiu 1993,COA
ES2017_026,Abracadabra,COM
ES2017_026,Abracadabra,DRA
ES2017_026,Abracadabra,FAN
ES2017_027,Oro,ADV
ES2017_027,Oro,DRA
ES2017_027,Oro,HIS
ES2017_027,Oro,WES
ES2017_028,Los del túnel,COM
ES2017_029,Handia,DRA
ES2017_029,Handia,HIS
ES2017_029,Handia,WAR
ES2017_030,El autor,COM
ES2017_030,El autor,DRA
ES2017_030,El autor,CRI
ES2017_031,Muse,HOR
ES2017_031,Muse,THR
ES2017_031,Muse,FAN
ES2017_032,Red de libertad,HIS
ES2017_032,Red de libertad,BIO
ES2017_032,Red de libertad,DRA
ES2017_033,Pieles,COM
ES2017_033,Pieles,DRA
ES2017_033,Pieles,FAN
ES2017_034,Amar,DRA
ES2017_034,Amar,ROM
ES2018_067,Matar a Dios,COM
ES2018_067,Matar a Dios,HOR
ES2017_035,Arte al Agua - los bacaladeros de Terranova,DPA
ES2017_036,Morir,DRA
ES2017_037,Pàtria,ACT
ES2017_037,Pàtria,ADV
ES2017_037,Pàtria,HIS
ES2017_038,La mano invisible,DRA
ES2017_038,La mano invisible,MPF
ES2017_039,Sabates grosses,COM
ES2017_039,Sabates grosses,MUS
ES2017_039,Sabates grosses,MPF
ES2017_040,Pasaje al amanecer,DRA
ES2017_041,Brava,DRA
ES2017_042,Garantía personal,THR
ES2017_043,Las heridas del viento,DRA
ES2017_044,Esquece Monelos,DPO
ES2017_045,La familia - Dementia,COM
ES2017_045,La familia - Dementia,DRA
ES2017_046,Llueven vacas,DRA
ES2017_047,Stop Over in Hell,WES
ES2017_047,Stop Over in Hell,HOR
ES2017_048,"Luna grande, un tango por García Lorca",DPA
ES2017_048,"Luna grande, un tango por García Lorca",DPE
ES2017_049,Bajo la Rosa,DRA
ES2017_049,Bajo la Rosa,THR
ES2017_050,Mi vida entre las hormigas,DPA
ES2017_050,Mi vida entre las hormigas,MUS
ES2017_051,Alberto García-Alix. La línea de sombra,DPA
ES2017_051,Alberto García-Alix. La línea de sombra,DPO
ES2017_051,Alberto García-Alix. La línea de sombra,ROA
ES2017_052,"Los Secretos, una vida a tu lado",DPA
ES2017_052,"Los Secretos, una vida a tu lado",MUS
ES2017_052,"Los Secretos, una vida a tu lado",BIO
ES2017_053,Capturar: Las 1001 novias,ROM
ES2017_053,Capturar: Las 1001 novias,COM
ES2017_053,Capturar: Las 1001 novias,MET
ES2017_054,"Pau, la força d'un silenci",BIO
ES2017_054,"Pau, la força d'un silenci",MUS
ES2017_054,"Pau, la força d'un silenci",HIS
ES2017_054,"Pau, la força d'un silenci",DRA
ES2017_055,Cosmética Terror,COM
ES2017_055,Cosmética Terror,HOR
ES2017_055,Cosmética Terror,FAN
ES2017_056,Donde el bosque se espesa,DRA
ES2017_056,Donde el bosque se espesa,HIS
ES2017_056,Donde el bosque se espesa,EXP
ES2017_057,Herederos de la bestia,DPA
ES2017_057,Herederos de la bestia,MET
ES2017_058,Alumbrar: Las 1001 novias,ROM
ES2017_058,Alumbrar: Las 1001 novias,COM
ES2017_058,Alumbrar: Las 1001 novias,MET
ES2017_058,Alumbrar: Las 1001 novias,ROA
ES2017_059,Fátima o el Parque de la Fraternidad,DRA
ES2017_059,Fátima o el Parque de la Fraternidad,ROM
ES2017_060,Cortar: Las 1001 novias,ROM
ES2017_060,Cortar: Las 1001 novias,COM
ES2017_060,Cortar: Las 1001 novias,DRA
ES2017_060,Cortar: Las 1001 novias,MPF
ES2017_061,Luces,DRA
ES2017_061,Luces,MUS
ES2017_061,Luces,SCI
ES2017_061,Luces,THR
ES2017_062,Yerma: Barren,DRA
ES2017_063,El vientre de Europa,EXP
ES2018_068,Santoalla,DPA
ES2018_068,Santoalla,NOI
ES2017_064,Una función para olvidar,DRA
ES2017_065,Lesa humanitat,DPA
ES2017_066,Los pájaros no tienen vértigo,DPO
ES2017_066,Los pájaros no tienen vértigo,DPE
ES2017_066,Los pájaros no tienen vértigo,DRE
ES2017_066,Los pájaros no tienen vértigo,DPA
ES2017_067,Fantasia by Escribà,DOB
ES2017_067,Fantasia by Escribà,DPA
ES2017_068,Dream Songs,DPA
ES2017_069,El último maestro ruso,DPA
GB2016_001,Bridget Jones's Baby,ROM
GB2016_001,Bridget Jones's Baby,COM
GB2016_002,Absolutely Fabulous: The Movie,COM
GB2016_002,Absolutely Fabulous: The Movie,CRI
GB2016_003,Dad's Army,WAR
GB2016_003,Dad's Army,COM
GB2016_004,Eye in the Sky,WAR
GB2016_004,Eye in the Sky,DRA
GB2016_004,Eye in the Sky,THR
GB2016_005,David Brent: Life on the Road,MOC
GB2016_005,David Brent: Life on the Road,COM
GB2016_005,David Brent: Life on the Road,MUS
GB2016_006,Florence Foster Jenkins,BIO
GB2016_006,Florence Foster Jenkins,COM
GB2016_006,Florence Foster Jenkins,MUS
GB2016_006,Florence Foster Jenkins,DRA
GB2016_007,"I, Daniel Blake",DRA
GB2016_008,The Girl with All the Gifts,DYS
GB2016_008,The Girl with All the Gifts,SCI
GB2016_008,The Girl with All the Gifts,HOR
GB2016_008,The Girl with All the Gifts,ACT
GB2016_008,The Girl with All the Gifts,COA
GB2017_071,A Quiet Passion,BIO
GB2017_071,A Quiet Passion,DRA
GB2016_009,My feral heart,DRA
GB2016_010,Versus: The Life and Films of Ken Loach,DPA
GB2016_010,Versus: The Life and Films of Ken Loach,MET
GB2016_011,Our Kind of Traitor,SPY
GB2016_011,Our Kind of Traitor,THR
GB2016_011,Our Kind of Traitor,ACT
GB2016_012,Where You're Meant to be,DOB
GB2016_012,Where You're Meant to be,ROA
GB2016_012,Where You're Meant to be,MUS
GB2016_013,Golden Years,COM
GB2016_013,Golden Years,HEI
GB2016_014,Despite the Falling Snow,SPY
GB2016_014,Despite the Falling Snow,ROM
GB2016_014,Despite the Falling Snow,THR
GB2016_015,Fantastic Beasts and Where to Find Them,FAN
GB2016_015,Fantastic Beasts and Where to Find Them,ADV
GB2016_016,Grimsby,ACT
GB2016_016,Grimsby,COM
GB2016_016,Grimsby,SPY
GB2016_017,Eddie the Eagle,COM
GB2016_017,Eddie the Eagle,DRA
GB2016_017,Eddie the Eagle,BIO
GB2016_017,Eddie the Eagle,SPO
GB2016_018,A Street Cat Named Bob,BIO
GB2016_018,A Street Cat Named Bob,DRA
GB2016_019,Love & Friendship,HIS
GB2016_019,Love & Friendship,DRA
GB2016_019,Love & Friendship,ROM
GB2016_019,Love & Friendship,COM
GB2016_020,High-Rise,SCI
GB2016_020,High-Rise,COM
GB2016_020,High-Rise,DRA
GB2016_020,High-Rise,DYS
GB2017_072,The Autopsy of Jane Doe,HOR
GB2017_072,The Autopsy of Jane Doe,THR
GB2016_021,Swallows and Amazons,ADV
GB2016_021,Swallows and Amazons,CHI
GB2016_021,Swallows and Amazons,DRA
GB2017_073,This Beautiful Fantastic,DRA
GB2017_073,This Beautiful Fantastic,ROM
GB2017_073,This Beautiful Fantastic,COM
GB2016_022,War on Everyone,ACT
GB2016_022,War on Everyone,CRI
GB2016_022,War on Everyone,COM
GB2016_023,Born to Be Blue,BIO
GB2016_023,Born to Be Blue,MUS
GB2016_023,Born to Be Blue,DRA
GB2016_024,One More Time with Feeling,DPE
GB2016_024,One More Time with Feeling,MUS
GB2016_025,Alan Bennett's Diaries,DPA
GB2016_026,Ali and Nino,DRA
GB2016_026,Ali and Nino,ROM
GB2016_026,Ali and Nino,WAR
GB2016_026,Ali and Nino,HIS
GB2016_027,The Carer,DRA
GB2016_027,The Carer,COM
GB2016_028,The Ones Below,DRA
GB2016_028,The Ones Below,THR
GB2016_029,Remainder,THR
GB2016_030,Mum's List,DRA
GB2016_031,Ethel & Ernest,DRA
GB2016_031,Ethel & Ernest,BIO
GB2016_032,Departure,DRA
GB2016_032,Departure,ROM
GB2016_032,Departure,COA
GB2016_033,Revolution: New Art for a New World,DPE
GB2016_034,Adult Life Skills,COM
GB2016_034,Adult Life Skills,DRA
GB2016_034,Adult Life Skills,COA
GB2016_035,Burn Burn Burn,ROA
GB2016_035,Burn Burn Burn,COM
GB2016_035,Burn Burn Burn,DRA
GB2016_036,Starfish,DRA
GB2017_074,We Are X,DPA
GB2017_074,We Are X,MUS
GB2016_037,I Am Belfast,DPE
GB2016_075,The Seasons in Quincy: Four Portraits of John Berger,DPE
GB2016_075,The Seasons in Quincy: Four Portraits of John Berger,DPA
GB2016_038,The Last Man On The Moon,DPA
GB2016_038,The Last Man On The Moon,BIO
GB2016_039,The Coming War on China,DPE
GB2016_040,ChickLit,COM
GB2016_041,Love Is Thicker Than Water,DRA
GB2016_041,Love Is Thicker Than Water,COM
GB2016_041,Love Is Thicker Than Water,ROM
GB2016_042,Mom and Me,DPA
GB2016_043,A Plastic Ocean,DPE
GB2016_043,A Plastic Ocean,DPA
GB2016_044,The Weekend,COM
GB2016_045,The Silent Storm,DRA
GB2016_045,The Silent Storm,ROM
GB2016_046,Attacking the Devil: Harold Evans and the Last Nazi War Crime,DPA
GB2016_047,You've Been Trumped Too,DPA
GB2016_048,Uncle Howard,DPE
GB2016_048,Uncle Howard,MET
GB2016_049,100 Streets,DRA
GB2016_050,Bobby,DPA
GB2016_050,Bobby,SPO
GB2016_050,Bobby,BIO
GB2016_051,Chicken,DRA
GB2016_051,Chicken,COA
GB2016_052,K-Shop,HOR
GB2016_053,Breaking the Bank,COM
GB2016_054,Orthodox,DRA
GB2016_054,Orthodox,CRI
GB2017_076,Detour,ACT
GB2017_076,Detour,THR
GB2016_055,Don't Hang Up,HOR
GB2016_056,Kill Command,SCI
GB2016_056,Kill Command,ACT
GB2016_056,Kill Command,THR
GB2016_057,Into the Inferno,DPE
GB2016_058,The Truth Commissioner,THR
GB2016_059,The Darkest Universe,DRA
GB2016_060,Plan Z,HOR
GB2016_061,Gangsters Gamblers Geezers,COM
GB2016_061,Gangsters Gamblers Geezers,CRI
GB2016_062,Molly Moon and the Incredible Book of Hypnotism,FAN
GB2016_062,Molly Moon and the Incredible Book of Hypnotism,CHI
GB2016_062,Molly Moon and the Incredible Book of Hypnotism,ADV
GB2016_063,Blood Orange,THR
GB2016_064,Breakdown,ACT
GB2016_064,Breakdown,CRI
GB2017_077,Chosen,HIS
GB2017_077,Chosen,WAR
GB2017_077,Chosen,DRA
GB2016_065,Norfolk,DRA
GB2016_065,Norfolk,THR
GB2016_065,Norfolk,COA
ES2016_001,A Monster Calls,DRA
ES2016_001,A Monster Calls,FAN
ES2016_002,Cien años de perdón,THR
ES2016_002,Cien años de perdón,HEI
ES2016_002,Cien años de perdón,ACT
ES2016_003,Contratiempo,THR
ES2016_004,El hombre de las mil caras,THR
ES2016_004,El hombre de las mil caras,SPY
ES2016_004,El hombre de las mil caras,HIS
ES2016_005,Julieta,DRA
ES2016_006,El pregón,COM
ES2016_006,El pregón,MUS
ES2016_007,100 metros,DRA
ES2016_007,100 metros,COM
ES2016_007,100 metros,BIO
ES2016_007,100 metros,SPO
ES2016_008,Toro,THR
ES2016_008,Toro,ACT
ES2016_008,Toro,CRI
ES2016_009,Que Dios nos perdone,NOI
ES2016_009,Que Dios nos perdone,DTH
ES2016_010,Tenemos que hablar,ROM
ES2016_010,Tenemos que hablar,COM
ES2016_011,La reina de España,COM
ES2016_011,La reina de España,HIS
ES2016_011,La reina de España,MET
ES2016_012,La corona partida,HIS
ES2016_012,La corona partida,DRA
ES2016_012,La corona partida,BIO
ES2016_013,María (y los demás),COM
ES2016_013,María (y los demás),DRA
ES2016_014,La puerta abierta,DRA
ES2016_015,El elegido,HIS
ES2016_015,El elegido,THR
ES2016_015,El elegido,BIO
ES2016_016,Nacida para ganar,COM
ES2016_017,Rumbos,MPF
ES2016_017,Rumbos,DRA
ES2016_017,Rumbos,COM
ES2016_017,Rumbos,ROM
ES2016_018,El futuro ya no es lo que era,COM
ES2016_018,El futuro ya no es lo que era,DRA
ES2016_019,Las furias,DRA
ES2016_020,"Política, manual de instrucciones",DOB
ES2016_021,Quatretondeta,ROA
ES2016_021,Quatretondeta,COM
ES2016_021,Quatretondeta,DRA
ES2016_021,Quatretondeta,WES
ES2016_022,Villaviciosa de al lado,COM
ES2016_023,"Señor, dame paciencia",COM
ES2016_023,"Señor, dame paciencia",ROA
ES2016_024,Tini: El gran cambio de Violetta,COA
ES2016_024,Tini: El gran cambio de Violetta,MUS
ES2016_024,Tini: El gran cambio de Violetta,ROM
ES2016_025,Cuerpo de élite,COM
ES2016_025,Cuerpo de élite,ACT
ES2016_026,El olivo,DRA
ES2016_026,El olivo,ROA
ES2016_027,Zipi y Zape y la Isla del Capitán,ADV
ES2016_027,Zipi y Zape y la Isla del Capitán,CHI
ES2016_027,Zipi y Zape y la Isla del Capitán,FAN
ES2016_028,1898. Los últimos de Filipinas,WAR
ES2016_028,1898. Los últimos de Filipinas,HIS
ES2016_028,1898. Los últimos de Filipinas,BIO
ES2016_029,Embarazados,ROM
ES2016_029,Embarazados,COM
ES2016_030,Plan de fuga,CRI
ES2016_030,Plan de fuga,THR
ES2016_030,Plan de fuga,HEI
ES2016_031,Secuestro,THR
ES2016_031,Secuestro,CRI
ES2016_032,My Bakery in Brooklyn,COM
ES2016_032,My Bakery in Brooklyn,ROM
ES2016_033,Gernika,DRA
ES2016_033,Gernika,HIS
ES2016_033,Gernika,ROM
ES2016_033,Gernika,WAR
ES2016_034,La punta del iceberg,THR
ES2016_034,La punta del iceberg,NOI
ES2017_070,Mimosas,WES
ES2017_070,Mimosas,ADV
ES2017_070,Mimosas,DRA
ES2016_035,Pixi Post eta opari-emaileak,CHI
ES2016_035,Pixi Post eta opari-emaileak,FAN
ES2016_035,Pixi Post eta opari-emaileak,ADV
ES2016_036,El último traje,DRA
ES2016_037,Vientos de la Habana,NOI
ES2016_037,Vientos de la Habana,DTH
ES2016_037,Vientos de la Habana,ROM
ES2016_038,Igelak,COM
ES2016_038,Igelak,CRI
ES2016_039,Frágil equilibrio,DPA
ES2016_040,Acantilado,THR
ES2016_040,Acantilado,ROM
ES2016_041,In the Same Boat,DPA
ES2016_042,Luz de Soledad,BIO
ES2016_042,Luz de Soledad,DRA
ES2016_043,Cerca de tu casa,DRA
ES2016_043,Cerca de tu casa,MUS
ES2016_044,La isla del viento,BIO
ES2016_045,Migas de pan,DRA
ES2016_046,Todo es de color,ROA
ES2016_046,Todo es de color,DPE
ES2016_046,Todo es de color,MUS
ES2016_047,El tiempo de los monstruos,COM
ES2016_047,El tiempo de los monstruos,MET
ES2016_048,"Oh, quina joia!",COM
ES2016_048,"Oh, quina joia!",MET
ES2016_049,Anomalous,HOR
ES2016_049,Anomalous,THR
ES2016_050,Mi valle,DPA
ES2016_051,Juegos de familia,ROM
ES2016_051,Juegos de familia,DRA
ES2016_051,Juegos de familia,COM
ES2016_052,Julie,DRA
ES2016_053,"Sexo, maracas y chihuahuas",DPA
ES2016_053,"Sexo, maracas y chihuahuas",MUS
ES2016_053,"Sexo, maracas y chihuahuas",BIO
ES2016_054,La millor opció,DRA
ES2016_054,La millor opció,COA
ES2016_055,Oleg y las raras artes,DPA
ES2016_056,Re-emigrantes,COM
ES2016_057,"Joana Biarnés, una entre tots",DPA
ES2016_057,"Joana Biarnés, una entre tots",BIO
ES2016_058,Todo mujer,DRA
ES2016_059,Bombay Goa Express,DRA
ES2016_059,Bombay Goa Express,ROA
ES2016_060,249. La noche en que una becaria encontró a Emiliano Revilla,THR
ES2016_061,Sacramento,COM
ES2016_061,Sacramento,MET
ES2016_062,Rumba Tres: De ida y vuelta,DPA
ES2016_062,Rumba Tres: De ida y vuelta,MUS
ES2016_063,The Second Act of Elliott Murphy,DPA
ES2016_063,The Second Act of Elliott Murphy,MUS
ES2016_064,La mayor locura,DPA
ES2016_065,Club de Reyes,DPA
ES2016_066,L'Ovidi: El making of de la pel·lícula que mai es va fer,DPE
ES2016_066,L'Ovidi: El making of de la pel·lícula que mai es va fer,MET
ES2016_067,Playing Lecuona,DPA
ES2016_067,Playing Lecuona,DPE
ES2016_067,Playing Lecuona,MUS
ES2016_068,La Ama,THR
ES2016_069,Bienvenido Mr. Heston,DPA
ES2016_069,Bienvenido Mr. Heston,DPE
ES2016_069,Bienvenido Mr. Heston,MET
ES2016_070,"Cervantes, la búsqueda",DPA
ES2016_070,"Cervantes, la búsqueda",HIS
ES2016_071,María conversa,DPA
ES2016_071,María conversa,DOB
ES2016_072,Querida Gina,DOB
ES2016_072,Querida Gina,MET
ES2016_072,Querida Gina,ROA
ES2016_073,El manuscrito Vindel,DRA
ES2016_073,El manuscrito Vindel,HIS
ES2016_073,El manuscrito Vindel,BIO
ES2016_074,Relaxing Cup of Coffee,COM
ES2016_074,Relaxing Cup of Coffee,CRI
ES2016_075,"Matilde Coral, acariciando el aire",DPA
ES2016_075,"Matilde Coral, acariciando el aire",MUS
ES2016_076,Robert Llimós: Art i ovnis,DPA
ES2016_077,"Miguel Picazo, un cineasta extramuros",DPA
ES2016_077,"Miguel Picazo, un cineasta extramuros",MET
ES2016_078,7 años,DRA
ES2016_078,7 años,THR
ES2016_079,El País con la Constitución,DPA
GB2015_001,Spectre,SPY
GB2015_001,Spectre,ACT
GB2015_001,Spectre,THR
GB2015_002,Kingsman: The Secret Service,ACT
GB2015_002,Kingsman: The Secret Service,SPY
GB2015_002,Kingsman: The Secret Service,THR
GB2015_002,Kingsman: The Secret Service,COM
GB2015_003,The Second Best Marigold Exotic Hotel,COM
GB2015_003,The Second Best Marigold Exotic Hotel,DRA
GB2015_003,The Second Best Marigold Exotic Hotel,ROM
GB2015_004,The Lady in the Van,COM
GB2015_004,The Lady in the Van,DRA
GB2015_004,The Lady in the Van,BIO
GB2015_005,Suffragette,DRA
GB2015_005,Suffragette,HIS
GB2015_005,Suffragette,BIO
GB2015_006,Brooklyn,DRA
GB2015_006,Brooklyn,ROM
GB2015_006,Brooklyn,HIS
GB2015_007,Woman in Gold,BIO
GB2015_007,Woman in Gold,DRA
GB2015_007,Woman in Gold,HIS
GB2015_008,Mr Holmes,DTH
GB2015_008,Mr Holmes,DRA
GB2015_009,45 years,DRA
GB2015_009,45 years,ROM
GB2015_010,A little chaos,DRA
GB2015_010,A little chaos,ROM
GB2015_010,A little chaos,HIS
GB2015_011,Sunset Song,DRA
GB2015_011,Sunset Song,HIS
GB2015_012,Dark Horse,SPO
GB2015_012,Dark Horse,DPA
GB2015_013,Miss You Already,COM
GB2015_013,Miss You Already,DRA
GB2016_065,Antigang,ACT
GB2016_065,Antigang,THR
GB2016_065,Antigang,DTH
GB2016_065,Antigang,CRI
GB2015_014,The Program,BIO
GB2015_014,The Program,SPO
GB2015_014,The Program,DRA
GB2015_015,Man Up,ROM
GB2015_015,Man Up,COM
GB2015_016,Life,BIO
GB2015_016,Life,DRA
GB2015_016,Life,MET
GB2015_017,The Legend of Barney Thomson,COM
GB2015_017,The Legend of Barney Thomson,CRI
GB2015_018,London Road,MUS
GB2015_018,London Road,CRI
GB2015_018,London Road,DRA
GB2015_019,Hector,DRA
GB2015_020,Catch Me Daddy,DRA
GB2015_020,Catch Me Daddy,THR
GB2015_021,Testament of Youth,DRA
GB2015_021,Testament of Youth,ROM
GB2015_021,Testament of Youth,HIS
GB2015_021,Testament of Youth,WAR
GB2015_022,Second coming,DRA
GB2015_023,Suite Française,ROM
GB2015_023,Suite Française,HIS
GB2015_023,Suite Française,DRA
GB2015_023,Suite Française,WAR
GB2015_024,Roger Waters: The Wall,MUS
GB2015_024,Roger Waters: The Wall,DPE
GB2015_025,Robot Overlords,ACT
GB2015_025,Robot Overlords,ADV
GB2015_025,Robot Overlords,SCI
GB2015_026,Radiator,COM
GB2015_026,Radiator,DRA
GB2016_066,The Danish Girl,DRA
GB2016_066,The Danish Girl,ROM
GB2016_066,The Danish Girl,BIO
GB2015_027,Legend,CRI
GB2015_027,Legend,BIO
GB2015_027,Legend,THR
GB2015_028,Far from the Madding Crowd,HIS
GB2015_028,Far from the Madding Crowd,DRA
GB2015_028,Far from the Madding Crowd,ROM
GB2015_029,Macbeth,DRA
GB2015_029,Macbeth,WAR
GB2015_029,Macbeth,HIS
GB2015_030,Absolutely Anything,COM
GB2015_030,Absolutely Anything,SCI
GB2015_031,Spooks: The Greater Good,ACT
GB2015_031,Spooks: The Greater Good,SPY
GB2015_031,Spooks: The Greater Good,THR
GB2015_032,A Royal Night Out,DRA
GB2015_032,A Royal Night Out,ROM
GB2015_032,A Royal Night Out,COM
GB2015_032,A Royal Night Out,HIS
GB2015_033,Thomas & Friends: Sodor's Legend of the Lost Treasure,ADV
GB2015_033,Thomas & Friends: Sodor's Legend of the Lost Treasure,CHI
GB2015_034,The Falling,THR
GB2015_034,The Falling,COA
GB2015_035,Howl,HOR
GB2015_036,How to Change the World,DPA
GB2015_037,A Christmas Star,COM
GB2015_037,A Christmas Star,DRA
GB2015_037,A Christmas Star,CHI
GB2015_038,The D Train,COM
GB2015_038,The D Train,DRA
GB2015_039,I Believe in Miracles,SPO
GB2015_039,I Believe in Miracles,DPA
GB2016_067,The Survivalist,THR
GB2016_067,The Survivalist,DYS
GB2015_040,Tin,DRA
GB2015_040,Tin,HIS
GB2015_041,Amar Akbar & Tony,ROM
GB2015_041,Amar Akbar & Tony,COM
GB2015_041,Amar Akbar & Tony,DRA
GB2015_041,Amar Akbar & Tony,MUS
GB2015_042,The Ecstasy of Wilko Johnson,DPA
GB2015_042,The Ecstasy of Wilko Johnson,MUS
GB2015_043,My Nazi Legacy,DPA
GB2015_044,Nina Forever,COM
GB2015_044,Nina Forever,ROM
GB2015_044,Nina Forever,HOR
GB2015_045,Dartmoor Killing,THR
GB2015_045,Dartmoor Killing,ROM
GB2015_046,The Honourable Rebel,SPY
GB2015_046,The Honourable Rebel,BIO
GB2015_047,Filmovy dobrodruh Karel Zeman,MET
GB2015_047,Filmovy dobrodruh Karel Zeman,DPA
GB2015_047,Filmovy dobrodruh Karel Zeman,DPE
GB2015_048,Chuck Norris vs. Communism,MET
GB2015_048,Chuck Norris vs. Communism,DPA
GB2015_048,Chuck Norris vs. Communism,DPE
GB2015_048,Chuck Norris vs. Communism,THR
GB2015_049,SuperBob,COM
GB2015_049,SuperBob,SUP
GB2015_049,SuperBob,ACT
GB2015_050,Honour Killing,DRA
GB2015_051,Bypass,DRA
GB2015_051,Bypass,THR
GB2015_051,Bypass,COA
GB2015_052,By Our Selves,EXP
GB2015_052,By Our Selves,DPE
GB2015_052,By Our Selves,DPO
GB2015_053,A Dark Reflection,THR
GB2015_054,Still,THR
GB2018_076,Where Do We Go From Here?,ROM
GB2018_076,Where Do We Go From Here?,COM
GB2018_076,Where Do We Go From Here?,ROA
GB2015_055,Aaaaaaaah!,COM
GB2015_055,Aaaaaaaah!,THR
GB2015_055,Aaaaaaaah!,SCI
GB2015_056,Tales of the Grim Sleeper,DPA
GB2015_056,Tales of the Grim Sleeper,DPE
GB2015_056,Tales of the Grim Sleeper,DTH
GB2015_056,Tales of the Grim Sleeper,NOI
GB2015_057,The Last Sparks of Sundown,COM
GB2015_058,Dreams Rewired,MET
GB2015_058,Dreams Rewired,DPO
GB2015_059,Peterman,CRI
GB2015_059,Peterman,DRA
GB2015_059,Peterman,THR
GB2015_060,The First Film,MET
GB2015_060,The First Film,DPE
GB2015_061,Pleasure Island,CRI
GB2015_061,Pleasure Island,THR
GB2015_061,Pleasure Island,ACT
GB2015_062,Narcopolis,THR
GB2015_062,Narcopolis,ACT
GB2015_062,Narcopolis,SCI
GB2015_062,Narcopolis,NOI
GB2015_062,Narcopolis,DYS
GB2015_063,Elstree 1976,MET
GB2015_063,Elstree 1977,DPA
GB2015_064,A Dozen Summers,DRA
GB2015_064,A Dozen Summers,COM
GB2015_064,A Dozen Summers,COA
GB2015_065,The Closer We Get,DPE
GB2015_066,"To Be Frank, Sinatra at 100",MUS
GB2015_066,"To Be Frank, Sinatra at 100",DPA
GB2015_066,"To Be Frank, Sinatra at 100",BIO
GB2015_067,Katherine of Alexandria,BIO
GB2015_067,Katherine of Alexandria,DRA
GB2015_067,Katherine of Alexandria,HIS
GB2015_067,Katherine of Alexandria,WAR
GB2015_068,Hustlers Convention,DPA
GB2015_068,Hustlers Convention,MUS
GB2015_069,Convenience,COM
GB2015_069,Convenience,HEI
GB2015_070,North v South,THR
GB2015_070,North v South,CRI
GB2015_070,North v South,ROM
GB2015_070,North v South,ACT
GB2015_071,Born of War,ACT
GB2015_071,Born of War,THR
GB2015_071,Born of War,SPY
GB2015_072,Solitary,DRA
GB2015_073,Unhallowed Ground,HOR
GB2015_074,Blood Moon,HOR
GB2015_074,Blood Moon,WES
GB2015_075,Residue,THR
GB2015_075,Residue,SCI
GB2015_075,Residue,HOR
GB2015_076,Leading Lady,COM
GB2015_076,Leading Lady,ROM
GB2015_076,Leading Lady,MET
GB2015_077,Age of Kill,ACT
GB2015_077,Age of Kill,THR
ES2015_001,Ocho apellidos catalanes,ROM
ES2015_001,Ocho apellidos catalanes,COM
ES2015_002,Perdiendo el Norte,COM
ES2015_003,Palmeras en la nieve,DRA
ES2015_003,Palmeras en la nieve,ROM
ES2015_003,Palmeras en la nieve,HIS
ES2015_004,Truman,COM
ES2015_004,Truman,DRA
ES2015_005,Anacleto: Agente Secreto,COM
ES2015_005,Anacleto: Agente Secreto,ACT
ES2015_005,Anacleto: Agente Secreto,SPY
ES2015_005,Anacleto: Agente Secreto,THR
ES2015_006,Mi gran noche,COM
ES2015_006,Mi gran noche,ROM
ES2015_006,Mi gran noche,MET
ES2015_006,Mi gran noche,MUS
ES2015_007,A perfect day,COM
ES2015_007,A perfect day,DRA
ES2015_007,A perfect day,WAR
ES2015_008,Rey Gitano,COM
ES2015_008,Rey Gitano,ACT
ES2015_008,Rey Gitano,DTH
ES2015_009,A cambio de nada,DRA
ES2015_009,A cambio de nada,COA
ES2015_010,La novia,DRA
ES2015_010,La novia,ROM
ES2015_011,I am your father,DPE
ES2015_011,I am your father,DPA
ES2015_011,I am your father,MET
ES2015_012,Amama,DRA
ES2015_013,Pikadero,DRA
ES2015_013,Pikadero,COM
ES2015_013,Pikadero,ROM
ES2015_014,Barcelona nit d'hivern,ROM
ES2015_014,Barcelona nit d'hivern,COM
ES2015_014,Barcelona nit d'hivern,MPF
ES2015_015,Bendita calamidad,COM
ES2015_015,Bendita calamidad,ROA
ES2015_016,Isla Bonita,ROM
ES2015_016,Isla Bonita,COM
ES2015_017,Hablar,COM
ES2015_017,Hablar,DRA
ES2015_017,Hablar,MPF
ES2015_018,Regression,CRI
ES2015_018,Regression,DTH
ES2015_018,Regression,DRA
ES2015_019,Ahora o nunca,ROM
ES2015_019,Ahora o nunca,COM
ES2015_020,La final,ROM
ES2015_020,La final,COM
ES2015_020,La final,SPO
ES2015_021,Francisco - El Padre Jorge,BIO
ES2015_021,Francisco - El Padre Jorge,DRA
ES2015_022,La playa de los ahogados,DTH
ES2015_023,Nadie quiere la noche,DRA
ES2015_023,Nadie quiere la noche,ADV
ES2015_023,Nadie quiere la noche,HIS
ES2015_024,Incidencias,COM
ES2015_024,Incidencias,THR
ES2015_025,Summer Camp,HOR
ES2015_026,La espina de Dios,HIS
ES2015_026,La espina de Dios,BIO
ES2015_027,L'adopció,DRA
ES2015_028,Techo y comida,DRA
ES2015_029,Un otoño sin Berlín,DRA
ES2015_029,Un otoño sin Berlín,ROM
ES2015_030,Lejos del mar,DRA
ES2015_030,Lejos del mar,THR
ES2015_031,Barça Dreams,DPA
ES2015_031,Barça Dreams,SPO
ES2015_032,B,DRA
ES2015_032,B,CRI
ES2015_033,El apóstata,COM
ES2015_034,El clan,CRI
ES2015_034,El clan,THR
ES2015_034,El clan,ACT
ES2015_034,El clan,HIS
ES2015_035,De chica en chica,ROM
ES2015_035,De chica en chica,COM
ES2015_036,"Gabo, la creación de Gabriel García Márquez",DPA
ES2015_036,"Gabo, la creación de Gabriel García Márquez",BIO
ES2015_037,Sicarivs: La noche y el silencio,THR
ES2015_037,Sicarivs: La noche y el silencio,NOI
ES2015_037,Sicarivs: La noche y el silencio,ACT
ES2015_037,Sicarivs: La noche y el silencio,CRI
ES2015_038,"Cola, Colita, Colassa",DOB
ES2015_039,El país del miedo,THR
ES2015_040,Txarriboda,DTH
ES2015_040,Txarriboda,THR
ES2015_040,Txarriboda,NOI
ES2015_040,Txarriboda,CRI
ES2015_041,Tercer grado,THR
ES2015_041,Tercer grado,ACT
ES2015_041,Tercer grado,CRI
ES2015_041,Tercer grado,ROM
ES2015_041,Tercer grado,HEI
ES2015_042,Vulcania,THR
ES2015_042,Vulcania,DYS
ES2015_042,Vulcania,FAN
ES2015_043,Las aventuras de Moriana,COM
ES2015_043,Las aventuras de Moriana,MET
ES2015_044,El somni català,HIS
ES2015_044,El somni català,DPE
ES2015_044,El somni català,DPO
ES2015_045,Vampyres,HOR
ES2015_046,Capa Caída,COM
ES2015_046,Capa Caída,DRA
ES2015_046,Capa Caída,SUP
ES2015_046,Capa Caída,MET
ES2015_047,Rocco tiene tu nombre,FAN
ES2015_047,Rocco tiene tu nombre,DRA
ES2015_047,Rocco tiene tu nombre,THR
ES2015_048,O futebol,DPE
ES2015_048,O futebol,SPO
ES2015_049,No todo es vigilia,DOB
ES2015_049,No todo es vigilia,DPO
ES2015_050,Tras Nazarin: Following Nazarin,MET
ES2015_050,Tras Nazarin: Following Nazarin,DPA
ES2015_051,Cuento de verano,COM
ES2015_052,El violín de piedra,DRA
ES2015_053,L'artèria invisible,DRA
ES2015_054,L'assaig,COM
ES2015_054,L'assaig,DRA
ES2015_055,Sacristán: delantera de gallinero,DPA
ES2015_055,Sacristán: delantera de gallinero,BIO
ES2015_055,Sacristán: delantera de gallinero,MET
ES2015_056,El Señor Manolo,ACT
ES2015_056,El Señor Manolo,COM
ES2015_057,Darrera la porta,DRA
ES2015_058,Queridos monstruos,MET
ES2015_058,Queridos monstruos,DPA
GB2014_001,Mr. Turner,BIO
GB2014_001,Mr. Turner,HIS
GB2014_001,Mr. Turner,DRA
GB2014_002,"20,000 days on Earth",MUS
GB2014_002,"20,000 days on Earth",DPE
GB2014_003,Pride,COM
GB2014_003,Pride,DRA
GB2014_003,Pride,HIS
GB2014_003,Pride,COA
GB2014_004,Lilting,DRA
GB2014_004,Lilting,ROM
GB2014_005,Northern Soul,DRA
GB2014_005,Northern Soul,MUS
GB2014_006,Paddington,CHI
GB2014_006,Paddington,ADV
GB2014_006,Paddington,COM
GB2014_007,Hockney,DPA
GB2014_008,Belle,HIS
GB2014_008,Belle,DRA
GB2014_008,Belle,ROM
GB2014_009,Frank,COM
GB2014_009,Frank,DRA
GB2014_009,Frank,MUS
GB2014_010,Night Will Fall,HIS
GB2014_010,Night Will Fall,DPA
GB2014_010,Night Will Fall,DEX
GB2014_010,Night Will Fall,WAR
GB2014_011,Mrs. Brown's Boys D'Movie,COM
GB2014_012,"Nativity 3: Dude, where's my donkey?",COM
GB2014_012,"Nativity 3: Dude, where's my donkey?",CHI
GB2014_013,The Two Faces of January,THR
GB2014_013,The Two Faces of January,CRI
GB2014_013,The Two Faces of January,ROM
GB2014_014,What We Did On Our Holiday,COM
GB2014_014,What We Did On Our Holiday,CHI
GB2014_015,Jimmy's Hall,HIS
GB2014_015,Jimmy's Hall,BIO
GB2014_015,Jimmy's Hall,DRA
GB2014_016,A Long Way Down,COM
GB2014_016,A Long Way Down,DRA
GB2014_017,My Old Lady,COM
GB2014_017,My Old Lady,DRA
GB2014_017,My Old Lady,ROM
GB2014_018,Get Santa,COM
GB2014_018,Get Santa,CHI
GB2014_018,Get Santa,FAN
GB2015_078,Trash,THR
GB2015_078,Trash,CRI
GB2015_078,Trash,COA
GB2014_019,Cuban Fury,ROM
GB2014_019,Cuban Fury,COM
GB2014_019,Cuban Fury,SPO
GB2014_020,Pudsey the Dog: The Movie,COM
GB2014_020,Pudsey the Dog: The Movie,CHI
GB2014_021,Effie Gray,HIS
GB2014_021,Effie Gray,DRA
GB2014_021,Effie Gray,ROM
GB2016_068,Desert Dancer,BIO
GB2016_068,Desert Dancer,DRA
GB2016_068,Desert Dancer,MUS
GB2014_022,The Guvnors,CRI
GB2014_022,The Guvnors,THR
GB2014_023,Stilll the Enemy Within,HIS
GB2014_023,Stilll the Enemy Within,DPA
GB2014_024,The Anomaly,SCI
GB2014_024,The Anomaly,THR
GB2014_024,The Anomaly,ACT
GB2014_025,An Brontannas,THR
GB2014_026,The Double,COM
GB2014_026,The Double,DRA
GB2014_026,The Double,THR
GB2014_026,The Double,SCI
GB2014_027,The Machine,SCI
GB2014_027,The Machine,THR
GB2014_027,The Machine,ACT
GB2014_028,The Zero Theorem,SCI
GB2014_028,The Zero Theorem,DYS
GB2014_028,The Zero Theorem,COM
GB2014_028,The Zero Theorem,DRA
GB2014_028,The Zero Theorem,ROM
GB2014_029,For No Good Reason,DPA
GB2015_079,The Theory of Everything,DRA
GB2015_079,The Theory of Everything,BIO
GB2014_030,The Love Punch,COM
GB2014_030,The Love Punch,ROM
GB2014_030,The Love Punch,HEI
GB2014_031,Postman Pat: The Movie,CHI
GB2014_031,Postman Pat: The Movie,COM
GB2014_032,Hermitage Revealed,DPE
GB2014_033,Road,DPA
GB2014_033,Road,SPO
GB2014_033,Road,DEX
GB2014_034,Ironclad: Battle for Blood,WAR
GB2014_034,Ironclad: Battle for Blood,HIS
GB2014_034,Ironclad: Battle for Blood,ACT
GB2014_035,Tony Benn: Will and Testament,BIO
GB2014_035,Tony Benn: Will and Testament,DPA
GB2014_036,One Night in Istanbul,COM
GB2014_036,One Night in Istanbul,SPO
GB2014_037,The Possibilities Are Endless,DPO
GB2014_038,Set Fire to the Stars,BIO
GB2014_038,Set Fire to the Stars,DRA
GB2014_039,In Search of Chopin,MUS
GB2014_039,In Search of Chopin,DOB
GB2014_039,In Search of Chopin,DEX
GB2014_040,How We Used to Live,DEX
GB2014_041,I Am Ali,SPO
GB2014_041,I Am Ali,DPA
GB2014_041,I Am Ali,BIO
GB2014_042,Dexys: Nowhere Is Home,DPA
GB2014_042,Dexys: Nowhere Is Home,DOB
GB2014_042,Dexys: Nowhere Is Home,MUS
GB2014_043,Svengali,MUS
GB2014_043,Svengali,COM
GB2014_044,Looking for Light: Jane Bown,DPA
GB2014_045,A Dangerous Game,DPA
GB2014_046,Believe,SPO
GB2014_046,Believe,DRA
GB2014_046,Believe,COA
GB2014_047,Journey to Le Mans,SPO
GB2014_047,Journey to Le Mans,DPA
GB2014_048,Back to the Garden,DRA
GB2014_049,Common People,DRA
GB2014_049,Common People,COM
GB2014_049,Common People,MPF
GB2014_050,Bonobo,DRA
GB2014_050,Bonobo,COM
GB2014_051,Genesis: Together and Apart,MUS
GB2014_051,Genesis: Together and Apart,DPA
GB2014_052,Luna,DRA
GB2014_052,Luna,FAN
GB2014_053,The Borderlands,HOR
GB2014_054,Bette Bourne: It Goes with the Shoes,DPE
GB2014_054,Bette Bourne: It Goes with the Shoes,BIO
GB2014_055,Almost Married,COM
GB2014_055,Almost Married,ROM
GB2014_056,We Are the Freaks,COA
GB2014_056,We Are the Freaks,COM
GB2014_057,Hello Carter,COM
GB2014_057,Hello Carter,DRA
GB2014_058,We Still Kill the Old Way,CRI
GB2014_058,We Still Kill the Old Way,THR
GB2014_058,We Still Kill the Old Way,ACT
GB2014_058,We Still Kill the Old Way,COM
GB2014_059,The Last Showing,HOR
GB2014_059,The Last Showing,THR
GB2014_059,The Last Showing,MET
GB2014_060,Scar Tissue,THR
GB2014_061,The Sleeping Room,HOR
ES2014_001,Negociador,COM
ES2014_001,Negociador,HIS
ES2014_002,Torrente 5: Operación Eurovegas,ACT
ES2014_002,Torrente 5: Operación Eurovegas,COM
ES2014_002,Torrente 5: Operación Eurovegas,HEI
ES2014_003,Carmina y amén.,COM
ES2014_003,Carmina y amén.,DRA
ES2014_004,[REC] 4: Apocalipsis,HOR
ES2014_004,[REC] 4: Apocalipsis,ACT
ES2014_004,[REC] 4: Apocalipsis,THR
ES2014_005,Musarañas,DRA
ES2014_005,Musarañas,HOR
ES2014_005,Musarañas,THR
ES2014_006,"2 francos, 40 pesetas",DRA
ES2014_006,"2 francos, 40 pesetas",COM
ES2014_007,Las ovejas no pierden el tren,ROM
ES2014_007,Las ovejas no pierden el tren,COM
ES2014_008,Magical Girl,DRA
ES2014_008,Magical Girl,THR
ES2014_009,Loreak,DRA
ES2014_010,Justi&Cia,DRA
ES2014_010,Justi&Cia,COM
ES2014_011,A escondidas,DRA
ES2014_011,A escondidas,ROM
ES2014_012,Anochece en la India,DRA
ES2014_012,Anochece en la India,ROM
ES2014_012,Anochece en la India,ROA
ES2014_013,Paco de Lucía: La búsqueda,DPA
ES2014_013,Paco de Lucía: La búsqueda,MUS
ES2014_013,Paco de Lucía: La búsqueda,BIO
ES2014_014,Kamikaze,ACT
ES2014_014,Kamikaze,COM
ES2014_014,Kamikaze,DRA
ES2014_015,Solo química,ROM
ES2014_015,Solo química,COM
ES2014_016,Lasa y Zabala,HIS
ES2014_016,Lasa y Zabala,THR
ES2014_017,Mr. Kaplan,COM
ES2014_017,Mr. Kaplan,DRA
ES2014_017,Mr. Kaplan,THR
ES2014_018,Little Galicia,COM
ES2014_019,Fuego,DRA
ES2014_019,Fuego,THR
ES2014_020,Murieron por encima de sus posibilidades,COM
ES2014_020,Murieron por encima de sus posibilidades,THR
ES2014_020,Murieron por encima de sus posibilidades,HEI
ES2014_021,10.000 noches en ninguna parte,DRA
ES2014_022,Another me,COA
ES2014_022,Another me,THR
ES2014_022,Another me,HOR
ES2014_023,Mortadelo y Filemón contra Jimmy el Cachondo,COM
ES2014_023,Mortadelo y Filemón contra Jimmy el Cachondo,ADV
ES2014_023,Mortadelo y Filemón contra Jimmy el Cachondo,SPY
ES2014_023,Mortadelo y Filemón contra Jimmy el Cachondo,CHI
ES2014_024,"Pancho, el perro millonario",CHI
ES2014_024,"Pancho, el perro millonario",COM
ES2014_024,"Pancho, el perro millonario",ADV
ES2014_025,Cómo sobrevivir a una despedida,ROM
ES2014_025,Cómo sobrevivir a una despedida,COM
ES2014_026,Sweet Home,HOR
ES2014_027,Rastres de sàndal,DRA
ES2014_028,La ignorancia de la sangre,THR
ES2014_028,La ignorancia de la sangre,DTH
ES2014_028,La ignorancia de la sangre,ACT
ES2014_029,Por un puñado de besos,DRA
ES2014_029,Por un puñado de besos,ROM
ES2014_030,A Esmorga,DRA
ES2014_031,Messi,DPE
ES2014_031,Messi,DOB
ES2014_031,Messi,SPO
ES2014_031,Messi,BIO
ES2014_032,Asesinos inocentes,THR
ES2014_033,Bajo un manto de estrellas,DRA
ES2014_033,Bajo un manto de estrellas,HIS
ES2014_033,Bajo un manto de estrellas,WAR
ES2014_034,La luz con el tiempo dentro,BIO
ES2014_034,La luz con el tiempo dentro,HIS
ES2014_035,La partida,DRA
ES2014_035,La partida,ROM
ES2014_036,Stella cadente,BIO
ES2014_036,Stella cadente,DRA
ES2014_036,Stella cadente,HIS
ES2014_037,Tres mentiras,THR
ES2014_037,Tres mentiras,DRA
ES2014_038,Pos eso,HOR
ES2014_038,Pos eso,COM
ES2014_039,Mai és tan fosc,DOB
ES2014_040,Cera,HOR
ES2014_040,Cera,MET
ES2014_041,Los tontos y los estúpidos,DRA
ES2014_041,Los tontos y los estúpidos,MET
ES2014_042,Neckan,THR
ES2014_042,Neckan,HIS
ES2014_043,Sonata per a violoncel,DRA
ES2014_043,Sonata per a violoncel,MUS
ES2014_044,Investigación policial,COM
ES2014_044,Investigación policial,DTH
ES2014_044,Investigación policial,ACT
ES2014_044,Investigación policial,NOI
ES2014_045,Historias de Lavapiés,DRA
ES2014_045,Historias de Lavapiés,MPF
ES2014_046,O ouro do tempo,DRA
ES2014_047,1980,DPA
ES2014_047,1980,HIS
ES2014_048,"Sacromonte, los sabios de la tribu",DPA
ES2014_048,"Sacromonte, los sabios de la tribu",MUS
ES2014_049,Paradiso,DOB
ES2014_049,Paradiso,MET
ES2014_050,Flow,DRA
ES2014_050,Flow,MET
ES2014_051,Zarpazos! Un Viaje Por El Spanish Horror,HOR
ES2014_051,Zarpazos! Un Viaje Por El Spanish Horror,MET
ES2014_051,Zarpazos! Un Viaje Por El Spanish Horror,DPA
ES2014_052,Asmodexia,HOR
ES2014_053,El mal del arriero,THR
ES2014_054,L'Home del metro,DPE
ES2014_055,Haz de tu vida una obra de arte,COM
ES2014_055,Haz de tu vida una obra de arte,MPF
ES2014_056,Hotel Nueva Isla,DOB
ES2014_057,L'últim partit. 40 anys de Johan Cruyff a Catalunya,SPO
ES2014_057,L'últim partit. 40 anys de Johan Cruyff a Catalunya,BIO
ES2014_057,L'últim partit. 40 anys de Johan Cruyff a Catalunya,DPA
ES2014_058,Cinema en temps de guerra,DPA
ES2014_058,Cinema en temps de guerra,MET
ES2014_059,La pantalla herida,DPA
ES2014_059,La pantalla herida,MET
ES2014_060,Huidas,THR
ES2014_060,Huidas,DRA
ES2014_061,Mis Cármenes,DPE
ES2021_044,Madres paralelas,DRA
ES2021_044,Madres paralelas,COA
ES2021_045,El buen patrón,COM
ES2021_045,El buen patrón,DRA
ES2021_046,Mamá o papá,COM
ES2021_047,Pan de limón con semillas de amapola,DRA
ES2021_047,Pan de limón con semillas de amapola,ROM
ES2021_048,Las leyes de la frontera,COA
ES2021_048,Las leyes de la frontera,THR
ES2021_048,Las leyes de la frontera,CRI
ES2021_048,Las leyes de la frontera,HIS
ES2021_049,Tengamos la fiesta en paz,CHI
ES2021_049,Tengamos la fiesta en paz,MUS
ES2021_049,Tengamos la fiesta en paz,COM
ES2021_050,Chavalas,COM
ES2021_050,Chavalas,DRA
ES2021_050,Chavalas,COA
ES2021_051,"España, la primera globalización",DEX
ES2021_051,"España, la primera globalización",DPE
ES2021_051,"España, la primera globalización",HIS
ES2021_051,"España, la primera globalización",DPA
ES2021_052,La hija,THR
ES2021_052,La hija,WES
ES2021_052,La hija,DRA
ES2021_053,Love Gets a Room,DRA
ES2021_053,Love Gets a Room,MUS
ES2021_053,Love Gets a Room,ROM
ES2021_053,Love Gets a Room,HIS
ES2021_054,Cuidado con lo que deseas,CHI
ES2021_054,Cuidado con lo que deseas,FAN
ES2021_055,A Perfect Enemy,THR
ES2021_055,A Perfect Enemy,CRI
ES2021_056,El refugio,COM
ES2021_056,El refugio,MPF
ES2021_057,Sevillanas de Brooklyn,ROM
ES2021_057,Sevillanas de Brooklyn,COM
ES2021_058,Érase una vez en Euskadi,COA
ES2021_058,Érase una vez en Euskadi,DRA
ES2021_058,Érase una vez en Euskadi,HIS
ES2021_059,El club del paro,COM
ES2021_060,El año de la furia,THR
ES2021_060,El año de la furia,HIS
ES2021_061,Ama,DRA
ES2021_062,Alegría,DRA
ES2021_063,Hombre muerto no sabe vivir,THR
ES2021_063,Hombre muerto no sabe vivir,ACT
ES2021_063,Hombre muerto no sabe vivir,WES
ES2019_081,Padre no hay más que uno,COM
ES2019_081,Padre no hay más que uno,CHI
ES2019_082,Lo dejo cuando quiera,COM
ES2019_082,Lo dejo cuando quiera,CRI
ES2019_083,Bajo el mismo techo,COM
ES2019_084,Los Japón,COM
ES2019_085,El silencio de la ciudad blanca,NOI
ES2019_085,El silencio de la ciudad blanca,DTH
ES2019_086,Elcano y Magallanes. La primera vuelta al mundo,ADV
ES2019_086,Elcano y Magallanes. La primera vuelta al mundo,HIS
ES2019_087,Intemperie,WES
ES2019_087,Intemperie,HIS
ES2019_087,Intemperie,ACT
ES2019_088,La influencia,HOR
ES2019_089,Litus,COM
ES2019_089,Litus,DRA
ES2019_090,El asesino de los caprichos,NOI
ES2019_090,El asesino de los caprichos,DTH
ES2019_091,Feedback,ACT
ES2019_091,Feedback,THR
ES2019_091,Feedback,HOR
ES2019_092,Antes de la quema,COM
ES2019_092,Antes de la quema,CRI
ES2019_092,Antes de la quema,HEI
ES2019_093,Ventajas de viajar en tren,COM
ES2019_093,Ventajas de viajar en tren,THR
ES2019_094,70 Binladens,THR
ES2019_094,70 Binladens,ACT
ES2019_094,70 Binladens,HEI
ES2019_095,Madre,DRA
ES2019_095,Madre,THR
ES2019_096,7 raons per fugir,COM
ES2019_096,7 raons per fugir,MPF
ES2019_096,7 raons per fugir,ANT
ES2018_069,Campeones,COM
ES2018_069,Campeones,DRA
ES2018_069,Campeones,SPO
ES2018_070,Superlópez,SUP
ES2018_070,Superlópez,COM
ES2018_070,Superlópez,ACT
ES2018_071,Yucatán,COM
ES2018_071,Yucatán,ADV
ES2018_071,Yucatán,CRI
ES2018_072,El cuaderno de Sara,ADV
ES2018_072,El cuaderno de Sara,DRA
ES2018_072,El cuaderno de Sara,THR
ES2018_073,El pacto,HOR
ES2018_073,El pacto,THR
ES2018_074,Tiempo después,COM
ES2018_075,Down a Dark Hall,THR
ES2018_075,Down a Dark Hall,HOR
ES2018_075,Down a Dark Hall,FAN
ES2018_076,La sombra de la ley,NOI
ES2018_076,La sombra de la ley,ACT
ES2018_076,La sombra de la ley,CRI
ES2018_076,La sombra de la ley,DTH
ES2018_076,La sombra de la ley,HIS
ES2018_077,El mundo es suyo,COM
ES2018_077,El mundo es suyo,ACT
ES2018_078,No dormirás,HOR
ES2018_078,No dormirás,THR
ES2018_079,El aviso,THR
ES2018_079,El aviso,ACT
ES2018_079,El aviso,NOI
ES2018_080,Las leyes de la termodinámica,ROM
ES2018_080,Las leyes de la termodinámica,COM
ES2018_081,Errementari,HOR
ES2018_081,Errementari,FAN
ES2018_082,Viaje al cuarto de una madre,DRA
ES2018_083,Black is Beltza,DRA
ES2018_083,Black is Beltza,HIS
ES2018_084,El desentierro,THR
ES2018_084,El desentierro,DTH
ES2018_084,El desentierro,NOI
ES2018_085,Bajo la piel de lobo,DRA
ES2018_085,Bajo la piel de lobo,ROM
ES2018_085,Bajo la piel de lobo,ADV
ES2018_086,Animales sin collar,THR
ES2018_087,Camarón: Flamenco y revolución,DEX
ES2018_087,Camarón: Flamenco y revolución,MUS
ES2018_087,Camarón: Flamenco y revolución,BIO
ES2018_088,Dhogs,THR
ES2018_088,Dhogs,CRI
ES2018_089,Ana de día,DRA
ES2020_068,Adú,DRA
ES2020_068,Adú,MPF
ES2020_069,Operación Camarón,COM
ES2020_069,Operación Camarón,ACT
ES2020_070,Hasta que la boda nos separe,ROM
ES2020_070,Hasta que la boda nos separe,COM
ES2020_071,La Gallina Turuleca,CHI
ES2020_071,La Gallina Turuleca,COM
ES2020_071,La Gallina Turuleca,ADV
ES2020_071,La Gallina Turuleca,MUS
ES2020_072,El verano que vivimos,DRA
ES2020_072,El verano que vivimos,ROM
ES2020_072,El verano que vivimos,HIS
ES2020_073,Las niñas,DRA
ES2020_073,Las niñas,COA
ES2020_074,Voces,HOR
ES2020_074,Voces,THR
ES2020_075,Explota Explota,COM
ES2020_075,Explota Explota,MUS
ES2020_075,Explota Explota,ROM
ES2020_075,Explota Explota,HIS
ES2020_076,Ni de coña,ROM
ES2020_076,Ni de coña,COM
ES2020_077,La vampira de Barcelona,HIS
ES2020_077,La vampira de Barcelona,HOR
ES2020_077,La vampira de Barcelona,DTH
ES2020_077,La vampira de Barcelona,NOI
ES2020_078,Ane,DRA
ES2020_078,Ane,NOI
GB2021_053,The Electrical Life of Louis Wain,DRA
GB2021_053,The Electrical Life of Louis Wain,BIO
GB2021_053,The Electrical Life of Louis Wain,HIS
GB2021_053,The Electrical Life of Louis Wain,ROM
GB2021_054,Nowhere Special,COA
GB2021_054,Nowhere Special,DRA
GB2021_055,Dream Horse,BIO
GB2021_055,Dream Horse,DRA
GB2021_055,Dream Horse,COM
GB2021_055,Dream Horse,SPO
GB2021_056,The Power of the Dog,DRA
GB2021_056,The Power of the Dog,WES
GB2021_056,The Power of the Dog,ROM
GB2021_057,Censor,HOR
GB2021_057,Censor,THR
GB2021_057,Censor,MET
GB2020_049,Falling for Figaro,COM
GB2020_049,Falling for Figaro,ROM
GB2020_049,Falling for Figaro,MUS
GB2020_050,Stardust,BIO
GB2020_050,Stardust,DRA
GB2020_050,Stardust,MUS
GB2020_051,The Reckoning,HIS
GB2020_051,The Reckoning,HOR
GB2021_058,Boys from County Hell,HOR
GB2021_058,Boys from County Hell,THR
GB2021_058,Boys from County Hell,COM
GB2021_059,Quant,DPE
GB2021_059,Quant,DPA
GB2021_059,Quant,BIO
GB2021_059,Quant,HIS
GB2021_060,Surge,DRA
GB2021_060,Surge,THR
GB2021_061,The Nest,HIS
GB2021_061,The Nest,DRA
GB2021_061,The Nest,THR
GB2021_062,Ammonite,DRA
GB2021_062,Ammonite,HIS
GB2021_062,Ammonite,ROM
GB2020_044,The Rhythm Section,ACT
GB2020_044,The Rhythm Section,THR
GB2020_045,White Riot,DPA
GB2020_045,White Riot,MUS
GB2019_085,Rocketman,BIO
GB2019_085,Rocketman,MUS
GB2019_085,Rocketman,HIS
GB2019_086,Horrible Histories: The Movie - Rotten Romans,COM
GB2019_086,Horrible Histories: The Movie - Rotten Romans,HIS
GB2019_086,Horrible Histories: The Movie - Rotten Romans,MUS
GB2019_086,Horrible Histories: The Movie - Rotten Romans,WAR
GB2020_049,Radioactive,BIO
GB2020_049,Radioactive,DRA
GB2020_049,Radioactive,ROM
GB2019_087,The Informer,THR
GB2019_087,The Informer,CRI
GB2019_087,The Informer,ACT
GB2019_088,StarDog and TurboCat,SUP
GB2019_088,StarDog and TurboCat,CHI
GB2019_088,StarDog and TurboCat,ADV
GB2019_089,Marianne & Leonard: Words of Love,DPE
GB2019_089,Marianne & Leonard: Words of Love,MUS
GB2019_089,Marianne & Leonard: Words of Love,ROM
GB2019_089,Marianne & Leonard: Words of Love,BIO
GB2019_089,Marianne & Leonard: Words of Love,DPO
GB2019_090,Sometimes Always Never,COM
GB2019_090,Sometimes Always Never,DRA
GB2019_091,Animals,COM
GB2019_091,Animals,DRA
GB2019_091,Animals,COA
GB2019_092,In Fabric,HOR
GB2019_092,In Fabric,THR
GB2019_092,In Fabric,COM
GB2019_093,The Last Tree,DRA
GB2019_093,The Last Tree,COA
GB2019_094,The Favourite,DRA
GB2019_094,The Favourite,COM
GB2019_094,The Favourite,BIO
GB2019_094,The Favourite,HIS
GB2019_094,The Favourite,ROM
GB2018_077,Early Man,ADV
GB2018_077,Early Man,SPO
GB2018_077,Early Man,CHI
GB2018_077,Early Man,COM
GB2018_078,Patrick,ROM
GB2018_078,Patrick,COM
GB2018_079,Nativity Rocks!,COM
GB2018_079,Nativity Rocks!,MUS
GB2018_079,Nativity Rocks!,CHI
GB2018_080,Mary Shelley,BIO
GB2018_080,Mary Shelley,HIS
GB2018_080,Mary Shelley,DRA
GB2018_080,Mary Shelley,ROM
GB2018_081,7 Days in Entebbe,HIS
GB2018_081,7 Days in Entebbe,THR
GB2018_081,7 Days in Entebbe,ACT
GB2018_082,Edie,DRA
GB2018_082,Edie,ADV
GB2018_083,Swimming with Men,COM
GB2018_083,Swimming with Men,DRA
GB2018_083,Swimming with Men,SPO
GB2018_084,Peterloo,HIS
GB2018_084,Peterloo,DRA
GB2018_084,Peterloo,WAR
GB2018_085,Eric Clapton: Life in 12 Bars,DPE
GB2018_085,Eric Clapton: Life in 12 Bars,MUS
GB2018_085,Eric Clapton: Life in 12 Bars,BIO
GB2018_086,My Generation,HIS
GB2018_086,My Generation,DPA
GB2018_087,Funny Cow,COM
GB2018_087,Funny Cow,DRA
GB2018_088,The Escape,DRA
GB2018_089,In Darkness,THR
GB2018_089,In Darkness,NOI
GB2018_090,"Westwood: Punk, Icon, Activist",BIO
GB2018_090,"Westwood: Punk, Icon, Activist",DPA
GB2018_091,Spitfire,WAR
GB2018_091,Spitfire,HIS
GB2018_091,Spitfire,DPA
GB2018_092,Journeyman,DRA
GB2018_092,Journeyman,SPO
GB2018_093,The Last Witness,HIS
GB2018_093,The Last Witness,THR
GB2018_093,The Last Witness,CRI
GB2018_093,The Last Witness,WAR
GB2018_094,Nae Pasaran,DPE
GB2018_094,Nae Pasaran,HIS
IT2018_001,A casa tutti bene,COM
IT2018_001,A casa tutti bene,DRA
IT2018_001,A casa tutti bene,ROM
IT2018_002,Benedetta follia,COM
IT2018_003,La Befana vien di notte,CHI
IT2018_003,La Befana vien di notte,FAN
IT2018_003,La Befana vien di notte,COM
IT2018_004,Amici come prima,COM
IT2018_005,Moschettieri del re: La Penultima Missione,ADV
IT2018_005,Moschettieri del re: La Penultima Missione,COM
IT2018_006,Loro 1,BIO
IT2018_006,Loro 1,DRA
IT2018_007,Se son rose,COM
IT2018_008,The Leisure Seeker,DRA
IT2018_008,The Leisure Seeker,ROA
IT2018_009,Il vegetale,COM
IT2018_010,Metti la nonna in freezer,COM
IT2018_010,Metti la nonna in freezer,CRI
IT2018_011,Ti presento Sofia,COM
IT2018_011,Ti presento Sofia,ROM
IT2018_012,Dogman,DRA
IT2018_012,Dogman,THR
IT2018_013,Loro 2,BIO
IT2018_013,Loro 2,DRA
IT2018_014,Puoi baciare lo sposo,COM
IT2018_015,Sono tornato,COM
IT2018_015,Sono tornato,DRA
IT2018_016,Una festa esagerata,COM
IT2018_017,Il testimone invisibile,DRA
IT2018_017,Il testimone invisibile,THR
IT2018_018,Arrivano i prof,COM
IT2018_018,Arrivano i prof,MPF
IT2018_019,Io sono Tempesta,COM
IT2018_019,Io sono Tempesta,DRA
IT2018_020,Euforia,DRA
IT2018_021,Il vizio della speranza,DRA
IT2018_022,Io c'è,COM
IT2018_023,Il ragazzo invisibile: Seconda generazione,SUP
IT2018_023,Il ragazzo invisibile: Seconda generazione,CHI
IT2018_024,Notti magiche,DRA
IT2018_024,Notti magiche,COM
IT2018_024,Notti magiche,CRI
IT2018_024,Notti magiche,MET
IT2018_025,Finalmente sposi,COM
IT2018_026,Sconnessi,COM
IT2018_027,La fuitina sbagliata,COM
IT2018_028,Una storia senza nome,DRA
IT2018_028,Una storia senza nome,THR
IT2018_029,Uno di famiglia,COM
IT2018_030,Cosa fai a Capodanno?,COM
IT2018_030,Cosa fai a Capodanno?,MPF
IT2018_031,Michelangelo - Infinito,DPE
IT2018_031,Michelangelo - Infinito,BIO
IT2018_032,Ricchi di fantasia,COM
IT2018_033,"Santiago, Italia",DPA
IT2018_034,Sulla mia pelle. Gli ultimi sette giorni di Stefano Cucchi,DRA
IT2018_034,Sulla mia pelle. Gli ultimi sette giorni di Stefano Cucchi,BIO
IT2018_035,Lazzaro felice,DRA
IT2018_035,Lazzaro felice,FAN
IT2018_036,Fabrizio De André: Principe libero,BIO
IT2018_037,Tu mi nascondi qualcosa,COM
IT2018_037,Tu mi nascondi qualcosa,MPF
IT2018_038,Hotel Gagarin,COM
IT2018_038,Hotel Gagarin,MET
IT2018_039,Il tuttofare,COM
IT2018_040,Tonno spiaggiato,COM
IT2018_040,Tonno spiaggiato,CRI
IT2018_041,Nome di donna,DRA
IT2018_042,La prima pietra,COM
IT2018_043,Nobili bugie,COM
IT2018_043,Nobili bugie,DRA
IT2018_043,Nobili bugie,HIS
IT2018_044,Un nemico che ti vuole bene,CRI
IT2018_044,Un nemico che ti vuole bene,COM
IT2018_045,Achille Tarallo,COM
IT2018_046,Bob & Marys,COM
IT2018_046,Bob & Marys,CRI
IT2018_047,La profezia dell'armadillo,COM
IT2018_047,La profezia dell'armadillo,COA
IT2018_047,La profezia dell'armadillo,DRA
IT2018_048,Non è vero ma ci credo,COM
IT2018_049,Hitler contro Picasso e gli altri,DPA
IT2018_049,Hitler contro Picasso e gli altri,HIS
IT2018_050,Vengo anch'io,COM
IT2018_051,La terra buona,DRA
IT2018_052,Tito e gli alieni,COM
IT2018_052,Tito e gli alieni,DRA
IT2018_053,La terra dell'abbastanza,DRA
IT2018_053,La terra dell'abbastanza,CRI
IT2018_054,Si muore tutti democristiani,COM
IT2018_055,Il bene mio,DRA
IT2018_056,Rosso Istria,DRA
IT2018_056,Rosso Istria,HIS
IT2018_057,Figlia mia,DRA
IT2018_058,Una vita spericolata,COM
IT2018_058,Una vita spericolata,CRI
IT2018_059,Malati di sesso,COM
IT2018_059,Malati di sesso,ROM
IT2018_060,San Valentino Stories,COM
IT2018_060,San Valentino Stories,ROM
IT2018_061,Il mio uomo perfetto,COM
IT2018_061,Il mio uomo perfetto,ROM
IT2018_062,Favola,COM
IT2018_062,Favola,DRA
IT2018_063,Beate,COM
IT2018_064,La Banda Grossi,HIS
IT2018_064,La Banda Grossi,ADV
IT2018_064,La Banda Grossi,DRA
IT2018_065,1938 - Diversi,HIS
IT2018_065,1938 - Diversi,DPA
IT2018_066,Ovunque proteggimi,DRA
IT2018_067,Il mio nome è Thomas,ROA
IT2018_067,Il mio nome è Thomas,DRA
IT2018_068,Menocchio,HIS
IT2018_068,Menocchio,BIO
IT2018_068,Menocchio,DRA
IT2018_069,Un amore così grande,ROM
IT2018_070,In viaggio con Adele,ROA
IT2018_070,In viaggio con Adele,DRA
IT2018_070,In viaggio con Adele,COM
IT2018_071,Hannah,DRA
IT2018_072,Manuel,DRA
IT2018_073,Youtopia,DRA
IT2018_074,Lovers: Piccolo Film Sull'amore,ROM
IT2018_074,Lovers: Piccolo Film Sull'amore,COM
IT2018_074,Lovers: Piccolo Film Sull'amore,DRA
IT2018_075,Rabbia furiosa - Er Canaro,THR
IT2018_075,Rabbia furiosa - Er Canaro,DRA
IT2018_075,Rabbia furiosa - Er Canaro,HOR
IT2018_076,Ci vuole un fisico,COM
IT2018_076,Ci vuole un fisico,ROM
IT2018_077,Il ragazzo più felice del mondo,MOC
IT2018_077,Il ragazzo più felice del mondo,MET
IT2018_078,Nato a Casal di Principe,THR
IT2018_078,Nato a Casal di Principe,DRA
IT2018_079,Due piccoli italiani,DRA
IT2018_079,Due piccoli italiani,ROA
IT2018_080,Resina,DRA
IT2018_081,Ride,DRA
IT2018_082,Quando sarò bambino,CHI
IT2018_083,Arrivederci Saigon,DPA
IT2018_083,Arrivederci Saigon,MUS
IT2018_083,Arrivederci Saigon,WAR
IT2018_084,Un figlio a tutti i costi,COM
IT2018_085,Saremo giovani e bellissimi,DRA
IT2018_086,Respiri,THR
IT2018_086,Respiri,HOR
IT2018_087,Edhel,CHI
IT2018_087,Edhel,FAN
IT2018_088,Isabelle,DRA
IT2018_088,Isabelle,THR
IT2018_089,Ulysses - A Dark Odyssey,DYS
IT2018_089,Ulysses - A Dark Odyssey,ACT
IT2018_089,Ulysses - A Dark Odyssey,THR
IT2018_089,Ulysses - A Dark Odyssey,DRA
IT2018_090,Era giovane e aveva gli occhi chiari,COM
IT2018_090,Era giovane e aveva gli occhi chiari,ROM
IT2018_091,Quando Corre Nuvolari,BIO
IT2018_092,Rudy Valentino,BIO
IT2018_093,Guarda in alto,ADV
IT2018_094,Gualtiero Marchesi: The Great Italian,BIO
IT2018_094,Gualtiero Marchesi: The Great Italian,DPA
IT2018_095,Essere Gigione - L'incredibile storia di Luigi Ciaravola,BIO
IT2018_095,Essere Gigione - L'incredibile storia di Luigi Ciaravola,DOB
IT2018_096,Blue Kids,DRA
IT2018_096,Blue Kids,THR
IT2018_097,Seguimi,DRA
IT2018_097,Seguimi,THR
IT2018_098,Prigioniero della mia libertà,THR
IT2018_098,Prigioniero della mia libertà,DRA
IT2018_099,Te lo dico pianissimo,COM
IT2018_100,Stato di ebbrezza,BIO
IT2018_100,Stato di ebbrezza,DRA
IT2018_100,Stato di ebbrezza,COM
IT2018_101,Pane dal Cielo,DRA
IT2018_102,Din Don - Una parrocchia in due,COM
IT2018_103,Caina,DRA
IT2018_104,Friedkin Uncut - Un Diavolo Di Regista,DPA
IT2018_104,Friedkin Uncut - Un Diavolo Di Regista,BIO
IT2018_105,Cattivi & Cattivi,CRI
IT2018_105,Cattivi & Cattivi,MPF
IT2018_106,La settima onda,DRA
IT2018_106,La settima onda,CRI
IT2018_107,Storie del dormiveglia,DPE
IT2018_108,Buon lavoro,COM
IT2018_109,Uno sguardo alla Terra,DPE
IT2018_110,Oltre la nebbia - Il mistero di Rainer Merz,THR
IT2018_111,Vinilici - Perché il vinile ama la musica,DPA
IT2018_112,Wine to love,ROM
IT2018_112,Wine to love,COM
IT2018_113,Bogside Story,DPA
IT2018_113,Bogside Story,BIO
IT2019_001,Il primo Natale,COM
IT2019_001,Il primo Natale,FAN
IT2019_002,Pinocchio,DRA
IT2019_002,Pinocchio,FAN
IT2019_002,Pinocchio,ADV
IT2019_003,La dea fortuna,DRA
IT2019_003,La dea fortuna,ROM
IT2019_003,La dea fortuna,COM
IT2019_004,10 giorni senza mamma,COM
IT2019_004,11 giorni senza mamma,CHI
IT2019_005,Il giorno più bello del mondo,COM
IT2019_005,Il giorno più bello del mondo,FAN
IT2019_006,L'immortale,THR
IT2019_006,L'immortale,DRA
IT2019_006,L'immortale,CRI
IT2019_007,Ma cosa ci dice il cervello,COM
IT2019_008,Il traditore,BIO
IT2019_008,Il traditore,THR
IT2019_008,Il traditore,DRA
IT2019_009,Cetto c'è senzadubbiamente,COM
IT2019_010,Non ci resta che il crimine,COM
IT2019_010,Non ci resta che il crimine,FAN
IT2019_010,Non ci resta che il crimine,CRI
IT2019_011,Mio fratello rincorre i dinosauri,CHI
IT2019_011,Mio fratello rincorre i dinosauri,COM
IT2019_012,Tutto il mio folle amore,DRA
IT2019_012,Tutto il mio folle amore,ROA
IT2019_013,L'uomo del labirinto,THR
IT2019_013,L'uomo del labirinto,CRI
IT2019_013,L'uomo del labirinto,DRA
IT2019_013,L'uomo del labirinto,HOR
IT2019_014,Domani è un altro giorno,DRA
IT2019_014,Domani è un altro giorno,COM
IT2019_015,La paranza dei bambini,CRI
IT2019_015,La paranza dei bambini,DRA
IT2019_016,Bentornato presidente,COM
IT2019_017,Tutta un'altra vita,COM
IT2019_017,Tutta un'altra vita,FAN
IT2019_018,L'agenzia dei bugiardi,COM
IT2019_019,Sono solo fantasmi,COM
IT2019_019,Sono solo fantasmi,FAN
IT2019_020,Modalità aereo,COM
IT2019_021,Croce e delizia,COM
IT2019_021,Croce e delizia,ROM
IT2019_022,Compromessi sposi,COM
IT2019_023,Scappo a casa,COM
IT2019_024,Il signor Diavolo,DRA
IT2019_024,Il signor Diavolo,HOR
IT2019_024,Il signor Diavolo,HIS
IT2019_024,Il signor Diavolo,THR
IT2019_025,Il campione,COM
IT2019_025,Il campione,DRA
IT2019_025,Il campione,SPO
IT2019_026,Suspiria,HOR
IT2019_026,Suspiria,THR
IT2019_026,Suspiria,FAN
IT2019_026,Suspiria,DRA
IT2019_027,Tuttapposto,COM
IT2019_028,Se mi vuoi bene,COM
IT2019_029,"Io, Leonardo",DPA
IT2019_030,L'uomo che comprò la luna,COM
IT2019_031,Aquile Randagie,HIS
IT2019_032,5 è il numero perfetto,NOI
IT2019_032,5 è il numero perfetto,CRI
IT2019_032,5 è il numero perfetto,THR
IT2019_032,5 è il numero perfetto,DRA
IT2019_033,Attenti al gorilla,COM
IT2019_033,Attenti al gorilla,CHI
IT2019_034,Brave ragazze,COM
IT2019_034,Brave ragazze,CRI
IT2019_034,Brave ragazze,MPF
IT2019_035,Vivere,DRA
IT2019_035,Vivere,ROM
IT2019_036,La mia seconda volta,COM
IT2019_036,La mia seconda volta,COA
IT2019_036,La mia seconda volta,DRA
IT2019_037,#AnneFrank. Parallel Stories,DPA
IT2019_037,#AnneFrank. Parallel Stories,DRA
IT2019_037,#AnneFrank. Parallel Stories,HIS
IT2019_038,Genitori quasi perfetti,COM
IT2019_039,C'è tempo,COM
IT2019_039,C'è tempo,ROA
IT2019_040,Restiamo amici,COM
IT2019_040,Restiamo amici,DRA
IT2019_041,Il sindaco del Rione Sanità,CRI
IT2019_041,Il sindaco del Rione Sanità,DRA
IT2019_042,Aspromonte - La terra degli ultimi,DRA
IT2019_042,Aspromonte - La terra degli ultimi,WES
IT2019_043,A mano disarmata,DRA
IT2019_043,A mano disarmata,BIO
IT2019_043,A mano disarmata,THR
IT2019_044,Il nido,HOR
IT2019_045,Il grande spirito,CRI
IT2019_045,Il grande spirito,DRA
IT2019_046,Il grande salto,CRI
IT2019_046,Il grande salto,COM
IT2019_047,Ricordi?,ROM
IT2019_047,Ricordi?,DRA
IT2019_048,Ermitage. Il potere dell'arte,DPA
IT2019_049,Dolceroma,COM
IT2019_049,Dolceroma,CRI
IT2019_049,Dolceroma,MET
IT2019_050,Dentro Caravaggio,DPA
IT2019_051,Appena un minuto,FAN
IT2019_051,Appena un minuto,COM
IT2019_052,The Prado Museum. A Collection of Wonders,DPA
IT2019_053,Bene ma non benissimo,COM
IT2019_053,Bene ma non benissimo,COA
IT2019_054,L'ospite,COM
IT2019_055,A tor bella monaca non piove mai,DRA
IT2019_055,A tor bella monaca non piove mai,CRI
IT2019_055,A tor bella monaca non piove mai,COM
IT2019_056,Dafne,COM
IT2019_056,Dafne,DRA
IT2019_057,Effetto Domino,DRA
IT2019_058,Mò Vi Mento - Lira di Achille,COM
IT2019_059,La scomparsa di mia madre,DPA
IT2019_059,La scomparsa di mia madre,BIO
IT2019_060,Vita segreta di Maria Capasso,DRA
IT2019_060,Vita segreta di Maria Capasso,CRI
IT2019_061,Non Ci Resta Che Ridere,COM
IT2019_062,Il colpo del cane,COM
IT2019_063,Lucania,DRA
IT2019_063,Lucania,ROA
IT2019_063,Lucania,COA
IT2019_064,Detective per Caso,COM
IT2019_064,Detective per Caso,CHI
IT2019_065,Walking on Water,DPA
IT2019_066,Drive Me Home,DRA
IT2019_067,Tutto liscio,COM
IT2019_068,Fiore gemello,DRA
IT2019_068,Fiore gemello,ROA
IT2019_069,Il flauto magico di Piazza Vittorio,MUS
IT2019_070,I nomi del signor Sulcic,DPE
IT2019_071,- M - Sono solo un ragazzo,FAN
IT2019_071,- M - Sono solo un ragazzo,DRA
IT2019_072,Ed è subito sera,DRA
IT2019_072,Ed è subito sera,CRI
IT2019_073,Nati 2 volte,DRA
IT2019_073,Nati 2 volte,COM
IT2019_074,Il conte magico,CHI
IT2019_074,Il conte magico,COM
IT2019_074,Il conte magico,HIS
IT2019_074,Il conte magico,ADV
IT2019_075,La freccia del tempo,COM
IT2019_076,Il Giovane Pertini Combattente per la libertà,BIO
IT2019_076,Il Giovane Pertini Combattente per la libertà,HIS
IT2019_077,Bassil'ora,DPE
IT2019_077,Bassil'ora,BIO
IT2019_078,Nevermind,ANT
IT2019_079,Qui Non Si Muore,COM
IT2019_080,La notte è piccola per noi,COM
IT2019_080,La notte è piccola per noi,ROM
IT2019_080,La notte è piccola per noi,DRA
IT2019_081,"As time goes by, l'uomo che disegnava sogni",DPA
IT2019_081,"As time goes by, l'uomo che disegnava sogni",BIO
IT2019_082,"Manga do, Igort e la via del Manga",DPA
IT2019_083,Metti una notte,COM
IT2019_084,The King of Paparazzi - La vera storia,DPA
IT2019_084,The King of Paparazzi - La vera storia,BIO
IT2019_085,La chair et le granite,DPA
IT2019_085,La chair et le granite,BIO
IT2019_086,Momenti di trascurabile felicità,COM
IT2019_086,Momenti di trascurabile felicità,FAN
IT2019_086,Momenti di trascurabile felicità,DRA
IT2020_001,Tolo Tolo,COM
IT2020_002,Me contro Te - Il film: La vendetta del Signor S,CHI
IT2020_002,Me contro Te - Il film: La vendetta del Signor S,COM
IT2020_003,Odio l'estate,COM
IT2020_004,Gli anni più belli,MPF
IT2020_004,Gli anni più belli,DRA
IT2020_004,Gli anni più belli,ROM
IT2020_005,Hammamet,BIO
IT2020_006,Figli,COM
IT2020_006,Figli,DRA
IT2020_007,18 regali,DRA
IT2020_008,Padrenostro,COA
IT2020_008,Padrenostro,DRA
IT2020_009,Volevo nascondermi,BIO
IT2020_009,Volevo nascondermi,HIS
IT2020_009,Volevo nascondermi,DRA
IT2020_010,Lacci,DRA
IT2020_010,Lacci,ROM
IT2020_011,Waiting for the Barbarians,DRA
IT2020_011,Waiting for the Barbarians,HIS
IT2020_011,Waiting for the Barbarians,WAR
IT2020_012,Le sorelle Macaluso,COA
IT2020_012,Le sorelle Macaluso,DRA
IT2020_012,Le sorelle Macaluso,MPF
IT2020_013,Miss Marx,HIS
IT2020_013,Miss Marx,DRA
IT2020_014,Non odiare,DRA
IT2020_015,Lasciami andare,DRA
IT2020_016,Lockdown all'italiana,COM
IT2020_017,Burraco fatale,COM
IT2020_018,Favolacce,DRA
IT2020_018,Favolacce,THR
IT2020_019,"Paolo Conte, via con me",DPE
IT2020_019,"Paolo Conte, via con me",BIO
IT2020_020,I predatori,DRA
IT2020_020,I predatori,THR
IT2020_021,Mai per sempre,DRA
IT2020_021,Mai per sempre,THR
IT2020_022,Il caso Pantani - L'omicidio di un campione,BIO
IT2020_022,Il caso Pantani - L'omicidio di un campione,DRA
IT2020_023,Villetta con ospiti,THR
IT2020_023,Villetta con ospiti,DRA
IT2020_024,Lontano lontano,COM
IT2020_024,Lontano lontano,ROA
IT2020_025,Creators: The Past,DIS
IT2020_025,Creators: The Past,SCI
IT2020_026,Il ladro di giorni,DRA
IT2020_027,Il grande passo,COM
IT2020_028,Cosa sarà,DRA
IT2020_028,Cosa sarà,COM
IT2020_029,Assandira,DRA
IT2020_030,Il delitto Mattarella,BIO
IT2020_030,Il delitto Mattarella,HIS
IT2020_031,Picciridda - Con i piedi nella sabbia,DRA
IT2020_032,Ammen,COM
IT2020_033,Gli anni amari,BIO
IT2020_033,Gli anni amari,DRA
IT2020_034,L'agnello,DRA
IT2020_035,Siberia,ROA
IT2020_035,Siberia,DRA
IT2020_036,Si muore solo da vivi,COM
IT2020_037,Fellini degli spiriti,BIO
IT2020_037,Fellini degli spiriti,MET
IT2020_037,Fellini degli spiriti,DPA
IT2020_038,7 ore per farti innamorare,COM
IT2020_038,7 ore per farti innamorare,ROM
IT2020_039,Palazzo di giustizia,DRA
IT2020_040,Il Drago di Romagna,COM
IT2020_041,Il Ladro di Cardellini,COM
IT2020_041,Il Ladro di Cardellini,CRI
IT2020_042,Sulle mie spalle,DRA
IT2020_042,Sulle mie spalle,HIS
IT2020_042,Sulle mie spalle,BIO
IT2020_043,La volta buona,SPO
IT2020_043,La volta buona,DRA
IT2020_044,Permette? Alberto Sordi,BIO
IT2020_044,Permette? Alberto Sordi,HIS
IT2020_044,Permette? Alberto Sordi,MET
IT2020_045,La vacanza,DRA
IT2020_046,Lo scoglio del leone,DRA
IT2020_046,Lo scoglio del leone,COA
IT2020_047,Buio,DIS
IT2020_047,Buio,DRA
IT2020_047,Buio,HOR
IT2020_048,Nevia,DRA
IT2020_049,La Verità Su La Dolce Vita,MET
IT2020_049,La Verità Su La Dolce Vita,DPA
IT2020_050,La partita,SPO
IT2020_050,La partita,DRA
IT2020_051,Nour,DRA
IT2020_052,La Val che urla,THR
IT2020_052,La Val che urla,DRA
IT2020_053,Caterina,BIO
IT2020_053,Caterina,DPA
IT2020_053,Caterina,MUS
IT2020_054,Magari Resto,COM
IT2020_054,Magari Resto,DRA
IT2020_054,Magari Resto,ROM
IT2020_055,Tony Driver,BIO
IT2020_055,Tony Driver,DOB
IT2020_056,Il Regno,COM
IT2020_057,Emilio Vedova. Dalla parte del naufragio,BIO
IT2020_057,Emilio Vedova. Dalla parte del naufragio,DPA
IT2020_058,D.N.A.: Decisamente non adatti,COM
IT2020_059,Nessun nome nei titoli di coda,DPA
IT2020_059,Nessun nome nei titoli di coda,MET
IT2020_059,Nessun nome nei titoli di coda,BIO
IT2020_060,Al Dio ignoto,DRA
IT2020_061,Una storia d'arte,DRA
IT2020_062,Un confine incerto,THR
IT2020_063,Un eretico in corsia - a heretic in the ward,BIO
IT2020_063,Un eretico in corsia - a heretic in the ward,DRA
IT2020_064,Lui è mio padre,DRA
IT2020_065,Noci sonanti,DOB
IT2020_066,Aylesbury Estate,DPE
IT2020_067,La mia banda suona il pop,COM
IT2020_067,La mia banda suona il pop,MPF
IT2020_068,L'incredibile storia dell'Isola delle rose,ADV
IT2020_068,L'incredibile storia dell'Isola delle rose,COM
IT2020_068,L'incredibile storia dell'Isola delle rose,DRA
IT2020_068,L'incredibile storia dell'Isola delle rose,BIO
IT2020_069,La vita davanti a sé,COA
IT2020_069,La vita davanti a sé,DRA
IT2020_070,Last words,DIS
IT2020_070,Last words,DRA
IT2020_070,Last words,MPF
IT2020_071,È per il tuo bene,COM
IT2021_001,Lei mi parla ancora,ROM
IT2021_001,Lei mi parla ancora,DRA
IT2021_002,The Rossellinis,DPA
IT2021_002,The Rossellinis,BIO
IT2021_003,Genitori vs. Influencer,COM
IT2021_004,Alida,DEX
IT2021_004,Alida,BIO
IT2021_005,Il cattivo poeta,BIO
IT2021_005,Il cattivo poeta,HIS
IT2021_005,Il cattivo poeta,DRA
IT2021_006,Tutti per Uma,CHI
IT2021_007,Comedians,COM
IT2021_007,Comedians,DRA
IT2021_007,Comedians,MPF
IT2021_008,Extraliscio - Punk da balera,DPE
IT2021_008,Extraliscio - Punk da balera,MUS
IT2021_009,School of mafia,COM
IT2021_009,School of mafia,CRI
IT2021_010,La terra dei figli,DRA
IT2021_010,La terra dei figli,DYS
IT2021_011,Boys,COM
IT2021_011,Boys,DRA
IT2021_011,Boys,MUS
IT2021_012,Per Lucio,DPO
IT2021_012,Per Lucio,BIO
IT2021_013,Disco Ruin,DEX
IT2021_014,Occhi blu,NOI
IT2021_014,Occhi blu,THR
IT2021_015,Marx può aspettare,DPA
IT2021_015,Marx può aspettare,BIO
IT2021_016,The truffle hunters,DOB
IT2021_017,"Pozzis, Samarcanda",DPE
IT2021_017,"Pozzis, Samarcanda",ROA
IT2021_018,Me contro te il mistero della scuola incantata,COM
IT2021_019,Il mostro della cripta,COM
IT2021_019,Il mostro della cripta,HOR
IT2021_019,Il mostro della cripta,ACT
IT2021_020,Free - liberi,COM
IT2021_021,Welcome Venice,DRA
IT2021_022,Qui rido io,DRA
IT2021_022,Qui rido io,BIO
IT2021_023,Una relazione,COM
IT2021_023,Una relazione,DRA
IT2021_023,Una relazione,ROM
IT2021_024,Ancora più bello,COM
IT2021_024,Ancora più bello,DRA
IT2021_024,Ancora più bello,ROM
IT2021_025,Il silenzio grande,COM
IT2021_025,Il silenzio grande,FAN
IT2021_026,Tre piani,DRA
IT2021_026,Tre piani,THR
IT2021_026,Tre piani,MPF
IT2021_027,Benvenuti in casa Esposito,COM
IT2021_028,Il buco,DRA
IT2021_029,Sulla giostra,ROM
IT2021_030,I nostri fantasmi,DRA
IT2021_030,I nostri fantasmi,COM
IT2021_031,Isolation,DPE
IT2021_031,Isolation,ANT
IT2021_032,Ai confini del male,THR
IT2021_032,Ai confini del male,DRA
IT2021_033,Con tutto il cuore,COM
IT2021_033,Con tutto il cuore,THR
IT2021_034,Il materiale emotivo,DRA
IT2021_034,Il materiale emotivo,ROM
IT2021_035,Selfiemania,COM
IT2021_035,Selfiemania,ANT
IT2021_036,The Italian banker,DRA
IT2021_037,Bentornato papà,DRA
IT2021_038,Ariaferma,DRA
IT2021_039,Marilyn ha gli occhi neri,COM
IT2021_039,Marilyn ha gli occhi neri,DRA
IT2021_040,Medium,HOR
IT2021_041,Upside Down,DRA
IT2021_042,2 fantasmi di troppo,COM
IT2021_042,2 fantasmi di troppo,SCI
IT2021_043,DeAndré#DeAndré storia di un impiegato,DPA
IT2021_043,DeAndré#DeAndré storia di un impiegato,BIO
IT2021_044,Divinazioni,DPO
IT2021_045,Una notte da dottore,COM
IT2021_046,Freaks out,SCI
IT2021_046,Freaks out,COM
IT2021_046,Freaks out,ACT
IT2021_046,Freaks out,COA
IT2021_047,Io sono Babbo Natale,COM
IT2021_047,Io sono Babbo Natale,FAN
IT2021_048,Il bambino nascosto,DRA
IT2021_048,Il bambino nascosto,THR
IT2021_049,Marina Cicogna - la vita e tutto il resto,DEX
IT2021_049,Marina Cicogna - la vita e tutto il resto,BIO
IT2021_050,Napoleon - In the Name of Art,DEX
IT2021_051,Per tutta la vita,COM
IT2021_052,Django & Django,DPA
IT2021_052,Django & Django,MET
IT2021_052,Django & Django,BIO
IT2021_053,Promises,ROM
IT2021_053,Promises,DRA
IT2021_054,Querido Fidel,COM
IT2021_055,La casa rossa,DPA
IT2021_056,È stata la mano di Dio,COA
IT2021_056,È stata la mano di Dio,DRA
IT2021_057,Per horror intendo…,DPA
IT2021_057,Per horror intendo…,MET
IT2021_058,Una famiglia mostruosa,COM
IT2021_058,Una famiglia mostruosa,FAN
IT2021_059,Trafficante di virus,DRA
IT2021_059,Trafficante di virus,THR
IT2021_060,Gianni Schicchi,MUS
IT2021_061,The girl in the fountain,DPE
IT2021_061,The girl in the fountain,BIO
IT2021_061,The girl in the fountain,MET
IT2021_062,Mollo tutto e apro un chiringuito,COM
IT2021_063,La santa piccola,DRA
IT2021_064,Lawrence,DOB
IT2021_064,Lawrence,BIO
IT2021_065,I fratelli De Filippo,COM
IT2021_065,I fratelli De Filippo,DRA
IT2021_066,"Caterina Caselli - Una vita, cento vite",DPA
IT2021_066,"Caterina Caselli - Una vita, cento vite",BIO
IT2021_067,Din don - un paese in due,COM
IT2021_068,Chi ha incastrato Babbo Natale?,COM
IT2021_069,Diabolik,ACT
IT2021_069,Diabolik,CRI
IT2021_069,Diabolik,THR
IT2021_070,La sorpresa - l'eccezionale storia di Padre Marella,BIO
IT2021_071,La dernière séance,DOB
IT2021_072,Supereroi,COM
IT2021_072,Supereroi,DRA
IT2021_072,Supereroi,ROM
IT2021_073,7 donne e un mistero,CRI
IT2021_073,7 donne e un mistero,COM
IT2021_073,7 donne e un mistero,MPF
IT2021_074,La Befana vien di notte: le origini,FAN
IT2021_074,La Befana vien di notte: le origini,CHI
IT2021_074,La Befana vien di notte: le origini,COM
IT2021_075,"L'acqua, l'insegna la sete",COA
IT2021_076,The book of vision,DRA
IT2022_001,Il grande giorno,COM
IT2022_002,La stranezza,COM
IT2022_002,La stranezza,DRA
IT2022_002,La stranezza,BIO
IT2022_002,La stranezza,HIS
IT2022_003,L'immensità,COA
IT2022_003,L'immensità,DRA
IT2022_004,Il colibrì,DRA
IT2022_004,Il colibrì,ROM
IT2022_005,Nostalgia,DRA
IT2022_006,Belli ciao,COM
IT2022_007,Corro da te,COM
IT2022_007,Corro da te,ROM
IT2022_008,Siccità,DIS
IT2022_008,Siccità,DRA
IT2022_008,Siccità,COM
IT2022_008,Siccità,MPF
IT2022_009,Vicini di casa,COM
IT2022_010,Il sesso degli angeli,COM
IT2022_011,Diabolik - Ginko all'attacco!,ACT
IT2022_011,Diabolik - Ginko all'attacco!,CRI
IT2022_011,Diabolik - Ginko all'attacco!,THR
IT2022_012,Il Principe di Roma,FAN
IT2022_012,Il Principe di Roma,HIS
IT2022_012,Il Principe di Roma,COM
IT2022_013,Astolfo,COM
IT2022_013,Astolfo,ROM
IT2022_014,Ti mangio il cuore,CRI
IT2022_014,Ti mangio il cuore,ROM
IT2022_014,Ti mangio il cuore,DRA
IT2022_015,Esterno notte - Parte 1,HIS
IT2022_015,Esterno notte - Parte 1,DRA
IT2022_015,Esterno notte - Parte 1,CRI
IT2022_015,Esterno notte - Parte 1,BIO
IT2022_016,C'era una volta il crimine,FAN
IT2022_016,C'era una volta il crimine,WAR
IT2022_016,C'era una volta il crimine,COM
IT2022_016,C'era una volta il crimine,ADV
IT2022_016,C'era una volta il crimine,HIS
IT2022_017,Settembre,COM
IT2022_017,Settembre,MPF
IT2022_017,Settembre,ROM
IT2022_018,Quasi orfano,COM
IT2022_019,Margini,COM
IT2022_019,Margini,DRA
IT2022_019,Margini,MUS
IT2022_020,Esterno notte - Parte 2,HIS
IT2022_020,Esterno notte - Parte 2,DRA
IT2022_020,Esterno notte - Parte 2,CRI
IT2022_020,Esterno notte - Parte 2,BIO
IT2022_021,Tutti a bordo,CHI
IT2022_021,Tutti a bordo,COM
IT2022_022,Alla vita (Tu choisiras la vie),DRA
IT2022_022,Alla vita (Tu choisiras la vie),ROM
IT2022_023,Leonora addio,DRA
IT2022_023,Leonora addio,HIS
IT2022_024,Il giorno più bello,COM
IT2022_025,La mia ombra è tua,DRA
IT2022_026,Altrimenti ci arrabbiamo,ACT
IT2022_026,Altrimenti ci arrabbiamo,COM
IT2022_027,Per niente al mondo,CRI
IT2022_027,Per niente al mondo,DRA
IT2022_028,Piano Piano,COA
IT2022_028,Piano Piano,DRA
IT2022_028,Piano Piano,HIS
IT2022_029,Orlando,DRA
IT2022_030,Una boccata d'aria,COM
IT2022_030,Una boccata d'aria,DRA
IT2022_031,Una femmina,DRA
IT2022_031,Una femmina,CRI
IT2022_032,Gigi la legge,DOB
IT2022_032,Gigi la legge,COM
IT2022_032,Gigi la legge,DRA
IT2022_033,Acqua e anice,ROA
IT2022_033,Acqua e anice,COM
IT2022_033,Acqua e anice,DRA
IT2022_034,Piove,HOR
IT2022_034,Piove,THR
IT2022_035,La cena perfetta,CRI
IT2022_035,La cena perfetta,DRA
IT2022_035,La cena perfetta,ROM
IT2022_035,La cena perfetta,COM
IT2022_036,Aiuto! È Natale!,CHI
IT2022_036,Aiuto! È Natale!,FAN
IT2022_036,Aiuto! È Natale!,COM
IT2022_037,Marcel!,DRA
IT2022_038,La Ballata dei Gusci Infranti,DRA
IT2022_039,Bentu,DRA
IT2022_040,The Land of Dreams,MUS
IT2022_040,The Land of Dreams,HIS
IT2022_040,The Land of Dreams,DRA
IT2022_041,Il mio amico Massimo,DPA
IT2022_041,Il mio amico Massimo,BIO
IT2022_042,The Christmas Show,COM
IT2022_043,Spaccaossa,DRA
IT2022_043,Spaccaossa,CRI
IT2022_044,La California,DRA
IT2022_044,La California,THR
IT2022_045,Sposa in rosso,COM
IT2022_045,Sposa in rosso,ROM
IT2022_046,Il Cristo in gola,DRA
IT2022_047,Vetro,DRA
IT2022_047,Vetro,THR
IT2022_048,"Franco Zeffirelli, Conformista Ribelle",DPA
IT2022_048,"Franco Zeffirelli, Conformista Ribelle",BIO
IT2022_049,Sulle nuvole,ROM
IT2022_049,Sulle nuvole,DRA
IT2022_050,The Hanging Sun Il Sole di mezzanotte,DRA
IT2022_050,The Hanging Sun Il Sole di mezzanotte,CRI
IT2022_050,The Hanging Sun Il Sole di mezzanotte,THR
IT2022_051,Quel posto nel tempo,DRA
IT2022_052,Io lo so chi siete,DOB
IT2022_052,Io lo so chi siete,BIO
IT2022_052,Io lo so chi siete,CRI
IT2022_053,Takeaway,DRA
IT2022_053,Takeaway,CRI
IT2022_053,Takeaway,SPO
IT2022_054,Femminile Singolare,ANT
IT2022_054,Femminile Singolare,DRA
IT2022_055,The Last Ride of the Wolves,HEI
IT2022_055,The Last Ride of the Wolves,ACT
IT2022_055,The Last Ride of the Wolves,DRA
IT2022_055,The Last Ride of the Wolves,COM
IT2022_056,Amma’s Way – Un abbraccio al mondo,DPA
IT2022_056,Amma’s Way – Un abbraccio al mondo,BIO
IT2022_057,Se fate i bravi,DPA
IT2022_058,L'angelo dei muri,THR
IT2022_058,L'angelo dei muri,DRA
IT2022_059,Il tempo rimasto,DPA
IT2022_059,Il tempo rimasto,DRA
IT2022_060,Le voci sole,DRA
IT2022_061,Con chi viaggi,ROA
IT2022_061,Con chi viaggi,COM
IT2022_061,Con chi viaggi,THR
IT2022_062,Quattordici giorni - Una storia d'amore,ROM
IT2022_062,Quattordici giorni - Una storia d'amore,DRA
IT2022_063,Il mammone,COM
IT2022_064,Porpora,BIO
IT2022_064,Porpora,DPA
IT2022_065,L'Onda Lunga: storia extra ordinaria di un'associazione,DPA
IT2022_065,L'Onda Lunga: storia extra ordinaria di un'associazione,MET
IT2022_066,My Soul Summer,COA
IT2022_066,My Soul Summer,MUS
IT2022_066,My Soul Summer,DRA
IT2022_067,Gli anni belli,COM
IT2022_067,Gli anni belli,COA
IT2022_068,Last Stop before Chocolate Mountain,DPA
IT2022_069,Er gol de Turone era bono,DPA
IT2022_069,Er gol de Turone era bono,SPO
IT2022_070,Mindemic,DRA
IT2022_071,(Im)perfetti Criminali,COM
IT2022_071,(Im)perfetti Criminali,CRI
IT2022_071,(Im)perfetti Criminali,HEI
IT2022_072,"Paisan, ciao",DPA
IT2022_073,Amici per la pelle,DRA
IT2022_074,Von Scerscen - Diario di un'indagine,DPE
IT2022_075,The Importance of Being an Architect,DPA
IT2022_076,La Banda del Buffardello e il manoscritto di Leonardo da Vinci,COM
IT2022_076,La Banda del Buffardello e il manoscritto di Leonardo da Vinci,MPF
IT2022_077,I cassamortari,COM
IT2022_078,Din Don - Il paese dei balocchi,COM
IT2022_079,Falla girare,COM
IT2022_079,Falla girare,ACT
IT2022_079,Falla girare,DIS
IT2022_080,Troppa famiglia!,COM
IT2022_081,Ennio,DPA
IT2022_081,Ennio,MUS
IT2022_081,Ennio,BIO
IT2023_001,C'è ancora domani,COM
IT2023_001,C'è ancora domani,DRA
IT2023_001,C'è ancora domani,HIS
IT2023_002,Io capitano,DRA
IT2023_003,Tre di troppo,COM
IT2023_003,Tre di troppo,FAN
IT2023_004,Santocielo,COM
IT2023_005,Il sol dell'avvenire,MET
IT2023_005,Il sol dell'avvenire,DRA
IT2023_005,Il sol dell'avvenire,COM
IT2023_006,Comandante,DRA
IT2023_006,Comandante,WAR
IT2023_006,Comandante,HIS
IT2023_006,Comandante,BIO
IT2023_007,L'ultima notte di Amore,THR
IT2023_007,L'ultima notte di Amore,DRA
IT2023_008,Tramite amicizia,COM
IT2023_009,Grazie ragazzi,COM
IT2023_009,Grazie ragazzi,DRA
IT2023_010,Il primo giorno della mia vita,DRA
IT2023_010,Il primo giorno della mia vita,FAN
IT2023_011,Rapito,HIS
IT2023_011,Rapito,DRA
IT2023_012,Cento domeniche,DRA
IT2023_013,I migliori giorni,ANT
IT2023_013,I migliori giorni,COM
IT2023_013,I migliori giorni,DRA
IT2023_014,L'ultima volta che siamo stati bambini,HIS
IT2023_014,L'ultima volta che siamo stati bambini,CHI
IT2023_014,L'ultima volta che siamo stati bambini,COM
IT2023_015,Il punto di rugiada,DRA
IT2023_016,Scordato,COM
IT2023_017,Come può uno scoglio,COM
IT2023_018,Mixed by Erry,COM
IT2023_019,La quattordicesima domenica del tempo ordinario,DRA
IT2023_019,La quattordicesima domenica del tempo ordinario,ROM
IT2023_020,Volevo un figlio maschio,COM
IT2023_021,Adagio,THR
IT2023_021,Adagio,ACT
IT2023_021,Adagio,CRI
IT2023_022,Nata per te,DRA
IT2023_023,Il ritorno di Casanova,DRA
IT2023_023,Il ritorno di Casanova,COM
IT2023_024,La chimera,COM
IT2023_024,La chimera,HIS
IT2023_024,La chimera,ADV
IT2023_024,La chimera,FAN
IT2023_025,I peggiori giorni,ANT
IT2023_025,I peggiori giorni,COM
IT2023_025,I peggiori giorni,DRA
IT2023_026,Felicità,DRA
IT2023_027,Diabolik chi sei?,ACT
IT2023_027,Diabolik chi sei?,CRI
IT2023_027,Diabolik chi sei?,THR
IT2023_028,La guerra dei nonni,COM
IT2023_029,Quando,COM
IT2023_030,Palazzina Laf,DRA
IT2023_031,L'ordine del tempo,DRA
IT2023_031,L'ordine del tempo,MPF
IT2023_032,"Io, noi e Gaber",DPA
IT2023_032,"Io, noi e Gaber",BIO
IT2023_033,Laggiù qualcuno mi ama,DPA
IT2023_033,Laggiù qualcuno mi ama,BIO
IT2023_034,Il più bel secolo della mia vita,COM
IT2023_034,Il più bel secolo della mia vita,ROA
IT2023_035,The Palace,COM
IT2023_035,The Palace,DRA
IT2023_036,Home Education. Le regole del male,THR
IT2023_036,Home Education. Le regole del male,HOR
IT2023_036,Home Education. Le regole del male,DRA
IT2023_037,Improvvisamente a Natale mi sposo,COM
IT2023_038,Una commedia pericolosa,COM
IT2023_038,Una commedia pericolosa,CRI
IT2023_039,La primavera della mia vita,COM
IT2023_039,La primavera della mia vita,ROA
IT2023_040,Dallamericaruso. Il Concerto Perduto,DPA
IT2023_040,Dallamericaruso. Il Concerto Perduto,BIO
IT2023_041,Delta,DRA
IT2023_041,Delta,CRI
IT2023_041,Delta,THR
IT2023_042,Educazione fisica,DRA
IT2023_042,Educazione fisica,COM
IT2023_043,Io vivo altrove!,COM
IT2023_044,Un matrimonio mostruoso,COM
IT2023_044,Un matrimonio mostruoso,FAN
IT2023_045,Luciano Ligabue - 30 Anni in Un Giorno,BIO
IT2023_045,Luciano Ligabue - 30 Anni in Un Giorno,MUS
IT2023_045,Luciano Ligabue - 30 Anni in Un Giorno,DPA
IT2023_046,Cattiva coscienza,COM
IT2023_046,Cattiva coscienza,DRA
IT2023_046,Cattiva coscienza,FAN
IT2023_047,Enzo Jannacci: Vengo anch'io,DPA
IT2023_047,Enzo Jannacci: Vengo anch'io,BIO
IT2023_048,Primadonna,DRA
IT2023_048,Primadonna,HIS
IT2023_049,Hai mai avuto paura?,HOR
IT2023_049,Hai mai avuto paura?,DRA
IT2023_050,Zucchero - Sugar Fornaciari,DPA
IT2023_050,Zucchero - Sugar Fornaciari,BIO
IT2023_050,Zucchero - Sugar Fornaciari,MUS
IT2023_051,Le mie ragazze di carta,COM
IT2023_051,Le mie ragazze di carta,HIS
IT2023_052,La terra delle donne,DRA
IT2023_053,Mi fanno male i capelli,DRA
IT2023_053,Mi fanno male i capelli,COM
IT2023_054,I pionieri,COM
IT2023_055,Paolo Conte alla Scala: Il maestro è nell'anima,DPA
IT2023_055,Paolo Conte alla Scala: Il maestro è nell'anima,MUS
IT2023_056,Rido perché ti amo,COM
IT2023_056,Rido perché ti amo,ROM
IT2023_057,Mirabile Visione: Inferno,DPE
IT2023_058,La caccia,DRA
IT2023_059,Pantafa,HOR
IT2023_059,Pantafa,DRA
IT2023_060,La seconda via,DRA
IT2023_060,La seconda via,WAR
IT2023_061,Come pecore in mezzo ai lupi,THR
IT2023_061,Come pecore in mezzo ai lupi,DRA
IT2023_062,The Ritual Killer,CRI
IT2023_062,The Ritual Killer,ACT
IT2023_062,The Ritual Killer,THR
IT2023_063,Enigma Rol,DPA
IT2023_063,Enigma Rol,DPO
IT2023_064,Le Terme di Terezín,HIS
IT2023_064,Le Terme di Terezín,DRA
IT2023_064,Le Terme di Terezín,ROM
IT2023_065,Nina dei lupi,DRA
IT2023_065,Nina dei lupi,HOR
IT2023_066,Raffa,DPA
IT2023_066,Raffa,BIO
IT2023_066,Raffa,MUS
IT2023_067,L'invenzione della neve,DRA
IT2023_067,L'invenzione della neve,ROM
IT2023_068,Billy,DRA
IT2023_068,Billy,COM
IT2023_069,La guerra del Tiburtino III,SCI
IT2023_069,La guerra del Tiburtino III,COM
IT2023_069,La guerra del Tiburtino III,ACT
IT2023_070,800 Giorni,CRI
IT2023_070,800 Giorni,DRA
IT2023_070,800 Giorni,HIS
IT2023_071,Percoco - Il primo mostro d'Italia,CRI
IT2023_071,Percoco - Il primo mostro d'Italia,DRA
IT2023_071,Percoco - Il primo mostro d'Italia,HIS
IT2023_072,Kissing Gorbaciov,DPA
IT2023_072,Kissing Gorbaciov,MUS
IT2023_073,Una sterminata domenica,DRA
IT2023_073,Una sterminata domenica,COA
IT2023_074,Mamma qui comando io,COM
IT2023_075,C'è di nuovo la valigia sul letto,COM
IT2023_075,C'è di nuovo la valigia sul letto,CRI
IT2023_076,Uomini da marciapiede,COM
IT2023_077,Lo Sposo indeciso che non poteva o forse non voleva più uscire dal bagno,COM
IT2023_078,Umberto Eco: La biblioteca del mondo,DPA
IT2023_078,Umberto Eco: La biblioteca del mondo,BIO
IT2023_079,La Divina Cometa,DRA
IT2023_080,The Honeymoon,COM
IT2023_081,Evelyne tra le nuvole,COM
IT2023_081,Evelyne tra le nuvole,FAN
IT2023_082,Non morirò di fame,DRA
IT2023_083,Una preghiera per Giuda,ACT
IT2023_083,Una preghiera per Giuda,THR
IT2023_084,Non credo in niente,DRA
IT2023_084,Non credo in niente,COM
IT2023_085,Codice Carla,DPA
IT2023_085,Codice Carla,BIO
IT2023_086,Il paese del melodramma,DRA
IT2023_086,Il paese del melodramma,HOR
IT2023_086,Il paese del melodramma,MUS
IT2023_087,Da grandi,COM
IT2023_088,Amusia,DRA
IT2023_089,L'uomo che disegnò Dio,DRA
IT2023_090,Conversazioni con altre donne,COM
IT2023_090,Conversazioni con altre donne,ROM
IT2023_090,Conversazioni con altre donne,DRA
IT2023_091,Tell It Like a Woman,ANT
IT2023_091,Tell It Like a Woman,DRA
IT2023_091,Tell It Like a Woman,COM
IT2023_092,Ancora volano le farfalle,DRA
IT2023_093,Jeff Koons: A Private Portrait,DPA
IT2023_093,Jeff Koons: A Private Portrait,BIO
IT2023_094,Brividi d'autore,HOR
IT2023_094,Brividi d'autore,DRA
IT2023_094,Brividi d'autore,ANT
IT2023_095,Soldato Peter,DRA
IT2023_095,Soldato Peter,HIS
IT2023_096,Oltre il confine,DRA
IT2023_097,Diario di spezie,DRA
IT2023_097,Diario di spezie,CRI
IT2023_098,Doppio passo,DRA
IT2023_099,Goffredo e l'Italia chiamò,HIS
IT2023_099,Goffredo e l'Italia chiamò,BIO
IT2023_100,Con la grazia di un Dio,DRA
IT2023_101,Le proprietà dei metalli,DRA
IT2023_102,Amore Postatomico,DYS
IT2023_102,Amore Postatomico,DRA
IT2023_103,Noi ce la siamo cavata,DPA
IT2023_103,Noi ce la siamo cavata,MET
IT2023_104,Guercino - Uno su Cento,DPA
IT2023_105,Il Paese dei jeans in agosto,COM
IT2023_105,Il Paese dei jeans in agosto,DRA
IT2023_106,Il padrone delle note: Josquin Desprez,DPA
IT2023_106,Il padrone delle note: Josquin Desprez,MUS
IT2023_107,Il meglio di te,DRA
IT2023_107,Il meglio di te,ROM
IT2023_108,Pasolini - Cronologia di un delitto politico,DPA
IT2023_108,Pasolini - Cronologia di un delitto politico,BIO
IT2023_108,Pasolini - Cronologia di un delitto politico,CRI
IT2023_109,Double Soul,DRA
IT2023_109,Double Soul,THR
IT2023_110,Hotel Milano,DRA
IT2023_111,Christmas Thieves,COM
IT2023_112,"Roma, santa e dannata",DPA
IT2023_113,Kill Me If You Can,DPA
IT2023_114,Amleto è mio fratello,COM
IT2023_114,Amleto è mio fratello,ROA
IT2023_115,Phobia,THR
IT2023_115,Phobia,DRA
IT2023_116,Un mondo fantastico,COM
IT2023_116,Un mondo fantastico,DRA
IT2023_117,Tramonto a Nord Ovest,DRA
IT2023_117,Tramonto a Nord Ovest,COM
IT2023_118,La chiocciola,DRA
IT2023_119,La seconda chance,COM
IT2023_119,La seconda chance,ROM
IT2023_120,Next!,COM
IT2023_121,Da domani mi alzo tardi,DRA
IT2023_121,Da domani mi alzo tardi,BIO
IT2023_121,Da domani mi alzo tardi,ROM
IT2023_121,Da domani mi alzo tardi,COM
IT2023_122,Basilico - L'infinito è la in fondo,DPA
IT2023_123,Giorni Felici,DRA
IT2023_123,Giorni Felici,ROM
IT2023_124,El Paraiso,DRA
IT2023_125,Anatar,COM
IT2023_125,Anatar,SCI
IT2023_125,Anatar,FAN
IT2023_126,L'orafo,HOR
IT2023_126,L'orafo,THR
IT2023_127,La luna sott'acqua,DPA
IT2023_128,Cinque stanze,DRA
IT2023_129,Dino Meneghin: Storia di una leggenda,DPO
IT2023_129,Dino Meneghin: Storia di una leggenda,SPO
IT2023_130,Good Vibes,DRA
IT2023_130,Good Vibes,THR
IT2023_131,Tempi Supplementari,DRA
IT2023_132,Avanzers Italian Super Heroes,COM
IT2023_133,Daniel Pennac: Ho visto Maradona!,DPA
IT2023_134,L'età giusta,ROA
IT2023_134,L'età giusta,COM
IT2023_135,La Montagna Incantata,DRA
IT2023_136,Senza Età,ROA
IT2023_136,Senza Età,COM
IT2023_136,Senza Età,DRA
IT2023_137,À la Recherche,DRA
IT2023_137,À la Recherche,ROM
IT2023_137,À la Recherche,MET
IT2023_138,Volare,COM
IT2023_139,Una gran voglia di vivere,COM
IT2023_139,Una gran voglia di vivere,ROM
IT2023_140,Giuseppe Garibaldi eroe leggendario,DPA
IT2023_141,Mi raccomando,COM
IT2023_142,Sbagliando s'impara,COM
IT2023_142,Sbagliando s'impara,ACT
IT2023_143,Te l'avevo detto,DRA
IT2023_144,La loggia occulta: Democrazia a rischio,DPA
IT2023_145,Uomo di fumo,DRA
IT2023_145,Uomo di fumo,ROM
IT2023_146,La vera storia di Luisa Bonfanti,MOC
IT2023_146,La vera storia di Luisa Bonfanti,BIO
IT2023_147,Non sono mai tornata indietro,DPA
IT2023_148,Tic Toc,COM
IT2023_149,Non tutto è perduto,COM
IT2023_149,Non tutto è perduto,SPO
IT2023_150,Un weekend particolare,COM
IT2023_150,Un weekend particolare,ROM
IT2023_151,Senza malizia,DPA
IT2023_151,Senza malizia,BIO
IT2023_152,Prima di andare via,COM
IT2023_152,Prima di andare via,ROM
IT2023_153,The Penitent,DRA
IT2023_154,Tutti i cani muoiono soli,DRA
IT2023_155,Bassifondi,DRA
IT2023_156,La memoria del mondo,DRA
IT2023_157,Ok Boomer,DPA
IT2023_158,Careseekers - In Cerca di Cura,DPA
IT2023_159,Come le tartarughe,DRA
IT2023_159,Come le tartarughe,COM
IT2023_160,Gli altri,DRA
IT2023_160,Gli altri,HIS
IT2023_161,La festa del ritorno,DRA
IT2017_001,L'ora legale,COM
IT2017_002,Mister Felicità,COM
IT2017_003,Poveri ma ricchissimi,COM
IT2017_004,Napoli velata,DRA
IT2017_004,Napoli velata,ROM
IT2017_004,Napoli velata,THR
IT2017_005,Mamma o papà?,COM
IT2017_006,Beata ignoranza,COM
IT2017_007,The Place,MPF
IT2017_007,The Place,DRA
IT2017_007,The Place,THR
IT2017_008,La ragazza nella nebbia,DTH
IT2017_009,Moglie e marito,COM
IT2017_009,Moglie e marito,SCI
IT2017_010,Natale da chef,COM
IT2017_011,La tenerezza,DRA
IT2017_012,Gli sdraiati,COM
IT2017_012,Gli sdraiati,DRA
IT2017_013,Fortunata,DRA
IT2017_014,Lasciati andare,COM
IT2017_015,Terapia di coppia per amanti,COM
IT2017_015,Terapia di coppia per amanti,ROM
IT2017_016,Rosso Istanbul,DRA
IT2017_017,Ammore e malavita,MUS
IT2017_018,Caccia al tesoro,COM
IT2017_018,Caccia al tesoro,HEI
IT2017_019,Il colore nascosto delle cose,DRA
IT2017_019,Il colore nascosto delle cose,ROM
IT2017_020,Omicidio all'italiana,COM
IT2017_021,Tutto quello che vuoi,COM
IT2017_021,Tutto quello che vuoi,DRA
IT2017_022,Il Premio,ROA
IT2017_022,Il Premio,COM
IT2017_022,Il Premio,DRA
IT2017_023,Classe Z,COM
IT2017_024,Questione di Karma,COM
IT2017_025,Nove lune e mezza,COM
IT2017_026,Finché c'è prosecco c'è speranza,COM
IT2017_026,Finché c'è prosecco c'è speranza,CRI
IT2017_027,Gomorroide,COM
IT2017_028,La casa di famiglia,COM
IT2017_029,Brutti e cattivi,COM
IT2017_029,Brutti e cattivi,HEI
IT2017_030,"La verità, vi spiego, sull'amore",COM
IT2017_030,"La verità, vi spiego, sull'amore",ROM
IT2017_031,Gatta Cenerentola,DYS
IT2017_031,Gatta Cenerentola,DRA
IT2017_032,Falchi,THR
IT2017_032,Falchi,DRA
IT2017_033,L'ordine delle cose,DRA
IT2017_034,La parrucchiera,COM
IT2017_034,La parrucchiera,ROM
IT2017_034,La parrucchiera,DRA
IT2017_035,Dove non ho mai abitato,DRA
IT2017_035,Dove non ho mai abitato,ROM
IT2017_036,Piccoli crimini coniugali,DRA
IT2017_036,Piccoli crimini coniugali,THR
IT2017_037,Amori che non sanno stare al mondo,ROM
IT2017_037,Amori che non sanno stare al mondo,COM
IT2017_037,Amori che non sanno stare al mondo,DRA
IT2017_038,Easy,ROA
IT2017_038,Easy,COM
IT2017_038,Easy,DRA
IT2017_039,The Startup: Accendi il tuo futuro,DRA
IT2017_040,Il padre d'Italia,DRA
IT2017_041,Pino Daniele - Il tempo resterà,DPA
IT2017_041,Pino Daniele - Il tempo resterà,BIO
IT2017_041,Pino Daniele - Il tempo resterà,MUS
IT2017_042,Vasco Modena Park: il film,MUS
IT2017_042,Vasco Modena Park: il film,DPA
IT2017_043,Il contagio,DRA
IT2017_043,Il contagio,THR
IT2017_044,Tiro libero,DRA
IT2017_044,Tiro libero,SPO
IT2017_045,Ovunque tu sarai,ROA
IT2017_045,Ovunque tu sarai,COM
IT2017_046,I peggiori,COM
IT2017_046,I peggiori,CRI
IT2017_047,"Sole, cuore, amore",DRA
IT2017_048,L'intrusa,DRA
IT2017_049,L'accabadora,DRA
IT2017_049,L'accabadora,HIS
IT2017_050,Cuori puri,DRA
IT2017_051,A Ciambra,DRA
IT2017_051,A Ciambra,COA
IT2017_052,Ferrari 312B,DPA
IT2017_052,Ferrari 312B,SPO
IT2017_053,Sicilian Ghost Story,CRI
IT2017_053,Sicilian Ghost Story,DRA
IT2017_053,Sicilian Ghost Story,FAN
IT2017_054,Lasciami per sempre,DRA
IT2017_054,Lasciami per sempre,COM
IT2017_054,Lasciami per sempre,ROM
IT2017_055,Orecchie,COM
IT2017_055,Orecchie,DRA
IT2017_056,The Broken Key,SCI
IT2017_056,The Broken Key,THR
IT2017_057,L'equilibrio,DRA
IT2017_057,L'equilibrio,CRI
IT2017_058,My Name Is Adil,DRA
IT2017_059,La vita in comune,DRA
IT2017_059,La vita in comune,COM
IT2017_060,Vieni a vivere a Napoli!,ANT
IT2017_060,Vieni a vivere a Napoli!,COM
IT2017_061,"Vedete, sono uno di voi",BIO
IT2017_061,"Vedete, sono uno di voi",DPE
IT2017_062,Barbiana '65: La lezione di Don Milani,DPA
IT2017_062,Barbiana '65: La lezione di Don Milani,BIO
IT2017_063,Piigs,DPA
IT2017_064,Malarazza: una storia di periferia,DRA
IT2017_065,Una famiglia,DRA
IT2017_066,I figli della notte,DRA
IT2017_066,I figli della notte,THR
IT2017_067,Made in China Napoletano,COM
IT2017_068,Chi salverà le rose?,DRA
IT2017_068,Chi salverà le rose?,ROM
IT2017_069,Agadah,FAN
IT2017_069,Agadah,HIS
IT2017_069,Agadah,ADV
IT2017_070,Veleno,DRA
IT2017_070,Veleno,CRI
IT2017_071,Riccardo va all'inferno,MUS
IT2017_071,Riccardo va all'inferno,DRA
IT2017_072,Gramigna,DRA
IT2017_073,Pipì Pupù e Rosmarina in Il Mistero delle Note Rapite,CHI
IT2017_073,Pipì Pupù e Rosmarina in Il Mistero delle Note Rapite,ADV
IT2017_074,Le verità,THR
IT2017_074,Le verità,DRA
IT2017_075,Gli asteroidi,DRA
IT2017_076,Maria per Roma,COM
IT2017_076,Maria per Roma,DRA
IT2017_077,Il figlio sospeso,DRA
IT2017_078,Il Giardino Dei Numeri,FAN
IT2017_078,Il Giardino Dei Numeri,ADV
IT2017_078,Il Giardino Dei Numeri,CHI
IT2017_079,Babylon Sisters,COM
IT2017_079,Babylon Sisters,DRA
IT2017_080,Dove cadono le ombre,DRA
IT2017_080,Dove cadono le ombre,THR
IT2017_081,Ferrante Fever,DPA
IT2017_082,MMA Love Never Dies,THR
IT2017_082,MMA Love Never Dies,ACT
IT2017_083,Ho amici in paradiso,COM
IT2017_083,Ho amici in paradiso,DRA
IT2017_084,La musica del silenzio,DRA
IT2017_084,La musica del silenzio,BIO
IT2017_085,Il vangelo secondo Mattei,COM
IT2017_085,Il vangelo secondo Mattei,MET
IT2017_086,La mia famiglia a soqquadro,COM
IT2017_087,E se mi comprassi una sedia?,COM
IT2017_087,E se mi comprassi una sedia?,MET
IT2017_088,Fausto e Furio,COM
IT2017_089,La ragazza dei miei sogni,DRA
IT2017_089,La ragazza dei miei sogni,THR
IT2017_089,La ragazza dei miei sogni,FAN
IT2017_090,Ninna Nanna,DRA
IT2017_091,Veleni,CRI
IT2017_091,Veleni,COM
IT2017_091,Veleni,DRA
IT2017_092,Una gita a Roma,COM
IT2017_092,Una gita a Roma,ADV
IT2017_093,7 Giorni,ROM
IT2017_093,7 Giorni,DRA
IT2017_094,Felicissime Condoglianze,COM
IT2017_095,My Italy,MET
IT2017_095,My Italy,COM
IT2017_096,Per un figlio,DRA
IT2017_097,L'amatore,DPE
IT2017_097,L'amatore,BIO
IT2017_097,L'amatore,HIS
IT2017_098,SFashion,DRA
IT2017_099,Il mondo di mezzo,DRA
IT2017_099,Il mondo di mezzo,CRI
IT2017_100,Lievito madre: Le ragazze del secolo scorso,DPA
IT2017_101,Te absolvo,DRA
IT2017_102,Il crimine non va in pensione,COM
IT2017_102,Il crimine non va in pensione,HEI
IT2017_103,L'Esodo,DRA
IT2017_104,Mexico! Un cinema alla riscossa,DPA
IT2017_105,Così parlò De Crescenzo,DPA
IT2017_105,Così parlò De Crescenzo,BIO
IT2017_106,Acqua di marzo,DRA
IT2017_107,The Habit of Beauty,DRA
IT2017_108,Mothers,DRA
IT2017_109,Andròn: The Black Labyrinth,SCI
IT2017_109,Andròn: The Black Labyrinth,ACT
IT2017_110,La fuga,THR
IT2017_111,Socialmente Pericolosi,DRA
IT2017_112,La lucida follia di Marco Ferreri,BIO
IT2017_112,La lucida follia di Marco Ferreri,DPA
IT2017_113,Un uomo e una voce - A Beniamino Gigli,DRA
IT2017_113,Un uomo e una voce - A Beniamino Gigli,BIO
IT2017_114,Nessuno ci può giudicare,DPA
IT2017_114,Nessuno ci può giudicare,MUS
IT2016_001,Funne - le ragazze che sognavano il mare,DPA
IT2016_001,Funne - le ragazze che sognavano il mare,COM
IT2016_002,Quo vado?,COM
IT2016_003,Perfetti sconosciuti,COM
IT2016_003,Perfetti sconosciuti,DRA
IT2016_004,L'abbiamo fatta grossa,COM
IT2016_005,Poveri ma Ricchi,COM
IT2016_006,La pazza gioia,COM
IT2016_006,La pazza gioia,DRA
IT2016_007,Lo chiamavano Jeeg Robot,ACT
IT2016_007,Lo chiamavano Jeeg Robot,SCI
IT2016_007,Lo chiamavano Jeeg Robot,COM
IT2016_007,Lo chiamavano Jeeg Robot,SUP
IT2016_007,Lo chiamavano Jeeg Robot,DRA
IT2016_008,In guerra per amore,WAR
IT2016_008,In guerra per amore,COM
IT2016_008,In guerra per amore,DRA
IT2016_009,Natale a Londra: Dio Salvi la Regina,COM
IT2016_010,Non c'è più religione,COM
IT2016_011,La corrispondenza,THR
IT2016_011,La corrispondenza,ROM
IT2016_011,La corrispondenza,DRA
IT2016_012,Un Natale al Sud,COM
IT2016_013,Fuga da Reuma Park,COM
IT2016_013,Fuga da Reuma Park,DYS
IT2016_014,Non si ruba a casa dei ladri,COM
IT2016_014,Non si ruba a casa dei ladri,CRI
IT2016_015,Veloce come il vento,DRA
IT2016_015,Veloce come il vento,SPO
IT2016_016,Se mi lasci non vale,COM
IT2016_016,Se mi lasci non vale,ROM
IT2016_017,La cena di Natale,COM
IT2016_018,Tiramisù,COM
IT2016_019,Che vuoi che sia,COM
IT2016_019,Che vuoi che sia,DRA
IT2016_020,Come diventare grandi nonostante i genitori,COM
IT2016_020,Come diventare grandi nonostante i genitori,DRA
IT2016_021,L'estate addosso,DRA
IT2016_021,L'estate addosso,COA
IT2016_022,Forever Young,COM
IT2016_022,Forever Young,MPF
IT2016_023,"Vita, cuore, battito",COM
IT2016_024,Troppo napoletano,COM
IT2016_024,Troppo napoletano,ROM
IT2016_025,Un paese quasi perfetto,COM
IT2016_026,Le confessioni,DRA
IT2016_026,Le confessioni,THR
IT2016_027,I babysitter,COM
IT2016_028,Fai bei sogni,DRA
IT2016_029,La verità sta in cielo,DRA
IT2016_029,La verità sta in cielo,THR
IT2016_030,Quel bravo ragazzo,COM
IT2016_031,Al posto tuo,COM
IT2016_032,Made in Italy: Ciao Brother,COM
IT2016_033,Nemiche per la pelle,COM
IT2016_034,7 minuti,DRA
IT2016_035,Onda su onda,COM
IT2016_035,Onda su onda,DRA
IT2016_036,Prima di lunedì,COM
IT2016_037,The Pills: Sempre meglio che lavorare,COM
IT2016_038,Indivisibili,DRA
IT2016_039,La vita possibile,DRA
IT2016_040,Tommaso,COM
IT2016_040,Tommaso,DRA
IT2016_040,Tommaso,ROM
IT2016_041,La coppia dei campioni,COM
IT2016_041,La coppia dei campioni,ROA
IT2016_042,On Air: Storia di un Successo,BIO
IT2016_042,On Air: Storia di un Successo,COM
IT2016_042,On Air: Storia di un Successo,DRA
IT2016_043,My Father Jack,COM
IT2016_043,My Father Jack,ACT
IT2016_044,Questi giorni,DRA
IT2016_045,La pelle dell'orso,DRA
IT2016_046,Come saltano i pesci,DRA
IT2016_046,Come saltano i pesci,ROA
IT2016_047,Mi rifaccio il trullo,COM
IT2016_048,La macchinazione,DRA
IT2016_048,La macchinazione,THR
IT2016_049,Astro Samantha,DOB
IT2016_050,Pericle il nero,DRA
IT2016_050,Pericle il nero,THR
IT2016_051,Leonardo da Vinci - Il genio a Milano,DPE
IT2016_051,Leonardo da Vinci - Il genio a Milano,BIO
IT2016_052,Milionari,DRA
IT2016_052,Milionari,THR
IT2016_052,Milionari,NOI
IT2016_053,Bianco di Babbudoiu,COM
IT2016_054,La stoffa dei sogni,COM
IT2016_054,La stoffa dei sogni,DRA
IT2016_054,La stoffa dei sogni,HIS
IT2016_055,Ustica,DRA
IT2016_055,Ustica,HIS
IT2016_055,Ustica,THR
IT2016_056,L'Universale,COM
IT2016_056,L'Universale,HIS
IT2016_057,La ragazza del mondo,DRA
IT2016_058,Le ultime cose,DRA
IT2016_059,L'ultima spiaggia,DPA
IT2016_060,Fräulein: una fiaba d'inverno,COM
IT2016_061,Il fiume ha sempre ragione,DPA
IT2016_061,Il fiume ha sempre ragione,BIO
IT2016_062,Con tutto l'amore che ho,DRA
IT2016_063,Seconda primavera,DRA
IT2016_064,La buona uscita,COM
IT2016_064,La buona uscita,DRA
IT2016_065,Antonia.,BIO
IT2016_065,Antonia.,DRA
IT2016_066,Abbraccialo per me,DRA
IT2016_067,Ridendo e scherzando - Ritratto di un regista all'italiana,DPA
IT2016_067,Ridendo e scherzando - Ritratto di un regista all'italiana,BIO
IT2016_067,Ridendo e scherzando - Ritratto di un regista all'italiana,COM
IT2016_068,Il Ragazzo Della Giudecca,DRA
IT2016_068,Il Ragazzo Della Giudecca,BIO
IT2016_069,Senza lasciare traccia,NOI
IT2016_069,Senza lasciare traccia,DRA
IT2016_070,Liberami,DOB
IT2016_070,Liberami,BIO
IT2016_071,Oscar,HIS
IT2016_071,Oscar,DRA
IT2016_072,L'età d'oro,DRA
IT2016_073,Infernet,DRA
IT2016_074,Banat - Il viaggio,DRA
IT2016_075,S Is for Stanley,DPA
IT2016_075,S Is for Stanley,BIO
IT2016_076,Attesa e cambiamenti,COM
IT2016_077,Porno & Libertà,DPA
IT2016_078,Assolo,COM
IT2016_079,Ab urbe coacta,DPA
IT2016_079,Ab urbe coacta,BIO
IT2016_080,A pugni chiusi,DPA
IT2016_080,A pugni chiusi,BIO
IT2016_081,Due euro l'ora,DRA
IT2016_082,In bici senza sella,ANT
IT2016_082,In bici senza sella,COM
IT2016_083,Tre giorni dopo,COM
IT2016_084,Una nobile causa,DRA
IT2016_085,Bozzetto non troppo,DPA
IT2016_085,Bozzetto non troppo,BIO
IT2016_086,La notte non fa più paura,DRA
IT2016_087,Mia madre fa l'attrice,DPA
IT2016_087,Mia madre fa l'attrice,COM
IT2016_088,Cronaca di una passione,DRA
IT2016_089,La Sindrome di Antonio,DRA
IT2016_089,La Sindrome di Antonio,COM
IT2016_090,Una diecimilalire,DRA
IT2016_091,Racconto Calabrese,DRA
IT2016_092,Montedoro,DRA
IT2016_092,Montedoro,SCI
IT2016_093,Fratelli di Sangue,ACT
IT2016_093,Fratelli di Sangue,DRA
IT2016_094,L'amore rubato,DRA
IT2016_095,Cristian e Palletta contro tutti,COM
IT2016_095,Cristian e Palletta contro tutti,ROA
IT2016_096,Il camionista,DRA
IT2016_097,Ritmo sbilenco - Un filmino su Elio e le Storie Tese,DOB
IT2016_098,La grande Rabbia,ACT
IT2016_098,La grande Rabbia,DRA
IT2016_099,Oggi insieme domani anche: Film partecipato,DPA
IT2016_100,Che cos'è l'amore?,DPA
IT2016_101,"Si vis pacem, para bellum",THR
IT2016_102,Un nuovo giorno,DRA
IT2016_103,80 Voglia di te,COM
IT2016_103,80 Voglia di te,ROM
IT2016_104,Una carezza di vento,DRA
IT2016_105,Obce cialo,ROM
IT2016_105,Obce cialo,DRA
IT2016_106,"Alfredo Bini, ospite inatteso",DPA
IT2016_106,"Alfredo Bini, ospite inatteso",BIO
IT2016_107,L'altro Adamo,DYS
IT2016_108,Il profumo del tempo delle favole,DPE
IT2015_001,Si accettano miracoli,COM
IT2015_002,Natale col boss,COM
IT2015_003,Vacanze ai Caraibi,COM
IT2015_004,Youth - la giovinezza,DRA
IT2015_005,Ma che bella sorpresa,COM
IT2015_005,Ma che bella sorpresa,ROM
IT2015_006,Suburra,DRA
IT2015_006,Suburra,THR
IT2015_007,Belli di papà,COM
IT2015_008,Se Dio vuole,COM
IT2015_009,Noi e la Giulia,COM
IT2015_010,Italiano medio,COM
IT2015_011,Chiamatemi Francesco - Il Papa della gente,BIO
IT2015_011,Chiamatemi Francesco - Il Papa della gente,DRA
IT2015_012,Mia madre,DRA
IT2015_013,Matrimonio al Sud,COM
IT2015_014,Io che amo solo te,COM
IT2015_014,Io che amo solo te,DRA
IT2015_014,Io che amo solo te,ROM
IT2015_015,Nessuno si salva da solo,ROM
IT2015_015,Nessuno si salva da solo,DRA
IT2015_016,Il racconto dei racconti,DRA
IT2015_016,Il racconto dei racconti,FAN
IT2015_017,Il nome del figlio,COM
IT2015_017,Il nome del figlio,DRA
IT2015_018,Sei mai stata sulla luna?,COM
IT2015_018,Sei mai stata sulla luna?,ROM
IT2015_019,Gli ultimi saranno ultimi,COM
IT2015_019,Gli ultimi saranno ultimi,DRA
IT2015_020,Latin Lover,COM
IT2015_020,Latin Lover,MPF
IT2015_021,Io e lei,COM
IT2015_021,Io e lei,DRA
IT2015_022,Tutte lo vogliono,COM
IT2015_023,Loro chi?,COM
IT2015_024,La scelta,DRA
IT2015_025,La felicità è un sistema complesso,DRA
IT2015_026,Non essere cattivo,DRA
IT2015_026,Non essere cattivo,NOI
IT2015_027,Maraviglioso Boccaccio,FAN
IT2015_027,Maraviglioso Boccaccio,ROM
IT2015_027,Maraviglioso Boccaccio,MPF
IT2015_028,Alaska,DRA
IT2015_029,Dobbiamo parlare,DRA
IT2015_029,Dobbiamo parlare,COM
IT2015_030,Ho ucciso Napoleone,COM
IT2015_030,Ho ucciso Napoleone,DRA
IT2015_031,Italo,COM
IT2015_031,Italo,CHI
IT2015_032,Le leggi del desiderio,COM
IT2015_032,Le leggi del desiderio,DRA
IT2015_033,Per amor vostro,DRA
IT2015_034,Hungry Hearts,DRA
IT2015_035,L'attesa,DRA
IT2015_036,Sangue del mio sangue,DRA
IT2015_036,Sangue del mio sangue,HIS
IT2015_037,A Napoli non piove mai,COM
IT2015_038,Soldato semplice,COM
IT2015_038,Soldato semplice,WAR
IT2015_039,In fondo al bosco,DRA
IT2015_039,In fondo al bosco,THR
IT2015_040,Tempo instabile con probabili schiarite,COM
IT2015_041,Uno per tutti,DRA
IT2015_042,Babbo Natale non viene da Nord,COM
IT2015_043,Ci devo pensare,COM
IT2015_044,Vergine giurata,DRA
IT2015_045,A Bigger Splash,DRA
IT2015_045,A Bigger Splash,THR
IT2015_046,The Repairman,COM
IT2015_046,The Repairman,DRA
IT2015_047,La prima luce,DRA
IT2015_048,Pitza e datteri,COM
IT2015_049,Il Bacio Azzurro,FAN
IT2015_049,Il Bacio Azzurro,CHI
IT2015_050,Il solengo,DPA
IT2015_051,Between Sisters,DPA
IT2015_051,Between Sisters,DRA
IT2015_052,Uno anzi due,COM
IT2015_052,Uno anzi due,DRA
IT2015_053,La prima volta (di mia figlia),COM
IT2015_054,Iqbal - Bambini senza paura,CHI
IT2015_054,Iqbal - Bambini senza paura,COA
IT2015_055,Leoni,COM
IT2015_056,In un posto bellissimo,DRA
IT2015_057,Un posto sicuro,DRA
IT2015_058,L'amour ne pardonne pas,DRA
IT2015_058,L'amour ne pardonne pas,ROM
IT2015_059,Una Meravigliosa Stagione Fallimentare,SPO
IT2015_059,Una Meravigliosa Stagione Fallimentare,DPE
IT2015_060,Dancing with Maria,DOB
IT2015_061,Viva la sposa,DRA
IT2015_062,Le frise ignoranti,COM
IT2015_063,Pecore in erba,MOC
IT2015_063,Pecore in erba,COM
IT2015_063,Pecore in erba,BIO
IT2015_064,Mirafiori Lunapark,DRA
IT2015_065,One More Day,DRA
IT2015_066,Banana,COM
IT2015_067,Una storia sbagliata,DRA
IT2015_068,Cloro,DRA
IT2015_069,Storie sospese,DRA
IT2015_070,Ameluk,COM
IT2015_071,Ultima Fermata,DRA
IT2015_071,Ultima Fermata,ROM
IT2015_072,Senza Lucio,DPA
IT2015_072,Senza Lucio,MUS
IT2015_073,Effetti Indesiderati,COM
IT2015_074,Rosso Mille Miglia,COM
IT2015_074,Rosso Mille Miglia,DRA
IT2015_075,"Io, Arlecchino",DRA
IT2015_075,"Io, Arlecchino",COM
IT2015_076,Patria,DRA
IT2015_077,Basta poco,COM
IT2015_078,Janara,HOR
IT2015_079,Le Badanti,DRA
IT2015_079,Le Badanti,COM
IT2015_080,Bolgia totale,THR
IT2015_080,Bolgia totale,NOI
IT2015_081,Mauro c'ha da fare,COM
IT2015_082,Né Giulietta né Romeo,COM
IT2015_083,Noi siamo Francesco,COM
IT2015_083,Noi siamo Francesco,DRA
IT2015_084,La voce,THR
IT2015_084,La voce,NOI
IT2015_085,Meno male è Lunedì,DPA
IT2015_086,Leone nel basilico,DRA
IT2015_087,Fuori dal coro,COM
IT2015_087,Fuori dal coro,THR
IT2015_088,Nessuno siamo perfetti,DPA
IT2015_088,Nessuno siamo perfetti,BIO
IT2015_089,Cain,DRA
IT2015_089,Cain,NOI
IT2015_090,Fuorigioco,DRA
IT2015_091,Dietro gli occhiali bianchi,BIO
IT2015_091,Dietro gli occhiali bianchi,DPA
IT2015_092,L'ospite,DRA
IT2015_092,L'ospite,HIS
IT2015_093,L'equilibrio del cucchiaino,DPA
IT2015_093,L'equilibrio del cucchiaino,BIO
IT2015_094,L'orologio di Monaco,DPE
IT2015_095,Terra,DYS
IT2014_001,Rada,DPA
IT2014_002,Una nobile rivoluzione,DPA
IT2014_002,Una nobile rivoluzione,BIO
IT2014_003,"Il ricco, il povero e il maggiordomo",COM
IT2014_004,Un boss in salotto,COM
IT2014_005,Sotto una buona stella,COM
IT2014_006,Andiamo a quel paese,COM
IT2014_007,Il giovane favoloso,BIO
IT2014_007,Il giovane favoloso,HIS
IT2014_007,Il giovane favoloso,DRA
IT2014_008,La scuola più bella del mondo,COM
IT2014_009,Il capitale umano,DRA
IT2014_009,Il capitale umano,THR
IT2014_010,Scusate se esisto!,COM
IT2014_011,Allacciate le cinture,DRA
IT2014_011,Allacciate le cinture,ROM
IT2014_012,Il ragazzo invisibile,SUP
IT2014_013,Smetto quando voglio,COM
IT2014_014,... E fuori nevica!,COM
IT2014_015,Confusi e felici,MPF
IT2014_015,Confusi e felici,COM
IT2014_016,Ma tu di che segno 6?,COM
IT2014_016,Ma tu di che segno 6?,MPF
IT2014_017,Una donna per amica,ROM
IT2014_017,Una donna per amica,COM
IT2014_018,Un fidanzato per mia moglie,COM
IT2014_019,Ogni maledetto Natale,COM
IT2014_020,Sapore di te,ROM
IT2014_020,Sapore di te,MPF
IT2014_020,Sapore di te,COM
IT2014_021,Un matrimonio da favola,COM
IT2014_022,Soap Opera,COM
IT2014_022,Soap Opera,ROM
IT2014_023,La sedia della felicità,COM
IT2014_024,La gente che sta bene,COM
IT2014_025,Le meraviglie,COA
IT2014_025,Le meraviglie,DRA
IT2014_026,Anime nere,DRA
IT2014_026,Anime nere,THR
IT2014_027,I nostri ragazzi,DRA
IT2014_028,Perez.,DRA
IT2014_028,Perez.,THR
IT2014_029,Song 'e Napule,CRI
IT2014_029,Song 'e Napule,COM
IT2014_030,Ti ricordi di me?,COM
IT2014_030,Ti ricordi di me?,DRA
IT2014_030,Ti ricordi di me?,ROM
IT2014_031,Un ragazzo d'oro,DRA
IT2014_032,La mossa del pinguino,COM
IT2014_033,La buca,COM
IT2014_033,La buca,DRA
IT2014_034,Maldamore,COM
IT2014_034,Maldamore,ROM
IT2014_035,Anita B.,DRA
IT2014_035,Anita B.,HIS
IT2014_036,Noi 4,COM
IT2014_036,Noi 4,DRA
IT2014_037,Ti sposo ma non troppo,COM
IT2014_037,Ti sposo ma non troppo,ROM
IT2014_038,Ambo,COM
IT2014_039,Buoni a nulla,COM
IT2014_040,In grazia di Dio,DRA
IT2014_041,Cuccioli - Il paese del vento,CHI
IT2014_041,Cuccioli - Il paese del vento,ADV
IT2014_042,Pane e burlesque,COM
IT2014_043,La nostra terra,COM
IT2014_043,La nostra terra,DRA
IT2014_044,Belluscone. Una storia siciliana,MET
IT2014_044,Belluscone. Una storia siciliana,DPE
IT2014_045,Il venditore di medicine,DRA
IT2014_046,Senza nessuna pietà,NOI
IT2014_047,Arance & martello,COM
IT2014_048,Se chiudo gli occhi non sono più qui,DRA
IT2014_049,La luna su Torino,COM
IT2014_050,Piccola patria,DRA
IT2014_051,2047 - Sights of Death,DYS
IT2014_051,2047 - Sights of Death,SCI
IT2014_051,2047 - Sights of Death,ACT
IT2014_052,Mio papà,DRA
IT2014_053,Più buio di mezzanotte,DRA
IT2014_054,Incompresa,DRA
IT2014_055,Francesco da Buenos Aires,BIO
IT2014_056,Take Five,HEI
IT2014_056,Take Five,DRA
IT2014_056,Take Five,THR
IT2014_057,Il mondo fino in fondo,ROA
IT2014_057,Il mondo fino in fondo,COM
IT2014_057,Il mondo fino in fondo,DRA
IT2014_058,Il pretore,COM
IT2014_059,Perfidia,DRA
IT2014_060,Il leone di vetro,HIS
IT2014_060,Il leone di vetro,DRA
IT2014_061,La moglie del sarto,DRA
IT2014_062,Il Mistero di Dante,BIO
IT2014_062,Il Mistero di Dante,DRA
IT2014_063,Il segreto di Italia,DRA
IT2014_063,Il segreto di Italia,HIS
IT2014_064,Felice chi è diverso,DPA
IT2014_065,Nessuno mi pettina bene come il vento,DRA
IT2014_066,Fuoristrada,DPA
IT2014_067,La legge è uguale per tutti... forse,COM
IT2014_068,Zio Angelo e i tempi moderni,COM
IT2014_069,Vacanz...Ieri Oggi E Domani,COM
IT2014_070,Racconti d'amore,DRA
IT2014_071,Io rom romantica,COM
IT2014_071,Io rom romantica,DRA
IT2014_072,Ore diciotto in punto,FAN
IT2014_072,Ore diciotto in punto,COM
IT2014_072,Ore diciotto in punto,DRA
IT2014_073,Vinodentro,COM
IT2014_073,Vinodentro,CRI
IT2014_073,Vinodentro,THR
IT2014_074,Nottetempo,THR
IT2014_074,Nottetempo,DRA
IT2014_075,La zuppa del demonio,DPA
IT2014_076,La foresta di ghiaccio,DRA
IT2014_076,La foresta di ghiaccio,THR
IT2014_077,Il treno va a Mosca,DPA
IT2014_078,La Banda dei Supereroi,COM
IT2014_078,La Banda dei Supereroi,MET
IT2014_079,Sogni di gloria,COM
IT2014_080,Controra,THR
IT2014_080,Controra,HOR
IT2014_081,La Matricola,COM
IT2014_082,La madre,DRA
IT2014_083,Sarà un paese,DPA
IT2014_084,Presto farà giorno,DRA
IT2014_085,L'estate sta finendo,DRA
IT2014_086,Maicol Jecson,ROA
IT2014_086,Maicol Jecson,COA
IT2014_086,Maicol Jecson,COM
IT2014_087,Ritual - Una storia psicomagica,THR
IT2014_087,Ritual - Una storia psicomagica,DRA
IT2014_088,Sangue,DPE
IT2014_089,"La storia di Cino, il bambino che attraversò la montagna",ADV
IT2014_089,"La storia di Cino, il bambino che attraversò la montagna",DRA
IT2014_089,"La storia di Cino, il bambino che attraversò la montagna",HIS
IT2014_090,Ragazze a mano armata,COM
IT2014_090,Ragazze a mano armata,THR
IT2014_091,In viaggio con Cecilia,DPA
IT2014_092,Tutte le storie di Piera,BIO
IT2014_092,Tutte le storie di Piera,DPA
FR2023_001,Tirailleurs,DRA
FR2023_001,Tirailleurs,HIS
FR2023_001,Tirailleurs,WAR
FR2023_002,Cet été-là,COM
FR2023_002,Cet été-là,DRA
FR2023_003,16 ans,DRA
FR2023_004,Etugen,DEX
FR2023_004,Etugen,DPA
FR2023_005,Mes chers espions,DOB
FR2023_006,Les Cyclades,COM
FR2023_007,Les Cadors,COM
FR2023_007,Les Cadors,DRA
FR2023_008,L'Envol,DRA
FR2023_008,L'Envol,HIS
FR2023_009,Grand Marin,DRA
FR2023_010,De Humani Corporis Fabrica,DOB
FR2023_010,De Humani Corporis Fabrica,DPO
FR2023_011,Ma ville demain,DEX
FR2023_011,Ma ville demain,DPA
FR2023_012,Swing Rendez-vous,COM
FR2023_012,Swing Rendez-vous,ROM
FR2023_012,Swing Rendez-vous,MUS
FR2023_013,La Guerre des Lulus,ADV
FR2023_013,La Guerre des Lulus,CHI
FR2023_013,La Guerre des Lulus,HIS
FR2023_014,Le Clan,COM
FR2023_015,Youssef Salem a du succès,COM
FR2023_016,Brillantes,DRA
FR2023_016,Brillantes,COM
FR2023_017,Le Chant des vivants,DOB
FR2023_018,Mon vieux,DOB
FR2023_018,Mon vieux,DPA
FR2023_019,Pattie et la colère de Poséidon,ADV
FR2023_019,Pattie et la colère de Poséidon,COM
FR2023_019,Pattie et la colère de Poséidon,FAN
FR2023_020,Vaincre ou mourir,HIS
FR2023_020,Vaincre ou mourir,ACT
FR2023_021,Divertimento,BIO
FR2023_021,Divertimento,DRA
FR2023_022,Interdit aux chiens et aux Italiens,HIS
FR2023_022,Interdit aux chiens et aux Italiens,COM
FR2023_022,Interdit aux chiens et aux Italiens,DRA
FR2023_023,Un petit miracle,COM
FR2023_024,Retour à Séoul,DRA
FR2023_025,Neneh Superstar,COM
FR2023_025,Neneh Superstar,DRA
FR2023_026,"Ashkal, l'enquête de Tunis",DTH
FR2023_026,"Ashkal, l'enquête de Tunis",THR
FR2023_027,Quitte pour la peur,HIS
FR2023_027,Quitte pour la peur,COM
FR2023_027,Quitte pour la peur,DRA
FR2023_028,Astérix & Obélix : L'Empire du Milieu,ADV
FR2023_028,Astérix & Obélix : L'Empire du Milieu,COM
FR2023_028,Astérix & Obélix : L'Empire du Milieu,FAN
FR2023_029,La Montagne,DRA
FR2023_029,La Montagne,FAN
FR2023_030,Un petit frère,DRA
FR2023_031,Des garçons de province,DRA
FR2023_032,Droit dans les yeux,DOB
FR2023_033,Alibi.com 2,COM
FR2023_034,"Zodi & Tehu, frères du désert",ADV
FR2023_034,"Zodi & Tehu, frères du désert",CHI
FR2023_034,"Zodi & Tehu, frères du désert",COM
FR2023_035,Les Têtes givrées,COM
FR2023_035,Les Têtes givrées,DRA
FR2023_036,La Grande Magie,COM
FR2023_036,La Grande Magie,HIS
FR2023_037,Pour la France,DRA
FR2023_038,Tant que le soleil frappe,DRA
FR2023_039,La Ferme à Gégé,DOB
FR2023_039,La Ferme à Gégé,DPA
FR2023_040,Astrakan,DRA
FR2023_041,Un homme heureux,COM
FR2023_042,Juste ciel !,COM
FR2023_042,Juste ciel !,SPO
FR2023_043,Le Grand Cirque,COM
FR2023_044,L'Astronaute,DRA
FR2023_045,Le Marchand de sable,DRA
FR2023_046,Les Choses simples,COM
FR2023_047,À la belle étoile,COM
FR2023_047,À la belle étoile,DRA
FR2023_048,Arrête avec tes mensonges,DRA
FR2023_049,Chevalier noir,DRA
FR2023_050,Last Dance,COM
FR2023_050,Last Dance,DRA
FR2023_051,Slava Ukraini,DOB
FR2023_051,Slava Ukraini,DPE
FR2023_052,Les Petites Victoires,COM
FR2023_053,La Syndicaliste,DRA
FR2023_053,La Syndicaliste,THR
FR2023_054,Goutte d'or,DRA
FR2023_055,Mon crime,COM
FR2023_055,Mon crime,DTH
FR2023_055,Mon crime,HIS
FR2023_056,En plein feu,DRA
FR2023_056,En plein feu,ACT
FR2023_057,Christophe définitivement,DOB
FR2023_058,Toi non plus tu n'as rien vu,DRA
FR2023_058,Toi non plus tu n'as rien vu,COU
FR2023_059,Comme une actrice,COM
FR2023_059,Comme une actrice,DRA
FR2023_060,En toute liberté - Une radio pour la paix,DOB
FR2023_060,En toute liberté - Une radio pour la paix,DPA
FR2023_061,Femme de mère en fille,DPE
FR2023_062,Paysans du ciel à la terre,DEX
FR2023_063,Sage-homme,COM
FR2023_063,Sage-homme,DRA
FR2023_064,La Chambre des merveilles,DRA
FR2023_065,Bienveillance paysanne,DEX
FR2023_065,Bienveillance paysanne,DPA
FR2023_066,À pas aveugles,DOB
FR2023_067,Le Monde d'après 2,COM
FR2023_067,Le Monde d'après 2,MPF
FR2023_068,Sur les chemins noirs,DRA
FR2023_068,Sur les chemins noirs,ROA
FR2023_069,De grandes espérances,DRA
FR2023_070,Dalva,DRA
FR2023_071,Atlantic Bar,DOB
FR2023_072,"Saules aveugles, femme endormie",DRA
FR2023_072,"Saules aveugles, femme endormie",SCI
FR2023_073,Je verrai toujours vos visages,DRA
FR2023_074,Bonne Conduite,COM
FR2023_074,Bonne Conduite,CRI
FR2023_075,Apaches,HIS
FR2023_075,Apaches,CRI
FR2023_076,Voyages en Italie,COM
FR2023_077,Les Trois Mousquetaires : D'Artagnan,ACT
FR2023_077,Les Trois Mousquetaires : D'Artagnan,HIS
FR2023_078,"Mon chat et moi, la grande aventure de Rroû",CHI
FR2023_078,"Mon chat et moi, la grande aventure de Rroû",ADV
FR2023_079,L'Établi,DRA
FR2023_079,L'Établi,HIS
FR2023_080,C'est mon homme,DRA
FR2023_080,C'est mon homme,HIS
FR2023_081,Normale,COM
FR2023_081,Normale,DRA
FR2023_082,À mon seul désir,DRA
FR2023_083,10 jours encore sans maman,COM
FR2023_084,Les Complices,COM
FR2023_085,Les Âmes soeurs,DRA
FR2023_086,Une histoire d'amour,DRA
FR2023_087,Alma Viva,DRA
FR2023_088,"L'Automne à Pyongyang, un portrait de Claude Lanzmann",DPA
FR2023_088,"L'Automne à Pyongyang, un portrait de Claude Lanzmann",DOB
FR2023_089,Alegria Séfarade,DPA
FR2023_090,La Vie pour de vrai,COM
FR2023_091,Sur l'Adamant,DOB
FR2023_091,Sur l'Adamant,DPA
FR2023_092,La Plus Belle pour aller danser,COM
FR2023_093,Chien de la casse,COM
FR2023_093,Chien de la casse,DRA
FR2023_094,Avant l'effondrement,COM
FR2023_094,Avant l'effondrement,DRA
FR2023_095,Notre tout petit petit mariage,COM
FR2023_096,Le Jeune Imam,DRA
FR2023_097,Quand tu seras grand,COM
FR2023_097,Quand tu seras grand,DRA
FR2023_098,Ma langue au chat,COM
FR2023_099,L'Amitié,DPE
FR2023_100,C'est normal !,DPA
FR2023_101,Pour l'honneur,COM
FR2023_101,Pour l'honneur,SPO
FR2023_102,La Marginale,COM
FR2023_102,La Marginale,DRA
FR2023_102,La Marginale,ROA
FR2023_103,Disco Boy,DRA
FR2023_104,La Gravité,SCI
FR2023_105,Nos cérémonies,DRA
FR2023_105,Nos cérémonies,FAN
FR2023_106,Le Principal,DRA
FR2023_107,Hawaii,COM
FR2023_108,Le Cours de la vie,COM
FR2023_108,Le Cours de la vie,DRA
FR2023_109,La Fille d'Albino Rodrigue,DRA
FR2023_110,The Wild One,DEX
FR2023_111,"La Révole nature, de la vigne au verre",DOB
FR2023_111,"La Révole nature, de la vigne au verre",DPA
FR2023_112,"On a eu la journée, bonsoir",DPE
FR2023_113,Jeanne du Barry,DRA
FR2023_113,Jeanne du Barry,HIS
FR2023_113,Jeanne du Barry,BIO
FR2023_114,Umami,COM
FR2023_114,Umami,DRA
FR2023_115,L'Homme debout,COM
FR2023_115,L'Homme debout,DRA
FR2023_116,Monsieur Constant,COM
FR2023_116,Monsieur Constant,DRA
FR2023_117,L'Amour et les Forêts,DRA
FR2023_118,L'Île rouge,DRA
FR2023_119,Invincible été,DOB
FR2023_119,Invincible été,DPA
FR2023_120,De l'eau jaillit le feu,DOB
FR2023_120,De l'eau jaillit le feu,DPA
FR2023_121,Aux masques citoyennes,DOB
FR2023_121,Aux masques citoyennes,DPA
FR2023_122,Des mains en or,COM
FR2023_123,Wahou !,COM
FR2023_124,Marinette,DRA
FR2023_124,Marinette,BIO
FR2023_125,Sexygénaires,COM
FR2023_126,Le Processus de paix,COM
FR2023_126,Le Processus de paix,DRA
FR2023_126,Le Processus de paix,ROM
FR2023_127,Fifi,COM
FR2023_127,Fifi,DRA
FR2023_127,Fifi,COA
FR2023_128,Stars at Noon,DRA
FR2023_128,Stars at Noon,ROM
FR2023_128,Stars at Noon,THR
FR2023_129,Magnificat,DRA
FR2023_130,38°5 quai des Orfèvres,COM
FR2023_130,38°5 quai des Orfèvres,DTH
FR2023_131,La Fille et le Garçon,ROM
FR2023_132,Les Vengeances de Maître Poutifard,COM
FR2023_133,Farang,CRI
FR2023_133,Farang,ACT
FR2023_134,Passages,DRA
FR2023_134,Passages,ROM
FR2023_135,La Sirène,DRA
FR2023_136,"Miraculous, le film",ACT
FR2023_136,"Miraculous, le film",SUP
FR2023_137,Une nuit,ROM
FR2023_138,"Cléo, Melvil et moi",COM
FR2023_138,"Cléo, Melvil et moi",DRA
FR2023_138,"Cléo, Melvil et moi",ROM
FR2023_139,Au cimetière de la pellicule,DPA
FR2023_140,Les Algues vertes,THR
FR2023_140,Les Algues vertes,DRA
FR2023_141,Le Retour,DRA
FR2023_142,Petit Jésus,COM
FR2023_143,Entre nous,COM
FR2023_143,Entre nous,DRA
FR2023_144,Sous le tapis,COM
FR2023_144,Sous le tapis,DRA
FR2023_145,Les Déguns 2,COM
FR2023_146,Sur la branche,COM
FR2023_147,Un hiver en été,DRA
FR2023_148,Les Blagues de Toto 2 - Classe verte,COM
FR2023_148,Les Blagues de Toto 2 - Classe verte,CHI
FR2023_149,Yannick,COM
FR2023_150,Veuillez nous excuser pour la gêne occasionnée,COM
FR2023_151,La Voie royale,DRA
FR2023_152,Un coup de maître,COM
FR2023_153,Les As de la Jungle 2 : Opération tour du monde,ADV
FR2023_153,Les As de la Jungle 2 : Opération tour du monde,COM
FR2023_154,La Bête dans la jungle,DRA
FR2023_155,Anatomie d'une chute,DRA
FR2023_155,Anatomie d'une chute,COU
FR2023_156,Super-bourrés,COM
FR2023_157,"Toni, en famille",COM
FR2023_157,"Toni, en famille",DRA
FR2023_158,Visions,THR
FR2023_159,Le Gang des bois du temple,DRA
FR2023_159,Le Gang des bois du temple,CRI
FR2023_160,Un métier sérieux,COM
FR2023_160,Un métier sérieux,DRA
FR2023_161,Le Livre des solutions,COM
FR2023_161,Le Livre des solutions,DRA
FR2023_162,L'Été dernier,DRA
FR2023_163,Les Secrets de la princesse de Cadignan,ROM
FR2023_163,Les Secrets de la princesse de Cadignan,HIS
FR2023_164,La Petite,DRA
FR2023_165,Comme une louve,DRA
FR2023_166,Mise au vert,COM
FR2023_167,Le Procès Goldman,COU
FR2023_168,Dogman,THR
FR2023_169,Nouveau Départ,COM
FR2023_169,Nouveau Départ,ROM
FR2023_170,Poisson rouge,COM
FR2023_170,Poisson rouge,ROA
FR2023_171,Au Clemenceau,DOB
FR2023_172,"Self-Fiction, Self-Migration",DPE
FR2023_173,Le Règne animal,DRA
FR2023_173,Le Règne animal,FAN
FR2023_174,Bernadette,COM
FR2023_174,Bernadette,BIO
FR2023_175,L'air de la mer rend libre,DRA
FR2023_176,Notre corps,DOB
FR2023_177,Des idées de génie ?,DOB
FR2023_177,Des idées de génie ?,DPA
FR2023_178,Le Consentement,DRA
FR2023_178,Le Consentement,BIO
FR2023_179,Marie-Line et son juge,COM
FR2023_179,Marie-Line et son juge,DRA
FR2023_180,La Fiancée du poète,COM
FR2023_180,La Fiancée du poète,DRA
FR2023_181,Nina et le secret du hérisson,CHI
FR2023_181,Nina et le secret du hérisson,ADV
FR2023_182,Le Ravissement,DRA
FR2023_183,Une année difficile,COM
FR2023_183,Une année difficile,DRA
FR2023_184,Linda veut du poulet !,COM
FR2023_185,Sacerdoce,DOB
FR2023_185,Sacerdoce,DPA
FR2023_186,Un prince,DRA
FR2023_187,3 jours max,COM
FR2023_187,3 jours max,ACT
FR2023_188,Second Tour,COM
FR2023_188,Second Tour,DRA
FR2023_189,Chambre 999,DPA
FR2023_190,Flo,DRA
FR2023_190,Flo,BIO
FR2023_191,Inestimable,COM
FR2023_192,Le Théorème de Marguerite,COM
FR2023_192,Le Théorème de Marguerite,DRA
FR2023_193,Monsieur le maire,COM
FR2023_193,Monsieur le maire,DRA
FR2023_194,L'Abbé Pierre : Une vie de combat,BIO
FR2023_195,La Passion de Dodin Bouffant,DRA
FR2023_195,La Passion de Dodin Bouffant,HIS
FR2023_196,Par la fenêtre ou par la porte,DPA
FR2023_197,Comme par magie,COM
FR2023_197,Comme par magie,DRA
FR2023_198,Et la fête continue !,COM
FR2023_198,Et la fête continue !,DRA
FR2023_199,Little Girl Blue,DRA
FR2023_199,Little Girl Blue,BIO
FR2023_200,Le Petit Blond de la Casbah,COM
FR2023_200,Le Petit Blond de la Casbah,HIS
FR2023_200,Le Petit Blond de la Casbah,DRA
FR2023_201,Vincent doit mourir,DRA
FR2023_201,Vincent doit mourir,FAN
FR2023_202,Gueules noires,ADV
FR2023_202,Gueules noires,FAN
FR2023_202,Gueules noires,HIS
FR2023_203,Ricardo et la Peinture,DPE
FR2023_204,Avant que les flammes ne s'éteignent,DRA
FR2023_205,Mars Express,SCI
FR2023_205,Mars Express,ACT
FR2023_205,Mars Express,DYS
FR2023_206,Je ne suis pas un héros,COM
FR2023_207,L'Arche de Noé,COM
FR2023_207,L'Arche de Noé,DRA
FR2023_208,La Vénus d'argent,DRA
FR2023_209,Le Monde d'après 3,COM
FR2023_209,Le Monde d'après 3,MPF
FR2023_210,Le Poireau perpétuel,DPE
FR2023_211,La Tresse,COM
FR2023_211,La Tresse,DRA
FR2023_212,Le Temps d'aimer,DRA
FR2023_213,Noël joyeux,COM
FR2023_214,Batiment 5,DRA
FR2023_215,L'Enfant du paradis,DRA
FR2023_216,Les Trois Mousquetaires : Milady,ACT
FR2023_216,Les Trois Mousquetaires : Milady,ADV
FR2023_216,Les Trois Mousquetaires : Milady,HIS
FR2023_217,Les Inséparables,ADV
FR2023_217,Les Inséparables,CHI
FR2023_218,Rue des dames,DRA
FR2023_219,"À jamais les premiers, l'histoire d'un rêve étoilé",DPA
FR2023_219,"À jamais les premiers, l'histoire d'un rêve étoilé",SPO
FR2023_220,Chasse gardée,COM
FR2023_221,Jeff Panacloc : À la poursuite de Jean-Marc,COM
FR2023_222,La Fille de son père,COM
FR2023_222,La Fille de son père,DRA
FR2023_223,Ma France à moi,DRA
FR2023_224,Menus-plaisirs - Les Troisgros,DOB
FR2023_225,Pour ton mariage,DPE
FR2023_226,Les Segpa au ski,COM
FR2023_227,Une affaire d'honneur,ACT
FR2023_227,Une affaire d'honneur,HIS
FR2023_228,Vermines,HOR
FR2023_229,5 hectares,COM
FR2023_230,Ardéchois paysans montagnards,DOB
FR2023_231,Miracles,DPA
FR2023_232,"Respire, souris, vis",DEX
FR2023_233,Des cailloux dans la chaussure,DOB
FR2023_233,Des cailloux dans la chaussure,DPA
FR2023_234,Secrets toxiques,DPA
FR2023_234,Secrets toxiques,DEX
FR2023_235,La Colonne infernale,DRA
FR2023_235,La Colonne infernale,HIS
FR2023_236,Une seule chair,DPA
FR2023_237,"Jeanne Malivel, un soleil se lève",DPA
FR2023_238,Le Jardin de la laiterie,DPA
FR2023_239,"Bizi naizeno, je danserai la vie",DPA
FR2023_240,Sortie des ombres,DPA
FR2023_241,C’est une belle carte postale…,DPA
FR2023_241,C’est une belle carte postale…,DOB
FR2023_242,"Notre part sauvage, la controverse du loup",DPA
FR2023_243,Autant que faire se peut,DPA
FR2023_243,Autant que faire se peut,DOB
FR2023_244,Graines de Coron,DPA
FR2023_245,En marche vers l'effondrement !,COM
FR2023_245,En marche vers l'effondrement !,MOC
FR2023_246,Passages,DRA
FR2023_246,Passages,HIS
FR2023_247,Les Artisans de la voix : les coulisses du doublage français,DPA
FR2023_248,Fanzinat,DPA
FR2023_249,Casa Susanna,DPA
FR2021_001,Envole-moi,DRA
FR2021_001,Envole-moi,COM
FR2021_002,L'Étreinte,DRA
FR2021_002,L'Étreinte,ROM
FR2021_003,Le Dernier Voyage,SCI
FR2021_003,Le Dernier Voyage,ADV
FR2021_004,Mandibules,COM
FR2021_004,Mandibules,FAN
FR2021_005,Le Grand Secret du lien,DPA
FR2021_005,Le Grand Secret du lien,DOB
FR2021_006,Si le vent tombe,DRA
FR2021_006,Si le vent tombe,ROA
FR2021_007,Vers la bataille,WES
FR2021_007,Vers la bataille,WAR
FR2021_007,Vers la bataille,HIS
FR2021_008,Chacun chez soi,COM
FR2021_009,Des hommes,DRA
FR2021_009,Des hommes,HIS
FR2021_010,Playlist,COM
FR2021_011,Villa Caprice,DRA
FR2021_011,Villa Caprice,COU
FR2021_012,May B,DOB
FR2021_012,May B,DPO
FR2021_013,L'Instant présent,DRA
FR2021_014,Le Discours,COM
FR2021_015,Vaurien,CRI
FR2021_015,Vaurien,DRA
FR2021_016,5ème Set,SPO
FR2021_016,5ème Set,DRA
FR2021_017,La Nuée,HOR
FR2021_017,La Nuée,DRA
FR2021_018,Les 2 Alfred,COM
FR2021_019,Seize Printemps,ROM
FR2021_019,Seize Printemps,DRA
FR2021_019,Seize Printemps,MUS
FR2021_020,Un tour chez ma fille,COM
FR2021_021,Gagarine,DRA
FR2021_022,Ibrahim,COA
FR2021_022,Ibrahim,DRA
FR2021_023,Opération Portugal,COM
FR2021_024,Tokyo Shaking,DRA
FR2021_024,Tokyo Shaking,DIS
FR2021_025,La Fine Fleur,COM
FR2021_025,La Fine Fleur,DRA
FR2021_026,Le Sens de la famille,COM
FR2021_026,Le Sens de la famille,FAN
FR2021_027,Présidents,COM
FR2021_028,Soeurs,DRA
FR2021_029,Sous le ciel d'Alice,COM
FR2021_029,Sous le ciel d'Alice,DRA
FR2021_029,Sous le ciel d'Alice,HIS
FR2021_030,Teddy,HOR
FR2021_030,Teddy,COM
FR2021_031,The Deep House,HOR
FR2021_032,Benedetta,HIS
FR2021_032,Benedetta,DRA
FR2021_033,Bergman Island,DRA
FR2021_034,Frères d'arme,DRA
FR2021_035,Mystère à Saint-Tropez,COM
FR2021_035,Mystère à Saint-Tropez,NOI
FR2021_035,Mystère à Saint-Tropez,HIS
FR2021_036,Titane,CRI
FR2021_036,Titane,HOR
FR2021_036,Titane,DRA
FR2021_037,Gunpowder Milkshake,ACT
FR2021_037,Gunpowder Milkshake,COM
FR2021_038,Kaamelott - Premier volet,COM
FR2021_038,Kaamelott - Premier volet,FAN
FR2021_038,Kaamelott - Premier volet,ADV
FR2021_039,"Onoda, 10 000 nuits dans la jungle",WAR
FR2021_039,"Onoda, 10 000 nuits dans la jungle",HIS
FR2021_039,"Onoda, 10 000 nuits dans la jungle",DRA
FR2021_040,C'est la vie,COM
FR2021_041,Les Sorcières de l'Orient,DPA
FR2021_042,Profession du père,HIS
FR2021_042,Profession du père,DRA
FR2021_043,Le Tour du monde en 80 jours,ADV
FR2021_043,Le Tour du monde en 80 jours,COM
FR2021_044,De bas étage,DRA
FR2021_044,De bas étage,CRI
FR2021_045,Messe basse,THR
FR2021_045,Messe basse,HOR
FR2021_046,OSS 117 : Alerte rouge en Afrique noire,COM
FR2021_046,OSS 117 : Alerte rouge en Afrique noire,SPY
FR2021_047,C'est quoi ce papy ?!,COM
FR2021_048,Passion simple,DRA
FR2021_048,Passion simple,ROM
FR2021_049,Pil,COM
FR2021_049,Pil,ADV
FR2021_049,Pil,HIS
FR2021_049,Pil,FAN
FR2021_050,Rouge,THR
FR2021_050,Rouge,DRA
FR2021_051,Attention au départ,COM
FR2021_051,Attention au départ,ROA
FR2021_052,BAC Nord,CRI
FR2021_052,BAC Nord,NOI
FR2021_053,Les Fantasmes,COM
FR2021_053,Les Fantasmes,ROM
FR2021_053,Les Fantasmes,MPF
FR2021_053,Les Fantasmes,ANT
FR2021_054,Louloute,COM
FR2021_054,Louloute,DRA
FR2021_054,Louloute,CHI
FR2021_054,Louloute,HIS
FR2021_055,Fragile,COM
FR2021_055,Fragile,ROM
FR2021_055,Fragile,COA
FR2021_056,La Terre des hommes,DRA
FR2021_057,Gogo,DOB
FR2021_058,Laila in Haifa,MPF
FR2021_058,Laila in Haifa,DRA
FR2021_059,"Le Fils de l'épicière, le maire, le village et le monde",DOB
FR2021_060,Un triomphe,COM
FR2021_060,Un triomphe,DRA
FR2021_061,Boîte noire,THR
FR2021_062,Délicieux,HIS
FR2021_062,Délicieux,DRA
FR2021_063,La Nuit des rois,DRA
FR2021_063,La Nuit des rois,FAN
FR2021_063,La Nuit des rois,CRI
FR2021_064,La Vie de château,COM
FR2021_065,Les Méchants,COM
FR2021_066,L'Origine du monde,COM
FR2021_067,La Ferme qui soigne - Agroécologie et médecines,DPA
FR2021_067,La Ferme qui soigne - Agroécologie et médecines,DOB
FR2021_068,Les Amours d'Anaïs,COM
FR2021_068,Les Amours d'Anaïs,ROM
FR2021_069,Pourris gâtés,COM
FR2021_070,La Troisième Guerre,DRA
FR2021_070,La Troisième Guerre,WAR
FR2021_071,"Là, où le temps s'est arrêté",DOB
FR2021_072,Tout s'est bien passé,DRA
FR2021_073,Cette musique ne joue pour personne,COM
FR2021_074,En route pour le milliard,DOB
FR2021_075,Eugénie Grandet,DRA
FR2021_075,Eugénie Grandet,HIS
FR2021_076,Guermantes,COM
FR2021_077,J'ai aimé vivre là,DEX
FR2021_077,J'ai aimé vivre là,DOB
FR2021_078,La Traversée,DRA
FR2021_079,Gaza mon amour,COM
FR2021_079,Gaza mon amour,ROM
FR2021_079,Gaza mon amour,DRA
FR2021_080,Le Kiosque,DOB
FR2021_080,Le Kiosque,DPA
FR2021_081,Tralala,MUS
FR2021_081,Tralala,COM
FR2021_082,Debout les femmes !,DOB
FR2021_082,Debout les femmes !,DPA
FR2021_083,Eiffel,BIO
FR2021_084,L'Homme de la cave,THR
FR2021_084,L'Homme de la cave,DRA
FR2021_085,Le Loup et le Lion,CHI
FR2021_085,Le Loup et le Lion,ADV
FR2021_085,Le Loup et le Lion,DRA
FR2021_086,"Le Poète illuminé, Germain Nouveau (1851-1920)",DPA
FR2021_087,Le Traducteur,DRA
FR2021_087,Le Traducteur,THR
FR2021_088,À la vie,DOB
FR2021_089,Illusions perdues,HIS
FR2021_089,Illusions perdues,DRA
FR2021_090,Le Trésor du petit Nicolas,COM
FR2021_090,Le Trésor du petit Nicolas,CHI
FR2021_091,Les Héroïques,DRA
FR2021_091,Les Héroïques,COM
FR2021_092,"Spectre: Sanity, Madness & the Family",DPE
FR2021_093,Tonton Manu,DPA
FR2021_093,Tonton Manu,DOB
FR2021_094,Tout nous sourit,COM
FR2021_095,La Fracture,DRA
FR2021_095,La Fracture,COM
FR2021_096,Lui,THR
FR2021_096,Lui,DRA
FR2021_097,Albatros,DRA
FR2021_098,"Les Olympiades, Paris 13e",COM
FR2021_098,"Les Olympiades, Paris 13e",ROM
FR2021_098,"Les Olympiades, Paris 13e",DRA
FR2021_098,"Les Olympiades, Paris 13e",MPF
FR2021_099,My Son,DRA
FR2021_099,My Son,THR
FR2021_100,Pingouin et Goëland et leurs 500 petits,DPA
FR2021_101,Si on chantait,COM
FR2021_101,Si on chantait,MUS
FR2021_102,A Good Man,DRA
FR2021_102,A Good Man,ROM
FR2021_103,Aline,COM
FR2021_103,Aline,MUS
FR2021_103,Aline,BIO
FR2021_103,Aline,DRA
FR2021_104,Entre deux trains,ROM
FR2021_105,Haute Couture,COM
FR2021_105,Haute Couture,DRA
FR2021_106,Marcher sur l'eau,DOB
FR2021_107,Partir ?,DPA
FR2021_108,Les Bodin's en Thaïlande,COM
FR2021_109,On est fait pour s'entendre,COM
FR2021_109,On est fait pour s'entendre,ROM
FR2021_110,Oranges sanguines,COM
FR2021_111,Retourner à Sölöz,DPE
FR2021_112,De son vivant,DRA
FR2021_113,Mon fils Malik,DRA
FR2021_113,Mon fils Malik,ACT
FR2021_113,Mon fils Malik,THR
FR2021_114,La Grande Aventure du Cirque Plume,DPA
FR2021_115,La Pièce rapportée,COM
FR2021_116,Les Choses humaines,DRA
FR2021_116,Les Choses humaines,COU
FR2021_117,Maman pleut des cordes,CHI
FR2021_118,Les rêves ne meurent jamais,DPA
FR2021_119,Au cœur du bois,DPA
FR2021_119,Au cœur du bois,DOB
FR2021_120,Les Tuche 4,COM
FR2021_121,Lingui,DRA
FR2021_122,Rose,DRA
FR2021_122,Rose,COM
FR2021_123,Une femme du monde,DRA
FR2021_124,Mes très chers enfants,COM
FR2021_125,Mystère,CHI
FR2021_125,Mystère,DRA
FR2021_126,Noël et sa mère,DPA
FR2021_127,Madeleine Collins,DRA
FR2021_127,Madeleine Collins,THR
FR2021_128,Mince alors 2 !,COM
FR2021_129,Le Test,COM
FR2021_129,Le Test,COA
FR2021_130,Tromperie,ROM
FR2021_130,Tromperie,DRA
FR2022_001,Twist à Bamako,DRA
FR2022_001,Twist à Bamako,HIS
FR2022_002,Adieu Monsieur Haffmann,DRA
FR2022_002,Adieu Monsieur Haffmann,HIS
FR2022_003,Jane par Charlotte,DPE
FR2022_004,Le Cygne des héros,DRA
FR2022_005,Ouistreham,DRA
FR2022_006,Placés,COM
FR2022_006,Placés,DRA
FR2022_007,Sans toi,DRA
FR2022_008,"Eurídice, là-bas...",DRA
FR2022_009,Hors du monde,THR
FR2022_009,Hors du monde,ROM
FR2022_010,L'amour c'est mieux que la vie,COM
FR2022_010,L'amour c'est mieux que la vie,ROM
FR2022_010,L'amour c'est mieux que la vie,MUS
FR2022_011,La Place d'une autre,DRA
FR2022_011,La Place d'une autre,HIS
FR2022_012,"Michael Cimino, un mirage américain",DPA
FR2022_013,Rumba la vie,COM
FR2022_014,Tendre et Saignant,COM
FR2022_014,Tendre et Saignant,ROM
FR2022_015,Adieu Paris,COM
FR2022_016,Les Promesses,DRA
FR2022_017,Presque,COM
FR2022_017,Presque,DRA
FR2022_017,Presque,ROA
FR2022_018,Une jeune fille qui va bien,DRA
FR2022_018,Une jeune fille qui va bien,HIS
FR2022_019,Arthur Rambo,DRA
FR2022_020,H6,DOB
FR2022_021,Les Jeunes Amants,DRA
FR2022_021,Les Jeunes Amants,ROM
FR2022_022,Les voisins de mes voisins sont mes voisins,COM
FR2022_023,Super-héros malgré lui,COM
FR2022_023,Super-héros malgré lui,ACT
FR2022_024,Enquête sur un scandale d'État,THR
FR2022_024,Enquête sur un scandale d'État,DTH
FR2022_024,Enquête sur un scandale d'État,BIO
FR2022_025,Golda Maria,DPA
FR2022_026,L'Horizon,COA
FR2022_027,PS : La diPSarition ?,DEX
FR2022_027,PS : La diPSarition ?,DPA
FR2022_028,Les Vedettes,COM
FR2022_029,Vous ne désirez que moi,DRA
FR2022_030,After Blue (Paradis sale),SCI
FR2022_031,King,CHI
FR2022_031,King,ADV
FR2022_032,La Vraie Famille,DRA
FR2022_033,Maison de retraite,COM
FR2022_034,Nous,DOB
FR2022_035,Un autre monde,DRA
FR2022_036,Compagnons,COM
FR2022_036,Compagnons,DRA
FR2022_037,Ils sont vivants,DRA
FR2022_038,Maigret,DTH
FR2022_039,Selon la police,DTH
FR2022_039,Selon la police,DRA
FR2022_040,Zaï Zaï Zaï Zaï,COM
FR2022_041,Down in Paris,DRA
FR2022_041,Down in Paris,ROM
FR2022_042,Robuste,DRA
FR2022_042,Robuste,COM
FR2022_043,Viens je t'emmène,COM
FR2022_043,Viens je t'emmène,DRA
FR2022_044,À demain mon amour,DOB
FR2022_045,Goliath,THR
FR2022_045,Goliath,DRA
FR2022_046,La Campagne de France,DOB
FR2022_047,Ma nuit,DRA
FR2022_048,Murder Party,COM
FR2022_048,Murder Party,DTH
FR2022_049,Permis de construire,COM
FR2022_050,À plein temps,DRA
FR2022_051,Alors on danse,COM
FR2022_052,Entre les vagues,COA
FR2022_053,Funambules,DOB
FR2022_053,Funambules,DPO
FR2022_054,Notre-Dame brûle,DRA
FR2022_055,Trois fois rien,COM
FR2022_056,Bruno Reidal,CRI
FR2022_056,Bruno Reidal,BIO
FR2022_057,De nos frères blessés,BIO
FR2022_058,La Brigade,COM
FR2022_059,Le Temps des secrets,HIS
FR2022_059,Le Temps des secrets,CHI
FR2022_060,Seule la Terre est éternelle,DPA
FR2022_060,Seule la Terre est éternelle,DOB
FR2022_061,Une mère,DRA
FR2022_062,En corps,COM
FR2022_062,En corps,DRA
FR2022_063,Le Monde d'hier,DRA
FR2022_064,À la folie,DRA
FR2022_065,En même temps,COM
FR2022_066,Mon héroïne,COM
FR2022_067,Qu'est-ce qu'on a tous fait au bon Dieu ?,COM
FR2022_068,À l'ombre des filles,COM
FR2022_069,Les Gagnants,COM
FR2022_070,Vortex,DRA
FR2022_071,Et j'aime à la fureur,DPE
FR2022_072,I Comete,DRA
FR2022_073,L'Hypothèse démocratique - une histoire basque,DPA
FR2022_074,Le Monde après nous,DRA
FR2022_074,Le Monde après nous,ROM
FR2022_075,Les Sans-dents,COM
FR2022_076,Années 20,DRA
FR2022_077,Le Médecin imaginaire,COM
FR2022_078,Sentinelle sud,DRA
FR2022_078,Sentinelle sud,THR
FR2022_079,Les Passagers de la nuit,DRA
FR2022_080,Ténor,COM
FR2022_081,Cœurs vaillants,CHI
FR2022_081,Cœurs vaillants,DRA
FR2022_082,Les Folies Fermières,COM
FR2022_083,On sourit pour la photo,COM
FR2022_083,On sourit pour la photo,ROM
FR2022_084,Tom,DRA
FR2022_085,J'adore ce que vous faites,COM
FR2022_085,J'adore ce que vous faites,MET
FR2022_086,La Fabrique des pandémies,DEX
FR2022_086,La Fabrique des pandémies,DPA
FR2022_087,Van Gogh in Love,ROM
FR2022_087,Van Gogh in Love,FAN
FR2022_088,Frère et Sœur,DRA
FR2022_089,Don Juan,DRA
FR2022_089,Don Juan,MUS
FR2022_090,Ça tourne à Saint-Pierre et Miquelon,COM
FR2022_090,Ça tourne à Saint-Pierre et Miquelon,DRA
FR2022_090,Ça tourne à Saint-Pierre et Miquelon,MET
FR2022_091,C'est magnifique !,COM
FR2022_091,C'est magnifique !,FAN
FR2022_092,"Roland Gori, une époque sans esprit",DOB
FR2022_092,"Roland Gori, une époque sans esprit",DPA
FR2022_093,Champagne !,COM
FR2022_094,"Mizrahim, les oubliés de la Terre Promise",DEX
FR2022_094,"Mizrahim, les oubliés de la Terre Promise",DPA
FR2022_095,Petite Fleur,COM
FR2022_095,Petite Fleur,FAN
FR2022_095,Petite Fleur,THR
FR2022_096,Incroyable mais vrai,COM
FR2022_096,Incroyable mais vrai,FAN
FR2022_097,Mon amour,DPE
FR2022_097,Mon amour,DPA
FR2022_098,L'Homme parfait,COM
FR2022_099,Le Divorce de mes marrants,DPE
FR2022_099,Le Divorce de mes marrants,DPO
FR2022_100,Les Goûts et les Couleurs,COM
FR2022_101,En roue libre,COM
FR2022_102,Irréductible,COM
FR2022_103,Mastemah,HOR
FR2022_103,Mastemah,THR
FR2022_104,I Love Greece,COM
FR2022_105,Peter von Kant,DRA
FR2022_106,Ducobu Président !,COM
FR2022_107,La Nuit du 12,DTH
FR2022_108,Menteur,COM
FR2022_109,Joyeuse retraite ! 2,COM
FR2022_110,Magdala,DRA
FR2022_111,L'Année du requin,COM
FR2022_111,L'Année du requin,HOR
FR2022_112,La Très Très Grande Classe,COM
FR2022_113,Les Vieux Fourneaux 2 : Bons pour l'asile,COM
FR2022_114,Les Volets verts,DRA
FR2022_115,Avec amour et acharnement,DRA
FR2022_115,Avec amour et acharnement,ROM
FR2022_116,La Dégustation,COM
FR2022_116,La Dégustation,ROM
FR2022_117,La Page blanche,COM
FR2022_117,La Page blanche,ROM
FR2022_118,Les Cinq Diables,DRA
FR2022_118,Les Cinq Diables,FAN
FR2022_119,Kompromat,THR
FR2022_120,Le Tigre et le Président,COM
FR2022_120,Le Tigre et le Président,BIO
FR2022_121,Tout le monde aime Jeanne,COM
FR2022_121,Tout le monde aime Jeanne,DRA
FR2022_121,Tout le monde aime Jeanne,ROM
FR2022_122,Walden,DRA
FR2022_123,About Joan,DRA
FR2022_124,Canailles,COM
FR2022_124,Canailles,DTH
FR2022_125,Citoyen d'honneur,COM
FR2022_125,Citoyen d'honneur,DRA
FR2022_126,Tout fout le camp,COM
FR2022_127,Transe,DOB
FR2022_128,L'Ombre de Goya par Jean-Claude Carrière,DOB
FR2022_128,L'Ombre de Goya par Jean-Claude Carrière,DPA
FR2022_129,Les Enfants des autres,DRA
FR2022_130,Les Secrets de mon père,DRA
FR2022_131,Une belle course,COM
FR2022_131,Une belle course,DRA
FR2022_132,Jumeaux mais pas trop,COM
FR2022_133,La Cour des Miracles,COM
FR2022_134,Le Sixième Enfant,DRA
FR2022_135,Maria rêve,COM
FR2022_135,Maria rêve,ROM
FR2022_136,Vacances,THR
FR2022_137,Être prof,DEX
FR2022_137,Être prof,DOB
FR2022_138,L'Origine du mal,DRA
FR2022_138,L'Origine du mal,THR
FR2022_139,La Combattante,DPA
FR2022_140,Novembre,DTH
FR2022_141,Un beau matin,DRA
FR2022_141,Un beau matin,ROM
FR2022_142,Une femme de notre temps,DRA
FR2022_143,L'Innocent,COM
FR2022_144,Le Petit Nicolas: Qu'est-ce qu'on attend pour être heureux ?,COM
FR2022_144,Le Petit Nicolas: Qu'est-ce qu'on attend pour être heureux ?,ADV
FR2022_144,Le Petit Nicolas: Qu'est-ce qu'on attend pour être heureux ?,CHI
FR2022_145,Les Harkis,DRA
FR2022_145,Les Harkis,WAR
FR2022_145,Les Harkis,HIS
FR2022_146,"Simone, le voyage du siècle",BIO
FR2022_147,Temps morts,DPE
FR2022_148,Belle et Sébastien : Nouvelle génération,CHI
FR2022_149,Le Nouveau Jouet,COM
FR2022_150,"Le Pharaon, le Sauvage et la Princesse",FAN
FR2022_151,Reprise en main,COM
FR2022_151,Reprise en main,DRA
FR2022_152,Bowling Saturne,CRI
FR2022_152,Bowling Saturne,NOI
FR2022_153,L'école est à nous,COM
FR2022_154,Plancha,COM
FR2022_155,Super Z,COM
FR2022_155,Super Z,HOR
FR2022_156,Mascarade,COM
FR2022_156,Mascarade,DRA
FR2022_157,Arvor de 2 à 5,DOB
FR2022_158,Jacky Caillou,DRA
FR2022_158,Jacky Caillou,FAN
FR2022_159,Couleurs de l'incendie,HIS
FR2022_159,Couleurs de l'incendie,DRA
FR2022_160,Heureux les fêlés,COM
FR2022_160,Heureux les fêlés,DRA
FR2022_161,Les Lendemains de veille,COM
FR2022_161,Les Lendemains de veille,DRA
FR2022_162,Pétaouchnok,COM
FR2022_163,Trois Nuits par semaine,COM
FR2022_163,Trois Nuits par semaine,ROM
FR2022_164,Du crépitement sous les néons,DRA
FR2022_164,Du crépitement sous les néons,THR
FR2022_165,La Maison,DRA
FR2022_166,Le Défi de Noël,COM
FR2022_166,Le Défi de Noël,ROM
FR2022_167,Les Amandiers,DRA
FR2022_167,Les Amandiers,COA
FR2022_168,Les Engagés,DRA
FR2022_169,Les Femmes du square,COM
FR2022_170,Plus que jamais,DRA
FR2022_171,Reste un peu,COM
FR2022_172,Une comédie romantique,ROM
FR2022_172,Une comédie romantique,COM
FR2022_173,Les Miens,DRA
FR2022_174,Mauvaises Filles,DPA
FR2022_175,Saint Omer,DRA
FR2022_175,Saint Omer,COU
FR2022_176,Annie colère,COM
FR2022_176,Annie colère,DRA
FR2022_177,Fumer fait tousser,COM
FR2022_177,Fumer fait tousser,SCI
FR2022_177,Fumer fait tousser,ACT
FR2022_178,Le Lycéen,DRA
FR2022_179,Le Torrent,DRA
FR2022_180,Les Pires,COM
FR2022_180,Les Pires,DRA
FR2022_181,Maestro(s),DRA
FR2022_182,Nos frangins,DRA
FR2022_183,Ernest et Célestine : Le voyage en Charabie,COM
FR2022_183,Ernest et Célestine : Le voyage en Charabie,CHI
FR2022_183,Ernest et Célestine : Le voyage en Charabie,ADV
FR2022_184,Les Années Super-8,DPE
FR2022_185,Le Parfum vert,COM
FR2022_185,Le Parfum vert,DTH
FR2022_186,Le Petit Piaf,COM
FR2022_186,Le Petit Piaf,DRA
FR2022_187,Le Tourbillon de la vie,DRA
FR2022_188,Tempête,COM
FR2022_188,Tempête,DRA
FR2022_189,Choeur de rockers,COM
FR2022_189,Choeur de rockers,MUS
FR2022_190,La Passagère,DRA
FR2022_190,La Passagère,ROM
FR2022_191,Par coeurs,DOB
FR2022_191,Par coeurs,DPA
FR2020_001,Les Vétos,COM
FR2020_002,Play,COM
FR2020_002,Play,COA
FR2020_003,Sol,COM
FR2020_004,Merveilles à Montfermeil,COM
FR2020_005,L'Autre,DRA
FR2020_006,Une belle équipe,COM
FR2020_006,Une belle équipe,SPO
FR2020_007,Selfie,COM
FR2020_007,Selfie,ANT
FR2020_008,Je ne rêve que de vous,ROM
FR2020_008,Je ne rêve que de vous,BIO
FR2020_009,Douze Mille,DRA
FR2020_010,Je voudrais que quelqu'un m'attende quelque part,DRA
FR2020_011,Qu'un sang impur...,DRA
FR2020_011,Qu'un sang impur...,WAR
FR2020_012,Pygmalionnes,DPA
FR2020_013,L'Affaire Marvin,COM
FR2020_013,L'Affaire Marvin,MOC
FR2020_014,Le Lion,COM
FR2020_014,Le Lion,SPY
FR2020_015,Les Traducteurs,THR
FR2020_016,L'Esprit de famille,COM
FR2020_017,Cuban Network,SPY
FR2020_017,Cuban Network,THR
FR2020_017,Cuban Network,ACT
FR2020_018,Revenir,DRA
FR2020_019,Les Mélancolies de Sade,BIO
FR2020_019,Les Mélancolies de Sade,DRA
FR2020_020,Ducobu 3,COM
FR2020_020,Ducobu 3,CHI
FR2020_021,#jesuislà,ROM
FR2020_021,#jesuislà,COM
FR2020_022,Notre-Dame du Nil,DRA
FR2020_023,Soumaya,DRA
FR2020_024,J'ai retrouvé Christian B.,DEX
FR2020_025,Le Prince oublié,FAN
FR2020_025,Le Prince oublié,ADV
FR2020_025,Le Prince oublié,CHI
FR2020_025,Le Prince oublié,COM
FR2020_026,Un divan à Tunis,COM
FR2020_027,La Fille au bracelet,COU
FR2020_028,Deux,DRA
FR2020_028,Deux,ROM
FR2020_029,10 jours sans maman,COM
FR2020_030,Amare Amaro,DRA
FR2020_031,Lucky,COM
FR2020_031,Lucky,CRI
FR2020_032,Mine de rien,COM
FR2020_033,Mes jours de gloire,COM
FR2020_034,L'État sauvage,WES
FR2020_034,L'État sauvage,DRA
FR2020_034,L'État sauvage,ROA
FR2020_035,Chut... !,DOB
FR2020_035,Chut... !,DPA
FR2020_036,De Gaulle,BIO
FR2020_036,De Gaulle,WAR
FR2020_037,Papi Sitter,COM
FR2020_038,Woman,DPA
FR2020_039,La Bonne Épouse,COM
FR2020_040,Une sirène à Paris,FAN
FR2020_040,Une sirène à Paris,ROM
FR2020_041,Les Visages de la victoire,DPA
FR2020_042,Les Parfums,COM
FR2020_043,Tout simplement noir,WES
FR2020_043,Tout simplement noir,COM
FR2020_044,Divorce Club,COM
FR2020_045,Été 85,DRA
FR2020_045,Été 85,ROM
FR2020_046,L'Aventure des Marguerite,FAN
FR2020_046,L'Aventure des Marguerite,CHI
FR2020_046,L'Aventure des Marguerite,COM
FR2020_047,Le Sel des larmes,DRA
FR2020_048,La Nuit venue,NOI
FR2020_049,"Les Grands Voisins, la cité rêvée",DOB
FR2020_050,T'as pécho ?,COA
FR2020_050,T'as pécho ?,COM
FR2020_051,Terrible Jungle,COM
FR2020_051,Terrible Jungle,ADV
FR2020_052,L'Oiseau de paradis,DRA
FR2020_052,L'Oiseau de paradis,FAN
FR2020_053,Les Blagues de Toto,COM
FR2020_053,Les Blagues de Toto,CHI
FR2020_054,Just Kids,DRA
FR2020_054,Just Kids,COA
FR2020_055,Voir le jour,DRA
FR2020_056,Belle-fille,COM
FR2020_057,Mignonnes,COA
FR2020_058,Effacer l'historique,COM
FR2020_059,Une barque sur l'océan,DRA
FR2020_060,Poissonsexe,COM
FR2020_060,Poissonsexe,ROM
FR2020_061,La Daronne,COM
FR2020_061,La Daronne,CRI
FR2020_062,Le Bonheur des uns...,COM
FR2020_063,Un soupçon d'amour,DRA
FR2020_064,Cyril contre Goliath,DPE
FR2020_064,Cyril contre Goliath,DPA
FR2020_065,Le Fantôme de Laurent Terzieff,DPA
FR2020_066,Antoinette dans les Cévennes,COM
FR2020_066,Antoinette dans les Cévennes,ROM
FR2020_067,"Les Choses qu'on dit, les choses qu'on fait",ROM
FR2020_067,"Les Choses qu'on dit, les choses qu'on fait",DRA
FR2020_068,J'irai mourir dans les Carpates,COM
FR2020_068,J'irai mourir dans les Carpates,MOC
FR2020_069,Africa Mia,DPA
FR2020_070,Trio,DOB
FR2020_071,Les Apparences,THR
FR2020_072,Boutchou,COM
FR2020_073,Éléonore,COM
FR2020_074,Mon cousin,COM
FR2020_075,Josep,BIO
FR2020_075,Josep,DRA
FR2020_076,Un pays qui se tient sage,DPA
FR2020_077,À coeur battant,ROM
FR2020_077,À coeur battant,DRA
FR2020_078,Les héros ne meurent jamais,DRA
FR2020_079,Ma chère famille,DPA
FR2020_079,Ma chère famille,DOB
FR2020_080,L'Enfant rêvé,DRA
FR2020_080,L'Enfant rêvé,ROM
FR2020_081,La Puissance de l'arbre,DPA
FR2020_082,30 jours max,COM
FR2020_083,Les Équilibristes,DPE
FR2020_083,Les Équilibristes,DOB
FR2020_084,Princesse Europe,DPA
FR2020_084,Princesse Europe,DOB
FR2020_085,Adieu les cons,DRA
FR2020_085,Adieu les cons,COM
FR2020_086,Poly,ADV
FR2020_086,Poly,CHI
FR2020_087,Petit Vampire,FAN
FR2020_087,Petit Vampire,CHI
FR2020_088,Miss,COM
FR2020_089,Le Feu sacré,DOB
FR2020_089,Le Feu sacré,DPA
FR2020_090,Pas en mon nom !,DPA
FR2020_091,ADN,DRA
FR2020_092,Sous les étoiles de Paris,DRA
FR2020_093,Garçon chiffon,COM
FR2020_094,Contre vents et marées,DPA
FR2020_095,Forte,COM
FR2020_096,Humilitas,DPA
FR2020_096,Humilitas,DOB
FR2020_097,Les Rivières,DPE
FR2020_098,La Vertu des impondérables,COM
FR2020_099,Un pas vers vous dans l'Allier,DPE
FR2020_100,Changer le monde,DOB
FR2020_100,Changer le monde,DPA
FR2020_101,Ni les femmes ni la terre !,DPA
FR2020_101,Ni les femmes ni la terre !,DOB
FR2020_102,Les Belles Dames,DPA
FR2020_102,Les Belles Dames,DOB
FR2020_103,Homo Botanicus,DOB
FR2019_001,Premières Vacances,COM
FR2019_002,Un beau voyou,COM
FR2019_002,Un beau voyou,DTH
FR2019_003,Les Invisibles,COM
FR2019_004,Edmond,COM
FR2019_004,Edmond,HIS
FR2019_005,L'Heure de la sortie,THR
FR2019_006,"Jean Vanier, le sacrement de la tendresse",DEX
FR2019_006,"Jean Vanier, le sacrement de la tendresse",DOB
FR2019_007,Comme elle vient,DPA
FR2019_008,L'Incroyable Histoire du facteur Cheval,BIO
FR2019_009,Doubles Vies,COM
FR2019_010,Holy Lands,COM
FR2019_010,Holy Lands,DRA
FR2019_011,Une jeunesse dorée,DRA
FR2019_012,Le Phallus et le Néant,DPA
FR2019_013,Chemins de travers,DEX
FR2019_013,Chemins de travers,DPA
FR2019_014,Yao,COM
FR2019_014,Yao,DRA
FR2019_015,L'Ordre des médecins,DRA
FR2019_016,Les Petits Flocons,COM
FR2019_017,Ma vie avec James Dean,COM
FR2019_018,Alien Crystal Palace,SCI
FR2019_018,Alien Crystal Palace,MUS
FR2019_018,Alien Crystal Palace,DRA
FR2019_019,Un berger et deux perchés à l'Élysée ?,DPA
FR2019_019,Un berger et deux perchés à l'Élysée ?,DOB
FR2019_020,Qu'est-ce qu'on a encore fait au bon Dieu ?,COM
FR2019_021,Les Estivants,COM
FR2019_021,Les Estivants,DRA
FR2019_022,À cause des filles.. ?,COM
FR2019_022,À cause des filles.. ?,MPF
FR2019_023,Pearl,DRA
FR2019_024,"Fahavalo, Madagascar 1947",DPA
FR2019_025,L'Amour debout,DRA
FR2019_026,Le Premier Mouvement de l'immobile,DPO
FR2019_027,Nicky Larson et le parfum de Cupidon,COM
FR2019_027,Nicky Larson et le parfum de Cupidon,ACT
FR2019_027,Nicky Larson et le parfum de Cupidon,DTH
FR2019_028,Une intime conviction,COU
FR2019_028,Une intime conviction,DRA
FR2019_029,Tout ce qu'il me reste de la révolution,COM
FR2019_030,La Dernière Folie de Claire Darling,COM
FR2019_030,La Dernière Folie de Claire Darling,DRA
FR2019_031,All Inclusive,COM
FR2019_032,Deux Fils,COM
FR2019_032,Deux Fils,DRA
FR2019_033,Les Drapeaux de papier,DRA
FR2019_034,"Moi, maman, ma mère et moi",COM
FR2019_034,"Moi, maman, ma mère et moi",DRA
FR2019_035,Le Chant du loup,ACT
FR2019_035,Le Chant du loup,THR
FR2019_035,Le Chant du loup,WAR
FR2019_036,Grâce à Dieu,DRA
FR2019_037,Black Snake : La légende du serpent noir,COM
FR2019_037,Black Snake : La légende du serpent noir,SUP
FR2019_038,La Liberté,DPA
FR2019_038,La Liberté,DOB
FR2019_039,Rencontrer mon père,DPA
FR2019_039,Rencontrer mon père,DOB
FR2019_040,Jusqu'ici tout va bien,COM
FR2019_041,Celle que vous croyez,DRA
FR2019_042,Wardi,DRA
FR2019_043,Le Mystère Henri Pick,COM
FR2019_043,Le Mystère Henri Pick,DRA
FR2019_044,Damien veut changer le monde,COM
FR2019_045,Exfiltrés,DRA
FR2019_045,Exfiltrés,THR
FR2019_046,Nos vies formidables,DRA
FR2019_047,Maguy Marin : L'urgence d'agir,DPA
FR2019_047,Maguy Marin : L'urgence d'agir,DOB
FR2019_048,Bêtes blondes,COM
FR2019_048,Bêtes blondes,DRA
FR2019_049,On ment toujours à ceux qu'on aime,COM
FR2019_049,On ment toujours à ceux qu'on aime,ROA
FR2019_050,Rebelles,COM
FR2019_051,Mon bébé,COM
FR2019_051,Mon bébé,DRA
FR2019_052,Convoi exceptionnel,COM
FR2019_052,Convoi exceptionnel,MET
FR2019_053,Depuis Mediapart,DOB
FR2019_053,Depuis Mediapart,DPA
FR2019_054,Un lien qui nous élève,DOB
FR2019_054,Un lien qui nous élève,DPA
FR2019_055,Qui m'aime me suive !,COM
FR2019_055,Qui m'aime me suive !,ROM
FR2019_056,Dernier Amour,DRA
FR2019_056,Dernier Amour,HIS
FR2019_056,Dernier Amour,ROM
FR2019_057,M,DRA
FR2019_058,Leur souffle,DOB
FR2019_059,Let's Dance,COM
FR2019_059,Let's Dance,DRA
FR2019_060,Synonymes,DRA
FR2019_061,D'Agata limite(s),DOB
FR2019_061,D'Agata limite(s),DPO
FR2019_062,"Le Jeûne, à la croisée des chemins",DEX
FR2019_062,"Le Jeûne, à la croisée des chemins",DPA
FR2019_063,Chamboultout,COM
FR2019_063,Chamboultout,DRA
FR2019_064,Mon inconnue,COM
FR2019_064,Mon inconnue,ROM
FR2019_065,La Lutte des classes,COM
FR2019_066,J'veux du soleil,DEX
FR2019_066,J'veux du soleil,DPA
FR2019_067,Les Arbres remarquables - Un patrimoine à protéger,DEX
FR2019_067,Les Arbres remarquables - Un patrimoine à protéger,DPA
FR2019_068,Des gens bien,DRA
FR2019_068,Des gens bien,COM
FR2019_069,"Tanguy, le retour",COM
FR2019_070,Blanche comme neige,COM
FR2019_071,Les Grands Squelettes,DRA
FR2019_071,Les Grands Squelettes,MPF
FR2019_072,Just a Gigolo,COM
FR2019_073,Raoul Taburin,COM
FR2019_073,Raoul Taburin,DRA
FR2019_074,Le Cercle des petits philosophes,DOB
FR2019_074,Le Cercle des petits philosophes,DPA
FR2019_075,Première Campagne,DOB
FR2019_076,"Fanon hier, aujourd'hui",DPA
FR2019_077,L'Adieu à la nuit,DRA
FR2019_078,Mais vous êtes fous,DRA
FR2019_079,Victor et Célia,COM
FR2019_079,Victor et Célia,ROM
FR2019_080,L'Esprit des lieux,DOB
FR2019_081,Je vois rouge,DPE
FR2019_082,Nous finirons ensemble,COM
FR2019_082,Nous finirons ensemble,DRA
FR2019_083,"68, mon père et les clous",DPE
FR2019_083,"68, mon père et les clous",DPA
FR2019_084,Le Choc du futur,DRA
FR2019_085,Les Crevettes pailletées,COM
FR2019_086,Lourdes,DOB
FR2019_087,À coeur d'avocats,DOB
FR2019_088,UltravoKal,DRA
FR2019_088,UltravoKal,WES
FR2019_089,Cold Blood Legacy : La mémoire du sang,ACT
FR2019_089,Cold Blood Legacy : La mémoire du sang,THR
FR2019_090,Swing Time in Limousin,DPA
FR2019_091,"Norilsk, l'étreinte de glace",DOB
FR2019_092,Les Chinois et Moi,DPE
FR2019_092,Les Chinois et Moi,DOB
FR2019_092,Les Chinois et Moi,MET
FR2019_093,Tous les dieux du ciel,DRA
FR2019_093,Tous les dieux du ciel,HOR
FR2019_094,Les Plus Belles Années d'une vie,DRA
FR2019_094,Les Plus Belles Années d'une vie,ROM
FR2019_095,Château Pékin,DOB
FR2019_096,Il était une fois Hamlet et Ophélie à Shanghai…,DOB
FR2019_097,Venise n'est pas en Italie,COM
FR2019_098,Ni une ni deux,COM
FR2019_099,Le Fils,DOB
FR2019_100,Et je choisis de vivre,DEX
FR2019_100,Et je choisis de vivre,DPA
FR2019_101,L'Autre Continent,DRA
FR2019_101,L'Autre Continent,ROM
FR2019_102,Être vivant et le savoir,DPE
FR2019_103,Salauds de pauvres,ANT
FR2019_103,Salauds de pauvres,COM
FR2019_104,Palmyre,DPA
FR2019_105,Le Chant de la couleuvre,DRA
FR2019_106,Roxane,COM
FR2019_107,Lune de miel,COM
FR2019_108,"Permaculture, la voie de l'autonomie",DEX
FR2019_108,"Permaculture, la voie de l'autonomie",DPA
FR2019_109,Cyrano et la Petite Valise,DOB
FR2019_110,Beaux-parents,COM
FR2019_111,Le Daim,COM
FR2019_112,Nevada,DRA
FR2019_113,Porte sans clef,DRA
FR2019_114,"Les Frenchmen, les premiers super-héros français",COM
FR2019_114,"Les Frenchmen, les premiers super-héros français",SUP
FR2019_114,"Les Frenchmen, les premiers super-héros français",SCI
FR2019_115,"Bernard Natan, le fantôme de la rue Francoeur",DPA
FR2019_116,Made in China,COM
FR2019_117,Yves,COM
FR2019_118,Je la rencontrerai,COM
FR2019_118,Je la rencontrerai,DRA
FR2019_119,Des ados pas comme il faut,DPA
FR2019_120,Ibiza,COM
FR2019_121,Quand on crie au loup,COM
FR2019_122,Haut les filles,DPA
FR2019_123,Pauvre Georges !,DRA
FR2019_124,Dario Argento : Soupirs dans un corridor lointain,DPA
FR2019_125,Artistes de la vie,DPA
FR2019_126,Anna,THR
FR2019_126,Anna,ACT
FR2019_127,Premier de la classe,COM
FR2019_128,Inna de Yard - The Soul of Jamaica,DPA
FR2019_128,Inna de Yard - The Soul of Jamaica,DOB
FR2019_129,Sur la peau,DRA
FR2019_130,Persona non grata,DRA
FR2019_130,Persona non grata,THR
FR2019_131,100 kilos d'étoiles,COM
FR2019_132,Navajo Songline,DPE
FR2019_133,La Source,COM
FR2019_133,La Source,DRA
FR2019_134,Sun,COM
FR2019_135,L'Étincelle : une histoire des luttes LGBT+,DPA
FR2019_136,Mon frère,DRA
FR2019_137,Rêves de jeunesse,DRA
FR2019_138,C'est quoi cette mamie ?!,COM
FR2019_139,Perdrix,COM
FR2019_140,Je promets d'être sage,COM
FR2019_140,Je promets d'être sage,DRA
FR2019_141,Thalasso,COM
FR2019_141,Thalasso,DRA
FR2019_142,Ma famille et le loup,COM
FR2019_142,Ma famille et le loup,CHI
FR2019_143,Frankie,DRA
FR2019_144,Vif-Argent,DRA
FR2019_144,Vif-Argent,FAN
FR2019_144,Vif-Argent,ROM
FR2019_145,Inséparables,COM
FR2019_146,Fête de famille,COM
FR2019_146,Fête de famille,DRA
FR2019_147,Les Hirondelles de Kaboul,DRA
FR2019_148,Fourmi,COM
FR2019_149,Andy,COM
FR2019_149,Andy,ROM
FR2019_150,Liberté,DRA
FR2019_150,Liberté,HIS
FR2019_151,Deux moi,COM
FR2019_151,Deux moi,DRA
FR2019_152,Jeanne,DRA
FR2019_152,Jeanne,HIS
FR2019_153,On va tout péter,DOB
FR2019_154,Ça marche !?,DOB
FR2019_155,Trois Jours et une vie,DRA
FR2019_155,Trois Jours et une vie,THR
FR2019_156,Au nom de la terre,DRA
FR2019_157,Le Dindon,COM
FR2019_158,De cendres et de braises,DOB
FR2019_158,De cendres et de braises,DPA
FR2019_159,Alice et le Maire,COM
FR2019_159,Alice et le Maire,DRA
FR2019_160,J'irai où tu iras,COM
FR2019_160,J'irai où tu iras,DRA
FR2019_161,Bonjour le monde,CHI
FR2019_162,"Psychomagie, un art pour guérir",DOB
FR2019_162,"Psychomagie, un art pour guérir",DPE
FR2019_163,Le Regard de Charles,DPE
FR2019_164,"Vous êtes jeunes, vous êtes beaux",DRA
FR2019_165,Donne-moi des ailes,ADV
FR2019_166,Chambre 212,COM
FR2019_166,Chambre 212,DRA
FR2019_167,La Fameuse Invasion des ours en Sicile,FAN
FR2019_168,Soeurs d'armes,WAR
FR2019_168,Soeurs d'armes,DRA
FR2019_169,Betty Marcusfeld,DPE
FR2019_170,Fahim,COM
FR2019_170,Fahim,DRA
FR2019_171,La vérité si je mens ! Les débuts,COM
FR2019_172,Camille,BIO
FR2019_172,Camille,DRA
FR2019_173,L'Angle mort,DRA
FR2019_173,L'Angle mort,FAN
FR2019_174,Hors normes,COM
FR2019_175,"Les Municipaux, trop c'est trop",COM
FR2019_176,L'Âcre Parfum des immortelles,DPE
FR2019_177,"Thanatos, l'ultime passage",DEX
FR2019_177,"Thanatos, l'ultime passage",DPA
FR2019_178,La Cordillère des songes,DEX
FR2019_179,Debout sur la montagne,COM
FR2019_179,Debout sur la montagne,DRA
FR2019_180,Je prends ta peine,DPE
FR2019_181,La Belle Époque,DRA
FR2019_181,La Belle Époque,ROM
FR2019_182,J'ai perdu mon corps,DRA
FR2019_183,Adults in the Room,BIO
FR2019_183,Adults in the Room,DRA
FR2019_184,Place des Victoires,COM
FR2019_184,Place des Victoires,DRA
FR2019_185,Le Char et l'Olivier - Une autre histoire de la Palestine,DPA
FR2019_186,Vitis Prohibita,DEX
FR2019_186,Vitis Prohibita,DPA
FR2019_187,J'accuse,BIO
FR2019_188,Rendre la justice,DPA
FR2019_188,Rendre la justice,DOB
FR2019_189,Prendre soin,DPA
FR2019_189,Prendre soin,DOB
FR2019_190,Océan,DPE
FR2019_191,Le Bel Été,DRA
FR2019_192,L'Âme du vin,DPA
FR2019_192,L'Âme du vin,DOB
FR2019_193,J'aimerais qu'il reste quelque chose,DOB
FR2019_194,Graines de ronds-points,DPA
FR2019_194,Graines de ronds-points,DOB
FR2019_195,Le Roi d'ici,COM
FR2019_196,Joyeuse retraite !,COM
FR2019_197,Les Éblouis,DRA
FR2019_198,Nouvelle Cordée,DPA
FR2019_198,Nouvelle Cordée,DOB
FR2019_199,Terminal Sud,THR
FR2019_199,Terminal Sud,DRA
FR2019_200,Les Enfants d'Isadora,DRA
FR2019_201,La Passion de Marie Madeleine,DEX
FR2019_201,La Passion de Marie Madeleine,DPA
FR2019_202,Gloria Mundi,DRA
FR2019_203,Chanson douce,DRA
FR2019_204,Proxima,DRA
FR2019_205,Toute ressemblance,COM
FR2019_206,Le meilleur reste à venir,COM
FR2019_206,Le meilleur reste à venir,DRA
FR2019_207,It Must Be Heaven,COM
FR2019_208,Le Voyage du prince,FAN
FR2019_209,Seules les bêtes,THR
FR2019_209,Seules les bêtes,DRA
FR2019_210,Souviens-toi de ton futur,DOB
FR2019_210,Souviens-toi de ton futur,DPA
FR2019_211,Ceux qui nous restent (Chronique d'un cinéma en lutte),DOB
FR2019_212,Les Reines de la nuit,DOB
FR2019_212,Les Reines de la nuit,DPA
FR2019_213,Docteur ?,COM
FR2019_214,Les Envoûtés,DRA
FR2019_215,Le Choix d'Ali,DRA
FR2019_216,Notre Dame,COM
FR2019_217,Talking About Trees,DOB
FR2019_218,Paroles de bandits,DOB
FR2019_219,Rendez-vous chez les Malawas,COM
FR2019_220,La Vérité,COM
FR2019_220,La Vérité,DRA
FR2019_221,La Sainte Famille,COM
FR2019_221,La Sainte Famille,DRA
FR2019_222,Bienvenue les vers de terre,DPA
FR2019_222,Bienvenue les vers de terre,DOB
FR2019_223,Basta Capital,COM
FR2019_224,Homéopathie : une autre voie,DPA
FR2019_224,Homéopathie : une autre voie,DOB
FR2019_225,Mon incroyable 93,DEX
FR2019_225,Mon incroyable 93,DPA
FR2019_226,La Bataille du libre,DEX
FR2019_226,La Bataille du libre,DPA
FR2019_227,"L'École de la vie, une génération pour tout changer",DPA
FR2019_228,Main basse sur l'énergie,DPA
FR2019_228,Main basse sur l'énergie,DOB
FR2019_229,"Au Nicaragua, on m'appelle... Chepito",DOB
FR2019_230,Girls with Balls,COM
FR2019_230,Girls with Balls,HOR
FR2019_231,Mens,DRA
FR2019_232,L'Échappée,ROM
FR2019_233,Le Temps d'une valse,DOB
FR2019_234,Parlons utopie,DPA
FR2019_235,Phil Tippett : Mad Dreams and Monsters,DPA
FR2019_236,Chjami è Rispondi,DPE
FR2018_001,Burn Out,ACT
FR2018_002,Le lion est mort ce soir,COM
FR2018_002,Le lion est mort ce soir,DRA
FR2018_003,Normandie nue,COM
FR2018_003,Normandie nue,DRA
FR2018_004,La Monnaie de leur pièce,COM
FR2018_005,Si tu voyais son coeur,THR
FR2018_005,Si tu voyais son coeur,DRA
FR2018_006,Que le diable nous emporte,DRA
FR2018_007,"Une aventure théâtrale, 30 ans de décentralisation",DPA
FR2018_008,Brillantissime,COM
FR2018_009,Ami-ami,COM
FR2018_010,La Surface de réparation,DRA
FR2018_010,La Surface de réparation,SPO
FR2018_011,La Douleur,DRA
FR2018_011,La Douleur,HIS
FR2018_012,"Jean Douchet, l'enfant agité",DPA
FR2018_012,"Jean Douchet, l'enfant agité",DOB
FR2018_013,Les Tuche 3,COM
FR2018_014,L'Insulte,DRA
FR2018_015,Sparring,DRA
FR2018_016,Etre plutôt qu'avoir : à l'école autrement,DPA
FR2018_016,Etre plutôt qu'avoir : à l'école autrement,DOB
FR2018_017,Voyoucratie,CRI
FR2018_018,Jusqu'à la garde,DRA
FR2018_019,"Ni juge, ni soumise",DOB
FR2018_020,Revenge,ACT
FR2018_020,Revenge,HOR
FR2018_020,Revenge,THR
FR2018_021,The Ride - La chevauchée,DOB
FR2018_022,Atelier de conversation,DOB
FR2018_023,La Sculpture vivante,EXP
FR2018_024,"Belle et Sébastien 3, le dernier chapitre",ADV
FR2018_024,"Belle et Sébastien 3, le dernier chapitre",CHI
FR2018_025,Le Retour du Héros,COM
FR2018_025,Le Retour du Héros,HIS
FR2018_026,L'Apparition,DRA
FR2018_027,Bravo virtuose,THR
FR2018_027,Bravo virtuose,COM
FR2018_028,4 histoires fantastiques,FAN
FR2018_028,4 histoires fantastiques,ANT
FR2018_029,Le Crime des anges,COM
FR2018_029,Le Crime des anges,DRA
FR2018_030,Les Aventures de Spirou et Fantasio,COM
FR2018_030,Les Aventures de Spirou et Fantasio,ADV
FR2018_031,L'Insoumis,DOB
FR2018_031,L'Insoumis,DPA
FR2018_032,Corps étranger,DRA
FR2018_033,La Ch'tite Famille,COM
FR2018_034,Les Garçons sauvages,FAN
FR2018_034,Les Garçons sauvages,ADV
FR2018_035,La fête est finie,DRA
FR2018_036,L'Amour des hommes,DRA
FR2018_037,Trait de vie,DPA
FR2018_037,Trait de vie,DOB
FR2018_038,"Madame Mills, une voisine si parfaite",COM
FR2018_039,Eva,DRA
FR2018_040,La nuit a dévoré le monde,HOR
FR2018_040,La nuit a dévoré le monde,FAN
FR2018_041,Signer,DOB
FR2018_041,Signer,DPA
FR2018_042,Féminin plurielles,COM
FR2018_042,Féminin plurielles,DRA
FR2018_043,Tout le monde debout,COM
FR2018_044,La Belle et la Belle,COM
FR2018_045,America,DOB
FR2018_045,America,DPA
FR2018_046,Chien,COM
FR2018_046,Chien,DRA
FR2018_047,Un dénommé Homme-Plume,DRA
FR2018_047,Un dénommé Homme-Plume,HIS
FR2018_048,Blanche Rhapsodie - Mémoire de théâtre,DPA
FR2018_049,La Finale,COM
FR2018_049,La Finale,DRA
FR2018_049,La Finale,SPO
FR2018_050,La Prière,DRA
FR2018_051,"Mektoub, My Love : Canto Uno",DRA
FR2018_051,"Mektoub, My Love : Canto Uno",ROM
FR2018_052,Après la guerre,DRA
FR2018_053,"Auzat l'Auvergnat, un village en mouvement",DPA
FR2018_053,"Auzat l'Auvergnat, un village en mouvement",DOB
FR2018_054,9 doigts,NOI
FR2018_054,9 doigts,THR
FR2018_055,Vincent & moi,DOB
FR2018_056,Serge Pey et la boîte aux lettres du cimetière,DOB
FR2018_056,Serge Pey et la boîte aux lettres du cimetière,DPA
FR2018_057,Pas comme lui,DRA
FR2018_058,Croc-Blanc,ADV
FR2018_059,"Les dents, pipi et au lit",COM
FR2018_060,Le Collier rouge,DRA
FR2018_060,Le Collier rouge,HIS
FR2018_061,Madame Hyde,COM
FR2018_061,Madame Hyde,FAN
FR2018_062,Vent du Nord,DRA
FR2018_063,Carnivores,THR
FR2018_064,Après l'ombre,DOB
FR2018_065,Gaston Lagaffe,COM
FR2018_066,Dans la brume,SCI
FR2018_067,Nul homme n'est une île,DOB
FR2018_067,Nul homme n'est une île,DPA
FR2018_068,Taxi 5,COM
FR2018_068,Taxi 5,ACT
FR2018_068,Taxi 5,DTH
FR2018_069,On a 20 ans pour changer le monde,DOB
FR2018_069,On a 20 ans pour changer le monde,DPA
FR2018_070,Luna,DRA
FR2018_071,Du soleil dans mes yeux,DRA
FR2018_072,Lutine,COM
FR2018_073,Larguées,COM
FR2018_074,Love Addict,COM
FR2018_075,Place publique,COM
FR2018_076,Mes provinciales,DRA
FR2018_077,"Jean Ziegler, l'optimisme de la volonté",DOB
FR2018_077,"Jean Ziegler, l'optimisme de la volonté",DPA
FR2018_078,Allons enfants,DRA
FR2018_079,"Les Municipaux, ces héros",COM
FR2018_080,Amoureux de ma femme,COM
FR2018_080,Amoureux de ma femme,ROM
FR2018_081,Comme des rois,COM
FR2018_081,Comme des rois,DRA
FR2018_082,Comme des garçons,COM
FR2018_082,Comme des garçons,SPO
FR2018_083,"Cornélius, le meunier hurlant",COM
FR2018_083,"Cornélius, le meunier hurlant",DRA
FR2018_084,"Nous, les intranquilles",DOB
FR2018_085,Monsieur Je-Sais-Tout,COM
FR2018_085,Monsieur Je-Sais-Tout,DRA
FR2018_086,Abdel et la Comtesse,COM
FR2018_087,"Armonía, Franco et mon grand-père",DPA
FR2018_088,"Plaire, aimer et courir vite",COM
FR2018_088,"Plaire, aimer et courir vite",DRA
FR2018_088,"Plaire, aimer et courir vite",ROM
FR2018_089,En guerre,DRA
FR2018_090,Et mon coeur transparent,DRA
FR2018_090,Et mon coeur transparent,THR
FR2018_091,La Fête des mères,COM
FR2018_091,La Fête des mères,DRA
FR2018_092,Mutafukaz,THR
FR2018_093,Le ciel étoilé au-dessus de ma tête,COM
FR2018_094,Demi-soeurs,COM
FR2018_095,L'Extraordinaire Voyage du fakir,COM
FR2018_095,L'Extraordinaire Voyage du fakir,DRA
FR2018_096,Je vais mieux,COM
FR2018_097,Train de vies ou les Voyages d'Angélique,DRA
FR2018_098,Les Sept Déserteurs ou la Guerre en vrac,DRA
FR2018_099,La Naissance de Narcisse,DRA
FR2018_100,Volontaire,DRA
FR2018_101,La Légende,DRA
FR2018_101,La Légende,SPO
FR2018_102,Comment tuer sa mère,COM
FR2018_103,Le Doudou,COM
FR2018_104,Bécassine !,COM
FR2018_104,Bécassine !,HIS
FR2018_105,"Jericó, le vol infini des jours",DOB
FR2018_105,"Jericó, le vol infini des jours",DPA
FR2018_106,Une prière avant l'aube,DRA
FR2018_107,"Kuzola, le chant des racines",DOB
FR2018_108,Un couteau dans le coeur,THR
FR2018_108,Un couteau dans le coeur,DRA
FR2018_108,Un couteau dans le coeur,ROM
FR2018_109,À 2 heures de Paris,COM
FR2018_110,Tamara Vol. 2,COM
FR2018_110,Tamara Vol. 2,COA
FR2018_111,Au poste !,COM
FR2018_111,Au poste !,DTH
FR2018_112,Joueurs,DRA
FR2018_113,L'Île au trésor,DOB
FR2018_114,Mes frères,DRA
FR2018_115,Un village dans le vent,DOB
FR2018_115,Un village dans le vent,DPA
FR2018_116,Femmes du chaos vénézuélien,DOB
FR2018_116,Femmes du chaos vénézuélien,DPA
FR2018_117,L'école est finie,COM
FR2018_118,Christ(Off),COM
FR2018_119,Moi et le Che,COM
FR2018_120,Ma reum,COM
FR2018_121,Fleuve noir,THR
FR2018_122,Paul Sanchez est revenu !,CRI
FR2018_122,Paul Sanchez est revenu !,DTH
FR2018_123,Roulez jeunesse,COM
FR2018_124,Vierges,DRA
FR2018_125,C'est qui cette fille ?,COM
FR2018_125,C'est qui cette fille ?,ROM
FR2018_126,Les Versets de l'oubli,DRA
FR2018_126,Les Versets de l'oubli,FAN
FR2018_127,"Neuilly sa mère, sa mère !",COM
FR2018_127,"Neuilly sa mère, sa mère !",COA
FR2018_128,Le monde est à toi,CRI
FR2018_128,Le monde est à toi,ACT
FR2018_128,Le monde est à toi,COM
FR2018_129,Il se passe quelque chose,ROA
FR2018_130,Alive in France,DPE
FR2018_131,Les Vieux Fourneaux,COM
FR2018_132,Lukas,ACT
FR2018_132,Lukas,THR
FR2018_133,Caniba,DPA
FR2018_134,Guy,COM
FR2018_134,Guy,DRA
FR2018_134,Guy,MOC
FR2018_134,Guy,DRA
FR2018_135,Bonhomme,COM
FR2018_135,Bonhomme,DRA
FR2018_136,Braqueurs d'élite,ACT
FR2018_136,Braqueurs d'élite,THR
FR2018_137,Photo de famille,COM
FR2018_137,Photo de famille,DRA
FR2018_138,Sofia,DRA
FR2018_139,Les Déguns,COM
FR2018_139,Les Déguns,ROA
FR2018_140,J'ai perdu Albert,COM
FR2018_140,J'ai perdu Albert,FAN
FR2018_141,Le Grand Perdu,DRA
FR2018_142,Les Frères Sisters,WES
FR2018_143,Le Poulain,COM
FR2018_144,L'amour est une fête,COM
FR2018_144,L'amour est une fête,DTH
FR2018_145,Vaurien,DRA
FR2018_146,I Feel Good,COM
FR2018_147,Un peuple et son roi,HIS
FR2018_147,Un peuple et son roi,BIO
FR2018_148,Hostile,HOR
FR2018_148,Hostile,SCI
FR2018_149,Journal d'un disparu,DRA
FR2018_149,Journal d'un disparu,FAN
FR2018_150,Alad'2,COM
FR2018_150,Alad'2,FAN
FR2018_151,Frères ennemis,DRA
FR2018_151,Frères ennemis,DTH
FR2018_152,En mille morceaux,DRA
FR2018_153,Une fois comme jamais,COM
FR2018_153,Une fois comme jamais,DRA
FR2018_154,Dilili à Paris,ADV
FR2018_154,Dilili à Paris,CHI
FR2018_154,Dilili à Paris,HIS
FR2018_155,Voyez comme on danse,COM
FR2018_156,L'Amour flou,COM
FR2018_157,Grande-Synthe - La Ville où tout se joue,DOB
FR2018_157,Grande-Synthe - La Ville où tout se joue,DPA
FR2018_158,Tazzeka,COM
FR2018_158,Tazzeka,DRA
FR2018_159,Le Jeu,COM
FR2018_160,Le Flic de Belleville,COM
FR2018_160,Le Flic de Belleville,DTH
FR2018_161,Six portraits XL 1: Léon et Guillaume,DOB
FR2018_161,Six portraits XL 1: Léon et Guillaume,DPE
FR2018_162,Les Illettrées,DPA
FR2018_163,Le Grand Bain,COM
FR2018_163,Le Grand Bain,DRA
FR2018_163,Le Grand Bain,SPO
FR2018_164,Chacun pour tous,COM
FR2018_164,Chacun pour tous,SPO
FR2018_165,Le Grand Bal,DOB
FR2018_165,Le Grand Bal,DPA
FR2018_166,Black Indians,DOB
FR2018_166,Black Indians,DPA
FR2018_167,On l'appelait Roda,DPA
FR2018_168,Un homme pressé,COM
FR2018_168,Un homme pressé,DRA
FR2018_169,Un amour impossible,DRA
FR2018_170,Kursk,ACT
FR2018_170,Kursk,BIO
FR2018_171,Les Chatouilles,DRA
FR2018_172,"André Robillard, en compagnie",DEX
FR2018_172,"André Robillard, en compagnie",DOB
FR2018_173,Mauvaises Herbes,COM
FR2018_173,Mauvaises Herbes,DRA
FR2018_174,Amanda,DRA
FR2018_175,Les Bonnes Intentions,COM
FR2018_175,Les Bonnes Intentions,DRA
FR2018_176,Les Filles du soleil,DRA
FR2018_176,Les Filles du soleil,WAR
FR2018_177,#Moscou-Royan,COM
FR2018_178,Sauver ou Périr,DRA
FR2018_179,Lola et ses frères,COM
FR2018_179,Lola et ses frères,DRA
FR2018_180,Frig,EXP
FR2018_181,Astérix : Le secret de la potion magique,ADV
FR2018_181,Astérix : Le secret de la potion magique,FAN
FR2018_182,Pupille,DRA
FR2018_183,Ma mère est folle,COM
FR2018_184,Les Confins du monde,WAR
FR2018_185,Monsieur,DPA
FR2018_185,Monsieur,DOB
FR2018_186,"Le Sous-bois des insensés, une traversée avec Jean Oury",DPA
FR2018_187,Rémi sans famille,ADV
FR2018_187,Rémi sans famille,DRA
FR2018_187,Rémi sans famille,HIS
FR2018_187,Rémi sans famille,CHI
FR2018_188,Pachamama,ADV
FR2018_188,Pachamama,CHI
FR2018_189,Nous les coyotes,COM
FR2018_189,Nous les coyotes,DRA
FR2018_190,L'Empereur de Paris,HIS
FR2018_190,L'Empereur de Paris,ACT
FR2018_190,L'Empereur de Paris,DTH
FR2018_191,Le Gendre de ma vie,COM
FR2018_192,Maya,DRA
FR2018_192,Maya,ROM
FR2018_193,Mia et le Lion Blanc,ADV
FR2018_193,Mia et le Lion Blanc,DRA
FR2018_193,Mia et le Lion Blanc,CHI
FR2018_194,Au bout des doigts,COM
FR2018_194,Au bout des doigts,DRA
FR2018_195,L'Homme fidèle,COM
FR2018_195,L'Homme fidèle,DRA
FR2018_195,L'Homme fidèle,ROM
FR2018_196,Good,DOB
FR2018_196,Good,DPO
FR2018_197,Meltem,DRA
FR2018_198,Régénération,DEX
FR2018_198,Régénération,DPA
FR2018_199,L'Amour et la Révolution,DPA
FR2018_199,L'Amour et la Révolution,DOB
FR2018_200,C'est quoi le bonheur pour vous ?,DPA
FR2018_201,Un long été brûlant en Palestine,DPA
FR2018_201,Un long été brûlant en Palestine,DEX
FR2018_202,L'Histoire d'un homme hors normes,DPA
FR2018_202,L'Histoire d'un homme hors normes,DOB
FR2018_203,Maternité secrète,DPO
FR2018_204,La liberté si je veux !,COM
FR2018_204,La liberté si je veux !,DRA
FR2018_205,Gens des blés,DPA
FR2018_206,"Makach Moukil, nos identités",DPE
FR2018_207,"Yohen, l'univers dans un bol",DPA
FR2018_207,"Yohen, l'univers dans un bol",DOB
FR2017_001,La Vallée des loups,DPE
FR2017_002,Primaire,COM
FR2017_002,Primaire,DRA
FR2017_003,Mes trésors,COM
FR2017_003,Mes trésors,HEI
FR2017_004,Dalida,BIO
FR2017_005,La Mécanique de l'ombre,THR
FR2017_005,La Mécanique de l'ombre,SPY
FR2017_006,Ouvert la nuit,COM
FR2017_006,Ouvert la nuit,DRA
FR2017_007,Jamais contente,COM
FR2017_008,Le Divan de Staline,DRA
FR2017_008,Le Divan de Staline,HIS
FR2017_009,Un jour mon prince,COM
FR2017_009,Un jour mon prince,FAN
FR2017_010,Il a déjà tes yeux,COM
FR2017_011,Un sac de billes,DRA
FR2017_011,Un sac de billes,HIS
FR2017_012,Corniche Kennedy,DRA
FR2017_013,Fleur de tonnerre,DRA
FR2017_013,Fleur de tonnerre,HIS
FR2017_014,"La Cigale, le Corbeau et les Poulets",DOB
FR2017_015,Belle Dormant,COM
FR2017_015,Belle Dormant,DRA
FR2017_015,Belle Dormant,FAN
FR2017_016,Vivere,DOB
FR2017_017,L'Ascension,COM
FR2017_018,RAID dingue,COM
FR2017_018,RAID dingue,ACT
FR2017_019,Sahara,ADV
FR2017_020,Cruel,CRI
FR2017_021,Un Paese di Calabria,DOB
FR2017_022,Le Concours,DOB
FR2017_023,Nous nous marierons,DRA
FR2017_024,Alibi.com,COM
FR2017_025,Rock'n Roll,COM
FR2017_025,Rock'n Roll,MET
FR2017_026,Dans la forêt,THR
FR2017_027,L'Indomptée,DRA
FR2017_028,L'Histoire d'une mère,DRA
FR2017_029,"Des amours, désamour",COM
FR2017_029,"Des amours, désamour",ROM
FR2017_030,Chez nous,DRA
FR2017_031,Si j'étais un homme,COM
FR2017_032,Les Derniers Parisiens,DRA
FR2017_033,De sas en sas,DRA
FR2017_034,La DorMeuse Duval,COM
FR2017_035,Seule... mais pas trop!,COM
FR2017_036,04:48,DRA
FR2017_036,04:48,ROM
FR2017_037,Patients,COM
FR2017_037,Patients,DRA
FR2017_038,Sous peine d'innocence,DOB
FR2017_038,Sous peine d'innocence,DPA
FR2017_039,Monsieur & Madame Adelman,COM
FR2017_039,Monsieur & Madame Adelman,DRA
FR2017_039,Monsieur & Madame Adelman,ROM
FR2017_040,La Confession,DRA
FR2017_040,La Confession,HIS
FR2017_041,Miss Sloane,DRA
FR2017_041,Miss Sloane,THR
FR2017_042,De plus belle,COM
FR2017_042,De plus belle,DRA
FR2017_042,De plus belle,ROM
FR2017_043,Baby Phone,COM
FR2017_044,Paris pieds nus,COM
FR2017_045,Le Secret de la chambre noire,DRA
FR2017_045,Le Secret de la chambre noire,FAN
FR2017_046,Les poètes sont encore vivants,DPA
FR2017_047,L'Embarras du choix,COM
FR2017_047,L'Embarras du choix,ROM
FR2017_048,Chacun sa vie,COM
FR2017_048,Chacun sa vie,MPF
FR2017_049,Grave,HOR
FR2017_050,Jours de France,DRA
FR2017_050,Jours de France,ROA
FR2017_051,Vénéneuses,COM
FR2017_051,Vénéneuses,CRI
FR2017_052,Sage Femme,COM
FR2017_052,Sage Femme,DRA
FR2017_053,Going to Brazil,COM
FR2017_054,"1336 jours, des hauts, débats, mais debout",DOB
FR2017_054,"1336 jours, des hauts, débats, mais debout",DPA
FR2017_055,Gangsterdam,COM
FR2017_055,Gangsterdam,ACT
FR2017_056,"Telle mère, telle fille",COM
FR2017_057,Pris de court,DRA
FR2017_058,Paris la blanche,DRA
FR2017_059,La Rage du Démon,DPA
FR2017_060,À bras ouverts,COM
FR2017_061,Corporate,DRA
FR2017_061,Corporate,THR
FR2017_062,Massilia Sound System : Le film,DPA
FR2017_063,Boule & Bill 2,COM
FR2017_063,Boule & Bill 2,CHI
FR2017_064,C'est beau la vie quand on y pense,COM
FR2017_064,C'est beau la vie quand on y pense,DRA
FR2017_065,Un profil pour deux,COM
FR2017_065,Un profil pour deux,ROM
FR2017_066,Bienvenue au Gondwana,COM
FR2017_067,Mauvais Élèves,DPA
FR2017_068,Sous le même toit,COM
FR2017_069,Cessez-le-feu,DRA
FR2017_069,Cessez-le-feu,HIS
FR2017_070,Django,BIO
FR2017_071,Aurore,COM
FR2017_071,Aurore,DRA
FR2017_072,Jour J,COM
FR2017_073,À mon âge je me cache encore pour fumer,DRA
FR2017_074,La Papesse Jeanne,BIO
FR2017_075,La Morsure des Dieux,DRA
FR2017_076,De toutes mes forces,DRA
FR2017_077,Les Pieds sur terre,DOB
FR2017_077,Les Pieds sur terre,DPA
FR2017_078,Vive la crise !,COM
FR2017_079,Souffler plus fort que la mer,DRA
FR2017_080,Soleils,DRA
FR2017_080,Soleils,ROA
FR2017_081,Les Fantômes d'Ismaël,DRA
FR2017_082,Venise sous la neige,COM
FR2017_083,Sélection officielle,COM
FR2017_084,Rodin,BIO
FR2017_084,Rodin,DRA
FR2017_085,Le Cri des fourmis,DPA
FR2017_086,L'Amant double,DRA
FR2017_086,L'Amant double,THR
FR2017_087,Marie-Francine,COM
FR2017_088,L'Amant d'un jour,DRA
FR2017_089,Drôles d'oiseaux,COM
FR2017_089,Drôles d'oiseaux,DRA
FR2017_090,HHhH,BIO
FR2017_090,HHhH,ACT
FR2017_090,HHhH,THR
FR2017_091,Comment j'ai rencontré mon père,COM
FR2017_092,Ce qui nous lie,COM
FR2017_092,Ce qui nous lie,DRA
FR2017_093,Nos patriotes,HIS
FR2017_093,Nos patriotes,WAR
FR2017_094,Nothingwood,DOB
FR2017_095,Wùlu,DRA
FR2017_096,L'Assiette de mon voisin,COM
FR2017_096,L'Assiette de mon voisin,DRA
FR2017_097,Le Grand Méchant Renard et autres contes...,CHI
FR2017_097,Le Grand Méchant Renard et autres contes...,ADV
FR2017_098,Les Ex,COM
FR2017_098,Les Ex,MPF
FR2017_099,Bad Buzz,COM
FR2017_100,Songs for Madagascar,DOB
FR2017_101,Macadam Popcorn,DOB
FR2017_101,Macadam Popcorn,DPA
FR2017_102,Mon poussin,COM
FR2017_103,"Visages, villages",DPE
FR2017_104,Cherchez la femme,COM
FR2017_105,Grand Froid,COM
FR2017_106,Wallay,DRA
FR2017_107,Loue-moi !,COM
FR2017_108,Embrasse-moi !,COM
FR2017_109,À la recherche des femmes chefs,DOB
FR2017_109,À la recherche des femmes chefs,DPA
FR2017_110,Mission Pays basque,COM
FR2017_111,Sales Gosses,COM
FR2017_112,Valerian et la Cité des mille planètes,SCI
FR2017_112,Valerian et la Cité des mille planètes,ACT
FR2017_112,Valerian et la Cité des mille planètes,ADV
FR2017_113,Les As de la jungle,ADV
FR2017_113,Les As de la jungle,COM
FR2017_114,Crash Test Aglaé,COM
FR2017_114,Crash Test Aglaé,ROA
FR2017_115,Chouquette,COM
FR2017_115,Chouquette,DRA
FR2017_115,Chouquette,ROA
FR2017_116,Rattrapage,COM
FR2017_116,Rattrapage,COA
FR2017_117,Lola Pater,COM
FR2017_117,Lola Pater,DRA
FR2017_118,Djam,DRA
FR2017_119,La Vie de château,COM
FR2017_119,La Vie de château,DRA
FR2017_120,Overdrive,ACT
FR2017_121,Une femme douce,DRA
FR2017_122,Mort à Sarajevo,DRA
FR2017_123,Petit Paysan,DRA
FR2017_124,Bonne Pomme,COM
FR2017_125,Ôtez-moi d'un doute,COM
FR2017_125,Ôtez-moi d'un doute,DRA
FR2017_126,Barbara,BIO
FR2017_126,Barbara,MUS
FR2017_127,Dans les pas de Trisha Brown,DOB
FR2017_128,Napalm,DPE
FR2017_129,Les Grands Esprits,COM
FR2017_129,Les Grands Esprits,DRA
FR2017_130,Le Redoutable,BIO
FR2017_130,Le Redoutable,COM
FR2017_130,Le Redoutable,DRA
FR2017_131,Nos années folles,BIO
FR2017_131,Nos années folles,DRA
FR2017_132,Laurent et Safi,MUS
FR2017_133,L'un dans l'autre,COM
FR2017_134,Gauguin - Voyage de Tahiti,BIO
FR2017_135,La Mort se mérite - Digressions avec Serge Livrozet,DPA
FR2017_136,Le Petit Spirou,COM
FR2017_136,Le Petit Spirou,CHI
FR2017_137,Un beau soleil intérieur,COM
FR2017_137,Un beau soleil intérieur,ROM
FR2017_138,Le Jeune Karl Marx,BIO
FR2017_139,Money,THR
FR2017_140,Espèces menacées,DRA
FR2017_141,Le Sens de la fête,COM
FR2017_142,Happy End,DRA
FR2017_143,"Latifa, le coeur au combat",DOB
FR2017_144,"Va, Toto !",DPO
FR2017_144,"Va, Toto !",DRE
FR2017_145,L'École buissonnière,COM
FR2017_145,L'École buissonnière,DRA
FR2017_145,L'École buissonnière,HIS
FR2017_146,Coexister,COM
FR2017_147,Numéro une,DRA
FR2017_148,La Quête d'Alain Ducasse,DOB
FR2017_149,Les Nouvelles Aventures de Cendrillon,COM
FR2017_149,Les Nouvelles Aventures de Cendrillon,FAN
FR2017_150,Knock,COM
FR2017_150,Knock,HIS
FR2017_151,Zombillénium,ADV
FR2017_151,Zombillénium,FAN
FR2017_151,Zombillénium,COM
FR2017_152,"Corbier, des traces dans la mémoire des masses",DPA
FR2017_153,Votez pour moi !,COM
FR2017_154,Épouse-moi mon pote,COM
FR2017_155,Au revoir là-haut,DRA
FR2017_155,Au revoir là-haut,HIS
FR2017_156,Sans adieu,DOB
FR2017_157,Des bobines et des hommes,DOB
FR2017_157,Des bobines et des hommes,DPA
FR2017_158,Mémoires d'un condamné,DEX
FR2017_159,Ton coeur est plus noir que la nuit,DRA
FR2017_160,Carbone,CRI
FR2017_161,Daddy Cool,COM
FR2017_162,Jeune Femme,COM
FR2017_162,Jeune Femme,DRA
FR2017_163,D'après une histoire vraie,THR
FR2017_164,La Bombe et Nous,DPA
FR2017_165,Jalouse,COM
FR2017_166,Tout nous sépare,THR
FR2017_166,Tout nous sépare,DRA
FR2017_167,La Mélodie,COM
FR2017_167,La Mélodie,DRA
FR2017_168,En attendant les hirondelles,DRA
FR2017_169,We Blew It,DPA
FR2017_169,We Blew It,DEX
FR2017_170,Les Sentinelles,DPA
FR2017_171,Docteur Jack,DPA
FR2017_171,Docteur Jack,DOB
FR2017_172,Maryline,DRA
FR2017_173,M,DRA
FR2017_174,Diane a les épaules,COM
FR2017_174,Diane a les épaules,DRA
FR2017_175,Par instinct,DRA
FR2017_176,Le Semeur,DRA
FR2017_176,Le Semeur,HIS
FR2017_177,Simon et Théodore,COM
FR2017_177,Simon et Théodore,DRA
FR2017_178,L'Ombre de Vénus,DRA
FR2017_179,Le Brio,COM
FR2017_179,Le Brio,DRA
FR2017_180,Marvin ou la Belle Éducation,DRA
FR2017_181,Madame,COM
FR2017_182,L'Œil du cyclone,DRA
FR2017_183,C'est tout pour moi,COM
FR2017_183,C'est tout pour moi,DRA
FR2017_184,La Villa,DRA
FR2017_185,12 jours,DOB
FR2017_186,Plonger,DRA
FR2017_187,Éditeur,DPE
FR2017_188,Santa & Cie,COM
FR2017_188,Santa & Cie,FAN
FR2017_189,Les Gardiennes,DRA
FR2017_189,Les Gardiennes,HIS
FR2017_190,"Stars 80, la suite",COM
FR2017_190,"Stars 80, la suite",MUS
FR2017_191,La Deuxième Étoile,COM
FR2017_192,Drôles de petites bêtes,CHI
FR2017_192,Drôles de petites bêtes,ADV
FR2017_193,Soleil battant,DRA
FR2017_194,Enseignez à vivre ! Edgar Morin et l'éducation innovante,DPA
FR2017_195,La Promesse de l'aube,BIO
FR2017_196,Garde alternée,COM
FR2017_197,Tout là-haut,COM
FR2017_197,Tout là-haut,ADV
FR2017_198,Nuit de grève,DRA
FR2017_199,Momo,COM
FR2017_200,Le Rire de Madame Lin,DRA
FR2017_201,À l'air libre,DOB
FR2017_201,À l'air libre,DPA
FR2017_202,"L'Aluminium, les Vaccins et les Deux Lapins",DPA
FR2017_203,"Cuba, rouges années",DPA
FR2017_204,Semences du futur,DEX
FR2017_205,Le Plaisir du désordre,DOB
FR2017_206,"Au jour le jour, à la nuit la nuit",DOB
FR2017_206,"Au jour le jour, à la nuit la nuit",DPA
FR2017_207,"Sylvie Ouellet, au-delà du miroir",DPA
FR2017_207,"Sylvie Ouellet, au-delà du miroir",DEX
FR2016_001,Arrêtez-moi là,DRA
FR2016_002,La Fille du patron,COM
FR2016_002,La Fille du patron,DRA
FR2016_002,La Fille du patron,ROM
FR2016_003,Je vous souhaite d'être follement aimée,DRA
FR2016_004,"Dakar, ta nostalgie",DPE
FR2016_005,Arrête ton cinéma !,COM
FR2016_005,Arrête ton cinéma !,MET
FR2016_006,Mon maître d'école,DOB
FR2016_006,Mon maître d'école,DPA
FR2016_007,Gaz de France,COM
FR2016_008,Paris-Willouby,COM
FR2016_008,Paris-Willouby,DRA
FR2016_008,Paris-Willouby,ROM
FR2016_009,Je veux être actrice,DPA
FR2016_009,Je veux être actrice,DPE
FR2016_010,Encore heureux,COM
FR2016_011,Tout en haut du monde,ADV
FR2016_012,Les Filles au Moyen Âge,COM
FR2016_013,Contre-pouvoirs,DOB
FR2016_014,Koan de Printemps,ADV
FR2016_014,Koan de Printemps,HIS
FR2016_015,Le Chanteur,DRA
FR2016_015,Le Chanteur,MUS
FR2016_016,Les Tuche 2 - Le rêve américain,COM
FR2016_017,Chocolat,BIO
FR2016_018,Dofus - Livre 1 : Julith,COM
FR2016_018,Dofus - Livre 1 : Julith,ACT
FR2016_018,Dofus - Livre 1 : Julith,ADV
FR2016_018,Dofus - Livre 1 : Julith,FAN
FR2016_019,La Marcheuse,DRA
FR2016_019,La Marcheuse,THR
FR2016_020,Joséphine s'arrondit,COM
FR2016_021,Les Innocentes,DRA
FR2016_021,Les Innocentes,HIS
FR2016_022,La Tour 2 contrôle infernale,COM
FR2016_023,Peur de rien,DRA
FR2016_024,Faut savoir se contenter de beaucoup,DOB
FR2016_025,La Vache,COM
FR2016_026,Amis publics,COM
FR2016_026,Amis publics,HEI
FR2016_027,Les Naufragés,COM
FR2016_027,Les Naufragés,ADV
FR2016_028,Ce sentiment de l'été,DRA
FR2016_029,Sur le plancher des vaches,COM
FR2016_029,Sur le plancher des vaches,DRA
FR2016_030,Merci patron !,DPE
FR2016_031,Tempête,DRA
FR2016_032,Le Silence et la Douleur,DPA
FR2016_033,Saint Amour,COM
FR2016_033,Saint Amour,DRA
FR2016_033,Saint Amour,ROA
FR2016_034,Éperdument,DRA
FR2016_034,Éperdument,ROM
FR2016_035,Moonwalkers,COM
FR2016_035,Moonwalkers,ACT
FR2016_036,Un vrai faussaire,DOB
FR2016_036,Un vrai faussaire,DPA
FR2016_037,"Deux Rémi, deux",COM
FR2016_038,"Un marchand, des artistes et des collectionneurs",DOB
FR2016_039,Dieumerci !,COM
FR2016_040,Des nouvelles de la planète Mars,COM
FR2016_041,Louis-Ferdinand Céline,BIO
FR2016_042,Suite armoricaine,DRA
FR2016_043,C'est l'amour,DRA
FR2016_043,C'est l'amour,ROM
FR2016_044,Pseudonym,THR
FR2016_045,Ex-TAZ Citizen Ca$h,DPA
FR2016_046,Marseille,COM
FR2016_046,Marseille,DRA
FR2016_047,Au nom de ma fille,BIO
FR2016_048,Les Ogres,COM
FR2016_048,Les Ogres,DRA
FR2016_049,Le Divan du monde,DOB
FR2016_050,Le Chant du merle,DRA
FR2016_050,Le Chant du merle,ROM
FR2016_051,Médecin de campagne,COM
FR2016_051,Médecin de campagne,DRA
FR2016_052,Rosalie Blum,COM
FR2016_052,Rosalie Blum,ROM
FR2016_053,La Dream Team,COM
FR2016_053,La Dream Team,SPO
FR2016_054,Comme des lions,DOB
FR2016_055,Five,COM
FR2016_056,Good Luck Algeria,COM
FR2016_056,Good Luck Algeria,SPO
FR2016_057,Le Cœur régulier,DRA
FR2016_058,Les Visiteurs : La Révolution,COM
FR2016_058,Les Visiteurs : La Révolution,HIS
FR2016_058,Les Visiteurs : La Révolution,FAN
FR2016_059,Le Fantôme de Canterville,COM
FR2016_059,Le Fantôme de Canterville,FAN
FR2016_060,L'Avenir,DRA
FR2016_061,Sky,DRA
FR2016_062,La Sociologue et l'Ourson,DPE
FR2016_062,La Sociologue et l'Ourson,DPO
FR2016_063,"Laurette 1942, une volontaire au camp du Récébédou",DPA
FR2016_064,Tout pour être heureux,COM
FR2016_065,Marie et les Naufragés,COM
FR2016_066,Fui banquero (j'étais banquier),COM
FR2016_066,Fui banquero (j'étais banquier),DRA
FR2016_067,Adopte un veuf,COM
FR2016_068,Les Malheurs de Sophie,COM
FR2016_068,Les Malheurs de Sophie,DRA
FR2016_068,Les Malheurs de Sophie,CHI
FR2016_068,Les Malheurs de Sophie,HIS
FR2016_069,Le Potager de mon grand-père,DPE
FR2016_070,Le Fils de Joseph,DRA
FR2016_071,D'une pierre deux coups,DRA
FR2016_072,Parfum de printemps,COM
FR2016_073,Blind Sun,DRA
FR2016_073,Blind Sun,FAN
FR2016_073,Blind Sun,THR
FR2016_074,Les Habitants,DPE
FR2016_074,Les Habitants,DOB
FR2016_075,Mobile Étoile,DRA
FR2016_076,West Coast,COM
FR2016_077,10949 femmes,DPA
FR2016_078,Un homme à la hauteur,COM
FR2016_079,Braqueurs,HEI
FR2016_079,Braqueurs,ACT
FR2016_080,Vendeur,COM
FR2016_080,Vendeur,DRA
FR2016_081,L'Homme-fumée,DOB
FR2016_081,L'Homme-fumée,DPA
FR2016_082,"Tout, tout de suite",DRA
FR2016_082,"Tout, tout de suite",DTH
FR2016_083,Ma Loute,COM
FR2016_083,Ma Loute,HIS
FR2016_084,André et les Martiens,DPA
FR2016_084,André et les Martiens,DOB
FR2016_085,Elle,THR
FR2016_086,L'Origine de la violence,DRA
FR2016_087,Retour chez ma mère,COM
FR2016_088,Ils sont partout,COM
FR2016_089,L'Intérêt général et Moi,DOB
FR2016_089,L'Intérêt général et Moi,DPA
FR2016_090,Bienvenue à Marly-Gomont,COM
FR2016_091,La Nouvelle Vie de Paul Sneijder,COM
FR2016_091,La Nouvelle Vie de Paul Sneijder,DRA
FR2016_092,Vicky,COM
FR2016_093,Diamant noir,DRA
FR2016_094,Celui qu'on attendait,COM
FR2016_094,Celui qu'on attendait,DRA
FR2016_095,Peshmerga,DOB
FR2016_096,600 euros,DRA
FR2016_097,Madres de los dioses,DOB
FR2016_098,Autour de Maïr,DPA
FR2016_099,L'Idéal,COM
FR2016_100,La Loi de la jungle,COM
FR2016_101,Un homme d'État,DRA
FR2016_102,Tout de suite maintenant,DRA
FR2016_103,Le Secret des banquises,COM
FR2016_104,La Forêt de Quinconces,ROM
FR2016_105,Parcours d'amour,DOB
FR2016_106,Futur antérieur,DRA
FR2016_106,Futur antérieur,SCI
FR2016_107,Camping 3,COM
FR2016_108,Cosmodrama,SCI
FR2016_109,Sur quel pied danser,COM
FR2016_109,Sur quel pied danser,MUS
FR2016_110,Hibou,COM
FR2016_111,Malgré la nuit,DRA
FR2016_112,Débarquement immédiat !,COM
FR2016_113,Juillet Août,COM
FR2016_113,Juillet Août,DRA
FR2016_114,Parenthèse,COM
FR2016_115,À tous les vents du ciel,DRA
FR2016_116,Ma vie de chat,COM
FR2016_116,Ma vie de chat,FAN
FR2016_117,Ma révolution,DRA
FR2016_118,C'est quoi cette famille ?!,COM
FR2016_119,Moka,DRA
FR2016_120,Rester vertical,DRA
FR2016_121,Le Correspondant,COM
FR2016_122,Un petit boulot,COM
FR2016_122,Un petit boulot,CRI
FR2016_123,Le Fils de Jean,DRA
FR2016_124,Blood Father,THR
FR2016_124,Blood Father,ACT
FR2016_125,Nocturama,DRA
FR2016_125,Nocturama,THR
FR2016_126,Frantz,DRA
FR2016_126,Frantz,HIS
FR2016_127,Éternité,DRA
FR2016_127,Éternité,HIS
FR2016_128,Jeunesse,DRA
FR2016_129,Victoria,COM
FR2016_129,Victoria,DRA
FR2016_130,Toril,THR
FR2016_131,Le Pantin,DRA
FR2016_131,Le Pantin,THR
FR2016_132,Cézanne et Moi,BIO
FR2016_133,Radin !,COM
FR2016_134,La Danseuse,BIO
FR2016_135,Le ciel attendra,DRA
FR2016_136,Chouf,DRA
FR2016_137,Mercenaire,DRA
FR2016_138,Le Cancre,DRA
FR2016_138,Le Cancre,ROM
FR2016_139,Vino Veritas,DOB
FR2016_139,Vino Veritas,DPA
FR2016_140,L'Odyssée,BIO
FR2016_141,Voyage à travers le cinéma français,DEX
FR2016_142,La Pièce : Les derniers seront les premiers,COM
FR2016_143,Fin de jour,DOB
FR2016_143,Fin de jour,DPA
FR2016_144,Brice 3,COM
FR2016_145,Mal de pierres,DRA
FR2016_146,Apnée,COM
FR2016_147,Willy 1er,COM
FR2016_147,Willy 1er,DRA
FR2016_148,Tamara,COM
FR2016_148,Tamara,COA
FR2016_149,Le Mystère Jérôme Bosch,DEX
FR2016_150,La Bataille de Florange,DOB
FR2016_151,Réparer les vivants,DRA
FR2016_152,La Folle Histoire de Max et Léon,COM
FR2016_152,La Folle Histoire de Max et Léon,HIS
FR2016_152,La Folle Histoire de Max et Léon,ADV
FR2016_153,La Mort de Louis XIV,BIO
FR2016_154,Ma famille t'adore déjà,COM
FR2016_155,L'Histoire de l'amour,DRA
FR2016_156,La Sociale,DPA
FR2016_157,Maman a tort,COM
FR2016_157,Maman a tort,DRA
FR2016_158,L'Invitation,COM
FR2016_159,Les Beaux Jours d'Aranjuez,DRA
FR2016_160,Mon père en grand,DRA
FR2016_161,Les Têtes de l'emploi,COM
FR2016_162,Le Petit Locataire,COM
FR2016_163,"Polina, danser sa vie",DRA
FR2016_164,Tour de France,COM
FR2016_164,Tour de France,DRA
FR2016_164,Tour de France,ROA
FR2016_165,Close Encounters with Vilmos Zsigmond,DPA
FR2016_166,La Fille de Brest,DRA
FR2016_166,La Fille de Brest,THR
FR2016_167,Une vie,DRA
FR2016_167,Une vie,HIS
FR2016_168,Louise en hiver,DRA
FR2016_169,Arès,SCI
FR2016_170,Qu'est-ce qu'on attend ?,DOB
FR2016_170,Qu'est-ce qu'on attend ?,DPA
FR2016_171,Le Voyage au Groenland,COM
FR2016_172,Les Enfants de la chance,COM
FR2016_172,Les Enfants de la chance,DRA
FR2016_172,Les Enfants de la chance,HIS
FR2016_173,Le Gang des Antillais,CRI
FR2016_174,La Fine Équipe,COM
FR2016_175,Rocco,DOB
FR2016_176,Demain tout commence,COM
FR2016_176,Demain tout commence,DRA
FR2016_177,Papa ou maman 2,COM
FR2016_178,Carole Matthieu,DRA
FR2016_179,Algérie du possible,DEX
FR2016_179,Algérie du possible,DPA
FR2016_180,Ballerina,ADV
FR2016_181,La Jeune Fille sans mains,FAN
FR2016_182,À fond,COM
FR2016_182,À fond,ACT
FR2016_183,Père fils thérapie !,COM
FR2016_184,Le Cœur en braille,COM
FR2016_184,Le Cœur en braille,DRA
FR2016_184,Le Cœur en braille,CHI
FR2016_185,L'Ami - François d'Assise et ses frères,BIO
FR2016_186,Maintenant ils peuvent venir,DRA
FR2016_187,Flâneries buxoises,DPE
FR2016_188,La Nueva Medellín,DOB
FR2016_189,Le Complexe de Frankenstein,DPA
FR2015_001,L'Affaire SK1,DTH
FR2015_002,Chic !,COM
FR2015_003,La Rançon de la gloire,COM
FR2015_003,La Rançon de la gloire,DRA
FR2015_004,Valentin Valentin,COM
FR2015_004,Valentin Valentin,DTH
FR2015_005,Les Souvenirs,COM
FR2015_005,Les Souvenirs,DRA
FR2015_006,Loin des hommes,DRA
FR2015_006,Loin des hommes,HIS
FR2015_007,Sous X,DRA
FR2015_008,The Smell of Us,DRA
FR2015_009,Bébé tigre,DRA
FR2015_010,Dos à la mer,DRA
FR2015_011,Taken 3,ACT
FR2015_011,Taken 3,THR
FR2015_012,Discount,COM
FR2015_012,Discount,DRA
FR2015_013,108 Rois-Démons,ADV
FR2015_014,Rendez-vous à Atlit,COM
FR2015_014,Rendez-vous à Atlit,DRA
FR2015_015,"Léa, un ange dans ma maison",THR
FR2015_016,La Sonate des spectres,DRE
FR2015_017,Toute première fois,COM
FR2015_017,Toute première fois,ROM
FR2015_018,En quête de sens,DPA
FR2015_019,Les Nuits d'été,COM
FR2015_019,Les Nuits d'été,DRA
FR2015_020,Nuits blanches sur la jetée,DRA
FR2015_021,"Gus, petit oiseau, grand voyage",ADV
FR2015_022,Les Jours venus,COM
FR2015_022,Les Jours venus,DRA
FR2015_023,Pitchipoï,DRA
FR2015_024,Le Paradis de Sandra,DEX
FR2015_025,Un village presque parfait,COM
FR2015_026,L'Enquête,THR
FR2015_026,L'Enquête,BIO
FR2015_027,Casting sauvage,DOB
FR2015_028,Bis,COM
FR2015_028,Bis,FAN
FR2015_029,Réalité,COM
FR2015_030,La Duchesse de Varsovie,COM
FR2015_030,La Duchesse de Varsovie,DRA
FR2015_031,À 14 ans,DRA
FR2015_032,Bien de chez nous,COM
FR2015_032,Bien de chez nous,DRA
FR2015_033,L'Art de la fugue,COM
FR2015_033,L'Art de la fugue,DRA
FR2015_034,La Vie des gens,DOB
FR2015_035,Horsehead,HOR
FR2015_035,Horsehead,FAN
FR2015_036,Ma mère et mon père (Annem ve Babam),DPA
FR2015_036,Ma mère et mon père (Annem ve Babam),DPE
FR2015_037,Un homme idéal,THR
FR2015_038,Anton Tchékhov 1890,BIO
FR2015_039,L'Antiquaire,DRA
FR2015_040,Indésirables,DRA
FR2015_041,Louise,DRA
FR2015_042,Voyage en Chine,DRA
FR2015_043,À trois on y va,COM
FR2015_043,À trois on y va,ROM
FR2015_044,La Sapienza,DRA
FR2015_045,300 hommes,DOB
FR2015_046,Un amour,DEX
FR2015_046,Un amour,DPA
FR2015_047,Journal d'une femme de chambre,DRA
FR2015_047,Journal d'une femme de chambre,HIS
FR2015_048,Les Châteaux de sable,COM
FR2015_048,Les Châteaux de sable,DRA
FR2015_049,"Compostelle, le chemin de la vie",DEX
FR2015_050,Arnaud fait son deuxième film,COM
FR2015_050,Arnaud fait son deuxième film,DRA
FR2015_051,Vivant !,DOB
FR2015_052,Pourquoi j'ai pas mangé mon père,COM
FR2015_053,Jamais de la vie,THR
FR2015_054,L'Astragale,DRA
FR2015_054,L'Astragale,ROM
FR2015_055,Histoire de Judas,DRA
FR2015_055,Histoire de Judas,HIS
FR2015_056,Loba,DPA
FR2015_057,En équilibre,DRA
FR2015_058,"Robin des Bois, la véritable histoire",COM
FR2015_058,"Robin des Bois, la véritable histoire",HIS
FR2015_059,Les Gorilles,COM
FR2015_059,Les Gorilles,ACT
FR2015_060,Entre amis,COM
FR2015_061,Caprice,COM
FR2015_061,Caprice,ROM
FR2015_062,Le Dos rouge,COM
FR2015_062,Le Dos rouge,DRA
FR2015_063,"Connasse, princesse des coeurs",COM
FR2015_064,Nos femmes,COM
FR2015_065,"Howard Zinn, une histoire populaire américaine",DEX
FR2015_066,On est vivants,DPA
FR2015_067,"Edgar Morin, chronique d'un regard",DPA
FR2015_068,"Un peu, beaucoup, aveuglément !",COM
FR2015_068,"Un peu, beaucoup, aveuglément !",ROM
FR2015_069,Le Talent de mes amis,COM
FR2015_070,Ladygrey,DRA
FR2015_071,La Tête haute,DRA
FR2015_072,La Cité muette,DEX
FR2015_072,La Cité muette,DPA
FR2015_073,La Loi du marché,DRA
FR2015_074,Trois souvenirs de ma jeunesse,COM
FR2015_074,Trois souvenirs de ma jeunesse,DRA
FR2015_075,L'Ombre des femmes,DRA
FR2015_076,Neiges d'automne,COM
FR2015_076,Neiges d'automne,DRA
FR2015_077,On voulait tout casser,COM
FR2015_077,On voulait tout casser,DRA
FR2015_078,Qui c'est les plus forts ?,COM
FR2015_078,Qui c'est les plus forts ?,DRA
FR2015_079,Graziella,DRA
FR2015_080,Parole de kamikaze,DPA
FR2015_081,Comme un avion,COM
FR2015_082,Un Français,DRA
FR2015_083,Mustang,DRA
FR2015_084,Valley of Love,DRA
FR2015_085,La Résistance de l'air,DRA
FR2015_086,L'Échappée belle,DRA
FR2015_087,"Cavanna, jusqu'à l'ultime seconde, j'écrirai",DPA
FR2015_088,Des pierres en ce jardin,DRA
FR2015_089,Les Compagnons de la Pomponette,COM
FR2015_090,Tu es si jolie ce soir,THR
FR2015_091,Un moment d'égarement,COM
FR2015_091,Un moment d'égarement,DRA
FR2015_092,Gunman,ACT
FR2015_093,Une mère,DRA
FR2015_094,A Love You,COM
FR2015_095,L'Année prochaine,COM
FR2015_095,L'Année prochaine,DRA
FR2015_096,Les profs 2,COM
FR2015_097,Microbe et Gasoil,COM
FR2015_098,Le Combat ordinaire,DRA
FR2015_099,Nos futurs,COM
FR2015_099,Nos futurs,DRA
FR2015_100,Les Bêtises,COM
FR2015_101,Des Apaches,DRA
FR2015_102,Le Petit Prince,CHI
FR2015_102,Le Petit Prince,ADV
FR2015_103,Les Chaises musicales,COM
FR2015_103,Les Chaises musicales,DRA
FR2015_104,Papa Lumière,DRA
FR2015_105,La Dame dans l'auto avec des lunettes et un fusil,THR
FR2015_106,Floride,COM
FR2015_106,Floride,DRA
FR2015_107,Coup de chaud,DRA
FR2015_108,Une famille à louer,COM
FR2015_108,Une famille à louer,ROM
FR2015_109,La Belle Saison,DRA
FR2015_109,La Belle Saison,ROM
FR2015_110,Dheepan,DRA
FR2015_111,La Volante,THR
FR2015_112,Je lutte donc je suis,DEX
FR2015_112,Je lutte donc je suis,DPA
FR2015_113,Human,DPA
FR2015_113,Human,DEX
FR2015_114,Marguerite,COM
FR2015_114,Marguerite,DRA
FR2015_114,Marguerite,HIS
FR2015_115,Much Loved,DRA
FR2015_116,Fou d'amour,COM
FR2015_116,Fou d'amour,DRA
FR2015_116,Fou d'amour,HIS
FR2015_117,Le Grand Tout,SCI
FR2015_118,Premiers Crus,DRA
FR2015_119,Boomerang,DRA
FR2015_120,Une enfance,DRA
FR2015_121,Les Rois du monde,COM
FR2015_121,Les Rois du monde,DRA
FR2015_122,Brooklyn,DRA
FR2015_123,L'Odeur de la mandarine,DRA
FR2015_123,L'Odeur de la mandarine,HIS
FR2015_124,Je suis à vous tout de suite,COM
FR2015_124,Je suis à vous tout de suite,DRA
FR2015_125,Un début prometteur,COM
FR2015_125,Un début prometteur,DRA
FR2015_126,"Marcel Conche, la nature d'un philosophe",DPA
FR2015_127,"Edmond, un portrait de Baudoin",DPA
FR2015_127,"Edmond, un portrait de Baudoin",DOB
FR2015_128,Quand je ne dors pas,DRA
FR2015_129,L'Étudiante et Monsieur Henri,COM
FR2015_130,Asphalte,COM
FR2015_130,Asphalte,DRA
FR2015_131,Même pas peur !,DPA
FR2015_132,Qui a tué Ali Ziri ?,DOB
FR2015_133,Fever,DRA
FR2015_134,Les Nouvelles Aventures d'Aladin,COM
FR2015_134,Les Nouvelles Aventures d'Aladin,FAN
FR2015_135,"Mune, le gardien de la lune",ADV
FR2015_135,"Mune, le gardien de la lune",FAN
FR2015_136,Belles Familles,COM
FR2015_136,Belles Familles,DRA
FR2015_137,Phantom Boy,ADV
FR2015_138,La Forme des îles,DPE
FR2015_139,Mon roi,DRA
FR2015_140,Adama,ADV
FR2015_140,Adama,HIS
FR2015_141,La Glace et le Ciel,DEX
FR2015_142,Lamia,DRA
FR2015_143,Terra di i Turmenti,DPA
FR2015_144,Lolo,COM
FR2015_145,Le Bouton de nacre,DEX
FR2015_146,Le Caravage,DOB
FR2015_147,Nous trois ou rien,COM
FR2015_147,Nous trois ou rien,DRA
FR2015_148,La Dernière Leçon,DRA
FR2015_149,"En mai, fais ce qu'il te plaît",HIS
FR2015_149,"En mai, fais ce qu'il te plaît",DRA
FR2015_149,"En mai, fais ce qu'il te plaît",WAR
FR2015_150,Avril et le Monde truqué,ADV
FR2015_150,Avril et le Monde truqué,SCI
FR2015_151,La Clarté,DOB
FR2015_151,La Clarté,DPA
FR2015_152,L'Odyssée de l'empathie,DEX
FR2015_153,Ange et Gabrielle,COM
FR2015_153,Ange et Gabrielle,ROM
FR2015_154,Une histoire de fou,DRA
FR2015_155,Le Dernier Continent,DOB
FR2015_155,Le Dernier Continent,DPA
FR2015_156,Le Feu sacré,DPE
FR2015_157,La Fille et le Fleuve,DRA
FR2015_158,L'Hermine,COM
FR2015_158,L'Hermine,DRA
FR2015_159,Je suis un soldat,DRA
FR2015_159,Je suis un soldat,CRI
FR2015_160,Vingt et une nuits avec Pattie,COM
FR2015_161,Les Cowboys,DRA
FR2015_162,The Other Side,DOB
FR2015_163,La Vie pure,BIO
FR2015_163,La Vie pure,ADV
FR2015_164,Chant d'hiver,COM
FR2015_164,Chant d'hiver,DRA
FR2015_165,Babysitting 2,COM
FR2015_166,Demain,DEX
FR2015_167,Marguerite et Julien,DRA
FR2015_167,Marguerite et Julien,ROM
FR2015_167,Marguerite et Julien,HIS
FR2015_168,Orlando Ferito,DEX
FR2015_168,Orlando Ferito,DPE
FR2015_169,"Belle et Sébastien, l'aventure continue",ADV
FR2015_169,"Belle et Sébastien, l'aventure continue",HIS
FR2015_170,Un + une,COM
FR2015_170,Un + une,DRA
FR2015_170,Un + une,ROM
FR2015_171,Comment c'est loin,COM
FR2015_171,Comment c'est loin,MUS
FR2015_172,Cosmos,DRA
FR2015_173,Le Goût des merveilles,COM
FR2015_173,Le Goût des merveilles,ROM
FR2015_174,La Vie très privée de Monsieur Sim,COM
FR2015_174,La Vie très privée de Monsieur Sim,DRA
FR2015_175,Le Grand Jeu,THR
FR2015_176,Le Dernier Jour d'Yitzhak Rabin,DRA
FR2015_177,L'Humour à mort,DOB
FR2015_177,L'Humour à mort,DPA
FR2015_178,L'Engagement 1.0,THR
FR2015_179,Le Grand Partage,COM
FR2015_180,Pension complète,COM
FR2015_181,Je compte sur vous,COM
FR2015_181,Je compte sur vous,DRA
FR2015_181,Je compte sur vous,CRI
FR2015_182,Shanghai-Belleville,DRA
FR2015_183,Ta mère !,COM
FR2015_183,Ta mère !,DRA
FR2015_184,Compañeras,DPA
FR2015_185,Cette lumière n'est pas celle du soleil,DPA
FR2015_186,Demokratia,DPA
FR2015_187,Notre créativité oubliée !,DPA
FR2015_188,"Gilbert Espinasse, agriculteur de conscience",DPA
FR2015_188,"Gilbert Espinasse, agriculteur de conscience",DOB
FR2015_189,"Les Ombres, un conte familial",DPA
FR2014_001,Jamais le premier soir,COM
FR2014_001,Jamais le premier soir,ROM
FR2014_002,Yves Saint Laurent,BIO
FR2014_003,Cadences obstinées,DRA
FR2014_003,Cadences obstinées,ROM
FR2014_004,À coup sûr,COM
FR2014_005,Passer l'hiver,DRA
FR2014_006,Lulu femme nue,COM
FR2014_006,Lulu femme nue,DRA
FR2014_007,Prêt à tout,COM
FR2014_007,Prêt à tout,ROM
FR2014_008,Belle comme la femme d'un autre,COM
FR2014_008,Belle comme la femme d'un autre,ROM
FR2014_009,Une autre vie,DRA
FR2014_009,Une autre vie,ROM
FR2014_010,Le Jeu de la vérité,COM
FR2014_011,Afrik'aïoli,COM
FR2014_012,Les Enfants rouges,DRA
FR2014_013,Le cinéma français se porte bien,DPA
FR2014_014,Jacky au royaume des filles,COM
FR2014_014,Jacky au royaume des filles,DYS
FR2014_015,Tonnerre,COM
FR2014_015,Tonnerre,DRA
FR2014_016,Démocratie Zéro6,DPE
FR2014_016,Démocratie Zéro6,DPA
FR2014_017,Jack et la mécanique du coeur,ADV
FR2014_018,Mea culpa,THR
FR2014_018,Mea culpa,NOI
FR2014_018,Mea culpa,ACT
FR2014_019,Un beau dimanche,DRA
FR2014_020,La Fabuleuse Histoire de Monsieur Riquet,DEX
FR2014_020,La Fabuleuse Histoire de Monsieur Riquet,DPA
FR2014_021,Le Casse des casses,COM
FR2014_021,Le Casse des casses,HEI
FR2014_022,"Les Trois Frères, le retour",COM
FR2014_023,La Belle et la Bête,FAN
FR2014_024,Tante Hilda !,COM
FR2014_025,Abus de faiblesse,DRA
FR2014_026,Macadam Baby,COM
FR2014_026,Macadam Baby,ROM
FR2014_027,Le Crocodile du Botswanga,COM
FR2014_028,L'Expérience Blocher,DOB
FR2014_029,Y a des limites,COM
FR2014_030,Supercondriaque,COM
FR2014_031,Week-ends,COM
FR2014_031,Week-ends,DRA
FR2014_032,Je reviendrai comme un enfant,DOB
FR2014_033,Goal of the Dead,COM
FR2014_033,Goal of the Dead,HOR
FR2014_034,Diplomatie,HIS
FR2014_035,N'importe qui,COM
FR2014_036,Arrête ou je continue,COM
FR2014_036,Arrête ou je continue,DRA
FR2014_037,Se battre,DOB
FR2014_037,Se battre,DPA
FR2014_038,Parce que j'étais peintre,DPA
FR2014_039,L'Instinct de résistance,DPA
FR2014_040,Fiston,COM
FR2014_041,Braddock America,DPA
FR2014_042,La Pièce manquante,COM
FR2014_042,La Pièce manquante,DRA
FR2014_043,Dors mon lapin,COM
FR2014_043,Dors mon lapin,DRA
FR2014_044,"Chalvet, la conquête de la dignité",DPA
FR2014_045,De toutes nos forces,COM
FR2014_045,De toutes nos forces,DRA
FR2014_046,"Aimer, Boire et Chanter",COM
FR2014_046,"Aimer, Boire et Chanter",DRA
FR2014_047,Les Gazelles,COM
FR2014_047,Les Gazelles,ROM
FR2014_048,El impenetrable,DOB
FR2014_049,Avis de mistral,COM
FR2014_049,Avis de mistral,DRA
FR2014_050,"Salaud, on t'aime",COM
FR2014_050,"Salaud, on t'aime",DRA
FR2014_051,La Crème de la crème,COM
FR2014_051,La Crème de la crème,DRA
FR2014_052,Eastern Boys,DRA
FR2014_053,No gazaran,DOB
FR2014_053,No gazaran,DPA
FR2014_054,La Braconne,COM
FR2014_054,La Braconne,DRA
FR2014_054,La Braconne,CRI
FR2014_055,Les Yeux jaunes des crocodiles,COM
FR2014_055,Les Yeux jaunes des crocodiles,DRA
FR2014_056,La Belle Vie,DRA
FR2014_057,Tout est permis,DOB
FR2014_057,Tout est permis,DPA
FR2014_058,Qu'est-ce qu'on a fait au Bon Dieu ?,COM
FR2014_059,Babysitting,COM
FR2014_060,Une promesse,DRA
FR2014_060,Une promesse,ROM
FR2014_060,Une promesse,HIS
FR2014_061,Les Chèvres de ma mère,DOB
FR2014_062,Rencontres,DOB
FR2014_063,Une rencontre,DRA
FR2014_063,Une rencontre,ROM
FR2014_064,Dans la cour,COM
FR2014_064,Dans la cour,DRA
FR2014_065,96 heures,THR
FR2014_065,96 heures,DTH
FR2014_066,Les 3 vies du chevalier,DPA
FR2014_066,Les 3 vies du chevalier,DPO
FR2014_067,Un voyage,DRA
FR2014_068,Je m'appelle Hmmm...,DRA
FR2014_069,Barbecue,COM
FR2014_070,Pas son genre,COM
FR2014_070,Pas son genre,ROM
FR2014_071,Le Dernier Diamant,HEI
FR2014_072,"24 jours, la vérité sur l'affaire Ilan Halimi",THR
FR2014_072,"24 jours, la vérité sur l'affaire Ilan Halimi",DTH
FR2014_073,Conversation animée avec Noam Chomsky,DPA
FR2014_073,Conversation animée avec Noam Chomsky,DPO
FR2014_074,Une lettre ne s'écrit pas,DRA
FR2014_075,Libre et assoupi,COM
FR2014_076,La Voie de l'ennemi,DRA
FR2014_076,La Voie de l'ennemi,NOI
FR2014_077,De guerre lasse,DRA
FR2014_078,Ne pas s'avouer vaincu,DPA
FR2014_078,Ne pas s'avouer vaincu,DPO
FR2014_079,Grace de Monaco,BIO
FR2014_080,Kidon,COM
FR2014_080,Kidon,SPY
FR2014_081,Amour sur place ou à emporter,COM
FR2014_081,Amour sur place ou à emporter,ROM
FR2014_082,La Liste de mes envies,COM
FR2014_082,La Liste de mes envies,DRA
FR2014_083,Caricaturistes - Fantassins de la démocratie,DPA
FR2014_084,Sous les jupes des filles,COM
FR2014_084,Sous les jupes des filles,DRA
FR2014_084,Sous les jupes des filles,MPF
FR2014_085,Bird People,DRA
FR2014_085,Bird People,FAN
FR2014_086,Tristesse Club,COM
FR2014_086,Tristesse Club,DRA
FR2014_087,La Mante religieuse,DRA
FR2014_088,La Ritournelle,COM
FR2014_088,La Ritournelle,DRA
FR2014_088,La Ritournelle,ROM
FR2014_089,Sarajéviens,DOB
FR2014_089,Sarajéviens,DPA
FR2014_090,Au fil d'Ariane,COM
FR2014_090,Au fil d'Ariane,DRA
FR2014_091,On a failli être amies,COM
FR2014_092,L'Ex de ma vie,COM
FR2014_092,L'Ex de ma vie,ROM
FR2014_093,Les Vacances du petit Nicolas,COM
FR2014_093,Les Vacances du petit Nicolas,CHI
FR2014_094,Du goudron et des plumes,COM
FR2014_094,Du goudron et des plumes,DRA
FR2014_094,Du goudron et des plumes,ROM
FR2014_095,City of Dreams,DOB
FR2014_096,Fastlife,COM
FR2014_097,L'Homme qu'on aimait trop,DRA
FR2014_098,Ablations,THR
FR2014_099,Le Mystère des jonquilles,DTH
FR2014_100,Les Francis,COM
FR2014_101,Maestro,COM
FR2014_101,Maestro,DRA
FR2014_102,Loup-Garou,DRA
FR2014_103,Hasta mañana,COM
FR2014_103,Hasta mañana,DRA
FR2014_104,Lucy,ACT
FR2014_104,Lucy,SCI
FR2014_105,Colt 45,DTH
FR2014_105,Colt 45,THR
FR2014_106,Ana Arabia,DRA
FR2014_107,Le Beau Monde,COM
FR2014_107,Le Beau Monde,DRA
FR2014_108,La Dune,DRA
FR2014_109,Le Grand Homme,DRA
FR2014_110,Les Combattants,COM
FR2014_110,Les Combattants,DRA
FR2014_111,Sils Maria,DRA
FR2014_112,Des lendemains qui chantent,COM
FR2014_113,Party Girl,DRA
FR2014_114,Hippocrate,COM
FR2014_114,Hippocrate,DRA
FR2014_115,Maintenant ou jamais,DRA
FR2014_116,Boys Like Us,COM
FR2014_117,"Irina, la mallette rouge",DRA
FR2014_118,Gemma Bovery,COM
FR2014_118,Gemma Bovery,DRA
FR2014_119,Near Death Experience,COM
FR2014_119,Near Death Experience,DRA
FR2014_120,Les gens du Monde,DOB
FR2014_121,"A.D.N., l'âme de la terre",DRA
FR2014_121,"A.D.N., l'âme de la terre",FAN
FR2014_122,So Long,COM
FR2014_123,Bon rétablissment !,COM
FR2014_124,3 Cœurs,DRA
FR2014_124,3 Cœurs,ROM
FR2014_125,Estherka,DOB
FR2014_126,Elle l'adore,COM
FR2014_126,Elle l'adore,THR
FR2014_127,Saint Laurent,BIO
FR2014_128,Brèves de comptoir,COM
FR2014_128,Brèves de comptoir,MPF
FR2014_129,Flore,DPE
FR2014_130,Tu veux... ou tu veux pas ?,COM
FR2014_130,Tu veux... ou tu veux pas ?,ROM
FR2014_131,Bodybuilder,DRA
FR2014_131,Bodybuilder,SPO
FR2014_132,Le Temps de quelques jours,DOB
FR2014_133,Casse,DOB
FR2014_134,Lou ! Journal infime,COM
FR2014_134,Lou ! Journal infime,COA
FR2014_135,Le Paradis,DPO
FR2014_136,Heritage Fight,DOB
FR2014_137,Samba,COM
FR2014_137,Samba,DRA
FR2014_138,Le Sel de la Terre,DEX
FR2014_139,White Bird,DRA
FR2014_139,White Bird,THR
FR2014_140,¡G.A.R.I.!,DPA
FR2014_141,Le Grimoire d'Arkandias,ADV
FR2014_141,Le Grimoire d'Arkandias,FAN
FR2014_141,Le Grimoire d'Arkandias,CHI
FR2014_142,On a marché sur Bangkok,COM
FR2014_142,On a marché sur Bangkok,ADV
FR2014_143,Lili Rose,COM
FR2014_143,Lili Rose,DRA
FR2014_144,Patria obscura,DPE
FR2014_145,Fils de,DPE
FR2014_146,Félix et les Loups,THR
FR2014_147,Les Filles d'Eve et du Serpent,DPA
FR2014_147,Les Filles d'Eve et du Serpent,DOB
FR2014_148,Une nouvelle amie,DRA
FR2014_149,La prochaine fois je viserai le coeur,DTH
FR2014_150,Marie Heurtin,BIO
FR2014_151,Qui vive,DRA
FR2014_152,Un illustre inconnu,THR
FR2014_153,M et le 3ème secret,DEX
FR2014_154,Eden,DRA
FR2014_155,L'Oranais,DRA
FR2014_155,L'Oranais,HIS
FR2014_156,Casanova Variations,BIO
FR2014_156,Casanova Variations,MUS
FR2014_156,Casanova Variations,MET
FR2014_157,Calomnies,COM
FR2014_157,Calomnies,DRA
FR2014_158,Astérix : Le domaine des dieux,ADV
FR2014_159,À la vie,COM
FR2014_159,À la vie,DRA
FR2014_159,À la vie,HIS
FR2014_160,The Search,DRA
FR2014_160,The Search,WAR
FR2014_161,Tiens-toi droite,COM
FR2014_162,La French,DTH
FR2014_162,La French,THR
FR2014_163,Les Héritiers,COM
FR2014_163,Les Héritiers,DRA
FR2014_164,Repas de famille,COM
FR2014_165,Ceci est mon corps,COM
FR2014_165,Ceci est mon corps,DRA
FR2014_165,Ceci est mon corps,ROM
FR2014_166,Benoît Brisefer : Les Taxis rouges,COM
FR2014_166,Benoît Brisefer : Les Taxis rouges,FAN
FR2014_166,Benoît Brisefer : Les Taxis rouges,CHI
FR2014_167,Le Temps des aveux,BIO
FR2014_168,Terre battue,COM
FR2014_168,Terre battue,DRA
FR2014_169,Zouzou,COM
FR2014_170,Une heure de tranquillité,COM
FR2014_171,Mon amie Victoria,DRA
FR2014_172,Pasolini,BIO
FR2014_173,Nina Simone Love Sorceress... Forever,DEX
FR2014_174,Monstrum,THR
FR2014_174,Monstrum,HIS
FR2014_175,Sur les toits,DPA
FR2014_176,Les Vieilles Bobines,DOB
FR2014_177,"Sauf ici, peut-être",DOB
FR2014_178,Les Balles du 14 juillet 1953,DPA
RO2021_001,,COM
RO2021_001,,DRA
RO2021_002,,DRA
RO2021_003,,COM
RO2021_003,,DRA
RO2021_004,,DOB
RO2021_005,,COM
RO2021_005,,DRA
RO2021_005,,ROM
RO2021_006,,DRA
RO2021_006,,ROM
RO2021_007,,DRA
RO2021_008,,DPE
RO2021_009,,DRA
RO2021_009,,ROA
RO2021_010,,DRA
RO2021_010,,THR
RO2021_010,,HIS
RO2021_011,,DRA
RO2021_012,,DRA
RO2021_012,,COA
RO2021_013,,COM
RO2021_014,,DRA
RO2021_014,,HIS
RO2021_014,,COA
RO2021_015,,DRA
RO2021_015,,HIS
RO2021_016,,DRA
RO2021_017,,DRA
RO2021_017,,HIS
RO2021_018,,COM
RO2021_018,,CRI
RO2021_018,,SCI
RO2021_019,,DEX
RO2022_001,,COM
RO2022_001,,DRA
RO2022_002,,DRA
RO2022_002,,ROM
RO2022_002,,THR
RO2022_003,,HOR
RO2022_004,,DRA
RO2022_005,,DRA
RO2022_005,,ROM
RO2022_006,,DRA
RO2022_006,,HIS
RO2022_007,,DRA
RO2022_007,,FAN
RO2022_007,,CHI
RO2022_008,,DRA
RO2022_009,,DRA
RO2022_009,,HIS
RO2022_010,,DRA
RO2022_010,,DTH
RO2022_011,,COM
RO2022_011,,SPO
RO2022_012,,DRA
RO2022_012,,HIS
RO2022_012,,WAR
RO2022_013,,COM
RO2022_013,,DRA
RO2022_013,,ROM
RO2022_013,,ROA
RO2022_014,,COM
RO2022_014,,FAN
RO2022_014,,CHI
RO2022_015,,DRA
RO2022_016,,COM
RO2022_017,,DPE
RO2022_018,,COM
RO2022_018,,ROM
RO2022_018,,DRA
RO2022_019,,BIO
RO2022_019,,ROM
RO2022_020,,DRA
RO2022_021,,HIS
RO2022_021,,DRA
RO2022_021,,COA
RO2022_022,,HIS
RO2022_022,,DRA
RO2022_023,,DRA
RO2022_023,,THR
RO2022_023,,DTH
RO2022_024,,COM
RO2022_025,,COM
RO2022_026,,COM
RO2022_027,,DRA
RO2022_028,,DOB
RO2022_029,,DRA
RO2022_030,,DEX
RO2022_031,,COM
RO2022_031,,DRA
RO2022_031,,MPF
RO2022_032,,COM
RO2022_032,,HIS
RO2022_033,,COM
RO2022_034,,DOB
RO2022_035,,CRI
RO2022_035,,DRA
RO2022_035,,THR
RO2022_036,,DRA
RO2022_036,,MET
RO2022_037,,DOB
RO2022_037,,SPO
RO2022_038,,DEX
RO2022_039,,DEX
RO2022_040,,CHI
RO2022_041,,DEX
RO2020_001,,COM
RO2020_002,,DEX
RO2020_003,,DEX
RO2020_004,,DRA
RO2020_004,,HIS
RO2020_005,,DRA
RO2020_005,,THR
RO2020_005,,DTH
RO2020_006,,COM
RO2020_006,,COA
RO2020_007,,DOB
RO2020_008,,DRA
RO2020_009,,DEX
RO2020_010,,DEX
RO2019_001,,COM
RO2019_001,,COA
RO2019_002,,HIS
RO2019_003,,COM
RO2019_003,,ACT
RO2019_004,,CRI
RO2019_004,,THR
RO2019_005,,DRA
RO2019_005,,ROM
RO2019_006,,BIO
RO2019_006,,DRA
RO2019_006,,HIS
RO2019_007,,BIO
RO2019_007,,DEX
RO2019_008,,DRA
RO2019_008,,THR
RO2019_008,,COA
RO2019_009,,DRA
RO2019_009,,HIS
RO2019_010,,ROM
RO2019_010,,DRA
RO2019_011,,DRA
RO2019_012,,DRA
RO2019_012,,HIS
RO2019_013,,DTH
RO2019_014,,DEX
RO2019_015,,DOB
RO2019_016,,DRA
RO2019_017,,DRA
RO2019_018,,DTH
RO2019_019,,DPA
RO2019_020,,DRA
RO2019_020,,MET
RO2019_021,,EXP
RO2019_021,,MET
RO2018_001,,DRA
RO2018_001,,HIS
RO2018_002,,DOB
RO2018_003,,COM
RO2018_004,,DRA
RO2018_004,,MPF
RO2018_005,,DRA
RO2018_005,,EXP
RO2018_006,,DRA
RO2018_006,,ROA
RO2018_006,,ROM
RO2018_007,,ADV
RO2018_007,,HOR
RO2018_008,,DRA
RO2018_009,,DRA
RO2018_009,,ROM
RO2018_010,,DRA
RO2018_011,,DOB
RO2018_012,,DRA
RO2018_013,,DRA
RO2018_013,,ROM
RO2018_014,,DRA
RO2018_014,,ROM
RO2018_014,,THR
RO2018_015,,DTH
RO2018_015,,DRA
RO2018_016,,DRA
RO2018_017,,DOB
RO2017_001,,COM
RO2017_002,,DRA
RO2017_002,,FAN
RO2017_003,,DRA
RO2017_003,,COA
RO2017_004,,COM
RO2017_005,,DRA
RO2017_005,,ROM
RO2017_006,,DRA
RO2017_006,,ACT
RO2017_006,,HIS
RO2017_007,,DRA
RO2017_008,,DRA
RO2017_009,,DOB
RO2017_010,,COA
RO2017_010,,DRA
RO2017_011,,ROA
RO2017_011,,DRA
RO2017_012,,ROM
RO2017_012,,DRA
RO2017_013,,DRA
RO2017_014,,DRA
RO2017_015,,DRA
RO2017_015,,THR
RO2017_016,,COM
RO2017_016,,FAN
RO2017_017,,DRA
RO2017_018,,DTH
RO2017_018,,THR
RO2017_018,,DRA
RO2017_019,,DRA
RO2017_019,,HOR
RO2017_020,,DRA
RO2017_021,,COM
RO2017_022,,DRA
RO2017_022,,HOR
RO2017_023,,DEX
RO2017_024,,COM
RO2017_024,,FAN
RO2016_001,,COM
RO2016_001,,ROM
RO2016_002,,DRA
RO2016_003,,DRA
RO2016_004,,CRI
RO2016_004,,THR
RO2016_004,,WES
RO2016_005,,DRA
RO2016_005,,ROM
RO2016_006,,ROM
RO2016_006,,COM
RO2016_007,,CHI
RO2016_008,,DRA
RO2016_009,,DRA
RO2016_009,,THR
RO2016_010,,COM
RO2016_011,,DRA
RO2016_011,,ROM
RO2016_012,,DOB
RO2016_013,,DRA
RO2016_013,,ROM
RO2016_014,,COM
RO2016_015,,DRA
RO2016_016,,DRA
RO2016_016,,THR
RO2016_017,,DOB
RO2016_018,,DOB
RO2016_019,,DEX
RO2016_020,,DRA
RO2015_001,,DRA
RO2015_001,,HIS
RO2015_001,,WES
RO2015_002,,DRA
RO2015_002,,THR
RO2015_003,,ROM
RO2015_003,,COM
RO2015_004,,DRA
RO2015_004,,COA
RO2015_005,,COM
RO2015_006,,DRA
RO2015_007,,CRI
RO2015_007,,ACT
RO2015_008,,DRA
RO2015_009,,DRA
RO2015_009,,THR
RO2015_010,,DRA
RO2015_010,,COM
RO2015_011,,COM
RO2015_012,,BIO
RO2015_012,,HIS
RO2015_013,,DRA
RO2014_001,,COM
RO2014_002,,COM
RO2014_003,,COM
RO2014_004,,ADV
RO2014_004,,DRA
RO2014_004,,HIS
RO2014_005,,COM
RO2014_006,,ROM
RO2014_006,,COM
RO2014_007,,DRA
RO2014_007,,HIS
RO2014_008,,DRA
RO2014_008,,ROM
RO2014_008,,HIS
RO2014_009,,FAN
RO2014_009,,ROM
RO2014_010,,DRA
RO2014_010,,ROM
RO2014_011,,DRA
RO2014_011,,HIS
RO2014_012,,DPA
RO2014_013,,DRA
RO2014_013,,MPF
RO2014_014,,DEX
RO2023_001,,COM
RO2023_002,,COM
RO2023_003,,ACT
RO2023_003,,COM
RO2023_004,,ACT
RO2023_004,,COM
RO2023_005,,COM
RO2023_005,,ACT
RO2023_006,,COM
RO2023_007,,DRA
RO2023_007,,HIS
RO2023_007,,THR
RO2023_008,,COM
RO2023_009,,COM
RO2023_010,,DRA
RO2023_010,,THR
RO2023_010,,CRI
RO2023_010,,HEI
RO2023_011,,DRA
RO2023_012,,DRA
RO2023_012,,COM
RO2023_012,,MET
RO2023_013,,DOB
RO2023_014,,DRA
RO2023_014,,WAR
RO2023_014,,HIS
RO2023_015,,DRA
RO2023_015,,COM
RO2023_016,,DRA
RO2023_016,,THR
RO2023_017,,DRA
RO2023_017,,ACT
RO2023_018,,DOB
RO2023_019,,BIO
RO2023_019,,DRA
RO2023_019,,SPO
RO2023_020,,DRA
RO2023_020,,ACT
RO2023_020,,HIS
RO2023_021,,COM
RO2023_021,,ROM
RO2023_022,,DEX
RO2023_023,,DPA
RO2023_024,,DRA
RO2023_024,,HIS
RO2023_024,,WAR
RO2023_025,,DRA
RO2023_025,,COM
RO2023_026,,DOB
RO2023_026,,DPE
RO2023_027,,COM
RO2023_028,,COA
RO2023_028,,THR
RO2023_029,,DEX
RO2023_030,,DEX
RO2023_031,,DEX
RO2023_032,,DOB
RO2023_033,,DEX
RO2023_034,,DOB
RO2023_034,,BIO
RO2023_035,,DEX
RO2023_036,,DEX
RO2014_015,,DRA
RO2019_022,,DEX
RO2016_021,,DEX
RO2016_021,,DPA
RO2016_022,,DOB
RO2017_025,,DEX
RO2014_016,,DEX
RO2014_017,,DOB
RO2019_015,,SPO
HU2022_001,,COM
HU2022_001,,SPY
HU2022_002,,COM
HU2022_002,,FAN
HU2022_002,,CHI
HU2022_003,,BIO
HU2022_003,,DRA
HU2022_003,,HIS
HU2022_004,,COM
HU2022_004,,COA
HU2022_004,,ROM
HU2022_005,,DRA
HU2022_006,,COA
HU2022_006,,DRA
HU2022_007,,HIS
HU2022_007,,DRA
HU2022_007,,SPY
HU2022_007,,THR
HU2022_008,,DRA
HU2022_008,,BIO
HU2022_009,,COM
HU2022_009,,SCI
HU2022_010,,ROM
HU2022_010,,COM
HU2022_010,,FAN
HU2022_011,,DEX
HU2022_011,,HIS
HU2022_012,,DRA
HU2022_012,,ROM
HU2022_013,,COM
HU2022_014,,DEX
HU2022_015,,DPA
HU2022_016,,DRA
HU2022_016,,SPO
HU2022_017,,DEX
HU2022_018,,CHI
HU2022_019,,EXP
HU2022_020,,MOC
HU2022_021,,DEX
HU2022_022,,DEX
HU2022_023,,COM
HU2022_024,,SCI
HU2022_024,,DYS
HU2022_025,,DEX
HU2022_026,,DOB
HU2022_027,,COM
HU2022_027,,FAN
HU2022_027,,MET
HU2022_028,,DEX
HU2022_028,,MET
HU2022_029,,DEX
HU2021_001,,ACT
HU2021_001,,DRA
HU2021_001,,HIS
HU2021_002,,ROM
HU2021_002,,COM
HU2021_003,,DRA
HU2021_003,,BIO
HU2021_004,,THR
HU2021_004,,DRA
HU2021_005,,CHI
HU2021_005,,FAN
HU2021_005,,MUS
HU2021_006,,HOR
HU2021_006,,THR
HU2021_007,,DEX
HU2021_008,,ROM
HU2021_008,,DRA
HU2021_009,,DRA
HU2021_009,,HIS
HU2021_010,,ROM
HU2021_010,,COM
HU2021_011,,COA
HU2021_011,,DRA
HU2021_012,,COM
HU2021_012,,ROM
HU2021_013,,CHI
HU2021_014,,COM
HU2021_014,,DRA
HU2021_015,,HIS
HU2021_015,,DRA
HU2021_016,,COM
HU2021_016,,DRA
HU2021_017,,DRA
HU2021_017,,ROM
HU2021_018,,DRA
HU2021_018,,THR
HU2021_019,,COM
HU2021_019,,ROM
HU2021_019,,SCI
HU2021_020,,DRA
HU2021_020,,CRI
HU2021_021,,DRA
HU2021_022,,DEX
HU2021_023,,DEX
HU2021_023,,WAR
HU2021_024,,COM
HU2021_025,,DEX
HU2021_025,,DPE
HU2020_001,,COM
HU2020_001,,HEI
HU2020_002,,DRA
HU2020_003,,ROM
HU2020_003,,COM
HU2020_004,,ROM
HU2020_004,,DRA
HU2020_005,,BIO
HU2020_005,,DRA
HU2020_005,,HIS
HU2020_006,,CHI
HU2020_007,,ROM
HU2020_007,,COM
HU2020_008,,DEX
HU2020_009,,DOB
HU2020_010,,BIO
HU2020_010,,DRA
HU2020_010,,HIS
HU2020_011,,HEI
HU2020_011,,DRA
HU2020_011,,MPF
HU2020_012,,DEX
HU2020_013,,WAR
HU2020_013,,HIS
HU2020_013,,DRA
HU2019_001,,ROM
HU2019_001,,COM
HU2019_002,,ROM
HU2019_002,,COM
HU2019_003,,COM
HU2019_003,,FAN
HU2019_003,,HIS
HU2019_004,,DRA
HU2019_004,,HIS
HU2019_005,,ROM
HU2019_005,,THR
HU2019_005,,HIS
HU2019_006,,COA
HU2019_006,,DRA
HU2019_007,,CRI
HU2019_007,,DRA
HU2019_008,,CHI
HU2019_009,,DEX
HU2019_009,,BIO
HU2019_010,,COA
HU2019_010,,DRA
HU2019_011,,DPA
HU2019_012,,ROA
HU2019_012,,ROM
HU2019_012,,COM
HU2019_013,,HIS
HU2019_013,,WAR
HU2019_013,,DRA
HU2019_014,,DEX
HU2019_014,,MET
HU2019_015,,DEX
HU2019_016,,DPA
HU2019_017,,BIO
HU2019_017,,MET
HU2019_018,,DOB
HU2019_019,,DPA
HU2019_020,,ROM
HU2019_020,,EXP
HU2019_021,,DOB
HU2019_022,,COM
HU2019_022,,ROM
HU2018_001,,COM
HU2018_001,,HEI
HU2018_002,,COM
HU2018_003,,COM
HU2018_003,,COA
HU2018_003,,ROM
HU2018_004,,ROM
HU2018_004,,COM
HU2018_005,,HEI
HU2018_005,,ADV
HU2018_006,,HIS
HU2018_006,,DRA
HU2018_007,,DRA
HU2018_007,,DTH
HU2018_008,,COM
HU2018_008,,HIS
HU2018_008,,FAN
HU2018_009,,DRA
HU2018_010,,COA
HU2018_010,,DRA
HU2018_011,,ROM
HU2018_011,,DRA
HU2018_011,,THR
HU2018_012,,DEX
HU2018_013,,CHI
HU2018_014,,ROM
HU2018_014,,COM
HU2018_014,,ADV
HU2018_015,,DPA
HU2018_016,,HIS
HU2018_016,,THR
HU2018_016,,HEI
HU2018_017,,DRA
HU2018_017,,ROM
HU2018_018,,HIS
HU2018_018,,DRA
HU2018_018,,ROM
HU2018_019,,ROM
HU2018_019,,DRA
HU2018_020,,DRA
HU2018_020,,EXP
HU2018_021,,DRA
HU2018_022,,DEX
HU2018_022,,MET
HU2018_023,,DOB
HU2018_024,,DRA
HU2018_025,,DEX
HU2018_025,,MET
HU2017_001,,ADV
HU2017_001,,ROM
HU2017_002,,ACT
HU2017_002,,CRI
HU2017_002,,BIO
HU2017_003,,COM
HU2017_003,,ROM
HU2017_003,,MUS
HU2017_004,,ROM
HU2017_004,,DRA
HU2017_005,,COM
HU2017_006,,DRA
HU2017_006,,ROM
HU2017_007,,DTH
HU2017_007,,NOI
HU2017_008,,HIS
HU2017_008,,DRA
HU2017_009,,CHI
HU2017_010,,DRA
HU2017_011,,DRA
HU2017_011,,ACT
HU2017_011,,FAN
HU2017_012,,ROM
HU2017_012,,COM
HU2017_013,,CHI
HU2017_014,,DEX
HU2017_015,,DOB
HU2017_016,,DEX
HU2017_017,,DRA
HU2017_017,,ACT
HU2017_017,,WES
HU2017_018,,DTH
HU2017_019,,DEX
HU2017_020,,DRA
HU2017_021,,DRA
HU2017_021,,ACT
HU2017_022,,DEX
HU2017_023,,DEX
HU2017_024,,DEX
HU2016_001,,DOB
HU2016_002,,DTH
HU2016_002,,THR
HU2016_003,,ACT
HU2016_003,,CRI
HU2016_003,,COM
HU2016_003,,COA
HU2016_004,,ROM
HU2016_004,,COM
HU2016_005,,COM
HU2016_005,,DRA
HU2016_006,,THR
HU2016_006,,SCI
HU2016_006,,CRI
HU2016_007,,CRI
HU2016_007,,DRA
HU2016_008,,DOB
HU2016_009,,HIS
HU2016_009,,CRI
HU2016_009,,THR
HU2016_010,,DTH
HU2016_010,,ACT
HU2016_010,,CRI
HU2016_011,,COM
HU2016_011,,CRI
HU2016_012,,DEX
HU2016_013,,DRA
HU2016_013,,ACT
HU2016_014,,EXP
HU2016_015,,HIS
HU2016_015,,DRA
HU2016_016,,DEX
HU2015_001,,HIS
HU2015_001,,DRA
HU2015_002,,ROM
HU2015_002,,COM
HU2015_003,,ACT
HU2015_003,,COM
HU2015_003,,CRI
HU2015_004,,HIS
HU2015_004,,DRA
HU2015_004,,COM
HU2015_005,,COM
HU2015_006,,CHI
HU2015_006,,ADV
HU2015_007,,THR
HU2015_007,,DRA
HU2015_008,,COA
HU2015_008,,DRA
HU2015_008,,ACT
HU2015_009,,DRA
HU2015_009,,COA
HU2015_010,,DRA
HU2015_010,,ROM
HU2015_011,,COM
HU2015_011,,ACT
HU2015_012,,DRA
HU2015_013,,DRA
HU2015_014,,DOB
HU2015_015,,DEX
HU2015_016,,ACT
HU2015_016,,COM
HU2015_017,,SCI
HU2015_017,,MOC
HU2015_018,,DPA
HU2015_019,,DEX
HU2014_001,,ROM
HU2014_001,,COM
HU2014_002,,MPF
HU2014_002,,COM
HU2014_002,,ROM
HU2014_003,,COM
HU2014_003,,COA
HU2014_004,,DRA
HU2014_004,,COA
HU2014_005,,CHI
HU2014_006,,DRA
HU2014_006,,COM
HU2014_007,,DRA
HU2014_008,,ROM
HU2014_008,,COM
HU2014_009,,ACT
HU2014_009,,HEI
HU2014_009,,COM
HU2014_010,,COM
HU2014_010,,MPF
HU2014_011,,DRA
HU2014_011,,ROM
HU2014_012,,DRA
HU2014_012,,WAR
HU2014_013,,WES
HU2014_013,,DRA
HU2014_014,,DOB
HU2014_015,,DPA
HU2014_016,,DEX
HU2023_001,,DRA
HU2023_001,,BIO
HU2023_001,,HIS
HU2023_002,,DEX
HU2023_003,,COA
HU2023_003,,COM
HU2023_003,,DRA
HU2023_004,,BIO
HU2023_004,,HIS
HU2023_004,,WAR
HU2023_004,,ADV
HU2023_005,,CHI
HU2023_006,,CHI
HU2023_006,,FAN
HU2023_007,,ROM
HU2023_007,,COM
HU2023_008,,COM
HU2023_009,,DRA
HU2023_009,,COA
HU2023_010,,SCI
HU2023_010,,ROM
HU2023_010,,DYS
HU2023_011,,DRA
HU2023_011,,HIS
HU2023_011,,THR
HU2023_012,,ROM
HU2023_013,,DRA
HU2023_014,,EXP
HU2023_015,,BIO
HU2023_015,,HIS
HU2023_016,,DRA
HU2023_016,,COA
HU2023_017,,DEX
HU2023_018,,DRA
HU2023_018,,ROM
HU2023_018,,SCI
HU2023_019,,ROM
HU2023_019,,DRA
HU2023_020,,DRA
HU2023_021,,THR
HU2023_021,,DRA
HU2023_021,,CRI
HU2023_022,,DRA
HU2023_023,,DRA
HU2023_023,,DYS
HU2023_024,,SCI
HU2023_024,,ACT
HU2023_025,,DEX
HU2023_026,,DYS
HU2023_026,,ACT
HU2023_027,,BIO
HU2023_027,,DRA
HU2023_027,,HIS
HU2023_028,,ROM
HU2023_028,,BIO
HU2021_026,,BIO
HU2021_026,,DEX
HU2018_026,,DEX
HU2018_026,,BIO
HU2019_023,,DOB
HU2019_024,,DOB
HU2019_024,,BIO
HU2016_017,,BIO
HU2016_017,,DEX
HU2015_019,,DEX
HU2015_019,,BIO
DE2017_001,Ein Haus in Ninh Hoa,DOB
DE2017_002,Ritter Rost 2: Das Schrottkomplott,CHI
DE2017_002,Ritter Rost 2: Das Schrottkomplott,COM
DE2017_002,Ritter Rost 2: Das Schrottkomplott,FAN
DE2017_003,Die Hölle,ACT
DE2017_003,Die Hölle,CRI
DE2017_003,Die Hölle,THR
DE2017_004,Shot in the Dark,DOB
DE2017_004,Shot in the Dark,EXP
DE2017_005,Mein Blind Date mit dem Leben,COM
DE2017_005,Mein Blind Date mit dem Leben,ROM
DE2017_006,Wendy,CHI
DE2017_006,Wendy,ADV
DE2017_007,Kundschafter des Friedens,COM
DE2017_007,Kundschafter des Friedens,ACT
DE2017_008,Violently Happy,DOB
DE2017_009,Bibi & Tina: Tohuwabohu total,ADV
DE2017_009,Bibi & Tina: Tohuwabohu total,COM
DE2017_009,Bibi & Tina: Tohuwabohu total,DRA
DE2017_009,Bibi & Tina: Tohuwabohu total,FAN
DE2017_009,Bibi & Tina: Tohuwabohu total,CHI
DE2017_010,Timm Thaler oder das verkaufte Lachen,CHI
DE2017_010,Timm Thaler oder das verkaufte Lachen,COM
DE2017_010,Timm Thaler oder das verkaufte Lachen,FAN
DE2017_011,From Business to Being,DPA
DE2017_012,Erzähl es niemandem!,DPA
DE2017_013,Volt,THR
DE2017_013,Volt,DRA
DE2017_013,Volt,DYS
DE2017_014,"Schatz, nimm Du sie!",COM
DE2017_015,Enklava,DRA
DE2017_016,Die Gabe zu Heilen,DOB
DE2017_017,Offline - Das Leben ist kein Bonuslevel,ADV
DE2017_017,Offline - Das Leben ist kein Bonuslevel,COM
DE2017_017,Offline - Das Leben ist kein Bonuslevel,FAN
DE2017_018,Europa - ein Kontinent als Beute,DPA
DE2017_019,Marija,DRA
DE2017_020,Original Copy,DOB
DE2017_021,For all the World to see,DPA
DE2017_022,Die Häschenschule: Jagd nach dem goldenen Ei,ADV
DE2017_022,Die Häschenschule: Jagd nach dem goldenen Ei,COM
DE2017_022,Die Häschenschule: Jagd nach dem goldenen Ei,CHI
DE2017_022,Die Häschenschule: Jagd nach dem goldenen Ei,FAN
DE2017_023,Happy,DPA
DE2017_023,Happy,DOB
DE2017_024,Los Veganeros 2,COM
DE2017_025,Zwischen den Jahren,DRA
DE2017_026,Orientierungslosigkeit ist kein Verbrechen,DRA
DE2017_026,Orientierungslosigkeit ist kein Verbrechen,EXP
DE2017_027,Alles gut,DOB
DE2017_028,Der Hund begraben,COM
DE2017_029,Von Bananenbäumen träumen,DPA
DE2017_029,Von Bananenbäumen träumen,DOB
DE2017_030,Zazy,THR
DE2017_031,Es war einmal in Deutschland...,COM
DE2017_031,Es war einmal in Deutschland...,DRA
DE2017_031,Es war einmal in Deutschland...,WAR
DE2017_032,Ü100,DPA
DE2017_033,Conni und Co 2 - Das Geheimnis des T-Rex,COA
DE2017_033,Conni und Co 2 - Das Geheimnis des T-Rex,ADV
DE2017_033,Conni und Co 2 - Das Geheimnis des T-Rex,COM
DE2017_034,Happy Burnout,COM
DE2017_035,Beat Beat Heart,COM
DE2017_035,Beat Beat Heart,DRA
DE2017_035,Beat Beat Heart,ROM
DE2017_036,Hey Bunny,COM
DE2017_036,Hey Bunny,DRA
DE2017_037,Einsamkeit und Sex und Mitleid,COM
DE2017_037,Einsamkeit und Sex und Mitleid,DRA
DE2017_037,Einsamkeit und Sex und Mitleid,FAN
DE2017_037,Einsamkeit und Sex und Mitleid,EXP
DE2017_038,Trockenschwimmen,DOB
DE2017_039,A Stork's Journey,ADV
DE2017_039,A Stork's Journey,COM
DE2017_039,A Stork's Journey,CHI
DE2017_039,A Stork's Journey,FAN
DE2017_040,Return to Montauk,DRA
DE2017_040,Return to Montauk,ROM
DE2017_041,Denk ich an Deutschland in der Nacht,DOB
DE2017_042,Fahr Ma Obi Am Wasser,DOB
DE2017_043,Fünf Sterne,DPA
DE2017_044,Beuys,DPA
DE2017_045,You'll Never Walk Alone - Die Geschichte eines Songs,DPA
DE2017_046,Borderland Blues,DOB
DE2017_047,Hanni & Nanni: Mehr als beste Freunde,CHI
DE2017_047,Hanni & Nanni: Mehr als beste Freunde,ADV
DE2017_047,Hanni & Nanni: Mehr als beste Freunde,DRA
DE2017_048,Die Reste meines Lebens,DRA
DE2017_048,Die Reste meines Lebens,ROM
DE2017_048,Die Reste meines Lebens,COM
DE2017_049,Rosemari,DRA
DE2017_050,In Zeiten des abnehmenden Lichts,COM
DE2017_050,In Zeiten des abnehmenden Lichts,DRA
DE2017_051,Code of Survival,DPA
DE2017_052,Deportation Class,DOB
DE2017_053,Timeswings - Hanne Darbovens Kunst,DOB
DE2017_054,Plan B: Scheiß auf Plan A,ACT
DE2017_055,Selbstkritik eines bürgerlichen Hundes,COM
DE2017_056,Die vergessene Armee,DPA
DE2017_056,Die vergessene Armee,DOB
DE2017_057,"Mann im Spagat: Pace, Cowboy, Pace",COM
DE2017_058,Maria Mafiosi,COM
DE2017_058,Maria Mafiosi,CRI
DE2017_059,Sommerfest,COM
DE2017_059,Sommerfest,DRA
DE2017_059,Sommerfest,ROM
DE2017_060,Axolotl Overkill,DRA
DE2017_061,Mein wunderbares West-Berlin,DPA
DE2017_062,Dries,DPA
DE2017_063,Das Pubertier,COA
DE2017_063,Das Pubertier,COM
DE2017_064,Auf der anderen Seite ist das Gras viel grüner,COM
DE2017_064,Auf der anderen Seite ist das Gras viel grüner,DRA
DE2017_064,Auf der anderen Seite ist das Gras viel grüner,ROM
DE2017_065,Einmal bitte alles,COM
DE2017_065,Einmal bitte alles,DRA
DE2017_065,Einmal bitte alles,ROM
DE2017_066,Ostwind 3: Aufbruch nach Ora,ADV
DE2017_066,Ostwind 3: Aufbruch nach Ora,DRA
DE2017_066,Ostwind 3: Aufbruch nach Ora,CHI
DE2017_066,Ostwind 3: Aufbruch nach Ora,SPO
DE2017_067,Die Guten Feinde,DPA
DE2017_067,Die Guten Feinde,DPO
DE2017_068,Grießnockerlaffäre,COM
DE2017_068,Grießnockerlaffäre,CRI
DE2017_068,Grießnockerlaffäre,DRA
DE2017_069,Helle Nächte,DRA
DE2017_070,Atomin paluu,DPA
DE2017_071,Die Hannas,COM
DE2017_071,Die Hannas,DRA
DE2017_072,Bullyparade: Der Film,COM
DE2017_072,Bullyparade: Der Film,FAN
DE2017_072,Bullyparade: Der Film,MPF
DE2017_073,Happy Family,FAN
DE2017_073,Happy Family,HOR
DE2017_073,Happy Family,COM
DE2017_074,Western,WES
DE2017_074,Western,DRA
DE2017_075,Einsteins Nichten,DOB
DE2017_076,Jugend ohne Gott,SCI
DE2017_076,Jugend ohne Gott,THR
DE2017_076,Jugend ohne Gott,DRA
DE2017_076,Jugend ohne Gott,CRI
DE2017_077,Magical Mystery oder die Rückkehr des Karl Schmidt,COM
DE2017_077,Magical Mystery oder die Rückkehr des Karl Schmidt,DRA
DE2017_078,Haus Ohne Dach,DRA
DE2017_078,Haus Ohne Dach,THR
DE2017_079,Die Pfefferkörner und der Fluch des Schwarzen Königs,COM
DE2017_079,Die Pfefferkörner und der Fluch des Schwarzen Königs,CRI
DE2017_079,Die Pfefferkörner und der Fluch des Schwarzen Königs,ADV
DE2017_079,Die Pfefferkörner und der Fluch des Schwarzen Königs,CHI
DE2017_080,Das schaffen wir schon,COM
DE2017_081,Revolution of Sound: Tangerine Dream,DPO
DE2017_082,High Society,COM
DE2017_083,Leanders letzte Reise,DRA
DE2017_083,Leanders letzte Reise,ROM
DE2017_083,Leanders letzte Reise,WAR
DE2017_084,Rock My Heart,DRA
DE2017_085,Conny Plank - The Potential of Noise,DPA
DE2017_086,Macho Man 2,ACT
DE2017_086,Macho Man 2,CRI
DE2017_086,Macho Man 2,COM
DE2017_087,Wann endlich küsst Du mich?,DRA
DE2017_087,Wann endlich küsst Du mich?,COM
DE2017_087,Wann endlich küsst Du mich?,MPF
DE2017_088,Unter deutschen Betten,COM
DE2017_088,Unter deutschen Betten,DRA
DE2017_089,Vorwärts immer!,HIS
DE2017_089,Vorwärts immer!,SPY
DE2017_089,Vorwärts immer!,COM
DE2017_090,Pre-Crime,DPE
DE2017_091,Schumanns Bargespräche,DPA
DE2017_091,Schumanns Bargespräche,DOB
DE2017_092,Die Einsiedler,DRA
DE2017_093,Es war einmal Indianerland,DRA
DE2017_093,Es war einmal Indianerland,COM
DE2017_093,Es war einmal Indianerland,EXP
DE2017_094,Die Unsichtbaren,BIO
DE2017_094,Die Unsichtbaren,DRA
DE2017_094,Die Unsichtbaren,HIS
DE2017_094,Die Unsichtbaren,WAR
DE2017_095,Casting,COM
DE2017_095,Casting,DRA
DE2017_095,Casting,MPF
DE2017_096,The Misandrists,COM
DE2017_096,The Misandrists,DRA
DE2017_096,The Misandrists,EXP
DE2017_097,Hexe Lillis eingesacktes Weihnachtsfest,COM
DE2017_097,Hexe Lillis eingesacktes Weihnachtsfest,CHI
DE2017_097,Hexe Lillis eingesacktes Weihnachtsfest,FAN
DE2017_098,Simpel,COM
DE2017_098,Simpel,DRA
DE2017_099,Werner Nekes - Der Wandler zwischen den Bildern,DPO
DE2017_100,Fikkefuchs,COM
DE2017_100,Fikkefuchs,DRA
DE2017_100,Fikkefuchs,EXP
DE2017_101,Who was Hitler,DPO
DE2017_101,Who was Hitler,DRE
DE2017_102,Silly: Frei von Angst,DOB
DE2017_103,Aus dem Nichts,THR
DE2017_103,Aus dem Nichts,CRI
DE2017_103,Aus dem Nichts,DRA
DE2017_104,Überleben in Neukölln,DOB
DE2017_105,Whatever Happens,DRA
DE2017_106,Der Mann aus dem Eis,DRA
DE2017_106,Der Mann aus dem Eis,ADV
DE2017_106,Der Mann aus dem Eis,THR
DE2017_107,Burg Schreckenstein II - Küssen (nicht) verboten,ADV
DE2017_107,Burg Schreckenstein II - Küssen (nicht) verboten,COM
DE2017_107,Burg Schreckenstein II - Küssen (nicht) verboten,CHI
DE2017_107,Burg Schreckenstein II - Küssen (nicht) verboten,FAN
DE2017_108,Forget About Nick,ROM
DE2017_108,Forget About Nick,DRA
DE2017_108,Forget About Nick,COM
DE2017_109,Sum1,HOR
DE2017_109,Sum1,SCI
DE2017_109,Sum1,THR
DE2017_110,Queercore: How to Punk a Revolution,DPO
DE2017_111,Sisters! Share everything,EXP
DE2017_111,Sisters! Share everything,DRA
DE2017_112,Dieses bescheuerte Herz,DRA
DE2017_112,Dieses bescheuerte Herz,COM
DE2017_113,Laible und Frisch: Do goht dr Doig,COM
DE2016_001,Friend Request,HOR
DE2016_001,Friend Request,THR
DE2016_002,Familie Haben,DPA
DE2016_003,Neukölln Wind,DRA
DE2016_004,Gut zu Vögeln,COM
DE2016_004,Gut zu Vögeln,ROM
DE2016_005,Die dunkle Seite des Mondes,THR
DE2016_006,Iraqi Odyssey,DEX
DE2016_007,Bibi & Tina: Mädchen gegen Jungs,ADV
DE2016_007,Bibi & Tina: Mädchen gegen Jungs,COM
DE2016_007,Bibi & Tina: Mädchen gegen Jungs,CHI
DE2016_007,Bibi & Tina: Mädchen gegen Jungs,SPO
DE2016_008,Hello I Am David!,DPA
DE2016_009,Alaaf You,DOB
DE2016_010,Das Wetter in geschlossenen Räumen,DRA
DE2016_010,Das Wetter in geschlossenen Räumen,ROM
DE2016_010,Das Wetter in geschlossenen Räumen,WAR
DE2016_011,Ein Atem,DRA
DE2016_012,Uns geht es gut,DRA
DE2016_013,Family Business,DOB
DE2016_014,Tetarti 04:45,CRI
DE2016_014,Tetarti 04:45,DRA
DE2016_014,Tetarti 04:45,THR
DE2016_015,Grenzbock,DOB
DE2016_016,Sibylle,DRA
DE2016_016,Sibylle,MYS
DE2016_016,Sibylle,THR
DE2016_017,Antons Fest,DRA
DE2016_018,Die Wilden Kerle 6 - Die Legende lebt,ACT
DE2016_018,Die Wilden Kerle 6 - Die Legende lebt,ADV
DE2016_018,Die Wilden Kerle 6 - Die Legende lebt,CHI
DE2016_018,Die Wilden Kerle 6 - Die Legende lebt,SPO
DE2016_019,"Feuer bewahren, nicht Asche anbeten",DPA
DE2016_020,Colonia,THR
DE2016_020,Colonia,BIO
DE2016_020,Colonia,DRA
DE2016_020,Colonia,HIS
DE2016_020,Colonia,ROM
DE2016_021,Trash Detective,CRI
DE2016_022,Der Kuaför aus der Keupstraße,DOB
DE2016_022,Der Kuaför aus der Keupstraße,DPA
DE2016_023,Als wir die Zukunft waren,DPA
DE2016_023,Als wir die Zukunft waren,ANT
DE2016_024,Der geilste Tag,COM
DE2016_024,Der geilste Tag,DRA
DE2016_025,Das Tagebuch der Anne Frank,DRA
DE2016_025,Das Tagebuch der Anne Frank,WAR
DE2016_025,Das Tagebuch der Anne Frank,HIS
DE2016_025,Das Tagebuch der Anne Frank,BIO
DE2016_026,Landstück,DOB
DE2016_027,Babai,DRA
DE2016_028,No Land's Song,DOB
DE2016_029,Grüße aus Fukushima,DRA
DE2016_030,Herbert,DRA
DE2016_031,Kein Zickenfox,DPA
DE2016_032,Bach in Brazil,DRA
DE2016_032,Bach in Brazil,COM
DE2016_033,Langes Echo,DOB
DE2016_034,Chamissos Schatten,DOB
DE2016_035,Lee Scratch Perry's Vision of Paradise,DOB
DE2016_036,Cafe Waldluft,DOB
DE2016_037,Anhedonia,EXP
DE2016_037,Anhedonia,COM
DE2016_037,Anhedonia,SCI
DE2016_037,Anhedonia,DRA
DE2016_038,Gestrandet,DOB
DE2016_039,Rabbi Wolff,DOB
DE2016_040,Fritz Lang,CRI
DE2016_040,Fritz Lang,DRA
DE2016_040,Fritz Lang,BIO
DE2016_041,"Rico, Oskar und der Diebstahlstein",CHI
DE2016_041,"Rico, Oskar und der Diebstahlstein",ADV
DE2016_041,"Rico, Oskar und der Diebstahlstein",COM
DE2016_042,A Hologram for the King,COM
DE2016_042,A Hologram for the King,DRA
DE2016_042,A Hologram for the King,ROM
DE2016_043,Wer hat Angst vor Sibylle Berg?,DPA
DE2016_043,Wer hat Angst vor Sibylle Berg?,DOB
DE2016_044,Schrotten!,COM
DE2016_044,Schrotten!,CRI
DE2016_044,Schrotten!,ROA
DE2016_045,Mannheim - Neurosen zwischen Rhein und Neckar,COM
DE2016_045,Mannheim - Neurosen zwischen Rhein und Neckar,ROM
DE2016_046,Frauen,ROA
DE2016_046,Frauen,COM
DE2016_047,Desire Will Set You Free,DRA
DE2016_047,Desire Will Set You Free,ROM
DE2016_047,Desire Will Set You Free,COM
DE2016_048,Mängelexemplar,DRA
DE2016_048,Mängelexemplar,COM
DE2016_049,Happy Hour,ROA
DE2016_049,Happy Hour,COM
DE2016_049,Happy Hour,DRA
DE2016_050,Die Prüfung,DOB
DE2016_051,Ente gut!,CHI
DE2016_051,Ente gut!,ADV
DE2016_052,Der Nachtmahr,DRA
DE2016_052,Der Nachtmahr,COA
DE2016_052,Der Nachtmahr,HOR
DE2016_052,Der Nachtmahr,THR
DE2016_053,Urmila: My Memory is My Power,DOB
DE2016_054,Stefan Zweig: Farewell to Europe,DRA
DE2016_054,Stefan Zweig: Farewell to Europe,BIO
DE2016_054,Stefan Zweig: Farewell to Europe,HIS
DE2016_055,Seitenwechsel,COM
DE2016_055,Seitenwechsel,ROM
DE2016_056,Agnes,DRA
DE2016_056,Agnes,ROM
DE2016_057,Elsterglanz und der Schlüssel für die Weibersauna,EXP
DE2016_057,Elsterglanz und der Schlüssel für die Weibersauna,FAN
DE2016_057,Elsterglanz und der Schlüssel für die Weibersauna,COM
DE2016_058,Hannas schlafende Hunde,DRA
DE2016_059,Rockabilly Requiem,DRA
DE2016_060,Wanja,DRA
DE2016_061,Schau mich nicht so an,DRA
DE2016_061,Schau mich nicht so an,ROM
DE2016_062,Die Frau mit der Kamera - Portrait der Fotografin Abisag Tüllmann,DPA
DE2016_062,Die Frau mit der Kamera - Portrait der Fotografin Abisag Tüllmann,DRE
DE2016_063,Treppe Aufwärts,DRA
DE2016_064,God of Happiness,COM
DE2016_064,God of Happiness,DRA
DE2016_065,Lou Andreas-Salomé,BIO
DE2016_065,Lou Andreas-Salomé,DRA
DE2016_065,Lou Andreas-Salomé,HIS
DE2016_065,Lou Andreas-Salomé,ROM
DE2016_066,Milhemet 90 Hadakot,COM
DE2016_066,Milhemet 90 Hadakot,DRA
DE2016_066,Milhemet 90 Hadakot,SPO
DE2016_067,Mich kriegt Ihr nicht!,DOB
DE2016_067,Mich kriegt Ihr nicht!,DPA
DE2016_068,Meier Müller Schmidt,DRA
DE2016_069,Smaragdgrün,HIS
DE2016_069,Smaragdgrün,THR
DE2016_069,Smaragdgrün,FAN
DE2016_069,Smaragdgrün,COA
DE2016_070,Stadtlandliebe,COM
DE2016_070,Stadtlandliebe,HEM
DE2016_071,Ferien,DRA
DE2016_071,Ferien,HEM
DE2016_072,Toni Erdmann,COM
DE2016_072,Toni Erdmann,DRA
DE2016_073,Mullewapp - Eine schöne Schweinerei,CHI
DE2016_074,My Brothers and Sisters in the North,DPA
DE2016_074,My Brothers and Sisters in the North,DEX
DE2016_075,Schweinskopf al dente,COM
DE2016_075,Schweinskopf al dente,CRI
DE2016_076,El Viaje - Ein Musikfilm mit Rodrigo González,DOB
DE2016_077,Conni & Co.,ADV
DE2016_077,Conni & Co.,CHI
DE2016_078,"Antonio, ihm schmeckt's nicht!",COM
DE2016_079,Krieg und Spiele,DPA
DE2016_080,Looping,DRA
DE2016_081,König Laurin,HIS
DE2016_081,König Laurin,FAN
DE2016_082,Fado,DRA
DE2016_082,Fado,THR
DE2016_083,Timebreakers - auf der Suche nach dem geheimnisvollen Heidekristall,CHI
DE2016_083,Timebreakers - auf der Suche nach dem geheimnisvollen Heidekristall,FAN
DE2016_083,Timebreakers - auf der Suche nach dem geheimnisvollen Heidekristall,ADV
DE2016_084,Männertag,ADV
DE2016_084,Männertag,COM
DE2016_085,Nellys Abenteuer,COA
DE2016_085,Nellys Abenteuer,ADV
DE2016_085,Nellys Abenteuer,COM
DE2016_086,Tschick,ADV
DE2016_086,Tschick,COM
DE2016_086,Tschick,COA
DE2016_087,SMS für Dich,COM
DE2016_087,SMS für Dich,DRA
DE2016_087,SMS für Dich,ROM
DE2016_088,Thank You for Calling,DPA
DE2016_089,Das Geständnis,CRI
DE2016_089,Das Geständnis,DRA
DE2016_090,Rudolf Thome - Überall Blumen,DOB
DE2016_091,24 Wochen,DRA
DE2016_092,Nebel im August,HIS
DE2016_092,Nebel im August,WAR
DE2016_092,Nebel im August,DRA
DE2016_093,Die letzte Sau,COM
DE2016_093,Die letzte Sau,ADV
DE2016_093,Die letzte Sau,HEM
DE2016_094,LenaLove,DRA
DE2016_094,LenaLove,THR
DE2016_095,Kommen Rührgeräte in den Himmel? Ein Film über Nachhaltigkeit,DRE
DE2016_096,Eine unerhörte Frau,HIS
DE2016_096,Eine unerhörte Frau,DRA
DE2016_097,Auf Einmal,DRA
DE2016_097,Auf Einmal,THR
DE2016_098,Jonathan,DRA
DE2016_098,Jonathan,ROM
DE2016_098,Jonathan,HEM
DE2016_099,Verrückt nach Fixi,COM
DE2016_099,Verrückt nach Fixi,ROM
DE2016_099,Verrückt nach Fixi,FAN
DE2016_100,Die Welt der Wunderlichs,ROA
DE2016_100,Die Welt der Wunderlichs,DRA
DE2016_100,Die Welt der Wunderlichs,COM
DE2016_101,Monkey King,DRA
DE2016_101,Monkey King,COM
DE2016_102,Weiße Ritter,ROA
DE2016_102,Weiße Ritter,COM
DE2016_102,Weiße Ritter,FAN
DE2016_103,Burg Schreckenstein,CHI
DE2016_103,Burg Schreckenstein,ADV
DE2016_103,Burg Schreckenstein,FAN
DE2016_104,Schwester Weiß,DRA
DE2016_105,Gleißendes Glück,DRA
DE2016_105,Gleißendes Glück,THR
DE2016_106,Ostfriesisch für Anfänger,COM
DE2016_106,Ostfriesisch für Anfänger,HEM
DE2016_107,Nirgendwo,HEM
DE2016_107,Nirgendwo,DRA
DE2016_108,Allein gegen die Zeit - Der Film,DYS
DE2016_108,Allein gegen die Zeit - Der Film,FAN
DE2016_108,Allein gegen die Zeit - Der Film,COA
DE2016_108,Allein gegen die Zeit - Der Film,ADV
DE2016_109,Haymatloz - Exil in der Türkei,DOB
DE2016_109,Haymatloz - Exil in der Türkei,DPA
DE2016_110,Das Versprechen,DPA
DE2016_110,Das Versprechen,DEX
DE2016_111,Transit Havana,DOB
DE2016_111,Transit Havana,DPA
DE2016_112,Willkommen bei den Hartmanns,COM
DE2016_112,Willkommen bei den Hartmanns,DRA
DE2016_113,Pettersson und Findus 2 - Das schönste Weihnachten überhaupt,CHI
DE2016_113,Pettersson und Findus 2 - Das schönste Weihnachten überhaupt,FAN
DE2016_113,Pettersson und Findus 2 - Das schönste Weihnachten überhaupt,COM
DE2016_114,Die Mitte der Welt,DRA
DE2016_114,Die Mitte der Welt,ROM
DE2016_115,"Peter Handke: Bin im Wald. Kann sein, dass ich mich verspäte...",DPA
DE2016_115,"Peter Handke: Bin im Wald. Kann sein, dass ich mich verspäte...",DOB
DE2016_116,Manche hatten Krokodile,DOB
DE2016_117,Soy Nero,ROA
DE2016_117,Soy Nero,WAR
DE2016_117,Soy Nero,DRA
DE2016_118,The Florence Foster Jenkins Story,DPE
DE2016_118,The Florence Foster Jenkins Story,DPO
DE2016_118,The Florence Foster Jenkins Story,DPA
DE2016_118,The Florence Foster Jenkins Story,MUS
DE2016_118,The Florence Foster Jenkins Story,BIO
DE2016_119,Wir sind die Flut,DYS
DE2016_119,Wir sind die Flut,DRA
DE2016_119,Wir sind die Flut,SCI
DE2016_120,Der Ost-Komplex,DPA
DE2016_121,Radio Heimat,COM
DE2016_121,Radio Heimat,HEM
DE2016_121,Radio Heimat,HIS
DE2016_122,Wir sind Juden aus Breslau,DPA
DE2016_123,Alone in Berlin,DRA
DE2016_123,Alone in Berlin,HIS
DE2016_123,Alone in Berlin,WAR
DE2016_123,Alone in Berlin,THR
DE2016_124,Die Reise mit Vater,COM
DE2016_124,Die Reise mit Vater,DRA
DE2016_124,Die Reise mit Vater,HIS
DE2016_124,Die Reise mit Vater,ROA
DE2016_125,Im Namen der Tiere,DPA
DE2016_126,Continuity,EXP
DE2016_126,Continuity,DRA
DE2016_126,Continuity,WAR
DE2016_127,Marie Curie,DRA
DE2016_127,Marie Curie,BIO
DE2016_127,Marie Curie,ROM
DE2016_128,Die Hände meiner Mutter,DRA
DE2016_129,Die Vampirschwestern 3,FAN
DE2016_129,Die Vampirschwestern 3,COA
DE2016_130,Schubert in Love: Vater werden ist,COM
DE2016_130,Schubert in Love: Vater werden ist,ROM
DE2016_130,Schubert in Love: Vater werden ist,HIS
DE2016_131,Paula,BIO
DE2016_131,Paula,DRA
DE2016_131,Paula,HIS
DE2015_001,Ich will mich nicht künstlich aufregen,EXP
DE2015_002,Frau Müller muss weg!,COM
DE2015_003,Hells Angel - Unter Brüdern,DPA
DE2015_004,Top Girl oder La déformation professionnelle,DRA
DE2015_005,3 Türken & ein Baby,COM
DE2015_006,Wir sind jung. Wir sind stark.,CRI
DE2015_006,Wir sind jung. Wir sind stark.,DRA
DE2015_006,Wir sind jung. Wir sind stark.,HIS
DE2015_007,Fünf Freunde 4,THR
DE2015_007,Fünf Freunde 4,ADV
DE2015_007,Fünf Freunde 4,CRI
DE2015_007,Fünf Freunde 4,COA
DE2015_008,Da muss Mann durch,COM
DE2015_009,Anderswo,COM
DE2015_009,Anderswo,DRA
DE2015_010,Die letzten Gigolos,DOB
DE2015_011,Los Ángeles,CRI
DE2015_011,Los Ángeles,DRA
DE2015_011,Los Ángeles,THR
DE2015_012,Bonne Nuit Papa,DPA
DE2015_012,Bonne Nuit Papa,DOB
DE2015_012,Bonne Nuit Papa,DEX
DE2015_013,300 Worte Deutsch,COM
DE2015_014,Wer rettet wen? - Die Krise als Geschäftsmodell auf Kosten von Demokratie und sozialer Sicherheit,DPA
DE2015_015,Traumfrauen,COM
DE2015_016,Wem gehört die Stadt - Bürger in Bewegung,DPA
DE2015_017,Als wir träumten,DRA
DE2015_018,Stopping,DPA
DE2015_019,bestefreunde,COM
DE2015_019,bestefreunde,DRA
DE2015_020,Pepe Mujica - Lektionen eines Erdklumpens,DPA
DE2015_021,Willkommen auf Deutsch,DOB
DE2015_022,Schattenwald,THR
DE2015_022,Schattenwald,HOR
DE2015_023,Von jetzt an kein Zurück,DRA
DE2015_023,Von jetzt an kein Zurück,HIS
DE2015_024,Poeten des Tanzes - Die Sacharoffs,DPA
DE2015_025,Der Nanny,COM
DE2015_025,Der Nanny,COA
DE2015_026,Tod den Hippies!! Es lebe der Punk!,HIS
DE2015_026,Tod den Hippies!! Es lebe der Punk!,COM
DE2015_026,Tod den Hippies!! Es lebe der Punk!,DRA
DE2015_026,Tod den Hippies!! Es lebe der Punk!,EXP
DE2015_027,Verfehlung,CRI
DE2015_027,Verfehlung,DRA
DE2015_028,Forever and a Day: Scorpions,DPA
DE2015_029,Von glücklichen Schafen,DRA
DE2015_030,Gespensterjäger,COM
DE2015_030,Gespensterjäger,CHI
DE2015_030,Gespensterjäger,FAN
DE2015_030,Gespensterjäger,ADV
DE2015_031,Every Thing Will Be Fine,DRA
DE2015_032,Mara und der Feuerbringer,COA
DE2015_032,Mara und der Feuerbringer,FAN
DE2015_032,Mara und der Feuerbringer,COM
DE2015_033,Halbe Brüder,COM
DE2015_033,Halbe Brüder,CRI
DE2015_033,Halbe Brüder,DRA
DE2015_033,Halbe Brüder,ROA
DE2015_034,Szenario,DPO
DE2015_035,Elser,WAR
DE2015_035,Elser,HIS
DE2015_035,Elser,BIO
DE2015_035,Elser,DRA
DE2015_036,Winnetous Sohn,CHI
DE2015_036,Winnetous Sohn,WES
DE2015_036,Winnetous Sohn,ADV
DE2015_036,Winnetous Sohn,COM
DE2015_037,Dessau Dancers,HIS
DE2015_037,Dessau Dancers,COM
DE2015_037,Dessau Dancers,MUS
DE2015_038,Mülheim - Texas: Helge Schneider hier und dort,DOB
DE2015_038,Mülheim - Texas: Helge Schneider hier und dort,DPA
DE2015_038,Mülheim - Texas: Helge Schneider hier und dort,DPE
DE2015_039,Härte,EXP
DE2015_039,Härte,DPA
DE2015_039,Härte,COM
DE2015_040,Striche ziehen,DPA
DE2015_041,Fassbinder,DPA
DE2015_042,Die abhandene Welt,DRA
DE2015_043,Hedi Schneider steckt fest,DRA
DE2015_043,Hedi Schneider steckt fest,COM
DE2015_044,The Forecaster,DPA
DE2015_045,Reuber,DRA
DE2015_045,Reuber,CHI
DE2015_045,Reuber,FAN
DE2015_046,Die Widerständen: Also machen wir das weiter ...,DPA
DE2015_047,Ostwind 2,CHI
DE2015_047,Ostwind 2,ADV
DE2015_047,Ostwind 2,DRA
DE2015_048,La buena vida,DOB
DE2015_049,Silentium - Vom Leben im Kloster,DOB
DE2015_050,Abschussfahrt,COM
DE2015_050,Abschussfahrt,COA
DE2015_051,Dancing Arabs,DRA
DE2015_052,B-Movie: Lust & Sound in West-Berlin 1979-1989,DPE
DE2015_053,Mädchen im Eis,DRA
DE2015_053,Mädchen im Eis,THR
DE2015_054,Lost in Karastan,COM
DE2015_054,Lost in Karastan,DRA
DE2015_055,Von Caligari zu Hitler: Das deutsche Kino im Zeitalter der Massen,DPA
DE2015_056,Das Zimmermädchen Lynn,DRA
DE2015_057,Amok,CRI
DE2015_057,Amok,DRA
DE2015_058,Hirschen,COM
DE2015_059,Nice Places to Die,DOB
DE2015_060,Nachthelle,DRA
DE2015_061,"Rico, Oskar und das Herzgebreche",ADV
DE2015_061,"Rico, Oskar und das Herzgebreche",COM
DE2015_061,"Rico, Oskar und das Herzgebreche",CHI
DE2015_062,Victoria,THR
DE2015_062,Victoria,DRA
DE2015_062,Victoria,ROM
DE2015_062,Victoria,CRI
DE2015_062,Victoria,HEI
DE2015_063,Das dunkle Gen,DOB
DE2015_064,Was heißt hier Ende?,DPA
DE2015_065,Die Lügen der Sieger,DRA
DE2015_065,Die Lügen der Sieger,THR
DE2015_066,Täterätää - Die Kirche bleibt im Dorf 2,COM
DE2015_066,Täterätää - Die Kirche bleibt im Dorf 2,DRA
DE2015_066,Täterätää - Die Kirche bleibt im Dorf 2,MUS
DE2015_066,Täterätää - Die Kirche bleibt im Dorf 2,ROM
DE2015_067,Freistatt,DRA
DE2015_068,Atlantic.,DRA
DE2015_069,"Verliebt, verlobt, verloren",DPA
DE2015_070,Das fehlende Grau,DRA
DE2015_071,Marry Me!,COM
DE2015_072,Kafkas Der Bau,DRA
DE2015_072,Kafkas Der Bau,THR
DE2015_073,Heil,COM
DE2015_073,Heil,FAN
DE2015_073,Heil,SCI
DE2015_074,Desaster,COM
DE2015_074,Desaster,ACT
DE2015_075,Kartoffelsalat - Nicht fragen!,COM
DE2015_075,Kartoffelsalat - Nicht fragen!,HOR
DE2015_075,Kartoffelsalat - Nicht fragen!,FAN
DE2015_075,Kartoffelsalat - Nicht fragen!,SCI
DE2015_076,Becks letzter Sommer,COM
DE2015_076,Becks letzter Sommer,DRA
DE2015_077,I Am Here,DRA
DE2015_077,I Am Here,THR
DE2015_078,Ooops! Noah is Gone...,ADV
DE2015_078,Ooops! Noah is Gone...,COM
DE2015_078,Ooops! Noah is Gone...,CHI
DE2015_079,About a Girl,COA
DE2015_079,About a Girl,COM
DE2015_079,About a Girl,DRA
DE2015_080,Coconut Hero,COM
DE2015_080,Coconut Hero,DRA
DE2015_081,Toilet Stories,COM
DE2015_082,Liebe mich!,DRA
DE2015_082,Liebe mich!,COM
DE2015_083,Der kleine Rabe Socke - Das große Rennen,ADV
DE2015_083,Der kleine Rabe Socke - Das große Rennen,CHI
DE2015_084,Taxi,COM
DE2015_084,Taxi,DRA
DE2015_084,Taxi,ROM
DE2015_085,L'Chaim!: To Life!,DOB
DE2015_085,L'Chaim!: To Life!,DPA
DE2015_086,Die Kleinen und die Bösen,COM
DE2015_086,Die Kleinen und die Bösen,DRA
DE2015_087,Gotthard Graubner - Farb-Raum-Körper,DOB
DE2015_088,Engelbecken,DPO
DE2015_088,Engelbecken,DER
DE2015_089,Der Kuckuck und der Esel,DRA
DE2015_089,Der Kuckuck und der Esel,COM
DE2015_089,Der Kuckuck und der Esel,FAN
DE2015_090,Fack ju Göhte 2,COM
DE2015_091,Voll Paula!,COM
DE2015_092,Tango Pasión,DPA
DE2015_093,Schmidts Katze,COM
DE2015_094,Der Staat gegen Fritz Bauer,BIO
DE2015_094,Der Staat gegen Fritz Bauer,DRA
DE2015_094,Der Staat gegen Fritz Bauer,THR
DE2015_095,Wunder der Lebenskraft,DEX
DE2015_096,"Arbeit macht das Leben süß, Faulheit stärkt die Glieder",DOB
DE2015_096,"Arbeit macht das Leben süß, Faulheit stärkt die Glieder",DPA
DE2015_097,True Love Ways,HOR
DE2015_097,True Love Ways,THR
DE2015_098,Er ist wieder da,COM
DE2015_098,Er ist wieder da,DRA
DE2015_098,Er ist wieder da,FAN
DE2015_099,"Kleine Ziege, sturer Bock",COM
DE2015_099,"Kleine Ziege, sturer Bock",ADV
DE2015_099,"Kleine Ziege, sturer Bock",DRA
DE2015_099,"Kleine Ziege, sturer Bock",COA
DE2015_100,Nicht schon wieder Rudi!,COM
DE2015_101,Homesick,DRA
DE2015_102,Familienfest,DRA
DE2015_103,Rettet Raffi!,ACT
DE2015_103,Rettet Raffi!,ADV
DE2015_103,Rettet Raffi!,CRI
DE2015_103,Rettet Raffi!,CHI
DE2015_104,Hördur - Zwischen den Welten,DRA
DE2015_105,Macho Man,COM
DE2015_105,Macho Man,ROM
DE2015_106,Birds & People - Ganz verrückt auf Vögel,DOB
DE2015_107,Stung,COM
DE2015_107,Stung,HOR
DE2015_107,Stung,THR
DE2015_107,Stung,SCI
DE2015_108,Todos están muertos,DRA
DE2015_108,Todos están muertos,COM
DE2015_109,Erich Mielke - Meister der Angst,DPA
DE2015_109,Erich Mielke - Meister der Angst,DPE
DE2015_110,Die Hälfte der Stadt,DPE
DE2015_110,Die Hälfte der Stadt,DPO
DE2015_111,Schmitke,FAN
DE2015_111,Schmitke,COM
DE2015_111,Schmitke,DRA
DE2015_112,Der kleine Ritter Trenk,ADV
DE2015_112,Der kleine Ritter Trenk,COM
DE2015_112,Der kleine Ritter Trenk,CHI
DE2015_112,Der kleine Ritter Trenk,FAN
DE2015_113,Law Not War,DPA
DE2015_114,Democracy: Im Rausch der Daten,DPA
DE2015_115,Alki Alki,COM
DE2015_115,Alki Alki,DRA
DE2015_116,Herr von Bohlen privat,DPE
DE2015_116,Herr von Bohlen privat,DPO
DE2015_117,Hasret,DOB
DE2015_118,Highway to Hellas,COM
DE2015_119,4 Könige,DRA
DE2015_120,Black Tape,DPA
DE2015_121,Aus dem Abseits,DPA
DE2015_122,Die Geschichte vom Astronauten,DRA
DE2015_123,Si-o-se Pol,DRA
DE2015_124,Heidi,DRA
DE2015_124,Heidi,CHI
DE2015_125,"Hilfe, ich hab meine Lehrerin geschrumpft",ACT
DE2015_125,"Hilfe, ich hab meine Lehrerin geschrumpft",ADV
DE2015_125,"Hilfe, ich hab meine Lehrerin geschrumpft",COM
DE2015_125,"Hilfe, ich hab meine Lehrerin geschrumpft",CHI
DE2015_125,"Hilfe, ich hab meine Lehrerin geschrumpft",FAN
DE2015_126,Madame Bovary,DRA
DE2015_126,Madame Bovary,ROM
DE2015_126,Madame Bovary,HIS
DE2015_127,Bruder vor Luder,COM
DE2015_128,Ich bin dann mal weg,COM
DE2015_128,Ich bin dann mal weg,ROA
DE2014_001,Das merkwürdige Kätzchen,COM
DE2014_001,Das merkwürdige Kätzchen,DRA
DE2014_001,Das merkwürdige Kätzchen,EXP
DE2014_002,Über das Meer,DPA
DE2014_003,Das radikal Böse,DPE
DE2014_003,Das radikal Böse,DER
DE2014_004,Fünf Freunde 3,ADV
DE2014_004,Fünf Freunde 3,CRI
DE2014_004,Fünf Freunde 3,CHI
DE2014_005,Nicht mein Tag,ACT
DE2014_005,Nicht mein Tag,ADV
DE2014_005,Nicht mein Tag,COM
DE2014_005,Nicht mein Tag,CRI
DE2014_006,Hannas Reise,COM
DE2014_006,Hannas Reise,ROM
DE2014_006,Hannas Reise,DRA
DE2014_007,Der blinde Fleck,DRA
DE2014_007,Der blinde Fleck,HIS
DE2014_007,Der blinde Fleck,THR
DE2014_008,Illusion,DRA
DE2014_009,Crashkurs,DRA
DE2014_010,Nordstrand,DRA
DE2014_011,Staudamm,DRA
DE2014_011,Staudamm,ROM
DE2014_011,Staudamm,THR
DE2014_012,Vaterfreuden,COM
DE2014_012,Vaterfreuden,ROM
DE2014_013,Und Äktschn!,COM
DE2014_014,Meine Schwestern,DRA
DE2014_015,Und morgen mittag bin ich tot,DRA
DE2014_016,Lovely Louise,DRA
DE2014_016,Lovely Louise,COM
DE2014_017,Dead,DRA
DE2014_017,Dead,THR
DE2014_018,Stromberg - Der Film,COM
DE2014_019,Bibi & Tina - Der Film,FAN
DE2014_019,Bibi & Tina - Der Film,COA
DE2014_020,Alles Inklusive,COM
DE2014_020,Alles Inklusive,DRA
DE2014_021,Beltracchi: The Art of Forgery,DPA
DE2014_022,Verbotene Filme,DPA
DE2014_023,Mitgift,DPA
DE2014_024,Der Tropfen - Ein Roadmovie,CRI
DE2014_024,Der Tropfen - Ein Roadmovie,ROA
DE2014_024,Der Tropfen - Ein Roadmovie,COM
DE2014_025,"Pettersson und Findus - Kleiner Quälgeist, große Freundschaft",COM
DE2014_025,"Pettersson und Findus - Kleiner Quälgeist, große Freundschaft",CHI
DE2014_026,Transmitting,DOB
DE2014_027,Mittsommernachtstango,DOB
DE2014_028,Kreuzweg,DRA
DE2014_029,Die Frau des Polizisten,DRA
DE2014_029,Die Frau des Polizisten,THR
DE2014_030,Lagerfeuer,DRA
DE2014_031,Banklady,HEI
DE2014_031,Banklady,HIS
DE2014_031,Banklady,DRA
DE2014_032,Zwischen Welten,DRA
DE2014_032,Zwischen Welten,WAR
DE2014_033,Im Dreieck,DOB
DE2014_033,Im Dreieck,DPA
DE2014_034,Union fürs Leben,DPA
DE2014_035,"Heye Shalom, Peter Schwarz",DPA
DE2014_036,Stiller Sommer,DRA
DE2014_036,Stiller Sommer,ROM
DE2014_036,Stiller Sommer,COM
DE2014_037,Lauf Junge lauf,ACT
DE2014_037,Lauf Junge lauf,BIO
DE2014_037,Lauf Junge lauf,DRA
DE2014_037,Lauf Junge lauf,WAR
DE2014_038,Die schwarzen Brüder,HIS
DE2014_038,Die schwarzen Brüder,ADV
DE2014_038,Die schwarzen Brüder,DRA
DE2014_039,Miss Sixty,COM
DE2014_039,Miss Sixty,ROM
DE2014_040,Irre sind männlich,COM
DE2014_040,Irre sind männlich,ROM
DE2014_041,Vergiss mein Ich,DRA
DE2014_042,Die Er­fin­dung der Liebe,DRA
DE2014_042,Die Er­fin­dung der Liebe,COM
DE2014_043,Summer of Dreams,DRA
DE2014_043,Summer of Dreams,COA
DE2014_044,Hinterdupfing,COM
DE2014_045,Über-Ich und Du,DRA
DE2014_045,Über-Ich und Du,COM
DE2014_045,Über-Ich und Du,CRI
DE2014_046,Der letzte Mentsch,ROA
DE2014_046,Der letzte Mentsch,DRA
DE2014_047,Stereo,CRI
DE2014_047,Stereo,THR
DE2014_048,Die Wirklichkeit kommt,DPA
DE2014_049,Zeit der Kannibalen,COM
DE2014_049,Zeit der Kannibalen,DRA
DE2014_050,Kathedralen der Kultur,DPO
DE2014_051,Welcome Goodbye!,DPA
DE2014_052,Vom Ordnen der Dinge,DOB
DE2014_052,Vom Ordnen der Dinge,DPA
DE2014_053,Willkommen bei Habib,COM
DE2014_053,Willkommen bei Habib,DRA
DE2014_054,Sieniawka,EXP
DE2014_054,Sieniawka,DRA
DE2014_055,Harms,HEI
DE2014_055,Harms,THR
DE2014_056,Still,DOB
DE2014_056,Still,DPA
DE2014_057,Lupu,DRA
DE2014_057,Lupu,THR
DE2014_057,Lupu,FAN
DE2014_058,Beste Chance,DRA
DE2014_058,Beste Chance,COM
DE2014_059,Nebenwege,DRA
DE2014_059,Nebenwege,COM
DE2014_059,Nebenwege,ROA
DE2014_060,Millionen,DRA
DE2014_061,"Rico, Oskar und die Tieferschatten",ADV
DE2014_061,"Rico, Oskar und die Tieferschatten",COM
DE2014_061,"Rico, Oskar und die Tieferschatten",CHI
DE2014_062,Wir sind die Neuen,COM
DE2014_063,Der Schmetterlingsjäger - 37 Karteikarten zu Nabokov,EXP
DE2014_064,Wacken 3D,DPA
DE2014_065,Die geliebten Schwestern,DRA
DE2014_065,Die geliebten Schwestern,HIS
DE2014_065,Die geliebten Schwestern,ROM
DE2014_065,Die geliebten Schwestern,BIO
DE2014_066,Die Innere Zone,DRA
DE2014_066,Die Innere Zone,SCI
DE2014_066,Die Innere Zone,FAN
DE2014_066,Die Innere Zone,THR
DE2014_066,Die Innere Zone,EXP
DE2014_067,Freiland,COM
DE2014_067,Freiland,DRA
DE2014_068,Saphirblau,COA
DE2014_068,Saphirblau,ADV
DE2014_068,Saphirblau,HOR
DE2014_068,Saphirblau,FAN
DE2014_068,Saphirblau,ROM
DE2014_068,Saphirblau,SCI
DE2014_069,Hector and the Search for Happiness,ADV
DE2014_069,Hector and the Search for Happiness,COM
DE2014_069,Hector and the Search for Happiness,DRA
DE2014_069,Hector and the Search for Happiness,ROA
DE2014_070,Besser als nix,COM
DE2014_070,Besser als nix,DRA
DE2014_071,Göttliche Lage,DOB
DE2014_071,Göttliche Lage,DPA
DE2014_072,Patriotinnen,DRA
DE2014_072,Patriotinnen,BIO
DE2014_072,Patriotinnen,DER
DE2014_073,Wolfskinder,DRA
DE2014_073,Wolfskinder,HIS
DE2014_074,Doktorspiele,COM
DE2014_075,Lola auf der Erbse,CHI
DE2014_075,Lola auf der Erbse,DRA
DE2014_076,Ohne Dich,DRA
DE2014_076,Ohne Dich,ROM
DE2014_077,Amma und Appa,DPA
DE2014_078,Maya the Bee Movie,ADV
DE2014_078,Maya the Bee Movie,COM
DE2014_078,Maya the Bee Movie,CHI
DE2014_079,Lügen und andere Wahrheiten,COM
DE2014_079,Lügen und andere Wahrheiten,DRA
DE2014_080,Song from the Forest,DOB
DE2014_080,Song from the Forest,DPA
DE2014_081,Töchter,DRA
DE2014_082,Nowitzki: Der perfekte Wurf,DPA
DE2014_083,Schönefeld Boulevard,COM
DE2014_083,Schönefeld Boulevard,DRA
DE2014_084,Who Am I - Kein System ist sicher,THR
DE2014_084,Who Am I - Kein System ist sicher,SCI
DE2014_085,Der 7bte Zwerg,COM
DE2014_085,Der 7bte Zwerg,CHI
DE2014_085,Der 7bte Zwerg,FAN
DE2014_086,Phoenix,DRA
DE2014_086,Phoenix,HIS
DE2014_086,Phoenix,ROM
DE2014_087,Im Krieg - Der 1. Weltkrieg in 3D,DEX
DE2014_088,Anderson,DPA
DE2014_089,Männerhort,COM
DE2014_089,Männerhort,DRA
DE2014_090,Planet Deutschland - 300 Millionen Jahre,DEX
DE2014_091,Die Zeit vergeht wie ein brüllender Löwe,DPO
DE2014_092,Ein Geschenk der Götter,COM
DE2014_092,Ein Geschenk der Götter,DRA
DE2014_093,Hirngespinster,DRA
DE2014_094,Gefällt mir,HOR
DE2014_094,Gefällt mir,THR
DE2014_095,Lamento,DRA
DE2014_096,The Cut,DRA
DE2014_096,The Cut,ADV
DE2014_096,The Cut,HIS
DE2014_096,The Cut,WAR
DE2014_097,Die Vampirschwestern 2,ADV
DE2014_097,Die Vampirschwestern 2,COM
DE2014_097,Die Vampirschwestern 2,DRA
DE2014_097,Die Vampirschwestern 2,FAN
DE2014_097,Die Vampirschwestern 2,COA
DE2014_098,Winterkartoffelknödel,COM
DE2014_098,Winterkartoffelknödel,CRI
DE2014_099,Arteholic,DOB
DE2014_099,Arteholic,DPO
DE2014_100,Coming In,COM
DE2014_100,Coming In,DRA
DE2014_100,Coming In,ROM
DE2014_101,Hin und weg,COM
DE2014_101,Hin und weg,DRA
DE2014_101,Hin und weg,ROA
DE2014_102,Que Caramba Es La Vida,DPA
DE2014_103,Good luck finding yourself,DOB
DE2014_103,Good luck finding yourself,DPA
DE2014_104,"Love, Rosie",COM
DE2014_104,"Love, Rosie",ROM
DE2014_105,Der Kleine Medicus - Geheimnisvolle Mission im Körper,ACT
DE2014_105,Der Kleine Medicus - Geheimnisvolle Mission im Körper,ADV
DE2014_105,Der Kleine Medicus - Geheimnisvolle Mission im Körper,COM
DE2014_105,Der Kleine Medicus - Geheimnisvolle Mission im Körper,SCI
DE2014_105,Der Kleine Medicus - Geheimnisvolle Mission im Körper,CHI
DE2014_106,Der Samurai,FAN
DE2014_106,Der Samurai,HOR
DE2014_106,Der Samurai,THR
DE2014_107,Karneval! - Wir sind positiv bekloppt,DPA
DE2014_108,Die Familie,DER
DE2014_109,Im Labyrinth des Schweigens,DRA
DE2014_109,Im Labyrinth des Schweigens,HIS
DE2014_110,Quatsch und die Nasenbärbande,ADV
DE2014_110,Quatsch und die Nasenbärbande,CHI
DE2014_110,Quatsch und die Nasenbärbande,COM
DE2014_111,Bevor der letzte Vorhang fällt,DPA
DE2014_112,Love Supreme - Sechs Saiten und ein Brett,DPA
DE2014_113,Bocksprünge,COM
DE2014_114,The Farmer and His Prince,DPA
DE2014_115,Der Koch,DRA
DE2014_115,Der Koch,ROM
DE2014_116,Auf Das Leben! To Life!,DRA
DE2014_116,Auf Das Leben! To Life!,ROM
DE2014_117,Wir waren Könige,THR
DE2014_118,"Wie ich lernte, die Zahlen zu lieben",DOB
DE2014_118,"Wie ich lernte, die Zahlen zu lieben",DPO
DE2014_119,Alles Ist Liebe,COM
DE2014_119,Alles Ist Liebe,DRA
DE2014_119,Alles Ist Liebe,ROM
DE2014_120,Wiedersehen mit Brundibar,DPA
DE2014_121,Haindling - und überhaupts...,DOB
DE2014_122,Titos Brille,DPE
DE2014_123,The Special Need,DPA
DE2014_124,Der kleine Drache Kokosnuss,CHI
DE2014_125,Honig im Kopf,COM
DE2014_125,Honig im Kopf,DRA
DE2014_126,Bibi & Tina: Voll verhext!,COA
DE2014_126,Bibi & Tina: Voll verhext!,ADV
DE2014_126,Bibi & Tina: Voll verhext!,FAN
DE2014_127,Bavaria Vista Club,DPA
SI2023_001,Šepet Metulja,DRA
SI2023_001,Šepet Metulja,COA
SI2023_002,Je kir ke riku? Poharska komedija,COM
SI2023_003,Nekaj sladkega,ROM
SI2023_003,Nekaj sladkega,COM
SI2023_004,Jezdeca,ROA
SI2023_004,Jezdeca,ADV
SI2023_004,Jezdeca,DRA
SI2023_005,Kaj pa Ester?,COM
SI2023_006,Vzornik,DRA
SI2023_006,Vzornik,COA
SI2023_007,Poslednji heroj,COM
SI2023_007,Poslednji heroj,DRA
SI2023_007,Poslednji heroj,WAR
SI2023_007,Poslednji heroj,ADV
SI2023_008,Pero,DPE
SI2023_008,Pero,DER
SI2023_009,Temni pokrov sveta,DOB
SI2023_009,Temni pokrov sveta,DPA
SI2023_010,Telo,DPA
SI2023_010,Telo,DOB
SI2023_011,L'uomo senza colpa,DRA
SI2023_011,L'uomo senza colpa,THR
SI2023_012,Ptičar,COM
SI2022_001,Pr' Hostar 2,COM
SI2022_002,Gajin svet 2,COM
SI2022_002,Gajin svet 2,CHI
SI2022_003,Kapa,ADV
SI2022_003,Kapa,DRA
SI2022_003,Kapa,CHI
SI2022_004,"Prasica, slabsalni izraz za zensko",COM
SI2022_004,"Prasica, slabsalni izraz za zensko",DRA
SI2022_005,Vesolje med nami (The space among us),COA
SI2022_005,Vesolje med nami (The space among us),ROM
SI2022_005,Vesolje med nami (The space among us),DRA
SI2022_006,Orkester,COM
SI2022_006,Orkester,DRA
SI2022_007,Moja Vesna,DRA
SI2022_008,Iskre V Času,DPA
SI2022_009,Zastoj,DRA
SI2022_010,Antigona - kako si upamo!,DPA
SI2021_001,Inventura,DRA
SI2021_001,Inventura,THR
SI2021_002,Sanremo,DRA
SI2021_002,Sanremo,ROM
SI2021_003,Nekoč so bili ljudje,DRA
SI2021_004,Beli bojevnik v crni obleki,DPA
SI2020_001,Vsi proti vsem,DRA
SI2020_001,Vsi proti vsem,THR
SI2020_002,Polsestra,COM
SI2020_002,Polsestra,DRA
SI2020_003,Daughter of Camorra,DOB
SI2019_001,Košarkar Naj Bo 2,COA
SI2019_002,Ne bom več luzerka,DRA
SI2019_003,Zgodbe iz kostanjevih gozdov,DRA
SI2019_004,Izbrisana,DRA
SI2019_005,Igor in Rosa,DRA
SI2019_006,Korporacija,THR
SI2019_007,Oroslan,DRA
SI2018_001,Posledice,DRA
SI2018_002,Družina,DOB
SI2018_003,Poj mi pesem,DOB
SI2018_004,Tisoč ur bridkosti za eno uro veselja,DPA
SI2018_004,Tisoč ur bridkosti za eno uro veselja,DPE
SI2018_005,Cankar,BIO
SI2018_005,Cankar,DRA
SI2018_006,Codelli,DPO
SI2018_006,Codelli,BIO
SI2018_007,Pero lovšin - ti lahko,DPA
SI2018_008,Vztrajanje,DRA
SI2018_009,Playing Men,DPE
SI2018_010,Glasba je časovna umetnost 3: LP film Laibach,DPA
SI2018_011,Žaba,DRA
SI2017_001,Košarkar naj bo,COA
SI2017_002,Milice 2,COM
SI2017_003,Prebujanja,DRA
SI2017_004,Ivan,DRA
SI2017_005,Anina provizija,DRA
SI2017_006,Družinica,DRA
SI2017_007,Mladi levi: polnost časa,DOB
SI2017_008,Privid,DRA
SI2017_009,A Comedy of Tears,DRA
SI2016_001,Pr' Hostar,COM
SI2016_002,"Houston, We Have a Problem",MOC
SI2016_003,Nika,COA
SI2016_004,Pojdi Z Mano,COA
SI2016_004,Pojdi Z Mano,THR
SI2016_004,Pojdi Z Mano,ADV
SI2016_005,Nočno življenje,DRA
SI2016_005,Nočno življenje,THR
SI2016_005,Nočno življenje,CRI
SI2016_006,Case: Osterberg,THR
SI2016_006,Case: Osterberg,ACT
SI2015_001,Šiška Deluxe,COM
SI2015_001,Šiška Deluxe,DRA
SI2015_002,Idila,ACT
SI2015_002,Idila,HOR
SI2015_002,Idila,THR
SI2015_003,Julija in alfa Romeo,COM
SI2015_003,Julija in alfa Romeo,COA
SI2015_003,Julija in alfa Romeo,ROM
SI2015_004,The Beat of Love: Utrip Ljubezni,ROM
SI2015_004,The Beat of Love: Utrip Ljubezni,COA
SI2015_005,Avtošola,COM
SI2015_005,Avtošola,CRI
SI2015_006,"Šuplje priče: Zdej te je, a zdej te ni",CRI
SI2015_006,"Šuplje priče: Zdej te je, a zdej te ni",THR
SI2015_007,Dom,DOB
SI2015_008,Rdeča raketa,ROA
SI2015_008,Rdeča raketa,ADV
SI2015_009,Doberdob - roman upornika,DPA
SI2015_009,Doberdob - roman upornika,DPE
SI2014_001,Vloga za Emo,DRA
SI2014_001,Vloga za Emo,COM
SI2014_002,Panika,DRA
SI2014_002,Panika,COM
SI2014_003,Pot v raj,COA
SI2014_003,Pot v raj,ROA
SI2014_003,Pot v raj,ROM
SI2014_004,Inferno,DRA
SI2014_005,The Mask of Democracy,DPA
SI2014_006,Zapelji me,DRA
HR2023_001,Cvrčak i mravica,ADV
HR2023_001,Cvrčak i mravica,COM
HR2023_001,Cvrčak i mravica,COA
HR2023_002,Tragovi,DRA
HR2023_003,Glava velike ribe,DRA
HR2023_004,Punim plućima,DRA
HR2023_005,El Shatt - nacrt za utopiju,DPO
HR2023_006,Pelikan,DRA
HR2023_007,Hotel Pula,COA
HR2023_007,Hotel Pula,DRA
HR2023_008,Smrt djevojčice sa žigicama,CRI
HR2023_008,Smrt djevojčice sa žigicama,DRA
HR2023_008,Smrt djevojčice sa žigicama,THR
HR2023_009,Ciné-Guerrillas: Scenes from the Labudović Reels,DPA
HR2023_010,Kuća na Kraljevcu,DPA
HR2023_011,Escort,DRA
HR2023_011,Escort,THR
HR2023_012,Snajka: Dnevnik očekivanja,DPA
HR2023_012,Snajka: Dnevnik očekivanja,DOB
HR2023_013,Sedmo nebo,COM
HR2023_014,Samo kad se smijem,DRA
HR2023_014,Samo kad se smijem,THR
HR2023_015,Sveta obitelj,DRA
HR2023_015,Sveta obitelj,ROM
HR2022_001,Tvornice radnicima,DOB
HR2022_002,Razgovor,BIO
HR2022_002,Razgovor,DRA
HR2022_002,Razgovor,HIS
HR2022_003,Veće od traume,DOB
HR2022_004,Djeca sa CNN-a,DRA
HR2022_004,Djeca sa CNN-a,ACT
HR2022_004,Djeca sa CNN-a,CRI
HR2022_005,Divljaci,ACT
HR2022_005,Divljaci,COM
HR2022_005,Divljaci,THR
HR2022_006,Baci se na pod,DRA
HR2022_007,Nosila je rubac črleni,COM
HR2022_008,Nuovo Cinema Buie,DPA
HR2022_009,Illyricvm,ADV
HR2022_009,Illyricvm,HIS
HR2022_009,Illyricvm,THR
HR2022_010,Marginalci,ADV
HR2022_010,Marginalci,COM
HR2022_010,Marginalci,DRA
HR2022_011,Sigurno mjesto,DRA
HR2022_012,Šesti autobus,DRA
HR2022_012,Šesti autobus,WAR
HR2022_013,Stric,COM
HR2022_013,Stric,THR
HR2022_013,Stric,HOR
HR2022_013,Stric,DRA
HR2022_014,Garbura,DRA
HR2021_001,Slučajna raskoš prozirnog vodenog rebusa,EXP
HR2021_002,Nun of Your Business,DPE
HR2021_003,Doba uskoka,ACT
HR2021_003,Doba uskoka,COM
HR2021_003,Doba uskoka,HIS
HR2021_003,Doba uskoka,DPE
HR2021_004,Zora,DRA
HR2021_004,Zora,HOR
HR2021_004,Zora,THR
HR2021_004,Zora,DYS
HR2021_005,Tereza37,DRA
HR2021_006,Riječki orao,DEX
HR2021_007,Love around the world,DPA
HR2021_008,Murina,DRA
HR2021_008,Murina,COA
HR2021_009,Zbornica,DRA
HR2021_010,Plavi cvijet,DRA
HR2021_011,A bili smo vam dobri,DRA
HR2021_011,A bili smo vam dobri,THR
HR2021_012,Po Tamburi,COM
HR2021_012,Po Tamburi,ACT
HR2020_001,Zagrebački ekvinocij,COM
HR2020_002,Stepinac: Kardinal i njegova savjest,DEX
HR2020_003,Ribanje i ribarsko prigovaranje,BIO
HR2020_003,Ribanje i ribarsko prigovaranje,DRA
HR2020_003,Ribanje i ribarsko prigovaranje,ROM
HR2020_003,Ribanje i ribarsko prigovaranje,HIS
HR2019_001,Koja je ovo država!,COM
HR2019_001,Koja je ovo država!,DRA
HR2019_002,Za ona dobra stara vremena,COM
HR2019_002,Za ona dobra stara vremena,DRA
HR2019_003,Mali,CRI
HR2019_003,Mali,DRA
HR2019_004,Posljednji Srbin u Hrvatskoj,ADV
HR2019_004,Posljednji Srbin u Hrvatskoj,COM
HR2019_004,Posljednji Srbin u Hrvatskoj,HOR
HR2019_004,Posljednji Srbin u Hrvatskoj,SCI
HR2019_005,Lada Kamenski,COM
HR2019_005,Lada Kamenski,DRA
HR2019_006,Dom,DRA
HR2019_006,Dom,ROM
HR2019_006,Dom,THR
HR2019_007,Moj dida je pao s Marsa,ADV
HR2019_007,Moj dida je pao s Marsa,FAM
HR2019_007,Moj dida je pao s Marsa,FAN
HR2019_007,Moj dida je pao s Marsa,SCI
HR2019_008,Ufuraj se i pukni,COM
HR2019_009,Duboki rezovi,DRA
HR2019_010,Do kraja smrti,DRA
HR2019_011,General,BIO
HR2019_011,General,DRA
HR2019_011,General,HIS
HR2019_011,General,WAR
HR2019_012,Tusta,DPA
HR2019_013,Dnevnik Diane Budisavljević,BIO
HR2019_013,Dnevnik Diane Budisavljević,WAR
HR2019_013,Dnevnik Diane Budisavljević,DRA
HR2019_013,Dnevnik Diane Budisavljević,HIS
HR2019_014,Dopunska nastava,COM
HR2019_014,Dopunska nastava,CRI
HR2019_014,Dopunska nastava,THR
HR2019_015,Ideš? Idem!,ROA
HR2019_015,Ideš? Idem!,COM
HR2019_015,Ideš? Idem!,ADV
HR2018_001,Ljetnikovac,DRA
HR2018_002,Sam samcat,DRA
HR2018_003,Osmi povjerenik,DRA
HR2018_003,Osmi povjerenik,COM
HR2018_004,Comic Sans,COM
HR2018_004,Comic Sans,DRA
HR2018_004,Comic Sans,ROM
HR2018_005,F20,ROM
HR2018_005,F20,THR
HR2018_005,F20,ACT
HR2018_006,Aleksi,COM
HR2018_006,Aleksi,DRA
HR2018_006,Aleksi,ROM
HR2018_007,Happy End,COM
HR2017_001,Anka,ADV
HR2017_001,Anka,CHI
HR2017_001,Anka,FAN
HR2017_002,Svinjari,COM
HR2017_003,Lavina,COM
HR2017_004,Fuck Off I Love You,COM
HR2017_004,Fuck Off I Love You,DRA
HR2017_005,Egzorcizam,HOR
HR2017_006,Agape,DRA
HR2017_007,Mrtve ribe,DRA
HR2016_001,S one strane,DRA
HR2016_002,Zg80,ACT
HR2016_002,Zg80,COM
HR2016_002,Zg80,SPO
HR2016_003,Ustav Republike Hrvatske,COM
HR2016_003,Ustav Republike Hrvatske,DRA
HR2016_004,Ministarstvo ljubavi,COM
HR2016_004,Ministarstvo ljubavi,DRA
HR2016_004,Ministarstvo ljubavi,ROM
HR2016_005,Sve najbolje,COM
HR2016_006,Goran,DRA
HR2016_006,Goran,THR
HR2015_001,Most na kraju svijeta,ACT
HR2015_001,Most na kraju svijeta,DRA
HR2015_001,Most na kraju svijeta,THR
HR2015_002,Takva su pravila,DRA
HR2015_003,Kosac,DRA
HR2015_004,Zagreb Cappuccino,DRA
HR2015_004,Zagreb Cappuccino,COM
HR2015_005,Ti mene nosiš,DRA
HR2015_005,Ti mene nosiš,ACT
HR2015_006,Zvizdan,DRA
HR2015_006,Zvizdan,ROM
HR2015_006,Zvizdan,WAR
HR2015_007,Narodni heroj Ljiljan Vidić,ADV
HR2015_007,Narodni heroj Ljiljan Vidić,COM
HR2015_007,Narodni heroj Ljiljan Vidić,WAR
HR2014_001,Projekcije,DRA
HR2014_002,Hitac,CRI
HR2014_002,Hitac,DRA
HR2014_003,Majstori,COM
HR2014_004,Duh babe Ilonke,CHI
HR2014_004,Duh babe Ilonke,FAN
HR2014_004,Duh babe Ilonke,MUS
HR2014_005,Simon Čudotvorac,COM
HR2014_006,Otok ljubavi,COM
HR2014_006,Otok ljubavi,ROM
HR2014_007,Happy Endings,CRI
HR2014_007,Happy Endings,DRA
HR2014_008,Broj 55,ACT
HR2014_008,Broj 55,HIS
HR2014_008,Broj 55,WAR
DE2023_001,Holy Spider,CRI
DE2023_001,Holy Spider,DRA
DE2023_001,Holy Spider,THR
DE2023_002,Mission Ulja Funk,CHI
DE2023_002,Mission Ulja Funk,ADV
DE2023_003,FCK 2020 - Zweieinhalb Jahre mit Scooter,DPA
DE2023_004,Schlachthäuser der Moderne,DOB
DE2023_004,Schlachthäuser der Moderne,EXP
DE2023_004,Schlachthäuser der Moderne,DPO
DE2023_005,Die drei ??? – Erbe des Drachen,ADV
DE2023_005,Die drei ??? – Erbe des Drachen,CHI
DE2023_005,Die drei ??? – Erbe des Drachen,THR
DE2023_006,Caveman,ROM
DE2023_006,Caveman,COM
DE2023_007,Schattenkind: Andreas Reiner,DOB
DE2023_007,Schattenkind: Andreas Reiner,DPA
DE2023_008,Sharaf,THR
DE2023_008,Sharaf,DRA
DE2023_009,Daniel Richter,DPA
DE2023_010,Aus meiner Haut,DRA
DE2023_010,Aus meiner Haut,FAN
DE2023_010,Aus meiner Haut,ROM
DE2023_011,Fritz Bauers Erbe - Gerechtigkeit verjährt nicht,DPA
DE2023_012,Bulldog,DRA
DE2023_013,The Albanian Virgin,DRA
DE2023_014,Acht Geschwister,DPA
DE2023_015,Sorry Genosse,DPA
DE2023_015,Sorry Genosse,DPO
DE2023_016,Wie Dich selbst?,DPA
DE2023_017,Vogelperspektiven,DPA
DE2023_018,"Quo Vadis, Angeln?",DOB
DE2023_018,"Quo Vadis, Angeln?",DPA
DE2023_019,"Wann wird es endlich wieder so, wie es nie war",COM
DE2023_019,"Wann wird es endlich wieder so, wie es nie war",DRA
DE2023_020,Lucy ist jetzt Gangster,COM
DE2023_020,Lucy ist jetzt Gangster,CRI
DE2023_020,Lucy ist jetzt Gangster,CHI
DE2023_021,Der Zeuge,DRA
DE2023_022,Alle wollen geliebt werden,COM
DE2023_022,Alle wollen geliebt werden,DRA
DE2023_023,CAN and Me,DPA
DE2023_024,Rock Chicks - I am not Female to You,DPA
DE2023_025,DORA - Flucht in die Musik,DPA
DE2023_026,"Mayor, Shepherd, Widow, Dragon",DOB
DE2023_027,Ladybitch,COM
DE2023_027,Ladybitch,DRA
DE2023_027,Ladybitch,EXP
DE2023_028,Der Pfau,MPF
DE2023_028,Der Pfau,COM
DE2023_028,Der Pfau,ADV
DE2023_029,Der Maler (Painter),DOB
DE2023_030,Überflieger 2 - Das Geheimnis des großen Juwels,ADV
DE2023_030,Überflieger 2 - Das Geheimnis des großen Juwels,CHI
DE2023_030,Überflieger 2 - Das Geheimnis des großen Juwels,FAN
DE2023_031,Der vermessene Mensch,HIS
DE2023_031,Der vermessene Mensch,DRA
DE2023_031,Der vermessene Mensch,WAR
DE2023_032,Lars Eidinger - Sein oder nicht sein,DPA
DE2023_033,Seneca,BIO
DE2023_033,Seneca,DRA
DE2023_033,Seneca,HIS
DE2023_034,Long Distance Swimmer: Sara Mardini,DOB
DE2023_035,Liebe Angst,DPO
DE2023_035,Liebe Angst,DOB
DE2023_036,Anne-Sophie Mutter - Vivace,DPA
DE2023_037,"Manta, Manta - Zwoter Teil",COM
DE2023_037,"Manta, Manta - Zwoter Teil",ACT
DE2023_038,Sisi & Ich,HIS
DE2023_038,Sisi & Ich,DRA
DE2023_038,Sisi & Ich,BIO
DE2023_039,The Ordinaries,COM
DE2023_039,The Ordinaries,DRA
DE2023_039,The Ordinaries,MUS
DE2023_039,The Ordinaries,FAN
DE2023_040,Olaf Jagger,MOC
DE2023_041,Irgendwann werden wir uns alles erzählen,DRA
DE2023_041,Irgendwann werden wir uns alles erzählen,HIS
DE2023_041,Irgendwann werden wir uns alles erzählen,ROM
DE2023_042,Der Fuchs,DRA
DE2023_042,Der Fuchs,WAR
DE2023_042,Der Fuchs,HIS
DE2023_043,Himbeeren mit Senf,COM
DE2023_043,Himbeeren mit Senf,DRA
DE2023_043,Himbeeren mit Senf,CHI
DE2023_043,Himbeeren mit Senf,FAN
DE2023_044,Roter Himmel,COM
DE2023_044,Roter Himmel,DRA
DE2023_044,Roter Himmel,ROM
DE2023_045,Das Recht der Stärkeren,DRA
DE2023_045,Das Recht der Stärkeren,EXP
DE2023_046,Der Illusionist,DPA
DE2023_047,Das Lehrerzimmer,DRA
DE2023_048,Musik,DRA
DE2023_048,Musik,EXP
DE2023_049,Mediterranean Fever,COM
DE2023_049,Mediterranean Fever,DRA
DE2023_050,Piaffe,DRA
DE2023_050,Piaffe,FAN
DE2023_050,Piaffe,EXP
DE2023_051,Adios Buenos Aires,COM
DE2023_051,Adios Buenos Aires,DRA
DE2023_051,Adios Buenos Aires,ROM
DE2023_052,"Wenzel: Glaubt nie, was ich singe",DPA
DE2023_053,153 Meter,DRA
DE2023_053,153 Meter,EXP
DE2023_054,Gewalten,DRA
DE2023_055,She Chef,DOB
DE2023_056,Blauer Himmel Weiße Wolken,DOB
DE2023_057,Fisch im Fell,ADV
DE2023_058,Orphea in Love,FAN
DE2023_058,Orphea in Love,MUS
DE2023_058,Orphea in Love,ROM
DE2023_059,All Inclusive,COM
DE2023_060,Coming home,DRA
DE2023_061,Tanja: Up in Arms,DPA
DE2023_062,Bis ans Ende der Nacht,CRI
DE2023_063,The Investor - The Independent Surf Movie,COM
DE2023_064,Die Unschärferelation der Liebe,COM
DE2023_064,Die Unschärferelation der Liebe,DRA
DE2023_064,Die Unschärferelation der Liebe,ROM
DE2023_065,Thomas Schütte - Ich bin nicht allein,DPA
DE2023_066,Jackie the Wolf,DOB
DE2023_067,Irre oder Der Hahn ist tot,DPA
DE2023_068,Gehen und Bleiben,DPA
DE2023_069,Lassie - Ein neues Abenteuer,ACT
DE2023_069,Lassie - Ein neues Abenteuer,DRA
DE2023_069,Lassie - Ein neues Abenteuer,CHI
DE2023_070,Geschlechterkampf - Das Ende des Patriarchats,COM
DE2023_070,Geschlechterkampf - Das Ende des Patriarchats,DRA
DE2023_071,Rehragout-Rendezvous,COM
DE2023_071,Rehragout-Rendezvous,CRI
DE2023_072,Black Box,DRA
DE2023_073,Kannawoniwasein!,ROA
DE2023_073,Kannawoniwasein!,ADV
DE2023_073,Kannawoniwasein!,COM
DE2023_073,Kannawoniwasein!,DRA
DE2023_074,Le Mali 70,DOB
DE2023_075,YOUTH TOPIA,COM
DE2023_075,YOUTH TOPIA,DRA
DE2023_076,Ponyherz,CHI
DE2023_076,Ponyherz,ADV
DE2023_077,Jeder schreibt für sich allein,DPA
DE2023_077,Jeder schreibt für sich allein,DRE
DE2023_078,"Sophia, der Tod und ich",COM
DE2023_078,"Sophia, der Tod und ich",DRA
DE2023_078,"Sophia, der Tod und ich",FAN
DE2023_079,Enkel für Fortgeschrittene,COM
DE2023_079,Enkel für Fortgeschrittene,MPF
DE2023_080,Jazzfieber,DPA
DE2023_081,Trauzeugen,COM
DE2023_082,Das Versprechen,DOB
DE2023_083,Frauen in Landschaften,DPA
DE2023_084,Weißt du noch,COM
DE2023_084,Weißt du noch,DRA
DE2023_084,Weißt du noch,ROM
DE2023_085,Wochenendrebellen,COM
DE2023_085,Wochenendrebellen,DRA
DE2023_085,Wochenendrebellen,SPO
DE2023_085,Wochenendrebellen,CHI
DE2023_086,Die Mittagsfrau,DRA
DE2023_086,Die Mittagsfrau,HIS
DE2023_087,Schlamassel,DRA
DE2023_088,Gernstls Reisen - Auf der Suche nach Irgendwas,DPA
DE2023_089,Eren,DOB
DE2023_089,Eren,DPA
DE2023_090,Anselm - Das Rauschen der Zeit,DPO
DE2023_091,Heaven Can Wait - Wir leben jetzt,DPA
DE2023_091,Heaven Can Wait - Wir leben jetzt,DOB
DE2023_092,Ein Fest fürs Leben,COM
DE2023_093,White Angel - The End of Marinka,DOB
DE2023_094,Neue Geschichten vom Pumuckl,ADV
DE2023_094,Neue Geschichten vom Pumuckl,COM
DE2023_094,Neue Geschichten vom Pumuckl,CHI
DE2023_095,Die (un)langweiligste Schule der Welt,CHI
DE2023_095,Die (un)langweiligste Schule der Welt,COM
DE2023_096,One for the Road,COM
DE2023_096,One for the Road,COM
DE2023_096,One for the Road,ROM
DE2023_097,Die Theorie von Allem,NOI
DE2023_097,Die Theorie von Allem,DRA
DE2023_097,Die Theorie von Allem,THR
DE2023_097,Die Theorie von Allem,HOR
DE2023_098,Kommt ein Vogel geflogen,COM
DE2023_098,Kommt ein Vogel geflogen,CHI
DE2023_099,Thabo and the Rhino Case,ADV
DE2023_099,Thabo and the Rhino Case,CHI
DE2023_100,Für immer,DOB
DE2023_101,Miss Holocaust Survivor,DPA
DE2023_102,Tastenarbeiter - Alexander von Schlippenbach,DPA
DE2023_103,Monster im Kopf,DRA
DE2023_104,Dead Girls Dancing,DRA
DE2023_105,Holy Shit: Can Poop Save the World?,DPA
DE2023_106,The Sound of Cologne,DPA
DE2023_107,Das Beste kommt noch!,COM
DE2023_108,Falling Into Place,DRA
DE2023_108,Falling Into Place,ROM
DE2023_109,Haus der Stille,THR
DE2023_110,791 km,COM
DE2023_110,791 km,DRA
DE2023_110,791 km,ROA
DE2023_111,Girl You Know It's True,BIO
DE2023_111,Girl You Know It's True,DRA
DE2022_001,Niemand ist bei den Kälbern,DRA
DE2022_001,Niemand ist bei den Kälbern,HOR
DE2022_002,Schattenstunde,BIO
DE2022_002,Schattenstunde,DRA
DE2022_002,Schattenstunde,WAR
DE2022_003,Wunderschön,COM
DE2022_003,Wunderschön,COM
DE2022_003,Wunderschön,COM
DE2022_003,Wunderschön,COM
DE2022_003,Wunderschön,COM
DE2022_003,Wunderschön,COM
DE2022_003,Wunderschön,COM
DE2022_003,Wunderschön,COM
DE2022_003,Wunderschön,DRA
DE2022_003,Wunderschön,ROM
DE2022_004,Träume sind wie wilde Tiger,CHI
DE2022_004,Träume sind wie wilde Tiger,ADV
DE2022_004,Träume sind wie wilde Tiger,COM
DE2022_005,Der Boandlkramer und die ewige Liebe,COM
DE2022_005,Der Boandlkramer und die ewige Liebe,FAN
DE2022_005,Der Boandlkramer und die ewige Liebe,ROM
DE2022_006,Das Mädchen mit den goldenen Hände,DRA
DE2022_006,Das Mädchen mit den goldenen Hände,HIS
DE2022_006,Das Mädchen mit den goldenen Hände,HEM
DE2022_007,Der Pfad,CHI
DE2022_007,Der Pfad,DRA
DE2022_007,Der Pfad,HIS
DE2022_008,Trübe Wolken,DRA
DE2022_008,Trübe Wolken,MYS
DE2022_008,Trübe Wolken,THR
DE2022_009,Europe,DRA
DE2022_010,Vatersland,COA
DE2022_010,Vatersland,HIS
DE2022_010,Vatersland,DRA
DE2022_011,Die Häschenschule - Der große Eierklau,ANI
DE2022_011,Die Häschenschule - Der große Eierklau,ADV
DE2022_011,Die Häschenschule - Der große Eierklau,COM
DE2022_012,JGA: Jasmin. Gina. Anna.,COM
DE2022_012,JGA: Jasmin. Gina. Anna.,DRA
DE2022_012,JGA: Jasmin. Gina. Anna.,ROM
DE2022_013,Trümmermädchen,DRA
DE2022_013,Trümmermädchen,THR
DE2022_013,Trümmermädchen,WAR
DE2022_013,Trümmermädchen,HIS
DE2022_013,Trümmermädchen,EXP
DE2022_014,Peterchens Mondfahrt,ADV
DE2022_014,Peterchens Mondfahrt,ANI
DE2022_014,Peterchens Mondfahrt,COM
DE2022_014,Peterchens Mondfahrt,FAN
DE2022_014,Peterchens Mondfahrt,SCI
DE2022_015,Im Nachtlicht,HOR
DE2022_015,Im Nachtlicht,THR
DE2022_016,Son of Cornwall,DPE
DE2022_016,Son of Cornwall,DPO
DE2022_017,Eingeschlossene Gesellschaft,MPF
DE2022_017,Eingeschlossene Gesellschaft,COM
DE2022_018,Geschichten vom Franz,CHI
DE2022_018,Geschichten vom Franz,COM
DE2022_018,Geschichten vom Franz,ADV
DE2022_019,Go Heal Yourself,DPE
DE2022_020,Köy,DPA
DE2022_021,Das Glaszimmer,DRA
DE2022_021,Das Glaszimmer,WAR
DE2022_022,Die Saat,DRA
DE2022_022,Die Saat,THR
DE2022_023,Wolke unterm Dach,COM
DE2022_023,Wolke unterm Dach,DRA
DE2022_024,"Der Mann, der die Welt aß",DRA
DE2022_025,Rabiye Kurnaz gegen George W. Bush,COM
DE2022_026,Der Onkel,COM
DE2022_027,Blutsauger,COM
DE2022_027,Blutsauger,FAN
DE2022_027,Blutsauger,HOR
DE2022_028,Heinrich Vogeler - Aus dem Leben eines Träumers,DPE
DE2022_028,Heinrich Vogeler - Aus dem Leben eines Träumers,DPO
DE2022_028,Heinrich Vogeler - Aus dem Leben eines Träumers,HIS
DE2022_029,Nico,DRA
DE2022_030,Willi und die Wunderkröte,ADV
DE2022_030,Willi und die Wunderkröte,CHI
DE2022_031,Bettina,DPA
DE2022_031,Bettina,BIO
DE2022_032,Stasikomödie,HIS
DE2022_032,Stasikomödie,SPY
DE2022_032,Stasikomödie,COM
DE2022_032,Stasikomödie,ROM
DE2022_033,Ökozid,COM
DE2022_033,Ökozid,DRA
DE2022_033,Ökozid,SCI
DE2022_034,Die Bilderkriegerin,BIO
DE2022_034,Die Bilderkriegerin,DRA
DE2022_035,Immenhof - Das große Versprechen,ADV
DE2022_035,Immenhof - Das große Versprechen,DRA
DE2022_036,Mia and Me: The Hero of Centopia,ADV
DE2022_036,Mia and Me: The Hero of Centopia,ANI
DE2022_036,Mia and Me: The Hero of Centopia,FAN
DE2022_037,Alles in bester Ordnung,COM
DE2022_037,Alles in bester Ordnung,DRA
DE2022_037,Alles in bester Ordnung,ROM
DE2022_038,Heikos Welt,COM
DE2022_038,Heikos Welt,SPO
DE2022_039,Bastard in Mind,DPA
DE2022_039,Bastard in Mind,DPE
DE2022_040,Rivale,CHI
DE2022_040,Rivale,DRA
DE2022_040,Rivale,THR
DE2022_041,The Strait Guys,DPE
DE2022_042,Ein großes Versprechen,DRA
DE2022_043,Zum Tod meiner Mutter,DRA
DE2022_044,Die Geschichte der Menschheit - leicht gekürzt,COM
DE2022_044,Die Geschichte der Menschheit - leicht gekürzt,HIS
DE2022_045,Endlich unendlich,DPA
DE2022_046,Zwischen uns,DRA
DE2022_047,Stand Up,DRA
DE2022_048,A E I O U - Das schnelle Alphabet der Liebe,ROM
DE2022_048,A E I O U - Das schnelle Alphabet der Liebe,COM
DE2022_048,A E I O U - Das schnelle Alphabet der Liebe,DRA
DE2022_049,Dear Memories - Eine Reise mit dem Magnum-Fotografen Thomas Hoepker,DPA
DE2022_050,Axiom,COM
DE2022_050,Axiom,DRA
DE2022_051,Alfons Zitterbacke - Endlich Klassenfahrt!,COM
DE2022_051,Alfons Zitterbacke - Endlich Klassenfahrt!,CHI
DE2022_052,Best Birthday Ever,ANI
DE2022_053,Liebesdings,COM
DE2022_053,Liebesdings,ROM
DE2022_054,The Expert at the Card Table,DEX
DE2022_055,Everything Will Change,DRA
DE2022_055,Everything Will Change,SCI
DE2022_056,Bibi & Tina: Einfach Anders,ADV
DE2022_056,Bibi & Tina: Einfach Anders,COM
DE2022_056,Bibi & Tina: Einfach Anders,CHI
DE2022_057,Geborgtes Weiß,DRA
DE2022_057,Geborgtes Weiß,FAM
DE2022_057,Geborgtes Weiß,ROM
DE2022_058,Guglhupfgeschwader,COM
DE2022_058,Guglhupfgeschwader,CRI
DE2022_059,Nicht ganz koscher: Eine göttliche Komödie,COM
DE2022_060,Der junge Häuptling Winnetou,ADV
DE2022_060,Der junge Häuptling Winnetou,CHI
DE2022_060,Der junge Häuptling Winnetou,WES
DE2022_061,Grand Jeté,DRA
DE2022_062,Sweet Disaster,COM
DE2022_062,Sweet Disaster,DRA
DE2022_063,Die Zukunft ist ein einsamer Ort,CRI
DE2022_063,Die Zukunft ist ein einsamer Ort,DRA
DE2022_063,Die Zukunft ist ein einsamer Ort,THR
DE2022_064,Jagdsaison,COM
DE2022_064,Jagdsaison,DRA
DE2022_065,Die Känguru-Verschwörung,COM
DE2022_065,Die Känguru-Verschwörung,FAN
DE2022_066,Evolution,DRA
DE2022_066,Evolution,HIS
DE2022_067,Freibad,COM
DE2022_068,Komm mit mir in das Cinema - Die Gregors,DPA
DE2022_069,L'état et moi,COM
DE2022_069,L'état et moi,DRA
DE2022_069,L'état et moi,FAN
DE2022_070,Le tigre qui s’invita pour le thé,ANI
DE2022_070,Le tigre qui s’invita pour le thé,COM
DE2022_071,Alle reden übers Wetter,DRA
DE2022_071,Alle reden übers Wetter,HEM
DE2022_072,Lieber Kurt,DRA
DE2022_073,Mittagsstunde,DRA
DE2022_073,Mittagsstunde,HEM
DE2022_074,Verabredungen mit einem Dichter - Michael Krüger,DPA
DE2022_075,Da kommt noch was,COM
DE2022_075,Da kommt noch was,DRA
DE2022_076,Die Schule der magischen Tiere 2,ADV
DE2022_076,Die Schule der magischen Tiere 3,COM
DE2022_076,Die Schule der magischen Tiere 4,ROM
DE2022_077,Mutter,DPE
DE2022_077,Mutter,DRA
DE2022_078,Wir könnten genauso gut tot sein,DRA
DE2022_079,"In einem Land, das es nicht mehr gibt",DRA
DE2022_079,"In einem Land, das es nicht mehr gibt",HIS
DE2022_080,Rimini,COM
DE2022_080,Rimini,DRA
DE2022_080,Rimini,HEM
DE2022_081,Margarethe von Trotta - Zeit der Frauen,DPA
DE2022_082,Der Passfälscher,BIO
DE2022_082,Der Passfälscher,DRA
DE2022_082,Der Passfälscher,HIS
DE2022_083,Nicht verrecken,DPA
DE2022_084,Ach du Scheisse!,ACT
DE2022_084,Ach du Scheisse!,COM
DE2022_084,Ach du Scheisse!,THR
DE2022_085,Der Nachname,COM
DE2022_085,Der Nachname,MPF
DE2022_086,Die Mucklas ... und wie sie zu Pettersson und Findus kamen,ADV
DE2022_086,Die Mucklas ... und wie sie zu Pettersson und Findus kamen,ANI
DE2022_086,Die Mucklas ... und wie sie zu Pettersson und Findus kamen,COM
DE2022_086,Die Mucklas ... und wie sie zu Pettersson und Findus kamen,FAN
DE2022_087,Werner Herzog - Radical Dreamer,DPA
DE2022_088,Rheingold,BIO
DE2022_088,Rheingold,CRI
DE2022_088,Rheingold,DRA
DE2022_089,Schweigend steht der Wald,CRI
DE2022_089,Schweigend steht der Wald,DRA
DE2022_089,Schweigend steht der Wald,HIS
DE2022_089,Schweigend steht der Wald,MYS
DE2022_089,Schweigend steht der Wald,THR
DE2022_090,"Der Russe ist einer, der Birken liebt",DRA
DE2022_091,Die Frau des Dichters,DPA
DE2022_092,Hui Buh und das Hexenschloss,ADV
DE2022_092,Hui Buh und das Hexenschloss,COM
DE2022_092,Hui Buh und das Hexenschloss,FAN
DE2022_093,Wer gräbt den Bestatter ein?,MET
DE2022_093,Wer gräbt den Bestatter ein?,COM
DE2022_093,Wer gräbt den Bestatter ein?,CRI
DE2022_093,Wer gräbt den Bestatter ein?,ADV
DE2022_094,Wir sind dann wohl die Angehörigen,CRI
DE2022_094,Wir sind dann wohl die Angehörigen,DRA
DE2022_094,Wir sind dann wohl die Angehörigen,THR
DE2022_095,Elfriede Jelinek - die Sprache von der Leine lassen,DPA
DE2022_096,Human Factors,DRA
DE2022_096,Human Factors,MYS
DE2022_097,Hunter from Elsewhere - a Journey with Helen Britton,DPA
DE2022_098,Einfach mal was Schönes,COM
DE2022_098,Einfach mal was Schönes,DRA
DE2022_098,Einfach mal was Schönes,ROM
DE2022_099,Kopfplatzen,DRA
DE2022_100,The Magic Flute,ADV
DE2022_100,The Magic Flute,FAN
DE2022_101,The Middle Man,COM
DE2022_101,The Middle Man,DRA
DE2022_102,König hört auf,DPA
DE2022_103,Echo,CRI
DE2022_103,Echo,DRA
DE2022_104,Nachtwald,ADV
DE2022_104,Nachtwald,FAM
DE2022_105,Die stillen Trabanten,DRA
DE2022_106,Ich Ich Ich,COM
DE2022_106,Ich Ich Ich,DRA
DE2022_106,Ich Ich Ich,ROM
DE2022_107,Der Räuber Hotzenplotz,ADV
DE2022_107,Der Räuber Hotzenplotz,COM
DE2022_107,Der Räuber Hotzenplotz,CRI
DE2022_107,Der Räuber Hotzenplotz,FAN
DE2022_108,Was man von hier aus sehen kann,COM
DE2022_108,Was man von hier aus sehen kann,DRA
DE2022_109,Stille Post,DRA
DE2022_110,Oskars Kleid,COM
DE2022_110,Oskars Kleid,DRA
DE2021_001,Szenen meiner Ehe,DPE
DE2021_002,Weissbier im Blut,COM
DE2021_002,Weissbier im Blut,CRI
DE2021_003,Kids Run,CRI
DE2021_003,Kids Run,DRA
DE2021_003,Kids Run,ROM
DE2021_004,Stillstehen,DRA
DE2021_005,Stowaway,ADV
DE2021_005,Stowaway,SCI
DE2021_005,Stowaway,THI
DE2021_006,Sommer-Rebellen,CHI
DE2021_006,Sommer-Rebellen,ADV
DE2021_007,Catweazle,ADV
DE2021_007,Catweazle,COM
DE2021_007,Catweazle,CHI
DE2021_007,Catweazle,FAN
DE2021_008,Ich bin dein Mensch,ROM
DE2021_008,Ich bin dein Mensch,COM
DE2021_008,Ich bin dein Mensch,DRA
DE2021_008,Ich bin dein Mensch,SCI
DE2021_009,Shorty und das Geheimnis des Zauberriffs,CHI
DE2021_010,Im Feuer,DRA
DE2021_010,Im Feuer,WAR
DE2021_011,Nebenan,COM
DE2021_011,Nebenan,DRA
DE2021_012,Wir alle. Das Dorf,DOB
DE2021_013,Gasmann,COM
DE2021_013,Gasmann,DRA
DE2021_014,Glück,DRA
DE2021_014,Glück,ROM
DE2021_015,Smelliville,ADV
DE2021_015,Smelliville,CHI
DE2021_016,Die Vergesslichkeit der Eichhörnchen,COM
DE2021_016,Die Vergesslichkeit der Eichhörnchen,DRA
DE2021_017,Home,DRA
DE2021_017,Home,THR
DE2021_018,Julia muss sterben,COM
DE2021_018,Julia muss sterben,DRA
DE2021_019,Ostwind - Der große Orkan,ADV
DE2021_019,Ostwind - Der große Orkan,CHI
DE2021_020,Fabian oder Der Gang vor die Hunde,DRA
DE2021_020,Fabian oder Der Gang vor die Hunde,ROM
DE2021_021,Kaiserschmarrndrama,COM
DE2021_022,Kultourhelden,DPA
DE2021_023,Look Me Over: Liberace,DPA
DE2021_024,Kunst kommt aus dem Schnabel wie er gewachsen ist,DPA
DE2021_025,Nahschuss,DRA
DE2021_026,Neubau,DRA
DE2021_027,Wem gehört mein Dorf?,DPA
DE2021_028,Die Frau des Piloten,DRA
DE2021_028,Die Frau des Piloten,ROM
DE2021_029,König der Raben,COM
DE2021_029,König der Raben,DRA
DE2021_030,Coup,COM
DE2021_031,Sky Sharks,COM
DE2021_031,Sky Sharks,HOR
DE2021_031,Sky Sharks,SCI
DE2021_032,Tides,ADV
DE2021_032,Tides,SCI
DE2021_032,Tides,THR
DE2021_032,Tides,DYS
DE2021_033,Bekenntnisse des Hochstaplers Felix Krull,COM
DE2021_033,Bekenntnisse des Hochstaplers Felix Krull,CRI
DE2021_033,Bekenntnisse des Hochstaplers Felix Krull,DRA
DE2021_034,Mary Bauermeister - eins und eins ist drei,DPA
DE2021_034,Mary Bauermeister - eins und eins ist drei,DPA
DE2021_035,Vic the Viking and the Magic Sword,ACT
DE2021_035,Vic the Viking and the Magic Sword,ADV
DE2021_035,Vic the Viking and the Magic Sword,COM
DE2021_035,Vic the Viking and the Magic Sword,CHI
DE2021_036,1986,DRA
DE2021_036,1986,THR
DE2021_037,Beckenrand Sheriff,COM
DE2021_037,Beckenrand Sheriff,SPO
DE2021_038,Curveball,COM
DE2021_038,Curveball,CRI
DE2021_038,Curveball,HIS
DE2021_038,Curveball,WAR
DE2021_039,Ein Nasser Hund,DRA
DE2021_039,Ein Nasser Hund,DRA
DE2021_039,Ein Nasser Hund,DRA
DE2021_039,Ein Nasser Hund,DRA
DE2021_039,Ein Nasser Hund,DRA
DE2021_040,Herr Bachmann und seine Klasse,DOB
DE2021_041,Ivie wie Ivie,COM
DE2021_041,Ivie wie Ivie,DRA
DE2021_042,Je Suis Karl,DRA
DE2021_042,Je Suis Karl,ROM
DE2021_042,Je Suis Karl,THR
DE2021_043,Gender Crisis,COM
DE2021_043,Gender Crisis,DRA
DE2021_044,The Royal Game,DRA
DE2021_044,The Royal Game,THR
DE2021_044,The Royal Game,WAR
DE2021_045,The Sunlit Night,DRA
DE2021_045,The Sunlit Night,ROM
DE2021_046,Zu den Sternen,DRA
DE2021_046,Zu den Sternen,THR
DE2021_047,Nö,COM
DE2021_047,Nö,ROM
DE2021_048,Die Pfefferkörner und der Schatz der Tiefsee,ACT
DE2021_048,Die Pfefferkörner und der Schatz der Tiefsee,ADV
DE2021_048,Die Pfefferkörner und der Schatz der Tiefsee,COM
DE2021_048,Die Pfefferkörner und der Schatz der Tiefsee,CRI
DE2021_048,Die Pfefferkörner und der Schatz der Tiefsee,CHI
DE2021_049,Le Prince,DRA
DE2021_050,Lost in Face,DOB
DE2021_051,Töchter,DRA
DE2021_051,Töchter,ROA
DE2021_051,Töchter,COM
DE2021_052,Das Haus,DRA
DE2021_052,Das Haus,SCI
DE2021_052,Das Haus,THR
DE2021_053,Der Siebzehnte,DPA
DE2021_054,Uta,DOB
DE2021_054,Uta,DPO
DE2021_055,Die Schule der magischen Tiere,ADV
DE2021_055,Die Schule der magischen Tiere,CHI
DE2021_056,Endlich Tacheles,DPA
DE2021_056,Endlich Tacheles,DPO
DE2021_057,"Es ist nur eine Phase, Hase",COM
DE2021_057,"Es ist nur eine Phase, Hase",DRA
DE2021_057,"Es ist nur eine Phase, Hase",ROM
DE2021_058,Eine einsame Stadt,DPA
DE2021_059,Walchensee Forever,DPA
DE2021_059,Walchensee Forever,DPE
DE2021_060,Genderation,DPA
DE2021_061,Die letzte Stadt,EXP
DE2021_061,Die letzte Stadt,COM
DE2021_062,Contra,COM
DE2021_063,Monster Family 2,COM
DE2021_063,Monster Family 2,FAN
DE2021_063,Monster Family 2,HOR
DE2021_063,Monster Family 2,SCI
DE2021_064,Paris - Kein Tag ohne dich,DPO
DE2021_065,Die Rettung der uns bekannten Welt,COM
DE2021_065,Die Rettung der uns bekannten Welt,DRA
DE2021_066,Eine Handvoll Wasser,DRA
DE2021_066,Eine Handvoll Wasser,THR
DE2021_066,Eine Handvoll Wasser,COA
DE2021_067,Windstill,DRA
DE2021_068,Lieber Thomas,BIO
DE2021_068,Lieber Thomas,DRA
DE2021_068,Lieber Thomas,HIS
DE2021_069,Tagundnachtgleiche,DRA
DE2021_070,Mein Sohn,COA
DE2021_070,Mein Sohn,ROA
DE2021_070,Mein Sohn,DRA
DE2021_071,Das schwarze Quadrat,CRI
DE2021_071,Das schwarze Quadrat,COM
DE2021_071,Das schwarze Quadrat,ROA
DE2021_072,Baden gegen Württemberg,HIS
DE2021_073,Bilder (m)einer Mutter,DPA
DE2021_073,Bilder (m)einer Mutter,DPE
DE2021_074,Hannes,COM
DE2021_074,Hannes,DRA
DE2021_075,A Pure Place,DRA
DE2021_075,A Pure Place,HOR
DE2021_075,A Pure Place,MYS
DE2021_076,Plan A,DRA
DE2021_076,Plan A,HIS
DE2021_076,Plan A,THR
DE2021_077,Zeros and Ones,ACT
DE2021_077,Zeros and Ones,ADV
DE2021_077,Zeros and Ones,MYS
DE2021_077,Zeros and Ones,THR
DE2021_077,Zeros and Ones,WAR
DE2020_001,Sprite Sisters - Vier zauberhafte Schwestern,ADV
DE2020_001,Sprite Sisters - Vier zauberhafte Schwestern,COM
DE2020_001,Sprite Sisters - Vier zauberhafte Schwestern,FAN
DE2020_002,Freies Land,CRI
DE2020_002,Freies Land,DRA
DE2020_002,Freies Land,MYS
DE2020_003,"Mein Vater, Mein Sohn Und Der Kilimandscharo",DEX
DE2020_004,Lindenberg! Mach dein Ding,BIO
DE2020_004,Lindenberg! Mach dein Ding,DRA
DE2020_004,Lindenberg! Mach dein Ding,HIS
DE2020_004,Lindenberg! Mach dein Ding,MUS
DE2020_005,Crescendo,DRA
DE2020_005,Crescendo,MUS
DE2020_006,Character One: Susan,DPA
DE2020_007,Die Hochzeit,COM
DE2020_007,Die Hochzeit,ROM
DE2020_008,Die Wolf-Gäng,CHI
DE2020_008,Die Wolf-Gäng,FAN
DE2020_009,Das Vorspiel,MUS
DE2020_009,Das Vorspiel,DRA
DE2020_010,Roland Rebers Todesrevue,MUS
DE2020_010,Roland Rebers Todesrevue,FAN
DE2020_010,Roland Rebers Todesrevue,EXP
DE2020_011,Die Heinzels - Rückkehr der Heinzelmännchen,ANI
DE2020_011,Die Heinzels - Rückkehr der Heinzelmännchen,COM
DE2020_011,Die Heinzels - Rückkehr der Heinzelmännchen,FAN
DE2020_012,Darkroom - Tödliche Tropfen,CRI
DE2020_012,Darkroom - Tödliche Tropfen,DRA
DE2020_012,Darkroom - Tödliche Tropfen,FAN
DE2020_012,Darkroom - Tödliche Tropfen,COU
DE2020_013,Enkel für Anfänger,COM
DE2020_013,Enkel für Anfänger,CHI
DE2020_013,Enkel für Anfänger,MPF
DE2020_014,Butenland,DPA
DE2020_014,Butenland,DPE
DE2020_015,Nightlife,COM
DE2020_015,Nightlife,ROM
DE2020_016,"Kill Me Today, Tomorrow I'm Sick!",COM
DE2020_016,"Kill Me Today, Tomorrow I'm Sick!",DRA
DE2020_017,Friedrich Hölderlin - Dichter sein. Unbedingt!,DPA
DE2020_017,Friedrich Hölderlin - Dichter sein. Unbedingt!,DPE
DE2020_017,Friedrich Hölderlin - Dichter sein. Unbedingt!,ANI
DE2020_018,Limbo,CRI
DE2020_018,Limbo,DRA
DE2020_018,Limbo,THI
DE2020_018,Limbo,HOR
DE2020_019,Lassie - Eine abenteuerliche Reise,ADV
DE2020_019,Lassie - Eine abenteuerliche Reise,DRA
DE2020_019,Lassie - Eine abenteuerliche Reise,FAM
DE2020_020,Das Wunder von Taipeh,DPA
DE2020_021,Die Känguru-Chroniken,COM
DE2020_021,Die Känguru-Chroniken,ANI
DE2020_022,Jenseits des Sichtbaren - Hilma af Klint,DPA
DE2020_022,Jenseits des Sichtbaren - Hilma af Klint,DPE
DE2020_023,Paris Calligrammes,DPA
DE2020_023,Paris Calligrammes,DPE
DE2020_024,Kahlschlag,CRI
DE2020_024,Kahlschlag,THI
DE2020_025,Der Krieg in mir,DPA
DE2020_025,Der Krieg in mir,DPE
DE2020_026,800 Mal Einsam - ein Tag mit dem Filmemacher Edgar Reitz,DPA
DE2020_026,800 Mal Einsam - ein Tag mit dem Filmemacher Edgar Reitz,DPE
DE2020_027,Narziss und Goldmund,DRA
DE2020_027,Narziss und Goldmund,HIS
DE2020_028,Wagenknecht,DPA
DE2020_029,Blind,CRI
DE2020_029,Blind,DRA
DE2020_029,Blind,THI
DE2020_030,Bleichercode der Film,COM
DE2020_031,La Palma,COM
DE2020_031,La Palma,DRA
DE2020_031,La Palma,ROM
DE2020_032,Guns Akimbo,ACT
DE2020_032,Guns Akimbo,COM
DE2020_032,Guns Akimbo,CRI
DE2020_032,Guns Akimbo,THI
DE2020_033,Der Geburtstag,DRA
DE2020_034,Gipsy Queen,DRA
DE2020_034,Gipsy Queen,SPO
DE2020_035,Takeover,COM
DE2020_035,Takeover,COA
DE2020_036,Undine,DRA
DE2020_036,Undine,FAN
DE2020_036,Undine,ROM
DE2020_036,Undine,THI
DE2020_036,Undine,MYS
DE2020_037,Sunburned,DRA
DE2020_037,Sunburned,COA
DE2020_038,Helmut Newton: The Bad and the Beautiful,HIS
DE2020_038,Helmut Newton: The Bad and the Beautiful,BIO
DE2020_038,Helmut Newton: The Bad and the Beautiful,DPA
DE2020_039,Into the Beat - Dein Herz tanzt,DRA
DE2020_039,Into the Beat - Dein Herz tanzt,MUS
DE2020_039,Into the Beat - Dein Herz tanzt,ROM
DE2020_039,Into the Beat - Dein Herz tanzt,COA
DE2020_040,Berlin Alexanderplatz,CRI
DE2020_040,Berlin Alexanderplatz,DRA
DE2020_040,Berlin Alexanderplatz,THI
DE2020_041,Leif in Concert,COM
DE2020_041,Leif in Concert,DRA
DE2020_041,Leif in Concert,MUS
DE2020_042,Wim Wenders: Desperado,DPA
DE2020_043,"Hilfe, ich hab meine Freunde geschrumpft",CHI
DE2020_043,"Hilfe, ich hab meine Freunde geschrumpft",FAN
DE2020_043,"Hilfe, ich hab meine Freunde geschrumpft",COM
DE2020_044,Max und die wilde 7,ADV
DE2020_044,Max und die wilde 7,CRI
DE2020_044,Max und die wilde 7,CHI
DE2020_045,"Sein - Gesund, Bewusst, Lebendig",DPA
DE2020_046,Giraffe,DRA
DE2020_046,Giraffe,ROM
DE2020_047,Spencer,BIO
DE2020_048,Ausgrissn! - In der Lederhosn nach Las Vegas,DOB
DE2020_048,Ausgrissn! - In der Lederhosn nach Las Vegas,ADV
DE2020_049,Divine,COM
DE2020_049,Divine,ROM
DE2020_050,The Accidental Rebel,DRA
DE2020_051,Kopfplatzen,DRA
DE2020_052,Exil,DRA
DE2020_052,Exil,MYS
DE2020_052,Exil,THI
DE2020_053,Experiment Sozialismus - Rückkehr nach Kuba,DPA
DE2020_054,Mit dem Rückwärtsgang nach vorn,COM
DE2020_055,Uferfrauen – Lesbisches L(I)Eben In Der Ddr,DPA
DE2020_056,Faking Bullshit - Krimineller als die Polizei erlaubt!,COM
DE2020_056,Faking Bullshit - Krimineller als die Polizei erlaubt!,ACT
DE2020_056,Faking Bullshit - Krimineller als die Polizei erlaubt!,THI
DE2020_057,Kiss Me Kosher,COM
DE2020_057,Kiss Me Kosher,DRA
DE2020_057,Kiss Me Kosher,ROM
DE2020_058,Body of Truth,DPA
DE2020_058,Body of Truth,DPE
DE2020_059,Hello Again - A Wedding a Day,COM
DE2020_059,Hello Again - A Wedding a Day,FAN
DE2020_059,Hello Again - A Wedding a Day,ROM
DE2020_060,Chichinette: The Accidental Spy,DPA
DE2020_060,Chichinette: The Accidental Spy,BIO
DE2020_061,In Berlin wächst kein Orangenbaum,DRA
DE2020_061,In Berlin wächst kein Orangenbaum,THI
DE2020_062,Jim Knopf und die Wilde 13,ADV
DE2020_062,Jim Knopf und die Wilde 13,FAN
DE2020_062,Jim Knopf und die Wilde 13,CHI
DE2020_063,"Gott, du kannst ein Arsch sein",COM
DE2020_063,"Gott, du kannst ein Arsch sein",DRA
DE2020_063,"Gott, du kannst ein Arsch sein",ROM
DE2020_063,"Gott, du kannst ein Arsch sein",ROA
DE2020_064,Enfant Terrible,BIO
DE2020_064,Enfant Terrible,DRA
DE2020_065,Es ist zu deinem Besten,COM
DE2020_065,Es ist zu deinem Besten,ROM
DE2020_065,Es ist zu deinem Besten,MPF
DE2020_066,Im Stillen laut (A Quiet Resistance),DOB
DE2020_067,Dragon Rider,ADV
DE2020_067,Dragon Rider,ANI
DE2020_067,Dragon Rider,COM
DE2020_067,Dragon Rider,FAN
DE2020_068,Und morgen die ganze Welt,CRI
DE2020_068,Und morgen die ganze Welt,DRA
DE2020_068,Und morgen die ganze Welt,ROM
DE2020_069,Cortex,DRA
DE2020_069,Cortex,THI
DE2020_069,Cortex,CRI
DE2019_001,Kalte Füße,COM
DE2019_001,Kalte Füße,ADV
DE2019_002,Adam und Evelyn,DRA
DE2019_002,Adam und Evelyn,ROM
DE2019_002,Adam und Evelyn,ROA
DE2019_003,Meine Welt ist die Musik - Der Komponist Christian Bruhn,DPA
DE2019_004,Immenhof - Das Abenteuer eines Sommers,ADV
DE2019_004,Immenhof - Das Abenteuer eines Sommers,DRA
DE2019_004,Immenhof - Das Abenteuer eines Sommers,COA
DE2019_004,Immenhof - Das Abenteuer eines Sommers,SPO
DE2019_005,The Secrets of Handsome Leo,DPA
DE2019_005,The Secrets of Handsome Leo,DPE
DE2019_006,Das letzte Mahl,HIS
DE2019_006,Das letzte Mahl,DRA
DE2019_007,Glück ist was für Weicheier,COM
DE2019_007,Glück ist was für Weicheier,DRA
DE2019_007,Glück ist was für Weicheier,COA
DE2019_008,Asi mit Niwoh - Die Jürgen Zeltinger Geschichte,DPA
DE2019_009,Club der roten Bänder - Wie alles begann,COA
DE2019_009,Club der roten Bänder - Wie alles begann,DRA
DE2019_009,Club der roten Bänder - Wie alles begann,SPO
DE2019_010,Luft,DRA
DE2019_010,Luft,ROM
DE2019_011,Der goldene Handschuh,HOR
DE2019_011,Der goldene Handschuh,THI
DE2019_011,Der goldene Handschuh,CRI
DE2019_012,Ostwind: Aris Ankunft,CHI
DE2019_012,Ostwind: Aris Ankunft,ADV
DE2019_013,Wie gut ist deine Beziehung?,COM
DE2019_013,Wie gut ist deine Beziehung?,ROM
DE2019_014,Manou the Swift,CHI
DE2019_014,Manou the Swift,ADV
DE2019_014,Manou the Swift,COM
DE2019_015,Rate Your Date,COM
DE2019_015,Rate Your Date,ROM
DE2019_016,Kirschblüten & Dämonen,HEM
DE2019_016,Kirschblüten & Dämonen,EXP
DE2019_016,Kirschblüten & Dämonen,DRA
DE2019_016,Kirschblüten & Dämonen,FAN
DE2019_017,The Bra,COM
DE2019_017,The Bra,ROA
DE2019_017,The Bra,ROM
DE2019_018,"Helmut Berger, meine Mutter und ich",DPA
DE2019_018,"Helmut Berger, meine Mutter und ich",DPE
DE2019_019,A Young Man with High Potential,DRA
DE2019_019,A Young Man with High Potential,HOR
DE2019_019,A Young Man with High Potential,THI
DE2019_020,Rocca verändert die Welt,CHI
DE2019_020,Rocca verändert die Welt,COM
DE2019_020,Rocca verändert die Welt,ADV
DE2019_021,Trautmann,HIS
DE2019_021,Trautmann,DRA
DE2019_021,Trautmann,WAR
DE2019_021,Trautmann,SPO
DE2019_021,Trautmann,ROM
DE2019_022,Misfit,COA
DE2019_022,Misfit,COM
DE2019_022,Misfit,ROM
DE2019_023,Die Goldfische,COM
DE2019_024,Head Full of Honey,DRA
DE2019_024,Head Full of Honey,COM
DE2019_024,Head Full of Honey,CHI
DE2019_025,Scala Adieu - Von Windeln verweht,DPA
DE2019_026,Wintermärchen,CRI
DE2019_026,Wintermärchen,THI
DE2019_027,Die Toten Hosen - You Only Live Once,DPA
DE2019_028,Princess Emmy,FAN
DE2019_029,Very Senior - Attitude is everything,DPA
DE2019_030,Unheimlich perfekte Freunde,FAN
DE2019_030,Unheimlich perfekte Freunde,CHI
DE2019_030,Unheimlich perfekte Freunde,ADV
DE2019_031,Land of My Children,DPA
DE2019_031,Land of My Children,DPE
DE2019_032,Der Funktionär,DPA
DE2019_032,Der Funktionär,DPE
DE2019_033,Alfons Zitterbacke: Das Chaos ist zurück,ADV
DE2019_033,Alfons Zitterbacke: Das Chaos ist zurück,COM
DE2019_033,Alfons Zitterbacke: Das Chaos ist zurück,CHI
DE2019_034,Der Fall Collini,COU
DE2019_034,Der Fall Collini,DRA
DE2019_034,Der Fall Collini,THI
DE2019_034,Der Fall Collini,WAR
DE2019_034,Der Fall Collini,DTH
DE2019_035,Goliath96,DRA
DE2019_036,Atlas,DRA
DE2019_036,Atlas,CRI
DE2019_037,Liebesfilm,ROM
DE2019_037,Liebesfilm,COM
DE2019_038,Luft Zum Atmen - 40 Jahre Opposition Bei Opel In Bochum,DPA
DE2019_039,JOMI's Sphere of Action,DPA
DE2019_040,Nur eine Frau,DRA
DE2019_041,Das Ende der Wahrheit,DRA
DE2019_041,Das Ende der Wahrheit,THI
DE2019_042,Caraba,DRA
DE2019_042,Caraba,COA
DE2019_043,Jibril,DRA
DE2019_043,Jibril,ROM
DE2019_044,The Silence,DRA
DE2019_044,The Silence,HOR
DE2019_044,The Silence,SCI
DE2019_044,The Silence,THI
DE2019_045,German Class,DOB
DE2019_046,All my Loving,DRA
DE2019_047,Sunset Over Mulholland Drive,DPA
DE2019_047,Sunset Over Mulholland Drive,MET
DE2019_048,Peter Pfister - Der Pferdemann,DPA
DE2019_049,Roads,ADV
DE2019_049,Roads,DRA
DE2019_049,Roads,ROA
DE2019_050,High Life,DRA
DE2019_050,High Life,HOR
DE2019_050,High Life,SCI
DE2019_050,High Life,THI
DE2019_051,The Artist & The Pervert,DOB
DE2019_052,TKKG,ADV
DE2019_052,TKKG,COM
DE2019_052,TKKG,CRI
DE2019_052,TKKG,CHI
DE2019_053,Das Leben meiner Tochter,DRA
DE2019_054,Kim hat einen Penis,COM
DE2019_054,Kim hat einen Penis,DRA
DE2019_054,Kim hat einen Penis,ROM
DE2019_055,O Beautiful Night,COM
DE2019_055,O Beautiful Night,CRI
DE2019_055,O Beautiful Night,ROA
DE2019_055,O Beautiful Night,DRA
DE2019_055,O Beautiful Night,FAN
DE2019_055,O Beautiful Night,EXP
DE2019_056,Happy Lamento,DRA
DE2019_057,Wenn Fliegen träumen,COM
DE2019_057,Wenn Fliegen träumen,DRA
DE2019_057,Wenn Fliegen träumen,ROA
DE2019_057,Wenn Fliegen träumen,FAN
DE2019_057,Wenn Fliegen träumen,EXP
DE2019_058,Traumfabrik,COM
DE2019_058,Traumfabrik,DRA
DE2019_058,Traumfabrik,ROM
DE2019_059,Spider Murphy Gang - Glory Days of Rock'n'Roll,DPA
DE2019_060,Electric Girl,DRA
DE2019_060,Electric Girl,COM
DE2019_060,Electric Girl,FAN
DE2019_060,Electric Girl,EXP
DE2019_061,Un café sans musique c'est rare à Paris,DRA
DE2019_061,Un café sans musique c'est rare à Paris,EXP
DE2019_062,Die Drei !!!,CHI
DE2019_062,Die Drei !!!,ADV
DE2019_062,Die Drei !!!,FAN
DE2019_063,Cleo,FAN
DE2019_063,Cleo,DRA
DE2019_063,Cleo,EXP
DE2019_063,Cleo,ROM
DE2019_063,Cleo,COM
DE2019_064,Leberkäsjunkie,COM
DE2019_064,Leberkäsjunkie,DTH
DE2019_065,Benjamin Blümchen,CHI
DE2019_065,Benjamin Blümchen,COM
DE2019_065,Benjamin Blümchen,FAN
DE2019_066,Es gilt das gesprochene Wort,DRA
DE2019_066,Es gilt das gesprochene Wort,ROM
DE2019_067,Und wer nimmt den Hund?,COM
DE2019_067,Und wer nimmt den Hund?,DRA
DE2019_068,Photograph,DRA
DE2019_068,Photograph,ROM
DE2019_069,"Berlin, I Love You",ANT
DE2019_069,"Berlin, I Love You",DRA
DE2019_069,"Berlin, I Love You",ROM
DE2019_070,"Ich war zuhause, aber",DRA
DE2019_071,Axel der Held,COM
DE2019_071,Axel der Held,ROM
DE2019_071,Axel der Held,DRA
DE2019_072,Endzeit,FAN
DE2019_072,Endzeit,HOR
DE2019_072,Endzeit,SCI
DE2019_073,Die Einzelteile der Liebe,COM
DE2019_073,Die Einzelteile der Liebe,ROM
DE2019_073,Die Einzelteile der Liebe,DRA
DE2019_074,Frau Stern,COM
DE2019_074,Frau Stern,DRA
DE2019_075,A Gschicht über d'Lieb,HEM
DE2019_075,A Gschicht über d'Lieb,HIS
DE2019_075,A Gschicht über d'Lieb,DRA
DE2019_076,Golden Twenties,DRA
DE2019_076,Golden Twenties,COM
DE2019_077,Und der Zukunft zugewandt,HIS
DE2019_077,Und der Zukunft zugewandt,DRA
DE2019_077,Und der Zukunft zugewandt,WAR
DE2019_078,Petting statt Pershing,COM
DE2019_078,Petting statt Pershing,DRA
DE2019_078,Petting statt Pershing,FAN
DE2019_078,Petting statt Pershing,EXP
DE2019_079,Gut gegen Nordwind,
DE2019_080,Über Grenzen - der Film einer langen Reise,DPA
DE2019_081,Systemsprenger,DRA
DE2019_081,Systemsprenger,CHI
DE2019_082,Heimat ist ein Raum aus Zeit,DPO
DE2019_083,Deutschstunde,DRA
DE2019_083,Deutschstunde,HIS
DE2019_083,Deutschstunde,WAR
DE2019_084,Eine ganz heiße Nummer 2.0,COM
DE2019_084,Eine ganz heiße Nummer 2.0,ROM
DE2019_084,Eine ganz heiße Nummer 2.0,HEM
DE2019_085,Zwischen uns die Mauer,DRA
DE2019_085,Zwischen uns die Mauer,ROM
DE2019_085,Zwischen uns die Mauer,HIS
DE2019_086,Memory Games,DPA
DE2019_086,Memory Games,DPE
DE2019_087,Fritzi - Eine Wendewundergeschichte,ANI
DE2019_087,Fritzi - Eine Wendewundergeschichte,CHI
DE2019_087,Fritzi - Eine Wendewundergeschichte,HIS
DE2019_088,Bruder Schwester Herz,HEM
DE2019_088,Bruder Schwester Herz,WES
DE2019_088,Bruder Schwester Herz,DRA
DE2019_089,Ronny & Klaid,COM
DE2019_089,Ronny & Klaid,CRI
DE2019_089,Ronny & Klaid,ACT
DE2019_089,Ronny & Klaid,MPF
DE2019_090,Intrigo: Samaria,MET
DE2019_090,Intrigo: Samaria,CRI
DE2019_090,Intrigo: Samaria,DTH
DE2019_091,Intrigo: Dear Agnes,CRI
DE2019_091,Intrigo: Dear Agnes,DRA
DE2019_091,Intrigo: Dear Agnes,MYS
DE2019_091,Intrigo: Dear Agnes,THI
DE2019_092,Ich war noch niemals in New York,COM
DE2019_092,Ich war noch niemals in New York,DRA
DE2019_092,Ich war noch niemals in New York,MUS
DE2019_092,Ich war noch niemals in New York,ROM
DE2019_092,Ich war noch niemals in New York,ROA
DE2019_093,Zoros Solo,COM
DE2019_093,Zoros Solo,DRA
DE2019_093,Zoros Solo,COA
DE2019_094,Martin Margiela: In His Own Words,DPA
DE2019_094,Martin Margiela: In His Own Words,DPE
DE2019_095,Weitermachen Sanssouci,COM
DE2019_095,Weitermachen Sanssouci,DRA
DE2019_095,Weitermachen Sanssouci,EXP
DE2019_096,Heimsuchung,COM
DE2019_096,Heimsuchung,DRA
DE2019_097,Das perfekte Geheimnis,COM
DE2019_097,Das perfekte Geheimnis,DRA
DE2019_097,Das perfekte Geheimnis,ROM
DE2019_098,Invisible Sue,ADV
DE2019_098,Invisible Sue,CHI
DE2019_098,Invisible Sue,FAN
DE2019_099,Verteidiger des Glaubens,DPA
DE2019_100,Justice - Verstrickt im Netz der Macht,CRI
DE2019_100,Justice - Verstrickt im Netz der Macht,DRA
DE2019_100,Justice - Verstrickt im Netz der Macht,THI
DE2019_101,Das Forum - Rettet Davos die Welt?,DOB
DE2019_102,Lara,DRA
DE2019_103,Der letzte Bulle,COM
DE2019_103,Der letzte Bulle,ACT
DE2019_103,Der letzte Bulle,SPO
DE2019_104,Es hätte schlimmer kommen können - Mario Adorf,DPA
DE2019_104,Es hätte schlimmer kommen können - Mario Adorf,DPE
DE2019_104,Es hätte schlimmer kommen können - Mario Adorf,MET
DE2019_105,Im Niemandsland,DRA
DE2019_105,Im Niemandsland,ROM
DE2019_105,Im Niemandsland,COA
DE2019_105,Im Niemandsland,HIS
DE2019_106,Thing I Don't Get,COA
DE2019_106,Thing I Don't Get,HEM
DE2019_106,Thing I Don't Get,DRA
DE2019_107,The Symphony of Uncertainty,DPA
DE2019_108,Die Sterne über uns,DRA
DE2019_109,Schmucklos,COM
DE2019_110,The Golan Swimmingpool,DPA
DE2019_110,The Golan Swimmingpool,DPE
DE2019_111,Bitte nach Mitte!,DPA
DE2019_112,Mein Ende. Dein Anfang.,DRA
DE2019_112,Mein Ende. Dein Anfang.,ROM
DE2019_113,Als ich mal Groß war,CHI
DE2019_113,Als ich mal Groß war,COA
DE2019_113,Als ich mal Groß war,DOB
DE2019_113,Als ich mal Groß war,EXP
DE2019_114,Dear Brother,DOB
DE2019_115,Auerhaus,COM
DE2019_115,Auerhaus,DRA
DE2019_115,Auerhaus,ROM
DE2019_115,Auerhaus,HIS
DE2019_116,Schönheit & Vergänglichkeit,DOB
DE2019_116,Schönheit & Vergänglichkeit,DPO
DE2019_116,Schönheit & Vergänglichkeit,HIS
DE2019_117,Der kleine Rabe Socke - Suche nach dem verlorenen Schatz,CHI
DE2019_118,Gundermann Revier,DPA
DE2019_118,Gundermann Revier,DPE
DE2019_119,All I Never Wanted,DPA
DE2019_119,All I Never Wanted,DPE
DE2019_119,All I Never Wanted,DRA
DE2019_120,Holy Spirit,COM
DE2019_120,Holy Spirit,FAN
DE2019_120,Holy Spirit,EXP
DE2019_121,Als Hitler das rosa Kaninchen stahl,BIO
DE2019_121,Als Hitler das rosa Kaninchen stahl,HIS
DE2019_121,Als Hitler das rosa Kaninchen stahl,DRA
DE2019_121,Als Hitler das rosa Kaninchen stahl,WAR
DE2019_121,Als Hitler das rosa Kaninchen stahl,CHI
DE2019_122,Latte Igel und der magische Wasserstein,ADV
DE2019_122,Latte Igel und der magische Wasserstein,COM
DE2019_122,Latte Igel und der magische Wasserstein,CHI
DE2019_123,A Vida Invisível,DRA
DE2019_123,A Vida Invisível,HIS
DE2018_001,Lux: Krieger des Lichts,DRA
DE2018_002,Ein Weg,DRA
DE2018_002,Ein Weg,ROM
DE2018_003,"Hilfe, ich hab meine Eltern geschrumpft",ADV
DE2018_003,"Hilfe, ich hab meine Eltern geschrumpft",ACT
DE2018_003,"Hilfe, ich hab meine Eltern geschrumpft",COM
DE2018_003,"Hilfe, ich hab meine Eltern geschrumpft",COA
DE2018_003,"Hilfe, ich hab meine Eltern geschrumpft",CHI
DE2018_003,"Hilfe, ich hab meine Eltern geschrumpft",FAN
DE2018_004,Hot Dog,DTH
DE2018_004,Hot Dog,COM
DE2018_004,Hot Dog,ACT
DE2018_004,Hot Dog,MPF
DE2018_005,Die Anfängerin,DRA
DE2018_005,Die Anfängerin,SPO
DE2018_005,Die Anfängerin,COA
DE2018_006,Das Milan-Protokoll,DRA
DE2018_006,Das Milan-Protokoll,THR
DE2018_006,Das Milan-Protokoll,WAR
DE2018_007,Garden of Stars,DOB
DE2018_008,Nur Gott kann mich richten,CRI
DE2018_008,Nur Gott kann mich richten,DRA
DE2018_008,Nur Gott kann mich richten,THR
DE2018_009,Anne Clark: I'll Walk Out Into Tomorrow,DPA
DE2018_010,A Thought of Ecstasy,ROM
DE2018_010,A Thought of Ecstasy,THR
DE2018_011,Die kleine Hexe,CHI
DE2018_011,Die kleine Hexe,COM
DE2018_011,Die kleine Hexe,DRA
DE2018_011,Die kleine Hexe,FAN
DE2018_012,Freddy/Eddy,HOR
DE2018_012,Freddy/Eddy,THR
DE2018_013,Freiheit,DRA
DE2018_014,Dinky Sinky,DRA
DE2018_014,Dinky Sinky,COM
DE2018_015,Königin von Niendorf,CHI
DE2018_015,Königin von Niendorf,ADV
DE2018_015,Königin von Niendorf,THR
DE2018_016,Luna,THR
DE2018_016,Luna,CRI
DE2018_017,37,DRA
DE2018_017,37,CRI
DE2018_017,37,THR
DE2018_018,Wendy 2 - Freundschaft für immer,COM
DE2018_018,Wendy 2 - Freundschaft für immer,SPO
DE2018_018,Wendy 2 - Freundschaft für immer,COA
DE2018_019,Der Geschmack von Leben,COM
DE2018_019,Der Geschmack von Leben,DRA
DE2018_019,Der Geschmack von Leben,EXP
DE2018_019,Der Geschmack von Leben,MUS
DE2018_020,Maya the Bee: The Honey Games,ADV
DE2018_020,Maya the Bee: The Honey Games,ANI
DE2018_020,Maya the Bee: The Honey Games,COM
DE2018_020,Maya the Bee: The Honey Games,CHI
DE2018_021,Das schweigende Klassenzimmer,DRA
DE2018_021,Das schweigende Klassenzimmer,HIS
DE2018_022,Vielmachglas,ROA
DE2018_022,Vielmachglas,COA
DE2018_022,Vielmachglas,COM
DE2018_022,Vielmachglas,ROM
DE2018_022,Vielmachglas,DRA
DE2018_023,Arthur & Claire,
DE2018_024,Fühlen Sie sich manchmal ausgebrannt und leer?,
DE2018_025,Der Hauptmann,DRA
DE2018_025,Der Hauptmann,HIS
DE2018_025,Der Hauptmann,THR
DE2018_025,Der Hauptmann,WAR
DE2018_026,Rückenwind von vorn,DRA
DE2018_027,Zwei Herren im Anzug,HIS
DE2018_027,Zwei Herren im Anzug,WAR
DE2018_027,Zwei Herren im Anzug,DRA
DE2018_028,Die stille Revolution,DPA
DE2018_029,Living in Demmin,DPA
DE2018_030,Jim Knopf & Lukas der Lokomotivführer,FAN
DE2018_030,Jim Knopf & Lukas der Lokomotivführer,CHI
DE2018_030,Jim Knopf & Lukas der Lokomotivführer,ADV
DE2018_030,Jim Knopf & Lukas der Lokomotivführer,COM
DE2018_031,"Verpiss Dich, Schneewittchen",COM
DE2018_031,"Verpiss Dich, Schneewittchen",ADV
DE2018_031,"Verpiss Dich, Schneewittchen",EXP
DE2018_032,1000 Arten Regen zu beschreiben,DRA
DE2018_033,Exodus Where I Come from Is Disappearing,DOB
DE2018_034,Transit,DRA
DE2018_034,Transit,EXP
DE2018_035,Die Nacht der Nächte,
DE2018_036,3 Tage in Quiberon,BIO
DE2018_036,3 Tage in Quiberon,DRA
DE2018_037,Steig. Nicht. Aus!,CRI
DE2018_037,Steig. Nicht. Aus!,THR
DE2018_038,Spielmacher,CRI
DE2018_038,Spielmacher,DRA
DE2018_038,Spielmacher,SPO
DE2018_039,Matti & Sami und die drei größten Fehler des Universums,CHI
DE2018_039,Matti & Sami und die drei größten Fehler des Universums,ADV
DE2018_040,The King,HIS
DE2018_040,The King,WAR
DE2018_040,The King,BIO
DE2018_040,The King,DRA
DE2018_040,The King,ROM
DE2018_041,SPK Komplex,DPA
DE2018_042,Pawo,BIO
DE2018_042,Pawo,DRA
DE2018_043,Draußen in meinem Kopf,DRA
DE2018_044,Herrliche Zeiten,COM
DE2018_044,Herrliche Zeiten,DRA
DE2018_045,Wer hat eigentlich die Liebe erfunden?,DRA
DE2018_045,Wer hat eigentlich die Liebe erfunden?,ROM
DE2018_045,Wer hat eigentlich die Liebe erfunden?,COM
DE2018_045,Wer hat eigentlich die Liebe erfunden?,ROA
DE2018_046,55 Steps,HIS
DE2018_046,55 Steps,DRA
DE2018_047,Therapie für Gangster,DPA
DE2018_048,Rewind: Die zweite Chance,CRI
DE2018_048,Rewind: Die zweite Chance,SCI
DE2018_048,Rewind: Die zweite Chance,THR
DE2018_048,Rewind: Die zweite Chance,EXP
DE2018_049,Reggae Boyz,DOB
DE2018_050,Liliane Susewind - Ein tierisches Abenteuer,COM
DE2018_050,Liliane Susewind - Ein tierisches Abenteuer,ADV
DE2018_050,Liliane Susewind - Ein tierisches Abenteuer,CHI
DE2018_051,Dance Fight Love Die: With Mikis On the Road,DPO
DE2018_052,Hagazussa,DRA
DE2018_052,Hagazussa,HOR
DE2018_053,In den Gängen,DRA
DE2018_053,In den Gängen,ROM
DE2018_054,The Happy Prince,BIO
DE2018_054,The Happy Prince,DRA
DE2018_055,Sympathisanten: Unser Deutscher Herbst,DPA
DE2018_056,Wunder der Wirklichkeit,MOC
DE2018_056,Wunder der Wirklichkeit,DPO
DE2018_056,Wunder der Wirklichkeit,MET
DE2018_057,Zwei im falschen Film,COM
DE2018_057,Zwei im falschen Film,ROM
DE2018_058,Usedom: Der freie Blick aufs Meer,DPA
DE2018_059,Looking for Oum Kulthum,DER
DE2018_059,Looking for Oum Kulthum,DPO
DE2018_059,Looking for Oum Kulthum,EXP
DE2018_060,Luv & Lee: Amrum der Film,DOB
DE2018_061,Aus einem Jahr der Nichtereignisse,DOB
DE2018_061,Aus einem Jahr der Nichtereignisse,DPO
DE2018_062,Am Ende ist man tot,DRA
DE2018_062,Am Ende ist man tot,CRI
DE2018_062,Am Ende ist man tot,COM
DE2018_063,Foxtrot,WAR
DE2018_063,Foxtrot,DRA
DE2018_064,LOMO: The Language of Many Others,DRA
DE2018_064,LOMO: The Language of Many Others,THR
DE2018_065,Ingmar Bergman - Vermächtnis eines Jahrhundertgenies,DPA
DE2018_066,Submergence,THR
DE2018_066,Submergence,DRA
DE2018_066,Submergence,SPY
DE2018_066,Submergence,WAR
DE2018_067,Sauerkrautkoma,COM
DE2018_067,Sauerkrautkoma,CRI
DE2018_068,Shelter,THR
DE2018_068,Shelter,SPY
DE2018_069,The Brasch Family,DPA
DE2018_069,The Brasch Family,DPO
DE2018_069,The Brasch Family,DER
DE2018_070,So was von da,COM
DE2018_070,So was von da,DRA
DE2018_071,Gundermann,BIO
DE2018_071,Gundermann,DRA
DE2018_071,Gundermann,HIS
DE2018_072,Lebenszeichen - Jüdischsein in Berlin,DPA
DE2018_073,"Grüner wird's nicht, sagte der Gärtner und flog davon",DRA
DE2018_073,"Grüner wird's nicht, sagte der Gärtner und flog davon",COM
DE2018_074,Safari: Match Me If You Can,MPF
DE2018_074,Safari: Match Me If You Can,COM
DE2018_074,Safari: Match Me If You Can,ROM
DE2018_075,Capt'n Sharky,CHI
DE2018_075,Capt'n Sharky,ADV
DE2018_075,Capt'n Sharky,FAN
DE2018_076,Asphaltgorillas,ACT
DE2018_076,Asphaltgorillas,COM
DE2018_076,Asphaltgorillas,CRI
DE2018_076,Asphaltgorillas,DRA
DE2018_077,Donbass,DRA
DE2018_077,Donbass,COM
DE2018_077,Donbass,WAR
DE2018_078,Draußen,DPA
DE2018_078,Draußen,DRE
DE2018_078,Draußen,DPO
DE2018_079,Peropero: Breakdown in Tokyo,DRA
DE2018_079,Peropero: Breakdown in Tokyo,COM
DE2018_080,Pettersson und Findus - Findus zieht um,CHI
DE2018_080,Pettersson und Findus - Findus zieht um,ADV
DE2018_080,Pettersson und Findus - Findus zieht um,FAN
DE2018_081,Dreigroschenfilm,BIO
DE2018_081,Dreigroschenfilm,DRA
DE2018_081,Dreigroschenfilm,HIS
DE2018_081,Dreigroschenfilm,MUS
DE2018_081,Dreigroschenfilm,EXP
DE2018_081,Dreigroschenfilm,MET
DE2018_082,Seestück,DPA
DE2018_082,Seestück,DPO
DE2018_083,Eingeimpft,DPA
DE2018_084,Naomis Reise,DRA
DE2018_084,Naomis Reise,COU
DE2018_085,Klassentreffen 1.0,COM
DE2018_085,Klassentreffen 1.0,DRA
DE2018_086,Wackersdorf,DRA
DE2018_086,Wackersdorf,HIS
DE2018_087,Shut Up and Play the Piano,DPA
DE2018_087,Shut Up and Play the Piano,DPO
DE2018_088,Das Dorf der Vergesslichen,DOB
DE2018_089,Ballon,DRA
DE2018_089,Ballon,HIS
DE2018_089,Ballon,THR
DE2018_090,Alles ist gut,DRA
DE2018_091,"Weserlust Hotel - Der verrückte Filmdreh ""All inclusive""",DOB
DE2018_092,Nachlass,DPA
DE2018_093,Fly Rocket Fly,DPA
DE2018_094,Werk ohne Autor,HIS
DE2018_094,Werk ohne Autor,BIO
DE2018_094,Werk ohne Autor,DRA
DE2018_094,Werk ohne Autor,WAR
DE2018_094,Werk ohne Autor,THR
DE2018_094,Werk ohne Autor,ROM
DE2018_095,Why Are We Creative: The Centipede's Dilemma,DPA
DE2018_095,Why Are We Creative: The Centipede's Dilemma,DRE
DE2018_095,Why Are We Creative: The Centipede's Dilemma,DPO
DE2018_096,Die defekte Katze,DRA
DE2018_097,Abgeschnitten,ACT
DE2018_097,Abgeschnitten,CRI
DE2018_097,Abgeschnitten,MYS
DE2018_097,Abgeschnitten,HOR
DE2018_097,Abgeschnitten,THR
DE2018_098,Der Vorname,COM
DE2018_098,Der Vorname,MPF
DE2018_099,WUFF,COM
DE2018_099,WUFF,MPF
DE2018_099,WUFF,ROM
DE2018_100,Moritz Daniel Oppenheim,DPA
DE2018_101,In My Room,DRA
DE2018_101,In My Room,SCI
DE2018_101,In My Room,DYS
DE2018_102,Der marktgerechte Patient,DPA
DE2018_103,Was uns nicht umbringt,DRA
DE2018_103,Was uns nicht umbringt,COM
DE2018_103,Was uns nicht umbringt,ROM
DE2018_104,Reise nach Jerusalem,DRA
DE2018_104,Reise nach Jerusalem,ROM
DE2018_105,Pink Elephants,DOB
DE2018_105,Pink Elephants,DPO
DE2018_106,So viel Zeit,COM
DE2018_106,So viel Zeit,DRA
DE2018_106,So viel Zeit,ADV
DE2018_107,Mein Bruder heißt Robert und ist ein Idiot,DRA
DE2018_107,Mein Bruder heißt Robert und ist ein Idiot,CRI
DE2018_108,Berlin Excelsior,DOB
DE2018_109,Josef Urbach: Lost Art,DPA
DE2018_110,Aggregat,DOB
DE2018_111,Geister der Weihnacht,CHI
DE2018_111,Geister der Weihnacht,FAN
DE2018_112,100 Dinge,COM
DE2018_112,100 Dinge,DRA
DE2018_113,Tabaluga,FAN
DE2018_114,Climate Warriors,DPA
DE2018_115,Der Junge muss an die frische Luft,COM

DE2018_115,Der Junge muss an die frische Luft,CHI
